[     342ms] [WARNING] [Vue warn]: Unhandled error during execution of mounted hook 
  at <CapabilityConversationRail surface=null active=false onClose=fn<hideSurface>  ... > 
  at <BaseTransition appear=false persisted=true mode=undefined  ... > 
  at <Transition name="scene-rail" persisted="" > 
  at <HomeWindow> @ http://localhost:1420/node_modules/.vite/deps/vue.js?v=318df923:2231
[     343ms] [WARNING] [Vue warn]: Unhandled error during execution of mounted hook 
  at <GeneralSection key=0 > 
  at <SettingsView key=0 > 
  at <BaseTransition appear=false persisted=true mode=undefined  ... > 
  at <Transition name="view-fade" persisted="" > 
  at <HomeWindow> @ http://localhost:1420/node_modules/.vite/deps/vue.js?v=318df923:2231
[     350ms] [VERBOSE] [DOM] Password field is not contained in a form: (More info: https://goo.gl/9p2vKq) %o @ http://localhost:1420/home.html:0
[     393ms] TypeError: Cannot read properties of undefined (reading 'transformCallback')
    at transformCallback (http://localhost:1420/node_modules/.vite/deps/chunk-G7S6KQDI.js?v=318df923:22:37)
    at listen (http://localhost:1420/node_modules/.vite/deps/chunk-7FCLUC5I.js?v=318df923:39:14)
    at onBrainEvent (http://localhost:1420/src/services/brainClient.ts:299:10)
    at http://localhost:1420/src/lib/home/home-panel-run.ts:12:12
    at new Promise (<anonymous>)
    at runPanelAction (http://localhost:1420/src/lib/home/home-panel-run.ts:6:18)
    at http://localhost:1420/src/views/plugins/CapabilityHome.vue:25:25
    at http://localhost:1420/node_modules/.vite/deps/vue.js?v=318df923:5342:40
    at callWithErrorHandling (http://localhost:1420/node_modules/.vite/deps/vue.js?v=318df923:2379:19)
    at callWithAsyncErrorHandling (http://localhost:1420/node_modules/.vite/deps/vue.js?v=318df923:2386:17)
[     393ms] TypeError: Cannot read properties of undefined (reading 'transformCallback')
    at transformCallback (http://localhost:1420/node_modules/.vite/deps/chunk-G7S6KQDI.js?v=318df923:22:37)
    at listen (http://localhost:1420/node_modules/.vite/deps/chunk-7FCLUC5I.js?v=318df923:39:14)
    at once (http://localhost:1420/node_modules/.vite/deps/chunk-7FCLUC5I.js?v=318df923:45:10)
    at http://localhost:1420/src/services/brainClient.ts:20:10
    at new Promise (<anonymous>)
    at onceWithTimeout (http://localhost:1420/src/services/brainClient.ts:19:16)
    at getSettingsOnce (http://localhost:1420/src/services/brainClient.ts:245:19)
    at http://localhost:1420/src/views/HomeDayTitle.vue?t=1788070913325:19:30
    at http://localhost:1420/node_modules/.vite/deps/vue.js?v=318df923:5342:40
    at callWithErrorHandling (http://localhost:1420/node_modules/.vite/deps/vue.js?v=318df923:2379:19)
[     393ms] TypeError: Cannot read properties of undefined (reading 'transformCallback')
    at transformCallback (http://localhost:1420/node_modules/.vite/deps/chunk-G7S6KQDI.js?v=318df923:22:37)
    at listen (http://localhost:1420/node_modules/.vite/deps/chunk-7FCLUC5I.js?v=318df923:39:14)
    at once (http://localhost:1420/node_modules/.vite/deps/chunk-7FCLUC5I.js?v=318df923:45:10)
    at http://localhost:1420/src/services/brainClient.ts:20:10
    at new Promise (<anonymous>)
    at onceWithTimeout (http://localhost:1420/src/services/brainClient.ts:19:16)
    at getWidgetsOnce (http://localhost:1420/src/services/brainClient.ts:198:10)
    at refresh (http://localhost:1420/src/views/HomeFloatNotes.vue:51:30)
    at http://localhost:1420/src/views/HomeFloatNotes.vue:57:13
    at http://localhost:1420/node_modules/.vite/deps/vue.js?v=318df923:5342:40
[     393ms] TypeError: Cannot read properties of undefined (reading 'transformCallback')
    at transformCallback (http://localhost:1420/node_modules/.vite/deps/chunk-G7S6KQDI.js?v=318df923:22:37)
    at listen (http://localhost:1420/node_modules/.vite/deps/chunk-7FCLUC5I.js?v=318df923:39:14)
    at once (http://localhost:1420/node_modules/.vite/deps/chunk-7FCLUC5I.js?v=318df923:45:10)
    at http://localhost:1420/src/services/brainClient.ts:20:10
    at new Promise (<anonymous>)
    at onceWithTimeout (http://localhost:1420/src/services/brainClient.ts:19:16)
    at getFeedOnce (http://localhost:1420/src/services/brainClient.ts:150:10)
    at http://localhost:1420/src/views/HomeTodayPanel.vue?t=1788070812924:17:28
    at http://localhost:1420/node_modules/.vite/deps/vue.js?v=318df923:5342:40
    at callWithErrorHandling (http://localhost:1420/node_modules/.vite/deps/vue.js?v=318df923:2379:19)
[     393ms] TypeError: Cannot read properties of undefined (reading 'transformCallback')
    at transformCallback (http://localhost:1420/node_modules/.vite/deps/chunk-G7S6KQDI.js?v=318df923:22:37)
    at listen (http://localhost:1420/node_modules/.vite/deps/chunk-7FCLUC5I.js?v=318df923:39:14)
    at once (http://localhost:1420/node_modules/.vite/deps/chunk-7FCLUC5I.js?v=318df923:45:10)
    at http://localhost:1420/src/services/brainClient.ts:20:10
    at new Promise (<anonymous>)
    at onceWithTimeout (http://localhost:1420/src/services/brainClient.ts:19:16)
    at getFeedOnce (http://localhost:1420/src/services/brainClient.ts:150:10)
    at http://localhost:1420/src/views/HomeGlance.vue?t=1788073214229:66:28
    at http://localhost:1420/node_modules/.vite/deps/vue.js?v=318df923:5342:40
    at callWithErrorHandling (http://localhost:1420/node_modules/.vite/deps/vue.js?v=318df923:2379:19)
[     393ms] TypeError: Cannot read properties of undefined (reading 'transformCallback')
    at transformCallback (http://localhost:1420/node_modules/.vite/deps/chunk-G7S6KQDI.js?v=318df923:22:37)
    at listen (http://localhost:1420/node_modules/.vite/deps/chunk-7FCLUC5I.js?v=318df923:39:14)
    at once (http://localhost:1420/node_modules/.vite/deps/chunk-7FCLUC5I.js?v=318df923:45:10)
    at http://localhost:1420/src/services/brainClient.ts:20:10
    at new Promise (<anonymous>)
    at onceWithTimeout (http://localhost:1420/src/services/brainClient.ts:19:16)
    at getWidgetsOnce (http://localhost:1420/src/services/brainClient.ts:198:10)
    at http://localhost:1420/src/views/HomeBench.vue?t=1788073214229:40:9
    at http://localhost:1420/node_modules/.vite/deps/vue.js?v=318df923:5342:40
    at callWithErrorHandling (http://localhost:1420/node_modules/.vite/deps/vue.js?v=318df923:2379:19)
[     394ms] TypeError: Cannot read properties of undefined (reading 'transformCallback')
    at transformCallback (http://localhost:1420/node_modules/.vite/deps/chunk-G7S6KQDI.js?v=318df923:22:37)
    at listen (http://localhost:1420/node_modules/.vite/deps/chunk-7FCLUC5I.js?v=318df923:39:14)
    at once (http://localhost:1420/node_modules/.vite/deps/chunk-7FCLUC5I.js?v=318df923:45:10)
    at http://localhost:1420/src/services/brainClient.ts:20:10
    at new Promise (<anonymous>)
    at onceWithTimeout (http://localhost:1420/src/services/brainClient.ts:19:16)
    at getFeedOnce (http://localhost:1420/src/services/brainClient.ts:150:10)
    at http://localhost:1420/src/views/HomeBench.vue?t=1788073214229:41:9
    at http://localhost:1420/node_modules/.vite/deps/vue.js?v=318df923:5342:40
    at callWithErrorHandling (http://localhost:1420/node_modules/.vite/deps/vue.js?v=318df923:2379:19)
[     394ms] TypeError: Cannot read properties of undefined (reading 'transformCallback')
    at transformCallback (http://localhost:1420/node_modules/.vite/deps/chunk-G7S6KQDI.js?v=318df923:22:37)
    at listen (http://localhost:1420/node_modules/.vite/deps/chunk-7FCLUC5I.js?v=318df923:39:14)
    at once (http://localhost:1420/node_modules/.vite/deps/chunk-7FCLUC5I.js?v=318df923:45:10)
    at http://localhost:1420/src/services/brainClient.ts:20:10
    at new Promise (<anonymous>)
    at onceWithTimeout (http://localhost:1420/src/services/brainClient.ts:19:16)
    at getWidgetsOnce (http://localhost:1420/src/services/brainClient.ts:198:10)
    at http://localhost:1420/src/views/HomeJot.vue?t=1788073214229:21:28
    at http://localhost:1420/node_modules/.vite/deps/vue.js?v=318df923:5342:40
    at callWithErrorHandling (http://localhost:1420/node_modules/.vite/deps/vue.js?v=318df923:2379:19)
[     394ms] TypeError: Cannot read properties of undefined (reading 'transformCallback')
    at transformCallback (http://localhost:1420/node_modules/.vite/deps/chunk-G7S6KQDI.js?v=318df923:22:37)
    at listen (http://localhost:1420/node_modules/.vite/deps/chunk-7FCLUC5I.js?v=318df923:39:14)
    at once (http://localhost:1420/node_modules/.vite/deps/chunk-7FCLUC5I.js?v=318df923:45:10)
    at http://localhost:1420/src/services/brainClient.ts:20:10
    at new Promise (<anonymous>)
    at onceWithTimeout (http://localhost:1420/src/services/brainClient.ts:19:16)
    at getFeedOnce (http://localhost:1420/src/services/brainClient.ts:150:10)
    at http://localhost:1420/src/views/chat/HorizonBar.vue?t=1788070936687:26:28
    at http://localhost:1420/node_modules/.vite/deps/vue.js?v=318df923:5342:40
    at callWithErrorHandling (http://localhost:1420/node_modules/.vite/deps/vue.js?v=318df923:2379:19)
[     394ms] TypeError: Cannot read properties of undefined (reading 'transformCallback')
    at transformCallback (http://localhost:1420/node_modules/.vite/deps/chunk-G7S6KQDI.js?v=318df923:22:37)
    at listen (http://localhost:1420/node_modules/.vite/deps/chunk-7FCLUC5I.js?v=318df923:39:14)
    at onBrainEvent (http://localhost:1420/src/services/brainClient.ts:299:10)
    at http://localhost:1420/src/views/CapabilityConversationRail.vue:178:24
[     394ms] TypeError: Cannot read properties of undefined (reading 'transformCallback')
    at transformCallback (http://localhost:1420/node_modules/.vite/deps/chunk-G7S6KQDI.js?v=318df923:22:37)
    at listen (http://localhost:1420/node_modules/.vite/deps/chunk-7FCLUC5I.js?v=318df923:39:14)
    at once (http://localhost:1420/node_modules/.vite/deps/chunk-7FCLUC5I.js?v=318df923:45:10)
    at http://localhost:1420/src/services/brainClient.ts:20:10
    at new Promise (<anonymous>)
    at onceWithTimeout (http://localhost:1420/src/services/brainClient.ts:19:16)
    at getPerceptionOnce (http://localhost:1420/src/services/brainClient.ts:274:10)
    at loadPerception (http://localhost:1420/src/views/settings/DataView.vue:34:23)
    at http://localhost:1420/src/views/settings/DataView.vue:182:12
    at http://localhost:1420/node_modules/.vite/deps/vue.js?v=318df923:5342:40
[     394ms] TypeError: Cannot read properties of undefined (reading 'transformCallback')
    at transformCallback (http://localhost:1420/node_modules/.vite/deps/chunk-G7S6KQDI.js?v=318df923:22:37)
    at listen (http://localhost:1420/node_modules/.vite/deps/chunk-7FCLUC5I.js?v=318df923:39:14)
    at once (http://localhost:1420/node_modules/.vite/deps/chunk-7FCLUC5I.js?v=318df923:45:10)
    at http://localhost:1420/src/services/brainClient.ts:20:10
    at new Promise (<anonymous>)
    at onceWithTimeout (http://localhost:1420/src/services/brainClient.ts:19:16)
    at getMemListOnce (http://localhost:1420/src/services/brainClient.ts:216:10)
    at loadMem (http://localhost:1420/src/views/settings/DataView.vue:116:23)
    at http://localhost:1420/src/views/settings/DataView.vue:183:12
    at http://localhost:1420/node_modules/.vite/deps/vue.js?v=318df923:5342:40
[     394ms] TypeError: Cannot read properties of undefined (reading 'transformCallback')
    at transformCallback (http://localhost:1420/node_modules/.vite/deps/chunk-G7S6KQDI.js?v=318df923:22:37)
    at listen (http://localhost:1420/node_modules/.vite/deps/chunk-7FCLUC5I.js?v=318df923:39:14)
    at once (http://localhost:1420/node_modules/.vite/deps/chunk-7FCLUC5I.js?v=318df923:45:10)
    at http://localhost:1420/src/services/brainClient.ts:20:10
    at new Promise (<anonymous>)
    at onceWithTimeout (http://localhost:1420/src/services/brainClient.ts:19:16)
    at getSettingsOnce (http://localhost:1420/src/services/brainClient.ts:245:19)
    at http://localhost:1420/src/views/settings/DataView.vue:184:12
    at http://localhost:1420/node_modules/.vite/deps/vue.js?v=318df923:5342:40
    at callWithErrorHandling (http://localhost:1420/node_modules/.vite/deps/vue.js?v=318df923:2379:19)
[     395ms] TypeError: Cannot read properties of undefined (reading 'transformCallback')
    at transformCallback (http://localhost:1420/node_modules/.vite/deps/chunk-G7S6KQDI.js?v=318df923:22:37)
    at listen (http://localhost:1420/node_modules/.vite/deps/chunk-7FCLUC5I.js?v=318df923:39:14)
    at onBrainStatus (http://localhost:1420/src/services/brainClient.ts:305:10)
    at http://localhost:1420/src/views/settings/GeneralSection.vue?t=1788073214229:273:30
[     395ms] TypeError: Cannot read properties of undefined (reading 'transformCallback')
    at transformCallback (http://localhost:1420/node_modules/.vite/deps/chunk-G7S6KQDI.js?v=318df923:22:37)
    at listen (http://localhost:1420/node_modules/.vite/deps/chunk-7FCLUC5I.js?v=318df923:39:14)
    at once (http://localhost:1420/node_modules/.vite/deps/chunk-7FCLUC5I.js?v=318df923:45:10)
    at http://localhost:1420/src/services/brainClient.ts:20:10
    at new Promise (<anonymous>)
    at onceWithTimeout (http://localhost:1420/src/services/brainClient.ts:19:16)
    at getSettingsOnce (http://localhost:1420/src/services/brainClient.ts:245:19)
    at http://localhost:1420/src/views/settings/GeneralSection.vue?t=1788073214229:262:12
[     395ms] TypeError: Cannot read properties of undefined (reading 'transformCallback')
    at transformCallback (http://localhost:1420/node_modules/.vite/deps/chunk-G7S6KQDI.js?v=318df923:22:37)
    at listen (http://localhost:1420/node_modules/.vite/deps/chunk-7FCLUC5I.js?v=318df923:39:14)
    at once (http://localhost:1420/node_modules/.vite/deps/chunk-7FCLUC5I.js?v=318df923:45:10)
    at http://localhost:1420/src/services/brainClient.ts:20:10
    at new Promise (<anonymous>)
    at onceWithTimeout (http://localhost:1420/src/services/brainClient.ts:19:16)
    at getHttpPairInfoOnce (http://localhost:1420/src/services/brainClient.ts:266:10)
    at refreshPair (http://localhost:1420/src/views/settings/GeneralSection.vue?t=1788073214229:149:29)
    at http://localhost:1420/src/views/settings/GeneralSection.vue?t=1788073214229:272:12
[     392ms] [WARNING] [Vue warn]: Unhandled error during execution of mounted hook 
  at <HomeChat key=0 draft=undefined workstation=null  ... > 
  at <BaseTransition appear=false persisted=true mode=undefined  ... > 
  at <Transition name="view-fade" persisted="" > 
  at <HomeWindow> @ http://localhost:1420/node_modules/.vite/deps/vue.js?v=318df923:2231
[     400ms] TypeError: Cannot read properties of undefined (reading 'transformCallback')
    at transformCallback (http://localhost:1420/node_modules/.vite/deps/chunk-G7S6KQDI.js?v=318df923:22:37)
    at listen (http://localhost:1420/node_modules/.vite/deps/chunk-7FCLUC5I.js?v=318df923:39:14)
    at onBrainEvent (http://localhost:1420/src/services/brainClient.ts:299:10)
    at http://localhost:1420/src/views/chat/HomeChat.vue?t=1788073578005:619:24
[    3339ms] [WARNING] [Vue warn]: Unhandled error during execution of mounted hook 
  at <HomeTodayPanel state="idle" only="today" onChat=fn<onInfoChat> > 
  at <HomeFrame key=1 thinking=false state="idle"  ... > 
  at <HomeChat key=0 draft=undefined workstation=null  ... > 
  at <BaseTransition appear=false persisted=true mode=undefined  ... > 
  at <Transition name="view-fade" persisted="" > 
  at <HomeWindow> @ http://localhost:1420/node_modules/.vite/deps/vue.js?v=318df923:2231
[    3339ms] [WARNING] [Vue warn]: Unhandled error during execution of mounted hook 
  at <HorizonBar state="idle" proc=null shelf=false  ... > 
  at <HomeChat key=0 draft=undefined workstation=null  ... > 
  at <BaseTransition appear=false persisted=true mode=undefined  ... > 
  at <Transition name="view-fade" persisted="" > 
  at <HomeWindow> @ http://localhost:1420/node_modules/.vite/deps/vue.js?v=318df923:2231
[    3341ms] TypeError: Cannot read properties of undefined (reading 'transformCallback')
    at transformCallback (http://localhost:1420/node_modules/.vite/deps/chunk-G7S6KQDI.js?v=318df923:22:37)
    at listen (http://localhost:1420/node_modules/.vite/deps/chunk-7FCLUC5I.js?v=318df923:39:14)
    at onFeed (http://localhost:1420/src/services/brainClient.ts:147:10)
    at http://localhost:1420/src/views/HomeTodayPanel.vue?t=1788070812924:21:22
[    3341ms] TypeError: Cannot read properties of undefined (reading 'transformCallback')
    at transformCallback (http://localhost:1420/node_modules/.vite/deps/chunk-G7S6KQDI.js?v=318df923:22:37)
    at listen (http://localhost:1420/node_modules/.vite/deps/chunk-7FCLUC5I.js?v=318df923:39:14)
    at once (http://localhost:1420/node_modules/.vite/deps/chunk-7FCLUC5I.js?v=318df923:45:10)
    at http://localhost:1420/src/services/brainClient.ts:20:10
    at new Promise (<anonymous>)
    at onceWithTimeout (http://localhost:1420/src/services/brainClient.ts:19:16)
    at getWidgetsOnce (http://localhost:1420/src/services/brainClient.ts:198:10)
    at http://localhost:1420/src/views/HomeGlance.vue?t=1788073214229:79:30
[    3341ms] TypeError: Cannot read properties of undefined (reading 'transformCallback')
    at transformCallback (http://localhost:1420/node_modules/.vite/deps/chunk-G7S6KQDI.js?v=318df923:22:37)
    at listen (http://localhost:1420/node_modules/.vite/deps/chunk-7FCLUC5I.js?v=318df923:39:14)
    at onBrainEvent (http://localhost:1420/src/services/brainClient.ts:299:10)
    at http://localhost:1420/src/lib/home/home-panel-run.ts:12:12
    at new Promise (<anonymous>)
    at runPanelAction (http://localhost:1420/src/lib/home/home-panel-run.ts:6:18)
    at refreshCoding (http://localhost:1420/src/views/HomeBench.vue?t=1788073214229:30:28)
    at http://localhost:1420/src/views/HomeBench.vue?t=1788073214229:45:13
[    3341ms] TypeError: Cannot read properties of undefined (reading 'transformCallback')
    at transformCallback (http://localhost:1420/node_modules/.vite/deps/chunk-G7S6KQDI.js?v=318df923:22:37)
    at listen (http://localhost:1420/node_modules/.vite/deps/chunk-7FCLUC5I.js?v=318df923:39:14)
    at onFeed (http://localhost:1420/src/services/brainClient.ts:147:10)
    at http://localhost:1420/src/views/chat/HorizonBar.vue?t=1788070936687:31:22
[   15339ms] TypeError: Cannot read properties of undefined (reading 'transformCallback')
    at transformCallback (http://localhost:1420/node_modules/.vite/deps/chunk-G7S6KQDI.js?v=318df923:22:37)
    at listen (http://localhost:1420/node_modules/.vite/deps/chunk-7FCLUC5I.js?v=318df923:39:14)
    at once (http://localhost:1420/node_modules/.vite/deps/chunk-7FCLUC5I.js?v=318df923:45:10)
    at http://localhost:1420/src/services/brainClient.ts:20:10
    at new Promise (<anonymous>)
    at onceWithTimeout (http://localhost:1420/src/services/brainClient.ts:19:16)
    at getWidgetsOnce (http://localhost:1420/src/services/brainClient.ts:198:10)
    at refresh (http://localhost:1420/src/views/HomeFloatNotes.vue:51:30)
    at http://localhost:1420/src/views/HomeFloatNotes.vue:59:14
[   27340ms] TypeError: Cannot read properties of undefined (reading 'transformCallback')
    at transformCallback (http://localhost:1420/node_modules/.vite/deps/chunk-G7S6KQDI.js?v=318df923:22:37)
    at listen (http://localhost:1420/node_modules/.vite/deps/chunk-7FCLUC5I.js?v=318df923:39:14)
    at once (http://localhost:1420/node_modules/.vite/deps/chunk-7FCLUC5I.js?v=318df923:45:10)
    at http://localhost:1420/src/services/brainClient.ts:20:10
    at new Promise (<anonymous>)
    at onceWithTimeout (http://localhost:1420/src/services/brainClient.ts:19:16)
    at getWidgetsOnce (http://localhost:1420/src/services/brainClient.ts:198:10)
    at refresh (http://localhost:1420/src/views/HomeFloatNotes.vue:51:30)
    at http://localhost:1420/src/views/HomeFloatNotes.vue:59:14
[   27341ms] TypeError: Cannot read properties of undefined (reading 'transformCallback')
    at transformCallback (http://localhost:1420/node_modules/.vite/deps/chunk-G7S6KQDI.js?v=318df923:22:37)
    at listen (http://localhost:1420/node_modules/.vite/deps/chunk-7FCLUC5I.js?v=318df923:39:14)
    at onBrainEvent (http://localhost:1420/src/services/brainClient.ts:299:10)
    at http://localhost:1420/src/lib/home/home-panel-run.ts:12:12
    at new Promise (<anonymous>)
    at runPanelAction (http://localhost:1420/src/lib/home/home-panel-run.ts:6:18)
    at refreshCoding (http://localhost:1420/src/views/HomeBench.vue?t=1788073214229:30:28)
    at http://localhost:1420/src/views/HomeBench.vue?t=1788073214229:47:14
[   39339ms] TypeError: Cannot read properties of undefined (reading 'transformCallback')
    at transformCallback (http://localhost:1420/node_modules/.vite/deps/chunk-G7S6KQDI.js?v=318df923:22:37)
    at listen (http://localhost:1420/node_modules/.vite/deps/chunk-7FCLUC5I.js?v=318df923:39:14)
    at once (http://localhost:1420/node_modules/.vite/deps/chunk-7FCLUC5I.js?v=318df923:45:10)
    at http://localhost:1420/src/services/brainClient.ts:20:10
    at new Promise (<anonymous>)
    at onceWithTimeout (http://localhost:1420/src/services/brainClient.ts:19:16)
    at getWidgetsOnce (http://localhost:1420/src/services/brainClient.ts:198:10)
    at refresh (http://localhost:1420/src/views/HomeFloatNotes.vue:51:30)
    at http://localhost:1420/src/views/HomeFloatNotes.vue:59:14
[   39342ms] TypeError: Cannot read properties of undefined (reading 'transformCallback')
    at transformCallback (http://localhost:1420/node_modules/.vite/deps/chunk-G7S6KQDI.js?v=318df923:22:37)
    at listen (http://localhost:1420/node_modules/.vite/deps/chunk-7FCLUC5I.js?v=318df923:39:14)
    at onBrainEvent (http://localhost:1420/src/services/brainClient.ts:299:10)
    at http://localhost:1420/src/lib/home/home-panel-run.ts:12:12
    at new Promise (<anonymous>)
    at runPanelAction (http://localhost:1420/src/lib/home/home-panel-run.ts:6:18)
    at refreshCoding (http://localhost:1420/src/views/HomeBench.vue?t=1788073214229:30:28)
    at http://localhost:1420/src/views/HomeBench.vue?t=1788073214229:47:14
[   51340ms] TypeError: Cannot read properties of undefined (reading 'transformCallback')
    at transformCallback (http://localhost:1420/node_modules/.vite/deps/chunk-G7S6KQDI.js?v=318df923:22:37)
    at listen (http://localhost:1420/node_modules/.vite/deps/chunk-7FCLUC5I.js?v=318df923:39:14)
    at once (http://localhost:1420/node_modules/.vite/deps/chunk-7FCLUC5I.js?v=318df923:45:10)
    at http://localhost:1420/src/services/brainClient.ts:20:10
    at new Promise (<anonymous>)
    at onceWithTimeout (http://localhost:1420/src/services/brainClient.ts:19:16)
    at getWidgetsOnce (http://localhost:1420/src/services/brainClient.ts:198:10)
    at refresh (http://localhost:1420/src/views/HomeFloatNotes.vue:51:30)
    at http://localhost:1420/src/views/HomeFloatNotes.vue:59:14
[   51341ms] TypeError: Cannot read properties of undefined (reading 'transformCallback')
    at transformCallback (http://localhost:1420/node_modules/.vite/deps/chunk-G7S6KQDI.js?v=318df923:22:37)
    at listen (http://localhost:1420/node_modules/.vite/deps/chunk-7FCLUC5I.js?v=318df923:39:14)
    at onBrainEvent (http://localhost:1420/src/services/brainClient.ts:299:10)
    at http://localhost:1420/src/lib/home/home-panel-run.ts:12:12
    at new Promise (<anonymous>)
    at runPanelAction (http://localhost:1420/src/lib/home/home-panel-run.ts:6:18)
    at refreshCoding (http://localhost:1420/src/views/HomeBench.vue?t=1788073214229:30:28)
    at http://localhost:1420/src/views/HomeBench.vue?t=1788073214229:47:14
[   63340ms] TypeError: Cannot read properties of undefined (reading 'transformCallback')
    at transformCallback (http://localhost:1420/node_modules/.vite/deps/chunk-G7S6KQDI.js?v=318df923:22:37)
    at listen (http://localhost:1420/node_modules/.vite/deps/chunk-7FCLUC5I.js?v=318df923:39:14)
    at once (http://localhost:1420/node_modules/.vite/deps/chunk-7FCLUC5I.js?v=318df923:45:10)
    at http://localhost:1420/src/services/brainClient.ts:20:10
    at new Promise (<anonymous>)
    at onceWithTimeout (http://localhost:1420/src/services/brainClient.ts:19:16)
    at getWidgetsOnce (http://localhost:1420/src/services/brainClient.ts:198:10)
    at refresh (http://localhost:1420/src/views/HomeFloatNotes.vue:51:30)
    at http://localhost:1420/src/views/HomeFloatNotes.vue:59:14
[   63342ms] TypeError: Cannot read properties of undefined (reading 'transformCallback')
    at transformCallback (http://localhost:1420/node_modules/.vite/deps/chunk-G7S6KQDI.js?v=318df923:22:37)
    at listen (http://localhost:1420/node_modules/.vite/deps/chunk-7FCLUC5I.js?v=318df923:39:14)
    at onBrainEvent (http://localhost:1420/src/services/brainClient.ts:299:10)
    at http://localhost:1420/src/lib/home/home-panel-run.ts:12:12
    at new Promise (<anonymous>)
    at runPanelAction (http://localhost:1420/src/lib/home/home-panel-run.ts:6:18)
    at refreshCoding (http://localhost:1420/src/views/HomeBench.vue?t=1788073214229:30:28)
    at http://localhost:1420/src/views/HomeBench.vue?t=1788073214229:47:14
[   75341ms] TypeError: Cannot read properties of undefined (reading 'transformCallback')
    at transformCallback (http://localhost:1420/node_modules/.vite/deps/chunk-G7S6KQDI.js?v=318df923:22:37)
    at listen (http://localhost:1420/node_modules/.vite/deps/chunk-7FCLUC5I.js?v=318df923:39:14)
    at once (http://localhost:1420/node_modules/.vite/deps/chunk-7FCLUC5I.js?v=318df923:45:10)
    at http://localhost:1420/src/services/brainClient.ts:20:10
    at new Promise (<anonymous>)
    at onceWithTimeout (http://localhost:1420/src/services/brainClient.ts:19:16)
    at getWidgetsOnce (http://localhost:1420/src/services/brainClient.ts:198:10)
    at refresh (http://localhost:1420/src/views/HomeFloatNotes.vue:51:30)
    at http://localhost:1420/src/views/HomeFloatNotes.vue:59:14
[   75341ms] TypeError: Cannot read properties of undefined (reading 'transformCallback')
    at transformCallback (http://localhost:1420/node_modules/.vite/deps/chunk-G7S6KQDI.js?v=318df923:22:37)
    at listen (http://localhost:1420/node_modules/.vite/deps/chunk-7FCLUC5I.js?v=318df923:39:14)
    at onBrainEvent (http://localhost:1420/src/services/brainClient.ts:299:10)
    at http://localhost:1420/src/lib/home/home-panel-run.ts:12:12
    at new Promise (<anonymous>)
    at runPanelAction (http://localhost:1420/src/lib/home/home-panel-run.ts:6:18)
    at refreshCoding (http://localhost:1420/src/views/HomeBench.vue?t=1788073214229:30:28)
    at http://localhost:1420/src/views/HomeBench.vue?t=1788073214229:47:14
[   87341ms] TypeError: Cannot read properties of undefined (reading 'transformCallback')
    at transformCallback (http://localhost:1420/node_modules/.vite/deps/chunk-G7S6KQDI.js?v=318df923:22:37)
    at listen (http://localhost:1420/node_modules/.vite/deps/chunk-7FCLUC5I.js?v=318df923:39:14)
    at once (http://localhost:1420/node_modules/.vite/deps/chunk-7FCLUC5I.js?v=318df923:45:10)
    at http://localhost:1420/src/services/brainClient.ts:20:10
    at new Promise (<anonymous>)
    at onceWithTimeout (http://localhost:1420/src/services/brainClient.ts:19:16)
    at getWidgetsOnce (http://localhost:1420/src/services/brainClient.ts:198:10)
    at refresh (http://localhost:1420/src/views/HomeFloatNotes.vue:51:30)
    at http://localhost:1420/src/views/HomeFloatNotes.vue:59:14
[   87341ms] TypeError: Cannot read properties of undefined (reading 'transformCallback')
    at transformCallback (http://localhost:1420/node_modules/.vite/deps/chunk-G7S6KQDI.js?v=318df923:22:37)
    at listen (http://localhost:1420/node_modules/.vite/deps/chunk-7FCLUC5I.js?v=318df923:39:14)
    at onBrainEvent (http://localhost:1420/src/services/brainClient.ts:299:10)
    at http://localhost:1420/src/lib/home/home-panel-run.ts:12:12
    at new Promise (<anonymous>)
    at runPanelAction (http://localhost:1420/src/lib/home/home-panel-run.ts:6:18)
    at refreshCoding (http://localhost:1420/src/views/HomeBench.vue?t=1788073214229:30:28)
    at http://localhost:1420/src/views/HomeBench.vue?t=1788073214229:47:14
[   99340ms] TypeError: Cannot read properties of undefined (reading 'transformCallback')
    at transformCallback (http://localhost:1420/node_modules/.vite/deps/chunk-G7S6KQDI.js?v=318df923:22:37)
    at listen (http://localhost:1420/node_modules/.vite/deps/chunk-7FCLUC5I.js?v=318df923:39:14)
    at once (http://localhost:1420/node_modules/.vite/deps/chunk-7FCLUC5I.js?v=318df923:45:10)
    at http://localhost:1420/src/services/brainClient.ts:20:10
    at new Promise (<anonymous>)
    at onceWithTimeout (http://localhost:1420/src/services/brainClient.ts:19:16)
    at getWidgetsOnce (http://localhost:1420/src/services/brainClient.ts:198:10)
    at refresh (http://localhost:1420/src/views/HomeFloatNotes.vue:51:30)
    at http://localhost:1420/src/views/HomeFloatNotes.vue:59:14
[   99342ms] TypeError: Cannot read properties of undefined (reading 'transformCallback')
    at transformCallback (http://localhost:1420/node_modules/.vite/deps/chunk-G7S6KQDI.js?v=318df923:22:37)
    at listen (http://localhost:1420/node_modules/.vite/deps/chunk-7FCLUC5I.js?v=318df923:39:14)
    at onBrainEvent (http://localhost:1420/src/services/brainClient.ts:299:10)
    at http://localhost:1420/src/lib/home/home-panel-run.ts:12:12
    at new Promise (<anonymous>)
    at runPanelAction (http://localhost:1420/src/lib/home/home-panel-run.ts:6:18)
    at refreshCoding (http://localhost:1420/src/views/HomeBench.vue?t=1788073214229:30:28)
    at http://localhost:1420/src/views/HomeBench.vue?t=1788073214229:47:14
[  111341ms] TypeError: Cannot read properties of undefined (reading 'transformCallback')
    at transformCallback (http://localhost:1420/node_modules/.vite/deps/chunk-G7S6KQDI.js?v=318df923:22:37)
    at listen (http://localhost:1420/node_modules/.vite/deps/chunk-7FCLUC5I.js?v=318df923:39:14)
    at once (http://localhost:1420/node_modules/.vite/deps/chunk-7FCLUC5I.js?v=318df923:45:10)
    at http://localhost:1420/src/services/brainClient.ts:20:10
    at new Promise (<anonymous>)
    at onceWithTimeout (http://localhost:1420/src/services/brainClient.ts:19:16)
    at getWidgetsOnce (http://localhost:1420/src/services/brainClient.ts:198:10)
    at refresh (http://localhost:1420/src/views/HomeFloatNotes.vue:51:30)
    at http://localhost:1420/src/views/HomeFloatNotes.vue:59:14
[  111342ms] TypeError: Cannot read properties of undefined (reading 'transformCallback')
    at transformCallback (http://localhost:1420/node_modules/.vite/deps/chunk-G7S6KQDI.js?v=318df923:22:37)
    at listen (http://localhost:1420/node_modules/.vite/deps/chunk-7FCLUC5I.js?v=318df923:39:14)
    at onBrainEvent (http://localhost:1420/src/services/brainClient.ts:299:10)
    at http://localhost:1420/src/lib/home/home-panel-run.ts:12:12
    at new Promise (<anonymous>)
    at runPanelAction (http://localhost:1420/src/lib/home/home-panel-run.ts:6:18)
    at refreshCoding (http://localhost:1420/src/views/HomeBench.vue?t=1788073214229:30:28)
    at http://localhost:1420/src/views/HomeBench.vue?t=1788073214229:47:14
[  123340ms] TypeError: Cannot read properties of undefined (reading 'transformCallback')
    at transformCallback (http://localhost:1420/node_modules/.vite/deps/chunk-G7S6KQDI.js?v=318df923:22:37)
    at listen (http://localhost:1420/node_modules/.vite/deps/chunk-7FCLUC5I.js?v=318df923:39:14)
    at once (http://localhost:1420/node_modules/.vite/deps/chunk-7FCLUC5I.js?v=318df923:45:10)
    at http://localhost:1420/src/services/brainClient.ts:20:10
    at new Promise (<anonymous>)
    at onceWithTimeout (http://localhost:1420/src/services/brainClient.ts:19:16)
    at getWidgetsOnce (http://localhost:1420/src/services/brainClient.ts:198:10)
    at refresh (http://localhost:1420/src/views/HomeFloatNotes.vue:51:30)
    at http://localhost:1420/src/views/HomeFloatNotes.vue:59:14
[  123343ms] TypeError: Cannot read properties of undefined (reading 'transformCallback')
    at transformCallback (http://localhost:1420/node_modules/.vite/deps/chunk-G7S6KQDI.js?v=318df923:22:37)
    at listen (http://localhost:1420/node_modules/.vite/deps/chunk-7FCLUC5I.js?v=318df923:39:14)
    at onBrainEvent (http://localhost:1420/src/services/brainClient.ts:299:10)
    at http://localhost:1420/src/lib/home/home-panel-run.ts:12:12
    at new Promise (<anonymous>)
    at runPanelAction (http://localhost:1420/src/lib/home/home-panel-run.ts:6:18)
    at refreshCoding (http://localhost:1420/src/views/HomeBench.vue?t=1788073214229:30:28)
    at http://localhost:1420/src/views/HomeBench.vue?t=1788073214229:47:14
[  135341ms] TypeError: Cannot read properties of undefined (reading 'transformCallback')
    at transformCallback (http://localhost:1420/node_modules/.vite/deps/chunk-G7S6KQDI.js?v=318df923:22:37)
    at listen (http://localhost:1420/node_modules/.vite/deps/chunk-7FCLUC5I.js?v=318df923:39:14)
    at once (http://localhost:1420/node_modules/.vite/deps/chunk-7FCLUC5I.js?v=318df923:45:10)
    at http://localhost:1420/src/services/brainClient.ts:20:10
    at new Promise (<anonymous>)
    at onceWithTimeout (http://localhost:1420/src/services/brainClient.ts:19:16)
    at getWidgetsOnce (http://localhost:1420/src/services/brainClient.ts:198:10)
    at refresh (http://localhost:1420/src/views/HomeFloatNotes.vue:51:30)
    at http://localhost:1420/src/views/HomeFloatNotes.vue:59:14
[  135342ms] TypeError: Cannot read properties of undefined (reading 'transformCallback')
    at transformCallback (http://localhost:1420/node_modules/.vite/deps/chunk-G7S6KQDI.js?v=318df923:22:37)
    at listen (http://localhost:1420/node_modules/.vite/deps/chunk-7FCLUC5I.js?v=318df923:39:14)
    at onBrainEvent (http://localhost:1420/src/services/brainClient.ts:299:10)
    at http://localhost:1420/src/lib/home/home-panel-run.ts:12:12
    at new Promise (<anonymous>)
    at runPanelAction (http://localhost:1420/src/lib/home/home-panel-run.ts:6:18)
    at refreshCoding (http://localhost:1420/src/views/HomeBench.vue?t=1788073214229:30:28)
    at http://localhost:1420/src/views/HomeBench.vue?t=1788073214229:47:14
[  147341ms] TypeError: Cannot read properties of undefined (reading 'transformCallback')
    at transformCallback (http://localhost:1420/node_modules/.vite/deps/chunk-G7S6KQDI.js?v=318df923:22:37)
    at listen (http://localhost:1420/node_modules/.vite/deps/chunk-7FCLUC5I.js?v=318df923:39:14)
    at once (http://localhost:1420/node_modules/.vite/deps/chunk-7FCLUC5I.js?v=318df923:45:10)
    at http://localhost:1420/src/services/brainClient.ts:20:10
    at new Promise (<anonymous>)
    at onceWithTimeout (http://localhost:1420/src/services/brainClient.ts:19:16)
    at getWidgetsOnce (http://localhost:1420/src/services/brainClient.ts:198:10)
    at refresh (http://localhost:1420/src/views/HomeFloatNotes.vue:51:30)
    at http://localhost:1420/src/views/HomeFloatNotes.vue:59:14
[  147342ms] TypeError: Cannot read properties of undefined (reading 'transformCallback')
    at transformCallback (http://localhost:1420/node_modules/.vite/deps/chunk-G7S6KQDI.js?v=318df923:22:37)
    at listen (http://localhost:1420/node_modules/.vite/deps/chunk-7FCLUC5I.js?v=318df923:39:14)
    at onBrainEvent (http://localhost:1420/src/services/brainClient.ts:299:10)
    at http://localhost:1420/src/lib/home/home-panel-run.ts:12:12
    at new Promise (<anonymous>)
    at runPanelAction (http://localhost:1420/src/lib/home/home-panel-run.ts:6:18)
    at refreshCoding (http://localhost:1420/src/views/HomeBench.vue?t=1788073214229:30:28)
    at http://localhost:1420/src/views/HomeBench.vue?t=1788073214229:47:14
[  159342ms] TypeError: Cannot read properties of undefined (reading 'transformCallback')
    at transformCallback (http://localhost:1420/node_modules/.vite/deps/chunk-G7S6KQDI.js?v=318df923:22:37)
    at listen (http://localhost:1420/node_modules/.vite/deps/chunk-7FCLUC5I.js?v=318df923:39:14)
    at once (http://localhost:1420/node_modules/.vite/deps/chunk-7FCLUC5I.js?v=318df923:45:10)
    at http://localhost:1420/src/services/brainClient.ts:20:10
    at new Promise (<anonymous>)
    at onceWithTimeout (http://localhost:1420/src/services/brainClient.ts:19:16)
    at getWidgetsOnce (http://localhost:1420/src/services/brainClient.ts:198:10)
    at refresh (http://localhost:1420/src/views/HomeFloatNotes.vue:51:30)
    at http://localhost:1420/src/views/HomeFloatNotes.vue:59:14
[  159343ms] TypeError: Cannot read properties of undefined (reading 'transformCallback')
    at transformCallback (http://localhost:1420/node_modules/.vite/deps/chunk-G7S6KQDI.js?v=318df923:22:37)
    at listen (http://localhost:1420/node_modules/.vite/deps/chunk-7FCLUC5I.js?v=318df923:39:14)
    at onBrainEvent (http://localhost:1420/src/services/brainClient.ts:299:10)
    at http://localhost:1420/src/lib/home/home-panel-run.ts:12:12
    at new Promise (<anonymous>)
    at runPanelAction (http://localhost:1420/src/lib/home/home-panel-run.ts:6:18)
    at refreshCoding (http://localhost:1420/src/views/HomeBench.vue?t=1788073214229:30:28)
    at http://localhost:1420/src/views/HomeBench.vue?t=1788073214229:47:14
[  171341ms] TypeError: Cannot read properties of undefined (reading 'transformCallback')
    at transformCallback (http://localhost:1420/node_modules/.vite/deps/chunk-G7S6KQDI.js?v=318df923:22:37)
    at listen (http://localhost:1420/node_modules/.vite/deps/chunk-7FCLUC5I.js?v=318df923:39:14)
    at once (http://localhost:1420/node_modules/.vite/deps/chunk-7FCLUC5I.js?v=318df923:45:10)
    at http://localhost:1420/src/services/brainClient.ts:20:10
    at new Promise (<anonymous>)
    at onceWithTimeout (http://localhost:1420/src/services/brainClient.ts:19:16)
    at getWidgetsOnce (http://localhost:1420/src/services/brainClient.ts:198:10)
    at refresh (http://localhost:1420/src/views/HomeFloatNotes.vue:51:30)
    at http://localhost:1420/src/views/HomeFloatNotes.vue:59:14
[  171343ms] TypeError: Cannot read properties of undefined (reading 'transformCallback')
    at transformCallback (http://localhost:1420/node_modules/.vite/deps/chunk-G7S6KQDI.js?v=318df923:22:37)
    at listen (http://localhost:1420/node_modules/.vite/deps/chunk-7FCLUC5I.js?v=318df923:39:14)
    at onBrainEvent (http://localhost:1420/src/services/brainClient.ts:299:10)
    at http://localhost:1420/src/lib/home/home-panel-run.ts:12:12
    at new Promise (<anonymous>)
    at runPanelAction (http://localhost:1420/src/lib/home/home-panel-run.ts:6:18)
    at refreshCoding (http://localhost:1420/src/views/HomeBench.vue?t=1788073214229:30:28)
    at http://localhost:1420/src/views/HomeBench.vue?t=1788073214229:47:14
[  183342ms] TypeError: Cannot read properties of undefined (reading 'transformCallback')
    at transformCallback (http://localhost:1420/node_modules/.vite/deps/chunk-G7S6KQDI.js?v=318df923:22:37)
    at listen (http://localhost:1420/node_modules/.vite/deps/chunk-7FCLUC5I.js?v=318df923:39:14)
    at once (http://localhost:1420/node_modules/.vite/deps/chunk-7FCLUC5I.js?v=318df923:45:10)
    at http://localhost:1420/src/services/brainClient.ts:20:10
    at new Promise (<anonymous>)
    at onceWithTimeout (http://localhost:1420/src/services/brainClient.ts:19:16)
    at getWidgetsOnce (http://localhost:1420/src/services/brainClient.ts:198:10)
    at refresh (http://localhost:1420/src/views/HomeFloatNotes.vue:51:30)
    at http://localhost:1420/src/views/HomeFloatNotes.vue:59:14
[  183343ms] TypeError: Cannot read properties of undefined (reading 'transformCallback')
    at transformCallback (http://localhost:1420/node_modules/.vite/deps/chunk-G7S6KQDI.js?v=318df923:22:37)
    at listen (http://localhost:1420/node_modules/.vite/deps/chunk-7FCLUC5I.js?v=318df923:39:14)
    at onBrainEvent (http://localhost:1420/src/services/brainClient.ts:299:10)
    at http://localhost:1420/src/lib/home/home-panel-run.ts:12:12
    at new Promise (<anonymous>)
    at runPanelAction (http://localhost:1420/src/lib/home/home-panel-run.ts:6:18)
    at refreshCoding (http://localhost:1420/src/views/HomeBench.vue?t=1788073214229:30:28)
    at http://localhost:1420/src/views/HomeBench.vue?t=1788073214229:47:14
[  195341ms] TypeError: Cannot read properties of undefined (reading 'transformCallback')
    at transformCallback (http://localhost:1420/node_modules/.vite/deps/chunk-G7S6KQDI.js?v=318df923:22:37)
    at listen (http://localhost:1420/node_modules/.vite/deps/chunk-7FCLUC5I.js?v=318df923:39:14)
    at once (http://localhost:1420/node_modules/.vite/deps/chunk-7FCLUC5I.js?v=318df923:45:10)
    at http://localhost:1420/src/services/brainClient.ts:20:10
    at new Promise (<anonymous>)
    at onceWithTimeout (http://localhost:1420/src/services/brainClient.ts:19:16)
    at getWidgetsOnce (http://localhost:1420/src/services/brainClient.ts:198:10)
    at refresh (http://localhost:1420/src/views/HomeFloatNotes.vue:51:30)
    at http://localhost:1420/src/views/HomeFloatNotes.vue:59:14
[  195343ms] TypeError: Cannot read properties of undefined (reading 'transformCallback')
    at transformCallback (http://localhost:1420/node_modules/.vite/deps/chunk-G7S6KQDI.js?v=318df923:22:37)
    at listen (http://localhost:1420/node_modules/.vite/deps/chunk-7FCLUC5I.js?v=318df923:39:14)
    at onBrainEvent (http://localhost:1420/src/services/brainClient.ts:299:10)
    at http://localhost:1420/src/lib/home/home-panel-run.ts:12:12
    at new Promise (<anonymous>)
    at runPanelAction (http://localhost:1420/src/lib/home/home-panel-run.ts:6:18)
    at refreshCoding (http://localhost:1420/src/views/HomeBench.vue?t=1788073214229:30:28)
    at http://localhost:1420/src/views/HomeBench.vue?t=1788073214229:47:14
[  207342ms] TypeError: Cannot read properties of undefined (reading 'transformCallback')
    at transformCallback (http://localhost:1420/node_modules/.vite/deps/chunk-G7S6KQDI.js?v=318df923:22:37)
    at listen (http://localhost:1420/node_modules/.vite/deps/chunk-7FCLUC5I.js?v=318df923:39:14)
    at once (http://localhost:1420/node_modules/.vite/deps/chunk-7FCLUC5I.js?v=318df923:45:10)
    at http://localhost:1420/src/services/brainClient.ts:20:10
    at new Promise (<anonymous>)
    at onceWithTimeout (http://localhost:1420/src/services/brainClient.ts:19:16)
    at getWidgetsOnce (http://localhost:1420/src/services/brainClient.ts:198:10)
    at refresh (http://localhost:1420/src/views/HomeFloatNotes.vue:51:30)
    at http://localhost:1420/src/views/HomeFloatNotes.vue:59:14
[  207343ms] TypeError: Cannot read properties of undefined (reading 'transformCallback')
    at transformCallback (http://localhost:1420/node_modules/.vite/deps/chunk-G7S6KQDI.js?v=318df923:22:37)
    at listen (http://localhost:1420/node_modules/.vite/deps/chunk-7FCLUC5I.js?v=318df923:39:14)
    at onBrainEvent (http://localhost:1420/src/services/brainClient.ts:299:10)
    at http://localhost:1420/src/lib/home/home-panel-run.ts:12:12
    at new Promise (<anonymous>)
    at runPanelAction (http://localhost:1420/src/lib/home/home-panel-run.ts:6:18)
    at refreshCoding (http://localhost:1420/src/views/HomeBench.vue?t=1788073214229:30:28)
    at http://localhost:1420/src/views/HomeBench.vue?t=1788073214229:47:14
[  219341ms] TypeError: Cannot read properties of undefined (reading 'transformCallback')
    at transformCallback (http://localhost:1420/node_modules/.vite/deps/chunk-G7S6KQDI.js?v=318df923:22:37)
    at listen (http://localhost:1420/node_modules/.vite/deps/chunk-7FCLUC5I.js?v=318df923:39:14)
    at once (http://localhost:1420/node_modules/.vite/deps/chunk-7FCLUC5I.js?v=318df923:45:10)
    at http://localhost:1420/src/services/brainClient.ts:20:10
    at new Promise (<anonymous>)
    at onceWithTimeout (http://localhost:1420/src/services/brainClient.ts:19:16)
    at getWidgetsOnce (http://localhost:1420/src/services/brainClient.ts:198:10)
    at refresh (http://localhost:1420/src/views/HomeFloatNotes.vue:51:30)
    at http://localhost:1420/src/views/HomeFloatNotes.vue:59:14
[  219344ms] TypeError: Cannot read properties of undefined (reading 'transformCallback')
    at transformCallback (http://localhost:1420/node_modules/.vite/deps/chunk-G7S6KQDI.js?v=318df923:22:37)
    at listen (http://localhost:1420/node_modules/.vite/deps/chunk-7FCLUC5I.js?v=318df923:39:14)
    at onBrainEvent (http://localhost:1420/src/services/brainClient.ts:299:10)
    at http://localhost:1420/src/lib/home/home-panel-run.ts:12:12
    at new Promise (<anonymous>)
    at runPanelAction (http://localhost:1420/src/lib/home/home-panel-run.ts:6:18)
    at refreshCoding (http://localhost:1420/src/views/HomeBench.vue?t=1788073214229:30:28)
    at http://localhost:1420/src/views/HomeBench.vue?t=1788073214229:47:14
[  231343ms] TypeError: Cannot read properties of undefined (reading 'transformCallback')
    at transformCallback (http://localhost:1420/node_modules/.vite/deps/chunk-G7S6KQDI.js?v=318df923:22:37)
    at listen (http://localhost:1420/node_modules/.vite/deps/chunk-7FCLUC5I.js?v=318df923:39:14)
    at once (http://localhost:1420/node_modules/.vite/deps/chunk-7FCLUC5I.js?v=318df923:45:10)
    at http://localhost:1420/src/services/brainClient.ts:20:10
    at new Promise (<anonymous>)
    at onceWithTimeout (http://localhost:1420/src/services/brainClient.ts:19:16)
    at getWidgetsOnce (http://localhost:1420/src/services/brainClient.ts:198:10)
    at refresh (http://localhost:1420/src/views/HomeFloatNotes.vue:51:30)
    at http://localhost:1420/src/views/HomeFloatNotes.vue:59:14
[  231344ms] TypeError: Cannot read properties of undefined (reading 'transformCallback')
    at transformCallback (http://localhost:1420/node_modules/.vite/deps/chunk-G7S6KQDI.js?v=318df923:22:37)
    at listen (http://localhost:1420/node_modules/.vite/deps/chunk-7FCLUC5I.js?v=318df923:39:14)
    at onBrainEvent (http://localhost:1420/src/services/brainClient.ts:299:10)
    at http://localhost:1420/src/lib/home/home-panel-run.ts:12:12
    at new Promise (<anonymous>)
    at runPanelAction (http://localhost:1420/src/lib/home/home-panel-run.ts:6:18)
    at refreshCoding (http://localhost:1420/src/views/HomeBench.vue?t=1788073214229:30:28)
    at http://localhost:1420/src/views/HomeBench.vue?t=1788073214229:47:14
[  243343ms] TypeError: Cannot read properties of undefined (reading 'transformCallback')
    at transformCallback (http://localhost:1420/node_modules/.vite/deps/chunk-G7S6KQDI.js?v=318df923:22:37)
    at listen (http://localhost:1420/node_modules/.vite/deps/chunk-7FCLUC5I.js?v=318df923:39:14)
    at once (http://localhost:1420/node_modules/.vite/deps/chunk-7FCLUC5I.js?v=318df923:45:10)
    at http://localhost:1420/src/services/brainClient.ts:20:10
    at new Promise (<anonymous>)
    at onceWithTimeout (http://localhost:1420/src/services/brainClient.ts:19:16)
    at getWidgetsOnce (http://localhost:1420/src/services/brainClient.ts:198:10)
    at refresh (http://localhost:1420/src/views/HomeFloatNotes.vue:51:30)
    at http://localhost:1420/src/views/HomeFloatNotes.vue:59:14
[  243344ms] TypeError: Cannot read properties of undefined (reading 'transformCallback')
    at transformCallback (http://localhost:1420/node_modules/.vite/deps/chunk-G7S6KQDI.js?v=318df923:22:37)
    at listen (http://localhost:1420/node_modules/.vite/deps/chunk-7FCLUC5I.js?v=318df923:39:14)
    at onBrainEvent (http://localhost:1420/src/services/brainClient.ts:299:10)
    at http://localhost:1420/src/lib/home/home-panel-run.ts:12:12
    at new Promise (<anonymous>)
    at runPanelAction (http://localhost:1420/src/lib/home/home-panel-run.ts:6:18)
    at refreshCoding (http://localhost:1420/src/views/HomeBench.vue?t=1788073214229:30:28)
    at http://localhost:1420/src/views/HomeBench.vue?t=1788073214229:47:14
[  255342ms] TypeError: Cannot read properties of undefined (reading 'transformCallback')
    at transformCallback (http://localhost:1420/node_modules/.vite/deps/chunk-G7S6KQDI.js?v=318df923:22:37)
    at listen (http://localhost:1420/node_modules/.vite/deps/chunk-7FCLUC5I.js?v=318df923:39:14)
    at once (http://localhost:1420/node_modules/.vite/deps/chunk-7FCLUC5I.js?v=318df923:45:10)
    at http://localhost:1420/src/services/brainClient.ts:20:10
    at new Promise (<anonymous>)
    at onceWithTimeout (http://localhost:1420/src/services/brainClient.ts:19:16)
    at getWidgetsOnce (http://localhost:1420/src/services/brainClient.ts:198:10)
    at refresh (http://localhost:1420/src/views/HomeFloatNotes.vue:51:30)
    at http://localhost:1420/src/views/HomeFloatNotes.vue:59:14
[  255343ms] TypeError: Cannot read properties of undefined (reading 'transformCallback')
    at transformCallback (http://localhost:1420/node_modules/.vite/deps/chunk-G7S6KQDI.js?v=318df923:22:37)
    at listen (http://localhost:1420/node_modules/.vite/deps/chunk-7FCLUC5I.js?v=318df923:39:14)
    at onBrainEvent (http://localhost:1420/src/services/brainClient.ts:299:10)
    at http://localhost:1420/src/lib/home/home-panel-run.ts:12:12
    at new Promise (<anonymous>)
    at runPanelAction (http://localhost:1420/src/lib/home/home-panel-run.ts:6:18)
    at refreshCoding (http://localhost:1420/src/views/HomeBench.vue?t=1788073214229:30:28)
    at http://localhost:1420/src/views/HomeBench.vue?t=1788073214229:47:14
[  267343ms] TypeError: Cannot read properties of undefined (reading 'transformCallback')
    at transformCallback (http://localhost:1420/node_modules/.vite/deps/chunk-G7S6KQDI.js?v=318df923:22:37)
    at listen (http://localhost:1420/node_modules/.vite/deps/chunk-7FCLUC5I.js?v=318df923:39:14)
    at once (http://localhost:1420/node_modules/.vite/deps/chunk-7FCLUC5I.js?v=318df923:45:10)
    at http://localhost:1420/src/services/brainClient.ts:20:10
    at new Promise (<anonymous>)
    at onceWithTimeout (http://localhost:1420/src/services/brainClient.ts:19:16)
    at getWidgetsOnce (http://localhost:1420/src/services/brainClient.ts:198:10)
    at refresh (http://localhost:1420/src/views/HomeFloatNotes.vue:51:30)
    at http://localhost:1420/src/views/HomeFloatNotes.vue:59:14
[  267344ms] TypeError: Cannot read properties of undefined (reading 'transformCallback')
    at transformCallback (http://localhost:1420/node_modules/.vite/deps/chunk-G7S6KQDI.js?v=318df923:22:37)
    at listen (http://localhost:1420/node_modules/.vite/deps/chunk-7FCLUC5I.js?v=318df923:39:14)
    at onBrainEvent (http://localhost:1420/src/services/brainClient.ts:299:10)
    at http://localhost:1420/src/lib/home/home-panel-run.ts:12:12
    at new Promise (<anonymous>)
    at runPanelAction (http://localhost:1420/src/lib/home/home-panel-run.ts:6:18)
    at refreshCoding (http://localhost:1420/src/views/HomeBench.vue?t=1788073214229:30:28)
    at http://localhost:1420/src/views/HomeBench.vue?t=1788073214229:47:14
[  279343ms] TypeError: Cannot read properties of undefined (reading 'transformCallback')
    at transformCallback (http://localhost:1420/node_modules/.vite/deps/chunk-G7S6KQDI.js?v=318df923:22:37)
    at listen (http://localhost:1420/node_modules/.vite/deps/chunk-7FCLUC5I.js?v=318df923:39:14)
    at once (http://localhost:1420/node_modules/.vite/deps/chunk-7FCLUC5I.js?v=318df923:45:10)
    at http://localhost:1420/src/services/brainClient.ts:20:10
    at new Promise (<anonymous>)
    at onceWithTimeout (http://localhost:1420/src/services/brainClient.ts:19:16)
    at getWidgetsOnce (http://localhost:1420/src/services/brainClient.ts:198:10)
    at refresh (http://localhost:1420/src/views/HomeFloatNotes.vue:51:30)
    at http://localhost:1420/src/views/HomeFloatNotes.vue:59:14
[  279344ms] TypeError: Cannot read properties of undefined (reading 'transformCallback')
    at transformCallback (http://localhost:1420/node_modules/.vite/deps/chunk-G7S6KQDI.js?v=318df923:22:37)
    at listen (http://localhost:1420/node_modules/.vite/deps/chunk-7FCLUC5I.js?v=318df923:39:14)
    at onBrainEvent (http://localhost:1420/src/services/brainClient.ts:299:10)
    at http://localhost:1420/src/lib/home/home-panel-run.ts:12:12
    at new Promise (<anonymous>)
    at runPanelAction (http://localhost:1420/src/lib/home/home-panel-run.ts:6:18)
    at refreshCoding (http://localhost:1420/src/views/HomeBench.vue?t=1788073214229:30:28)
    at http://localhost:1420/src/views/HomeBench.vue?t=1788073214229:47:14
[  291343ms] TypeError: Cannot read properties of undefined (reading 'transformCallback')
    at transformCallback (http://localhost:1420/node_modules/.vite/deps/chunk-G7S6KQDI.js?v=318df923:22:37)
    at listen (http://localhost:1420/node_modules/.vite/deps/chunk-7FCLUC5I.js?v=318df923:39:14)
    at once (http://localhost:1420/node_modules/.vite/deps/chunk-7FCLUC5I.js?v=318df923:45:10)
    at http://localhost:1420/src/services/brainClient.ts:20:10
    at new Promise (<anonymous>)
    at onceWithTimeout (http://localhost:1420/src/services/brainClient.ts:19:16)
    at getWidgetsOnce (http://localhost:1420/src/services/brainClient.ts:198:10)
    at refresh (http://localhost:1420/src/views/HomeFloatNotes.vue:51:30)
    at http://localhost:1420/src/views/HomeFloatNotes.vue:59:14
[  291344ms] TypeError: Cannot read properties of undefined (reading 'transformCallback')
    at transformCallback (http://localhost:1420/node_modules/.vite/deps/chunk-G7S6KQDI.js?v=318df923:22:37)
    at listen (http://localhost:1420/node_modules/.vite/deps/chunk-7FCLUC5I.js?v=318df923:39:14)
    at onBrainEvent (http://localhost:1420/src/services/brainClient.ts:299:10)
    at http://localhost:1420/src/lib/home/home-panel-run.ts:12:12
    at new Promise (<anonymous>)
    at runPanelAction (http://localhost:1420/src/lib/home/home-panel-run.ts:6:18)
    at refreshCoding (http://localhost:1420/src/views/HomeBench.vue?t=1788073214229:30:28)
    at http://localhost:1420/src/views/HomeBench.vue?t=1788073214229:47:14
[  303343ms] TypeError: Cannot read properties of undefined (reading 'transformCallback')
    at transformCallback (http://localhost:1420/node_modules/.vite/deps/chunk-G7S6KQDI.js?v=318df923:22:37)
    at listen (http://localhost:1420/node_modules/.vite/deps/chunk-7FCLUC5I.js?v=318df923:39:14)
    at once (http://localhost:1420/node_modules/.vite/deps/chunk-7FCLUC5I.js?v=318df923:45:10)
    at http://localhost:1420/src/services/brainClient.ts:20:10
    at new Promise (<anonymous>)
    at onceWithTimeout (http://localhost:1420/src/services/brainClient.ts:19:16)
    at getWidgetsOnce (http://localhost:1420/src/services/brainClient.ts:198:10)
    at refresh (http://localhost:1420/src/views/HomeFloatNotes.vue:51:30)
    at http://localhost:1420/src/views/HomeFloatNotes.vue:59:14
[  303344ms] TypeError: Cannot read properties of undefined (reading 'transformCallback')
    at transformCallback (http://localhost:1420/node_modules/.vite/deps/chunk-G7S6KQDI.js?v=318df923:22:37)
    at listen (http://localhost:1420/node_modules/.vite/deps/chunk-7FCLUC5I.js?v=318df923:39:14)
    at onBrainEvent (http://localhost:1420/src/services/brainClient.ts:299:10)
    at http://localhost:1420/src/lib/home/home-panel-run.ts:12:12
    at new Promise (<anonymous>)
    at runPanelAction (http://localhost:1420/src/lib/home/home-panel-run.ts:6:18)
    at refreshCoding (http://localhost:1420/src/views/HomeBench.vue?t=1788073214229:30:28)
    at http://localhost:1420/src/views/HomeBench.vue?t=1788073214229:47:14
[  315343ms] TypeError: Cannot read properties of undefined (reading 'transformCallback')
    at transformCallback (http://localhost:1420/node_modules/.vite/deps/chunk-G7S6KQDI.js?v=318df923:22:37)
    at listen (http://localhost:1420/node_modules/.vite/deps/chunk-7FCLUC5I.js?v=318df923:39:14)
    at once (http://localhost:1420/node_modules/.vite/deps/chunk-7FCLUC5I.js?v=318df923:45:10)
    at http://localhost:1420/src/services/brainClient.ts:20:10
    at new Promise (<anonymous>)
    at onceWithTimeout (http://localhost:1420/src/services/brainClient.ts:19:16)
    at getWidgetsOnce (http://localhost:1420/src/services/brainClient.ts:198:10)
    at refresh (http://localhost:1420/src/views/HomeFloatNotes.vue:51:30)
    at http://localhost:1420/src/views/HomeFloatNotes.vue:59:14
[  315344ms] TypeError: Cannot read properties of undefined (reading 'transformCallback')
    at transformCallback (http://localhost:1420/node_modules/.vite/deps/chunk-G7S6KQDI.js?v=318df923:22:37)
    at listen (http://localhost:1420/node_modules/.vite/deps/chunk-7FCLUC5I.js?v=318df923:39:14)
    at onBrainEvent (http://localhost:1420/src/services/brainClient.ts:299:10)
    at http://localhost:1420/src/lib/home/home-panel-run.ts:12:12
    at new Promise (<anonymous>)
    at runPanelAction (http://localhost:1420/src/lib/home/home-panel-run.ts:6:18)
    at refreshCoding (http://localhost:1420/src/views/HomeBench.vue?t=1788073214229:30:28)
    at http://localhost:1420/src/views/HomeBench.vue?t=1788073214229:47:14
[  327344ms] TypeError: Cannot read properties of undefined (reading 'transformCallback')
    at transformCallback (http://localhost:1420/node_modules/.vite/deps/chunk-G7S6KQDI.js?v=318df923:22:37)
    at listen (http://localhost:1420/node_modules/.vite/deps/chunk-7FCLUC5I.js?v=318df923:39:14)
    at once (http://localhost:1420/node_modules/.vite/deps/chunk-7FCLUC5I.js?v=318df923:45:10)
    at http://localhost:1420/src/services/brainClient.ts:20:10
    at new Promise (<anonymous>)
    at onceWithTimeout (http://localhost:1420/src/services/brainClient.ts:19:16)
    at getWidgetsOnce (http://localhost:1420/src/services/brainClient.ts:198:10)
    at refresh (http://localhost:1420/src/views/HomeFloatNotes.vue:51:30)
    at http://localhost:1420/src/views/HomeFloatNotes.vue:59:14
[  327345ms] TypeError: Cannot read properties of undefined (reading 'transformCallback')
    at transformCallback (http://localhost:1420/node_modules/.vite/deps/chunk-G7S6KQDI.js?v=318df923:22:37)
    at listen (http://localhost:1420/node_modules/.vite/deps/chunk-7FCLUC5I.js?v=318df923:39:14)
    at onBrainEvent (http://localhost:1420/src/services/brainClient.ts:299:10)
    at http://localhost:1420/src/lib/home/home-panel-run.ts:12:12
    at new Promise (<anonymous>)
    at runPanelAction (http://localhost:1420/src/lib/home/home-panel-run.ts:6:18)
    at refreshCoding (http://localhost:1420/src/views/HomeBench.vue?t=1788073214229:30:28)
    at http://localhost:1420/src/views/HomeBench.vue?t=1788073214229:47:14
[  339344ms] TypeError: Cannot read properties of undefined (reading 'transformCallback')
    at transformCallback (http://localhost:1420/node_modules/.vite/deps/chunk-G7S6KQDI.js?v=318df923:22:37)
    at listen (http://localhost:1420/node_modules/.vite/deps/chunk-7FCLUC5I.js?v=318df923:39:14)
    at once (http://localhost:1420/node_modules/.vite/deps/chunk-7FCLUC5I.js?v=318df923:45:10)
    at http://localhost:1420/src/services/brainClient.ts:20:10
    at new Promise (<anonymous>)
    at onceWithTimeout (http://localhost:1420/src/services/brainClient.ts:19:16)
    at getWidgetsOnce (http://localhost:1420/src/services/brainClient.ts:198:10)
    at refresh (http://localhost:1420/src/views/HomeFloatNotes.vue:51:30)
    at http://localhost:1420/src/views/HomeFloatNotes.vue:59:14
[  339345ms] TypeError: Cannot read properties of undefined (reading 'transformCallback')
    at transformCallback (http://localhost:1420/node_modules/.vite/deps/chunk-G7S6KQDI.js?v=318df923:22:37)
    at listen (http://localhost:1420/node_modules/.vite/deps/chunk-7FCLUC5I.js?v=318df923:39:14)
    at onBrainEvent (http://localhost:1420/src/services/brainClient.ts:299:10)
    at http://localhost:1420/src/lib/home/home-panel-run.ts:12:12
    at new Promise (<anonymous>)
    at runPanelAction (http://localhost:1420/src/lib/home/home-panel-run.ts:6:18)
    at refreshCoding (http://localhost:1420/src/views/HomeBench.vue?t=1788073214229:30:28)
    at http://localhost:1420/src/views/HomeBench.vue?t=1788073214229:47:14
[  351343ms] TypeError: Cannot read properties of undefined (reading 'transformCallback')
    at transformCallback (http://localhost:1420/node_modules/.vite/deps/chunk-G7S6KQDI.js?v=318df923:22:37)
    at listen (http://localhost:1420/node_modules/.vite/deps/chunk-7FCLUC5I.js?v=318df923:39:14)
    at once (http://localhost:1420/node_modules/.vite/deps/chunk-7FCLUC5I.js?v=318df923:45:10)
    at http://localhost:1420/src/services/brainClient.ts:20:10
    at new Promise (<anonymous>)
    at onceWithTimeout (http://localhost:1420/src/services/brainClient.ts:19:16)
    at getWidgetsOnce (http://localhost:1420/src/services/brainClient.ts:198:10)
    at refresh (http://localhost:1420/src/views/HomeFloatNotes.vue:51:30)
    at http://localhost:1420/src/views/HomeFloatNotes.vue:59:14
[  351344ms] TypeError: Cannot read properties of undefined (reading 'transformCallback')
    at transformCallback (http://localhost:1420/node_modules/.vite/deps/chunk-G7S6KQDI.js?v=318df923:22:37)
    at listen (http://localhost:1420/node_modules/.vite/deps/chunk-7FCLUC5I.js?v=318df923:39:14)
    at onBrainEvent (http://localhost:1420/src/services/brainClient.ts:299:10)
    at http://localhost:1420/src/lib/home/home-panel-run.ts:12:12
    at new Promise (<anonymous>)
    at runPanelAction (http://localhost:1420/src/lib/home/home-panel-run.ts:6:18)
    at refreshCoding (http://localhost:1420/src/views/HomeBench.vue?t=1788073214229:30:28)
    at http://localhost:1420/src/views/HomeBench.vue?t=1788073214229:47:14
[  363345ms] TypeError: Cannot read properties of undefined (reading 'transformCallback')
    at transformCallback (http://localhost:1420/node_modules/.vite/deps/chunk-G7S6KQDI.js?v=318df923:22:37)
    at listen (http://localhost:1420/node_modules/.vite/deps/chunk-7FCLUC5I.js?v=318df923:39:14)
    at once (http://localhost:1420/node_modules/.vite/deps/chunk-7FCLUC5I.js?v=318df923:45:10)
    at http://localhost:1420/src/services/brainClient.ts:20:10
    at new Promise (<anonymous>)
    at onceWithTimeout (http://localhost:1420/src/services/brainClient.ts:19:16)
    at getWidgetsOnce (http://localhost:1420/src/services/brainClient.ts:198:10)
    at refresh (http://localhost:1420/src/views/HomeFloatNotes.vue:51:30)
    at http://localhost:1420/src/views/HomeFloatNotes.vue:59:14
[  363345ms] TypeError: Cannot read properties of undefined (reading 'transformCallback')
    at transformCallback (http://localhost:1420/node_modules/.vite/deps/chunk-G7S6KQDI.js?v=318df923:22:37)
    at listen (http://localhost:1420/node_modules/.vite/deps/chunk-7FCLUC5I.js?v=318df923:39:14)
    at onBrainEvent (http://localhost:1420/src/services/brainClient.ts:299:10)
    at http://localhost:1420/src/lib/home/home-panel-run.ts:12:12
    at new Promise (<anonymous>)
    at runPanelAction (http://localhost:1420/src/lib/home/home-panel-run.ts:6:18)
    at refreshCoding (http://localhost:1420/src/views/HomeBench.vue?t=1788073214229:30:28)
    at http://localhost:1420/src/views/HomeBench.vue?t=1788073214229:47:14
[  375345ms] TypeError: Cannot read properties of undefined (reading 'transformCallback')
    at transformCallback (http://localhost:1420/node_modules/.vite/deps/chunk-G7S6KQDI.js?v=318df923:22:37)
    at listen (http://localhost:1420/node_modules/.vite/deps/chunk-7FCLUC5I.js?v=318df923:39:14)
    at once (http://localhost:1420/node_modules/.vite/deps/chunk-7FCLUC5I.js?v=318df923:45:10)
    at http://localhost:1420/src/services/brainClient.ts:20:10
    at new Promise (<anonymous>)
    at onceWithTimeout (http://localhost:1420/src/services/brainClient.ts:19:16)
    at getWidgetsOnce (http://localhost:1420/src/services/brainClient.ts:198:10)
    at refresh (http://localhost:1420/src/views/HomeFloatNotes.vue:51:30)
    at http://localhost:1420/src/views/HomeFloatNotes.vue:59:14
[  375345ms] TypeError: Cannot read properties of undefined (reading 'transformCallback')
    at transformCallback (http://localhost:1420/node_modules/.vite/deps/chunk-G7S6KQDI.js?v=318df923:22:37)
    at listen (http://localhost:1420/node_modules/.vite/deps/chunk-7FCLUC5I.js?v=318df923:39:14)
    at onBrainEvent (http://localhost:1420/src/services/brainClient.ts:299:10)
    at http://localhost:1420/src/lib/home/home-panel-run.ts:12:12
    at new Promise (<anonymous>)
    at runPanelAction (http://localhost:1420/src/lib/home/home-panel-run.ts:6:18)
    at refreshCoding (http://localhost:1420/src/views/HomeBench.vue?t=1788073214229:30:28)
    at http://localhost:1420/src/views/HomeBench.vue?t=1788073214229:47:14
[  387345ms] TypeError: Cannot read properties of undefined (reading 'transformCallback')
    at transformCallback (http://localhost:1420/node_modules/.vite/deps/chunk-G7S6KQDI.js?v=318df923:22:37)
    at listen (http://localhost:1420/node_modules/.vite/deps/chunk-7FCLUC5I.js?v=318df923:39:14)
    at once (http://localhost:1420/node_modules/.vite/deps/chunk-7FCLUC5I.js?v=318df923:45:10)
    at http://localhost:1420/src/services/brainClient.ts:20:10
    at new Promise (<anonymous>)
    at onceWithTimeout (http://localhost:1420/src/services/brainClient.ts:19:16)
    at getWidgetsOnce (http://localhost:1420/src/services/brainClient.ts:198:10)
    at refresh (http://localhost:1420/src/views/HomeFloatNotes.vue:51:30)
    at http://localhost:1420/src/views/HomeFloatNotes.vue:59:14
[  387345ms] TypeError: Cannot read properties of undefined (reading 'transformCallback')
    at transformCallback (http://localhost:1420/node_modules/.vite/deps/chunk-G7S6KQDI.js?v=318df923:22:37)
    at listen (http://localhost:1420/node_modules/.vite/deps/chunk-7FCLUC5I.js?v=318df923:39:14)
    at onBrainEvent (http://localhost:1420/src/services/brainClient.ts:299:10)
    at http://localhost:1420/src/lib/home/home-panel-run.ts:12:12
    at new Promise (<anonymous>)
    at runPanelAction (http://localhost:1420/src/lib/home/home-panel-run.ts:6:18)
    at refreshCoding (http://localhost:1420/src/views/HomeBench.vue?t=1788073214229:30:28)
    at http://localhost:1420/src/views/HomeBench.vue?t=1788073214229:47:14
[  399345ms] TypeError: Cannot read properties of undefined (reading 'transformCallback')
    at transformCallback (http://localhost:1420/node_modules/.vite/deps/chunk-G7S6KQDI.js?v=318df923:22:37)
    at listen (http://localhost:1420/node_modules/.vite/deps/chunk-7FCLUC5I.js?v=318df923:39:14)
    at once (http://localhost:1420/node_modules/.vite/deps/chunk-7FCLUC5I.js?v=318df923:45:10)
    at http://localhost:1420/src/services/brainClient.ts:20:10
    at new Promise (<anonymous>)
    at onceWithTimeout (http://localhost:1420/src/services/brainClient.ts:19:16)
    at getWidgetsOnce (http://localhost:1420/src/services/brainClient.ts:198:10)
    at refresh (http://localhost:1420/src/views/HomeFloatNotes.vue:51:30)
    at http://localhost:1420/src/views/HomeFloatNotes.vue:59:14
[  399346ms] TypeError: Cannot read properties of undefined (reading 'transformCallback')
    at transformCallback (http://localhost:1420/node_modules/.vite/deps/chunk-G7S6KQDI.js?v=318df923:22:37)
    at listen (http://localhost:1420/node_modules/.vite/deps/chunk-7FCLUC5I.js?v=318df923:39:14)
    at onBrainEvent (http://localhost:1420/src/services/brainClient.ts:299:10)
    at http://localhost:1420/src/lib/home/home-panel-run.ts:12:12
    at new Promise (<anonymous>)
    at runPanelAction (http://localhost:1420/src/lib/home/home-panel-run.ts:6:18)
    at refreshCoding (http://localhost:1420/src/views/HomeBench.vue?t=1788073214229:30:28)
    at http://localhost:1420/src/views/HomeBench.vue?t=1788073214229:47:14
[  411345ms] TypeError: Cannot read properties of undefined (reading 'transformCallback')
    at transformCallback (http://localhost:1420/node_modules/.vite/deps/chunk-G7S6KQDI.js?v=318df923:22:37)
    at listen (http://localhost:1420/node_modules/.vite/deps/chunk-7FCLUC5I.js?v=318df923:39:14)
    at once (http://localhost:1420/node_modules/.vite/deps/chunk-7FCLUC5I.js?v=318df923:45:10)
    at http://localhost:1420/src/services/brainClient.ts:20:10
    at new Promise (<anonymous>)
    at onceWithTimeout (http://localhost:1420/src/services/brainClient.ts:19:16)
    at getWidgetsOnce (http://localhost:1420/src/services/brainClient.ts:198:10)
    at refresh (http://localhost:1420/src/views/HomeFloatNotes.vue:51:30)
    at http://localhost:1420/src/views/HomeFloatNotes.vue:59:14
[  411346ms] TypeError: Cannot read properties of undefined (reading 'transformCallback')
    at transformCallback (http://localhost:1420/node_modules/.vite/deps/chunk-G7S6KQDI.js?v=318df923:22:37)
    at listen (http://localhost:1420/node_modules/.vite/deps/chunk-7FCLUC5I.js?v=318df923:39:14)
    at onBrainEvent (http://localhost:1420/src/services/brainClient.ts:299:10)
    at http://localhost:1420/src/lib/home/home-panel-run.ts:12:12
    at new Promise (<anonymous>)
    at runPanelAction (http://localhost:1420/src/lib/home/home-panel-run.ts:6:18)
    at refreshCoding (http://localhost:1420/src/views/HomeBench.vue?t=1788073214229:30:28)
    at http://localhost:1420/src/views/HomeBench.vue?t=1788073214229:47:14
[  423345ms] TypeError: Cannot read properties of undefined (reading 'transformCallback')
    at transformCallback (http://localhost:1420/node_modules/.vite/deps/chunk-G7S6KQDI.js?v=318df923:22:37)
    at listen (http://localhost:1420/node_modules/.vite/deps/chunk-7FCLUC5I.js?v=318df923:39:14)
    at once (http://localhost:1420/node_modules/.vite/deps/chunk-7FCLUC5I.js?v=318df923:45:10)
    at http://localhost:1420/src/services/brainClient.ts:20:10
    at new Promise (<anonymous>)
    at onceWithTimeout (http://localhost:1420/src/services/brainClient.ts:19:16)
    at getWidgetsOnce (http://localhost:1420/src/services/brainClient.ts:198:10)
    at refresh (http://localhost:1420/src/views/HomeFloatNotes.vue:51:30)
    at http://localhost:1420/src/views/HomeFloatNotes.vue:59:14
[  423346ms] TypeError: Cannot read properties of undefined (reading 'transformCallback')
    at transformCallback (http://localhost:1420/node_modules/.vite/deps/chunk-G7S6KQDI.js?v=318df923:22:37)
    at listen (http://localhost:1420/node_modules/.vite/deps/chunk-7FCLUC5I.js?v=318df923:39:14)
    at onBrainEvent (http://localhost:1420/src/services/brainClient.ts:299:10)
    at http://localhost:1420/src/lib/home/home-panel-run.ts:12:12
    at new Promise (<anonymous>)
    at runPanelAction (http://localhost:1420/src/lib/home/home-panel-run.ts:6:18)
    at refreshCoding (http://localhost:1420/src/views/HomeBench.vue?t=1788073214229:30:28)
    at http://localhost:1420/src/views/HomeBench.vue?t=1788073214229:47:14
[  435346ms] TypeError: Cannot read properties of undefined (reading 'transformCallback')
    at transformCallback (http://localhost:1420/node_modules/.vite/deps/chunk-G7S6KQDI.js?v=318df923:22:37)
    at listen (http://localhost:1420/node_modules/.vite/deps/chunk-7FCLUC5I.js?v=318df923:39:14)
    at once (http://localhost:1420/node_modules/.vite/deps/chunk-7FCLUC5I.js?v=318df923:45:10)
    at http://localhost:1420/src/services/brainClient.ts:20:10
    at new Promise (<anonymous>)
    at onceWithTimeout (http://localhost:1420/src/services/brainClient.ts:19:16)
    at getWidgetsOnce (http://localhost:1420/src/services/brainClient.ts:198:10)
    at refresh (http://localhost:1420/src/views/HomeFloatNotes.vue:51:30)
    at http://localhost:1420/src/views/HomeFloatNotes.vue:59:14
[  435346ms] TypeError: Cannot read properties of undefined (reading 'transformCallback')
    at transformCallback (http://localhost:1420/node_modules/.vite/deps/chunk-G7S6KQDI.js?v=318df923:22:37)
    at listen (http://localhost:1420/node_modules/.vite/deps/chunk-7FCLUC5I.js?v=318df923:39:14)
    at onBrainEvent (http://localhost:1420/src/services/brainClient.ts:299:10)
    at http://localhost:1420/src/lib/home/home-panel-run.ts:12:12
    at new Promise (<anonymous>)
    at runPanelAction (http://localhost:1420/src/lib/home/home-panel-run.ts:6:18)
    at refreshCoding (http://localhost:1420/src/views/HomeBench.vue?t=1788073214229:30:28)
    at http://localhost:1420/src/views/HomeBench.vue?t=1788073214229:47:14
[  447346ms] TypeError: Cannot read properties of undefined (reading 'transformCallback')
    at transformCallback (http://localhost:1420/node_modules/.vite/deps/chunk-G7S6KQDI.js?v=318df923:22:37)
    at listen (http://localhost:1420/node_modules/.vite/deps/chunk-7FCLUC5I.js?v=318df923:39:14)
    at once (http://localhost:1420/node_modules/.vite/deps/chunk-7FCLUC5I.js?v=318df923:45:10)
    at http://localhost:1420/src/services/brainClient.ts:20:10
    at new Promise (<anonymous>)
    at onceWithTimeout (http://localhost:1420/src/services/brainClient.ts:19:16)
    at getWidgetsOnce (http://localhost:1420/src/services/brainClient.ts:198:10)
    at refresh (http://localhost:1420/src/views/HomeFloatNotes.vue:51:30)
    at http://localhost:1420/src/views/HomeFloatNotes.vue:59:14
[  447346ms] TypeError: Cannot read properties of undefined (reading 'transformCallback')
    at transformCallback (http://localhost:1420/node_modules/.vite/deps/chunk-G7S6KQDI.js?v=318df923:22:37)
    at listen (http://localhost:1420/node_modules/.vite/deps/chunk-7FCLUC5I.js?v=318df923:39:14)
    at onBrainEvent (http://localhost:1420/src/services/brainClient.ts:299:10)
    at http://localhost:1420/src/lib/home/home-panel-run.ts:12:12
    at new Promise (<anonymous>)
    at runPanelAction (http://localhost:1420/src/lib/home/home-panel-run.ts:6:18)
    at refreshCoding (http://localhost:1420/src/views/HomeBench.vue?t=1788073214229:30:28)
    at http://localhost:1420/src/views/HomeBench.vue?t=1788073214229:47:14
[  459346ms] TypeError: Cannot read properties of undefined (reading 'transformCallback')
    at transformCallback (http://localhost:1420/node_modules/.vite/deps/chunk-G7S6KQDI.js?v=318df923:22:37)
    at listen (http://localhost:1420/node_modules/.vite/deps/chunk-7FCLUC5I.js?v=318df923:39:14)
    at once (http://localhost:1420/node_modules/.vite/deps/chunk-7FCLUC5I.js?v=318df923:45:10)
    at http://localhost:1420/src/services/brainClient.ts:20:10
    at new Promise (<anonymous>)
    at onceWithTimeout (http://localhost:1420/src/services/brainClient.ts:19:16)
    at getWidgetsOnce (http://localhost:1420/src/services/brainClient.ts:198:10)
    at refresh (http://localhost:1420/src/views/HomeFloatNotes.vue:51:30)
    at http://localhost:1420/src/views/HomeFloatNotes.vue:59:14
[  459346ms] TypeError: Cannot read properties of undefined (reading 'transformCallback')
    at transformCallback (http://localhost:1420/node_modules/.vite/deps/chunk-G7S6KQDI.js?v=318df923:22:37)
    at listen (http://localhost:1420/node_modules/.vite/deps/chunk-7FCLUC5I.js?v=318df923:39:14)
    at onBrainEvent (http://localhost:1420/src/services/brainClient.ts:299:10)
    at http://localhost:1420/src/lib/home/home-panel-run.ts:12:12
    at new Promise (<anonymous>)
    at runPanelAction (http://localhost:1420/src/lib/home/home-panel-run.ts:6:18)
    at refreshCoding (http://localhost:1420/src/views/HomeBench.vue?t=1788073214229:30:28)
    at http://localhost:1420/src/views/HomeBench.vue?t=1788073214229:47:14
[  471344ms] TypeError: Cannot read properties of undefined (reading 'transformCallback')
    at transformCallback (http://localhost:1420/node_modules/.vite/deps/chunk-G7S6KQDI.js?v=318df923:22:37)
    at listen (http://localhost:1420/node_modules/.vite/deps/chunk-7FCLUC5I.js?v=318df923:39:14)
    at once (http://localhost:1420/node_modules/.vite/deps/chunk-7FCLUC5I.js?v=318df923:45:10)
    at http://localhost:1420/src/services/brainClient.ts:20:10
    at new Promise (<anonymous>)
    at onceWithTimeout (http://localhost:1420/src/services/brainClient.ts:19:16)
    at getWidgetsOnce (http://localhost:1420/src/services/brainClient.ts:198:10)
    at refresh (http://localhost:1420/src/views/HomeFloatNotes.vue:51:30)
    at http://localhost:1420/src/views/HomeFloatNotes.vue:59:14
[  471346ms] TypeError: Cannot read properties of undefined (reading 'transformCallback')
    at transformCallback (http://localhost:1420/node_modules/.vite/deps/chunk-G7S6KQDI.js?v=318df923:22:37)
    at listen (http://localhost:1420/node_modules/.vite/deps/chunk-7FCLUC5I.js?v=318df923:39:14)
    at onBrainEvent (http://localhost:1420/src/services/brainClient.ts:299:10)
    at http://localhost:1420/src/lib/home/home-panel-run.ts:12:12
    at new Promise (<anonymous>)
    at runPanelAction (http://localhost:1420/src/lib/home/home-panel-run.ts:6:18)
    at refreshCoding (http://localhost:1420/src/views/HomeBench.vue?t=1788073214229:30:28)
    at http://localhost:1420/src/views/HomeBench.vue?t=1788073214229:47:14
[  483347ms] TypeError: Cannot read properties of undefined (reading 'transformCallback')
    at transformCallback (http://localhost:1420/node_modules/.vite/deps/chunk-G7S6KQDI.js?v=318df923:22:37)
    at listen (http://localhost:1420/node_modules/.vite/deps/chunk-7FCLUC5I.js?v=318df923:39:14)
    at once (http://localhost:1420/node_modules/.vite/deps/chunk-7FCLUC5I.js?v=318df923:45:10)
    at http://localhost:1420/src/services/brainClient.ts:20:10
    at new Promise (<anonymous>)
    at onceWithTimeout (http://localhost:1420/src/services/brainClient.ts:19:16)
    at getWidgetsOnce (http://localhost:1420/src/services/brainClient.ts:198:10)
    at refresh (http://localhost:1420/src/views/HomeFloatNotes.vue:51:30)
    at http://localhost:1420/src/views/HomeFloatNotes.vue:59:14
[  483347ms] TypeError: Cannot read properties of undefined (reading 'transformCallback')
    at transformCallback (http://localhost:1420/node_modules/.vite/deps/chunk-G7S6KQDI.js?v=318df923:22:37)
    at listen (http://localhost:1420/node_modules/.vite/deps/chunk-7FCLUC5I.js?v=318df923:39:14)
    at onBrainEvent (http://localhost:1420/src/services/brainClient.ts:299:10)
    at http://localhost:1420/src/lib/home/home-panel-run.ts:12:12
    at new Promise (<anonymous>)
    at runPanelAction (http://localhost:1420/src/lib/home/home-panel-run.ts:6:18)
    at refreshCoding (http://localhost:1420/src/views/HomeBench.vue?t=1788073214229:30:28)
    at http://localhost:1420/src/views/HomeBench.vue?t=1788073214229:47:14
[  495346ms] TypeError: Cannot read properties of undefined (reading 'transformCallback')
    at transformCallback (http://localhost:1420/node_modules/.vite/deps/chunk-G7S6KQDI.js?v=318df923:22:37)
    at listen (http://localhost:1420/node_modules/.vite/deps/chunk-7FCLUC5I.js?v=318df923:39:14)
    at once (http://localhost:1420/node_modules/.vite/deps/chunk-7FCLUC5I.js?v=318df923:45:10)
    at http://localhost:1420/src/services/brainClient.ts:20:10
    at new Promise (<anonymous>)
    at onceWithTimeout (http://localhost:1420/src/services/brainClient.ts:19:16)
    at getWidgetsOnce (http://localhost:1420/src/services/brainClient.ts:198:10)
    at refresh (http://localhost:1420/src/views/HomeFloatNotes.vue:51:30)
    at http://localhost:1420/src/views/HomeFloatNotes.vue:59:14
[  495347ms] TypeError: Cannot read properties of undefined (reading 'transformCallback')
    at transformCallback (http://localhost:1420/node_modules/.vite/deps/chunk-G7S6KQDI.js?v=318df923:22:37)
    at listen (http://localhost:1420/node_modules/.vite/deps/chunk-7FCLUC5I.js?v=318df923:39:14)
    at onBrainEvent (http://localhost:1420/src/services/brainClient.ts:299:10)
    at http://localhost:1420/src/lib/home/home-panel-run.ts:12:12
    at new Promise (<anonymous>)
    at runPanelAction (http://localhost:1420/src/lib/home/home-panel-run.ts:6:18)
    at refreshCoding (http://localhost:1420/src/views/HomeBench.vue?t=1788073214229:30:28)
    at http://localhost:1420/src/views/HomeBench.vue?t=1788073214229:47:14
[  507346ms] TypeError: Cannot read properties of undefined (reading 'transformCallback')
    at transformCallback (http://localhost:1420/node_modules/.vite/deps/chunk-G7S6KQDI.js?v=318df923:22:37)
    at listen (http://localhost:1420/node_modules/.vite/deps/chunk-7FCLUC5I.js?v=318df923:39:14)
    at once (http://localhost:1420/node_modules/.vite/deps/chunk-7FCLUC5I.js?v=318df923:45:10)
    at http://localhost:1420/src/services/brainClient.ts:20:10
    at new Promise (<anonymous>)
    at onceWithTimeout (http://localhost:1420/src/services/brainClient.ts:19:16)
    at getWidgetsOnce (http://localhost:1420/src/services/brainClient.ts:198:10)
    at refresh (http://localhost:1420/src/views/HomeFloatNotes.vue:51:30)
    at http://localhost:1420/src/views/HomeFloatNotes.vue:59:14
[  507347ms] TypeError: Cannot read properties of undefined (reading 'transformCallback')
    at transformCallback (http://localhost:1420/node_modules/.vite/deps/chunk-G7S6KQDI.js?v=318df923:22:37)
    at listen (http://localhost:1420/node_modules/.vite/deps/chunk-7FCLUC5I.js?v=318df923:39:14)
    at onBrainEvent (http://localhost:1420/src/services/brainClient.ts:299:10)
    at http://localhost:1420/src/lib/home/home-panel-run.ts:12:12
    at new Promise (<anonymous>)
    at runPanelAction (http://localhost:1420/src/lib/home/home-panel-run.ts:6:18)
    at refreshCoding (http://localhost:1420/src/views/HomeBench.vue?t=1788073214229:30:28)
    at http://localhost:1420/src/views/HomeBench.vue?t=1788073214229:47:14
[  519347ms] TypeError: Cannot read properties of undefined (reading 'transformCallback')
    at transformCallback (http://localhost:1420/node_modules/.vite/deps/chunk-G7S6KQDI.js?v=318df923:22:37)
    at listen (http://localhost:1420/node_modules/.vite/deps/chunk-7FCLUC5I.js?v=318df923:39:14)
    at once (http://localhost:1420/node_modules/.vite/deps/chunk-7FCLUC5I.js?v=318df923:45:10)
    at http://localhost:1420/src/services/brainClient.ts:20:10
    at new Promise (<anonymous>)
    at onceWithTimeout (http://localhost:1420/src/services/brainClient.ts:19:16)
    at getWidgetsOnce (http://localhost:1420/src/services/brainClient.ts:198:10)
    at refresh (http://localhost:1420/src/views/HomeFloatNotes.vue:51:30)
    at http://localhost:1420/src/views/HomeFloatNotes.vue:59:14
[  519347ms] TypeError: Cannot read properties of undefined (reading 'transformCallback')
    at transformCallback (http://localhost:1420/node_modules/.vite/deps/chunk-G7S6KQDI.js?v=318df923:22:37)
    at listen (http://localhost:1420/node_modules/.vite/deps/chunk-7FCLUC5I.js?v=318df923:39:14)
    at onBrainEvent (http://localhost:1420/src/services/brainClient.ts:299:10)
    at http://localhost:1420/src/lib/home/home-panel-run.ts:12:12
    at new Promise (<anonymous>)
    at runPanelAction (http://localhost:1420/src/lib/home/home-panel-run.ts:6:18)
    at refreshCoding (http://localhost:1420/src/views/HomeBench.vue?t=1788073214229:30:28)
    at http://localhost:1420/src/views/HomeBench.vue?t=1788073214229:47:14
[  531347ms] TypeError: Cannot read properties of undefined (reading 'transformCallback')
    at transformCallback (http://localhost:1420/node_modules/.vite/deps/chunk-G7S6KQDI.js?v=318df923:22:37)
    at listen (http://localhost:1420/node_modules/.vite/deps/chunk-7FCLUC5I.js?v=318df923:39:14)
    at once (http://localhost:1420/node_modules/.vite/deps/chunk-7FCLUC5I.js?v=318df923:45:10)
    at http://localhost:1420/src/services/brainClient.ts:20:10
    at new Promise (<anonymous>)
    at onceWithTimeout (http://localhost:1420/src/services/brainClient.ts:19:16)
    at getWidgetsOnce (http://localhost:1420/src/services/brainClient.ts:198:10)
    at refresh (http://localhost:1420/src/views/HomeFloatNotes.vue:51:30)
    at http://localhost:1420/src/views/HomeFloatNotes.vue:59:14
[  531347ms] TypeError: Cannot read properties of undefined (reading 'transformCallback')
    at transformCallback (http://localhost:1420/node_modules/.vite/deps/chunk-G7S6KQDI.js?v=318df923:22:37)
    at listen (http://localhost:1420/node_modules/.vite/deps/chunk-7FCLUC5I.js?v=318df923:39:14)
    at onBrainEvent (http://localhost:1420/src/services/brainClient.ts:299:10)
    at http://localhost:1420/src/lib/home/home-panel-run.ts:12:12
    at new Promise (<anonymous>)
    at runPanelAction (http://localhost:1420/src/lib/home/home-panel-run.ts:6:18)
    at refreshCoding (http://localhost:1420/src/views/HomeBench.vue?t=1788073214229:30:28)
    at http://localhost:1420/src/views/HomeBench.vue?t=1788073214229:47:14
[  543347ms] TypeError: Cannot read properties of undefined (reading 'transformCallback')
    at transformCallback (http://localhost:1420/node_modules/.vite/deps/chunk-G7S6KQDI.js?v=318df923:22:37)
    at listen (http://localhost:1420/node_modules/.vite/deps/chunk-7FCLUC5I.js?v=318df923:39:14)
    at once (http://localhost:1420/node_modules/.vite/deps/chunk-7FCLUC5I.js?v=318df923:45:10)
    at http://localhost:1420/src/services/brainClient.ts:20:10
    at new Promise (<anonymous>)
    at onceWithTimeout (http://localhost:1420/src/services/brainClient.ts:19:16)
    at getWidgetsOnce (http://localhost:1420/src/services/brainClient.ts:198:10)
    at refresh (http://localhost:1420/src/views/HomeFloatNotes.vue:51:30)
    at http://localhost:1420/src/views/HomeFloatNotes.vue:59:14
[  543347ms] TypeError: Cannot read properties of undefined (reading 'transformCallback')
    at transformCallback (http://localhost:1420/node_modules/.vite/deps/chunk-G7S6KQDI.js?v=318df923:22:37)
    at listen (http://localhost:1420/node_modules/.vite/deps/chunk-7FCLUC5I.js?v=318df923:39:14)
    at onBrainEvent (http://localhost:1420/src/services/brainClient.ts:299:10)
    at http://localhost:1420/src/lib/home/home-panel-run.ts:12:12
    at new Promise (<anonymous>)
    at runPanelAction (http://localhost:1420/src/lib/home/home-panel-run.ts:6:18)
    at refreshCoding (http://localhost:1420/src/views/HomeBench.vue?t=1788073214229:30:28)
    at http://localhost:1420/src/views/HomeBench.vue?t=1788073214229:47:14
[  555347ms] TypeError: Cannot read properties of undefined (reading 'transformCallback')
    at transformCallback (http://localhost:1420/node_modules/.vite/deps/chunk-G7S6KQDI.js?v=318df923:22:37)
    at listen (http://localhost:1420/node_modules/.vite/deps/chunk-7FCLUC5I.js?v=318df923:39:14)
    at once (http://localhost:1420/node_modules/.vite/deps/chunk-7FCLUC5I.js?v=318df923:45:10)
    at http://localhost:1420/src/services/brainClient.ts:20:10
    at new Promise (<anonymous>)
    at onceWithTimeout (http://localhost:1420/src/services/brainClient.ts:19:16)
    at getWidgetsOnce (http://localhost:1420/src/services/brainClient.ts:198:10)
    at refresh (http://localhost:1420/src/views/HomeFloatNotes.vue:51:30)
    at http://localhost:1420/src/views/HomeFloatNotes.vue:59:14
[  555347ms] TypeError: Cannot read properties of undefined (reading 'transformCallback')
    at transformCallback (http://localhost:1420/node_modules/.vite/deps/chunk-G7S6KQDI.js?v=318df923:22:37)
    at listen (http://localhost:1420/node_modules/.vite/deps/chunk-7FCLUC5I.js?v=318df923:39:14)
    at onBrainEvent (http://localhost:1420/src/services/brainClient.ts:299:10)
    at http://localhost:1420/src/lib/home/home-panel-run.ts:12:12
    at new Promise (<anonymous>)
    at runPanelAction (http://localhost:1420/src/lib/home/home-panel-run.ts:6:18)
    at refreshCoding (http://localhost:1420/src/views/HomeBench.vue?t=1788073214229:30:28)
    at http://localhost:1420/src/views/HomeBench.vue?t=1788073214229:47:14
[  567347ms] TypeError: Cannot read properties of undefined (reading 'transformCallback')
    at transformCallback (http://localhost:1420/node_modules/.vite/deps/chunk-G7S6KQDI.js?v=318df923:22:37)
    at listen (http://localhost:1420/node_modules/.vite/deps/chunk-7FCLUC5I.js?v=318df923:39:14)
    at once (http://localhost:1420/node_modules/.vite/deps/chunk-7FCLUC5I.js?v=318df923:45:10)
    at http://localhost:1420/src/services/brainClient.ts:20:10
    at new Promise (<anonymous>)
    at onceWithTimeout (http://localhost:1420/src/services/brainClient.ts:19:16)
    at getWidgetsOnce (http://localhost:1420/src/services/brainClient.ts:198:10)
    at refresh (http://localhost:1420/src/views/HomeFloatNotes.vue:51:30)
    at http://localhost:1420/src/views/HomeFloatNotes.vue:59:14
[  567347ms] TypeError: Cannot read properties of undefined (reading 'transformCallback')
    at transformCallback (http://localhost:1420/node_modules/.vite/deps/chunk-G7S6KQDI.js?v=318df923:22:37)
    at listen (http://localhost:1420/node_modules/.vite/deps/chunk-7FCLUC5I.js?v=318df923:39:14)
    at onBrainEvent (http://localhost:1420/src/services/brainClient.ts:299:10)
    at http://localhost:1420/src/lib/home/home-panel-run.ts:12:12
    at new Promise (<anonymous>)
    at runPanelAction (http://localhost:1420/src/lib/home/home-panel-run.ts:6:18)
    at refreshCoding (http://localhost:1420/src/views/HomeBench.vue?t=1788073214229:30:28)
    at http://localhost:1420/src/views/HomeBench.vue?t=1788073214229:47:14
[  579348ms] TypeError: Cannot read properties of undefined (reading 'transformCallback')
    at transformCallback (http://localhost:1420/node_modules/.vite/deps/chunk-G7S6KQDI.js?v=318df923:22:37)
    at listen (http://localhost:1420/node_modules/.vite/deps/chunk-7FCLUC5I.js?v=318df923:39:14)
    at once (http://localhost:1420/node_modules/.vite/deps/chunk-7FCLUC5I.js?v=318df923:45:10)
    at http://localhost:1420/src/services/brainClient.ts:20:10
    at new Promise (<anonymous>)
    at onceWithTimeout (http://localhost:1420/src/services/brainClient.ts:19:16)
    at getWidgetsOnce (http://localhost:1420/src/services/brainClient.ts:198:10)
    at refresh (http://localhost:1420/src/views/HomeFloatNotes.vue:51:30)
    at http://localhost:1420/src/views/HomeFloatNotes.vue:59:14
[  579349ms] TypeError: Cannot read properties of undefined (reading 'transformCallback')
    at transformCallback (http://localhost:1420/node_modules/.vite/deps/chunk-G7S6KQDI.js?v=318df923:22:37)
    at listen (http://localhost:1420/node_modules/.vite/deps/chunk-7FCLUC5I.js?v=318df923:39:14)
    at onBrainEvent (http://localhost:1420/src/services/brainClient.ts:299:10)
    at http://localhost:1420/src/lib/home/home-panel-run.ts:12:12
    at new Promise (<anonymous>)
    at runPanelAction (http://localhost:1420/src/lib/home/home-panel-run.ts:6:18)
    at refreshCoding (http://localhost:1420/src/views/HomeBench.vue?t=1788073214229:30:28)
    at http://localhost:1420/src/views/HomeBench.vue?t=1788073214229:47:14
[  591348ms] TypeError: Cannot read properties of undefined (reading 'transformCallback')
    at transformCallback (http://localhost:1420/node_modules/.vite/deps/chunk-G7S6KQDI.js?v=318df923:22:37)
    at listen (http://localhost:1420/node_modules/.vite/deps/chunk-7FCLUC5I.js?v=318df923:39:14)
    at once (http://localhost:1420/node_modules/.vite/deps/chunk-7FCLUC5I.js?v=318df923:45:10)
    at http://localhost:1420/src/services/brainClient.ts:20:10
    at new Promise (<anonymous>)
    at onceWithTimeout (http://localhost:1420/src/services/brainClient.ts:19:16)
    at getWidgetsOnce (http://localhost:1420/src/services/brainClient.ts:198:10)
    at refresh (http://localhost:1420/src/views/HomeFloatNotes.vue:51:30)
    at http://localhost:1420/src/views/HomeFloatNotes.vue:59:14
[  591348ms] TypeError: Cannot read properties of undefined (reading 'transformCallback')
    at transformCallback (http://localhost:1420/node_modules/.vite/deps/chunk-G7S6KQDI.js?v=318df923:22:37)
    at listen (http://localhost:1420/node_modules/.vite/deps/chunk-7FCLUC5I.js?v=318df923:39:14)
    at onBrainEvent (http://localhost:1420/src/services/brainClient.ts:299:10)
    at http://localhost:1420/src/lib/home/home-panel-run.ts:12:12
    at new Promise (<anonymous>)
    at runPanelAction (http://localhost:1420/src/lib/home/home-panel-run.ts:6:18)
    at refreshCoding (http://localhost:1420/src/views/HomeBench.vue?t=1788073214229:30:28)
    at http://localhost:1420/src/views/HomeBench.vue?t=1788073214229:47:14
[  603348ms] TypeError: Cannot read properties of undefined (reading 'transformCallback')
    at transformCallback (http://localhost:1420/node_modules/.vite/deps/chunk-G7S6KQDI.js?v=318df923:22:37)
    at listen (http://localhost:1420/node_modules/.vite/deps/chunk-7FCLUC5I.js?v=318df923:39:14)
    at once (http://localhost:1420/node_modules/.vite/deps/chunk-7FCLUC5I.js?v=318df923:45:10)
    at http://localhost:1420/src/services/brainClient.ts:20:10
    at new Promise (<anonymous>)
    at onceWithTimeout (http://localhost:1420/src/services/brainClient.ts:19:16)
    at getWidgetsOnce (http://localhost:1420/src/services/brainClient.ts:198:10)
    at refresh (http://localhost:1420/src/views/HomeFloatNotes.vue:51:30)
    at http://localhost:1420/src/views/HomeFloatNotes.vue:59:14
[  603348ms] TypeError: Cannot read properties of undefined (reading 'transformCallback')
    at transformCallback (http://localhost:1420/node_modules/.vite/deps/chunk-G7S6KQDI.js?v=318df923:22:37)
    at listen (http://localhost:1420/node_modules/.vite/deps/chunk-7FCLUC5I.js?v=318df923:39:14)
    at onBrainEvent (http://localhost:1420/src/services/brainClient.ts:299:10)
    at http://localhost:1420/src/lib/home/home-panel-run.ts:12:12
    at new Promise (<anonymous>)
    at runPanelAction (http://localhost:1420/src/lib/home/home-panel-run.ts:6:18)
    at refreshCoding (http://localhost:1420/src/views/HomeBench.vue?t=1788073214229:30:28)
    at http://localhost:1420/src/views/HomeBench.vue?t=1788073214229:47:14
[  615349ms] TypeError: Cannot read properties of undefined (reading 'transformCallback')
    at transformCallback (http://localhost:1420/node_modules/.vite/deps/chunk-G7S6KQDI.js?v=318df923:22:37)
    at listen (http://localhost:1420/node_modules/.vite/deps/chunk-7FCLUC5I.js?v=318df923:39:14)
    at once (http://localhost:1420/node_modules/.vite/deps/chunk-7FCLUC5I.js?v=318df923:45:10)
    at http://localhost:1420/src/services/brainClient.ts:20:10
    at new Promise (<anonymous>)
    at onceWithTimeout (http://localhost:1420/src/services/brainClient.ts:19:16)
    at getWidgetsOnce (http://localhost:1420/src/services/brainClient.ts:198:10)
    at refresh (http://localhost:1420/src/views/HomeFloatNotes.vue:51:30)
    at http://localhost:1420/src/views/HomeFloatNotes.vue:59:14
[  615349ms] TypeError: Cannot read properties of undefined (reading 'transformCallback')
    at transformCallback (http://localhost:1420/node_modules/.vite/deps/chunk-G7S6KQDI.js?v=318df923:22:37)
    at listen (http://localhost:1420/node_modules/.vite/deps/chunk-7FCLUC5I.js?v=318df923:39:14)
    at onBrainEvent (http://localhost:1420/src/services/brainClient.ts:299:10)
    at http://localhost:1420/src/lib/home/home-panel-run.ts:12:12
    at new Promise (<anonymous>)
    at runPanelAction (http://localhost:1420/src/lib/home/home-panel-run.ts:6:18)
    at refreshCoding (http://localhost:1420/src/views/HomeBench.vue?t=1788073214229:30:28)
    at http://localhost:1420/src/views/HomeBench.vue?t=1788073214229:47:14
[  627348ms] TypeError: Cannot read properties of undefined (reading 'transformCallback')
    at transformCallback (http://localhost:1420/node_modules/.vite/deps/chunk-G7S6KQDI.js?v=318df923:22:37)
    at listen (http://localhost:1420/node_modules/.vite/deps/chunk-7FCLUC5I.js?v=318df923:39:14)
    at once (http://localhost:1420/node_modules/.vite/deps/chunk-7FCLUC5I.js?v=318df923:45:10)
    at http://localhost:1420/src/services/brainClient.ts:20:10
    at new Promise (<anonymous>)
    at onceWithTimeout (http://localhost:1420/src/services/brainClient.ts:19:16)
    at getWidgetsOnce (http://localhost:1420/src/services/brainClient.ts:198:10)
    at refresh (http://localhost:1420/src/views/HomeFloatNotes.vue:51:30)
    at http://localhost:1420/src/views/HomeFloatNotes.vue:59:14
[  627348ms] TypeError: Cannot read properties of undefined (reading 'transformCallback')
    at transformCallback (http://localhost:1420/node_modules/.vite/deps/chunk-G7S6KQDI.js?v=318df923:22:37)
    at listen (http://localhost:1420/node_modules/.vite/deps/chunk-7FCLUC5I.js?v=318df923:39:14)
    at onBrainEvent (http://localhost:1420/src/services/brainClient.ts:299:10)
    at http://localhost:1420/src/lib/home/home-panel-run.ts:12:12
    at new Promise (<anonymous>)
    at runPanelAction (http://localhost:1420/src/lib/home/home-panel-run.ts:6:18)
    at refreshCoding (http://localhost:1420/src/views/HomeBench.vue?t=1788073214229:30:28)
    at http://localhost:1420/src/views/HomeBench.vue?t=1788073214229:47:14
[  639348ms] TypeError: Cannot read properties of undefined (reading 'transformCallback')
    at transformCallback (http://localhost:1420/node_modules/.vite/deps/chunk-G7S6KQDI.js?v=318df923:22:37)
    at listen (http://localhost:1420/node_modules/.vite/deps/chunk-7FCLUC5I.js?v=318df923:39:14)
    at once (http://localhost:1420/node_modules/.vite/deps/chunk-7FCLUC5I.js?v=318df923:45:10)
    at http://localhost:1420/src/services/brainClient.ts:20:10
    at new Promise (<anonymous>)
    at onceWithTimeout (http://localhost:1420/src/services/brainClient.ts:19:16)
    at getWidgetsOnce (http://localhost:1420/src/services/brainClient.ts:198:10)
    at refresh (http://localhost:1420/src/views/HomeFloatNotes.vue:51:30)
    at http://localhost:1420/src/views/HomeFloatNotes.vue:59:14
[  639348ms] TypeError: Cannot read properties of undefined (reading 'transformCallback')
    at transformCallback (http://localhost:1420/node_modules/.vite/deps/chunk-G7S6KQDI.js?v=318df923:22:37)
    at listen (http://localhost:1420/node_modules/.vite/deps/chunk-7FCLUC5I.js?v=318df923:39:14)
    at onBrainEvent (http://localhost:1420/src/services/brainClient.ts:299:10)
    at http://localhost:1420/src/lib/home/home-panel-run.ts:12:12
    at new Promise (<anonymous>)
    at runPanelAction (http://localhost:1420/src/lib/home/home-panel-run.ts:6:18)
    at refreshCoding (http://localhost:1420/src/views/HomeBench.vue?t=1788073214229:30:28)
    at http://localhost:1420/src/views/HomeBench.vue?t=1788073214229:47:14
[  651348ms] TypeError: Cannot read properties of undefined (reading 'transformCallback')
    at transformCallback (http://localhost:1420/node_modules/.vite/deps/chunk-G7S6KQDI.js?v=318df923:22:37)
    at listen (http://localhost:1420/node_modules/.vite/deps/chunk-7FCLUC5I.js?v=318df923:39:14)
    at once (http://localhost:1420/node_modules/.vite/deps/chunk-7FCLUC5I.js?v=318df923:45:10)
    at http://localhost:1420/src/services/brainClient.ts:20:10
    at new Promise (<anonymous>)
    at onceWithTimeout (http://localhost:1420/src/services/brainClient.ts:19:16)
    at getWidgetsOnce (http://localhost:1420/src/services/brainClient.ts:198:10)
    at refresh (http://localhost:1420/src/views/HomeFloatNotes.vue:51:30)
    at http://localhost:1420/src/views/HomeFloatNotes.vue:59:14
[  651348ms] TypeError: Cannot read properties of undefined (reading 'transformCallback')
    at transformCallback (http://localhost:1420/node_modules/.vite/deps/chunk-G7S6KQDI.js?v=318df923:22:37)
    at listen (http://localhost:1420/node_modules/.vite/deps/chunk-7FCLUC5I.js?v=318df923:39:14)
    at onBrainEvent (http://localhost:1420/src/services/brainClient.ts:299:10)
    at http://localhost:1420/src/lib/home/home-panel-run.ts:12:12
    at new Promise (<anonymous>)
    at runPanelAction (http://localhost:1420/src/lib/home/home-panel-run.ts:6:18)
    at refreshCoding (http://localhost:1420/src/views/HomeBench.vue?t=1788073214229:30:28)
    at http://localhost:1420/src/views/HomeBench.vue?t=1788073214229:47:14
[  663349ms] TypeError: Cannot read properties of undefined (reading 'transformCallback')
    at transformCallback (http://localhost:1420/node_modules/.vite/deps/chunk-G7S6KQDI.js?v=318df923:22:37)
    at listen (http://localhost:1420/node_modules/.vite/deps/chunk-7FCLUC5I.js?v=318df923:39:14)
    at once (http://localhost:1420/node_modules/.vite/deps/chunk-7FCLUC5I.js?v=318df923:45:10)
    at http://localhost:1420/src/services/brainClient.ts:20:10
    at new Promise (<anonymous>)
    at onceWithTimeout (http://localhost:1420/src/services/brainClient.ts:19:16)
    at getWidgetsOnce (http://localhost:1420/src/services/brainClient.ts:198:10)
    at refresh (http://localhost:1420/src/views/HomeFloatNotes.vue:51:30)
    at http://localhost:1420/src/views/HomeFloatNotes.vue:59:14
[  663349ms] TypeError: Cannot read properties of undefined (reading 'transformCallback')
    at transformCallback (http://localhost:1420/node_modules/.vite/deps/chunk-G7S6KQDI.js?v=318df923:22:37)
    at listen (http://localhost:1420/node_modules/.vite/deps/chunk-7FCLUC5I.js?v=318df923:39:14)
    at onBrainEvent (http://localhost:1420/src/services/brainClient.ts:299:10)
    at http://localhost:1420/src/lib/home/home-panel-run.ts:12:12
    at new Promise (<anonymous>)
    at runPanelAction (http://localhost:1420/src/lib/home/home-panel-run.ts:6:18)
    at refreshCoding (http://localhost:1420/src/views/HomeBench.vue?t=1788073214229:30:28)
    at http://localhost:1420/src/views/HomeBench.vue?t=1788073214229:47:14
[  675349ms] TypeError: Cannot read properties of undefined (reading 'transformCallback')
    at transformCallback (http://localhost:1420/node_modules/.vite/deps/chunk-G7S6KQDI.js?v=318df923:22:37)
    at listen (http://localhost:1420/node_modules/.vite/deps/chunk-7FCLUC5I.js?v=318df923:39:14)
    at once (http://localhost:1420/node_modules/.vite/deps/chunk-7FCLUC5I.js?v=318df923:45:10)
    at http://localhost:1420/src/services/brainClient.ts:20:10
    at new Promise (<anonymous>)
    at onceWithTimeout (http://localhost:1420/src/services/brainClient.ts:19:16)
    at getWidgetsOnce (http://localhost:1420/src/services/brainClient.ts:198:10)
    at refresh (http://localhost:1420/src/views/HomeFloatNotes.vue:51:30)
    at http://localhost:1420/src/views/HomeFloatNotes.vue:59:14
[  675349ms] TypeError: Cannot read properties of undefined (reading 'transformCallback')
    at transformCallback (http://localhost:1420/node_modules/.vite/deps/chunk-G7S6KQDI.js?v=318df923:22:37)
    at listen (http://localhost:1420/node_modules/.vite/deps/chunk-7FCLUC5I.js?v=318df923:39:14)
    at onBrainEvent (http://localhost:1420/src/services/brainClient.ts:299:10)
    at http://localhost:1420/src/lib/home/home-panel-run.ts:12:12
    at new Promise (<anonymous>)
    at runPanelAction (http://localhost:1420/src/lib/home/home-panel-run.ts:6:18)
    at refreshCoding (http://localhost:1420/src/views/HomeBench.vue?t=1788073214229:30:28)
    at http://localhost:1420/src/views/HomeBench.vue?t=1788073214229:47:14
[  687348ms] TypeError: Cannot read properties of undefined (reading 'transformCallback')
    at transformCallback (http://localhost:1420/node_modules/.vite/deps/chunk-G7S6KQDI.js?v=318df923:22:37)
    at listen (http://localhost:1420/node_modules/.vite/deps/chunk-7FCLUC5I.js?v=318df923:39:14)
    at once (http://localhost:1420/node_modules/.vite/deps/chunk-7FCLUC5I.js?v=318df923:45:10)
    at http://localhost:1420/src/services/brainClient.ts:20:10
    at new Promise (<anonymous>)
    at onceWithTimeout (http://localhost:1420/src/services/brainClient.ts:19:16)
    at getWidgetsOnce (http://localhost:1420/src/services/brainClient.ts:198:10)
    at refresh (http://localhost:1420/src/views/HomeFloatNotes.vue:51:30)
    at http://localhost:1420/src/views/HomeFloatNotes.vue:59:14
[  687348ms] TypeError: Cannot read properties of undefined (reading 'transformCallback')
    at transformCallback (http://localhost:1420/node_modules/.vite/deps/chunk-G7S6KQDI.js?v=318df923:22:37)
    at listen (http://localhost:1420/node_modules/.vite/deps/chunk-7FCLUC5I.js?v=318df923:39:14)
    at onBrainEvent (http://localhost:1420/src/services/brainClient.ts:299:10)
    at http://localhost:1420/src/lib/home/home-panel-run.ts:12:12
    at new Promise (<anonymous>)
    at runPanelAction (http://localhost:1420/src/lib/home/home-panel-run.ts:6:18)
    at refreshCoding (http://localhost:1420/src/views/HomeBench.vue?t=1788073214229:30:28)
    at http://localhost:1420/src/views/HomeBench.vue?t=1788073214229:47:14
[  699350ms] TypeError: Cannot read properties of undefined (reading 'transformCallback')
    at transformCallback (http://localhost:1420/node_modules/.vite/deps/chunk-G7S6KQDI.js?v=318df923:22:37)
    at listen (http://localhost:1420/node_modules/.vite/deps/chunk-7FCLUC5I.js?v=318df923:39:14)
    at once (http://localhost:1420/node_modules/.vite/deps/chunk-7FCLUC5I.js?v=318df923:45:10)
    at http://localhost:1420/src/services/brainClient.ts:20:10
    at new Promise (<anonymous>)
    at onceWithTimeout (http://localhost:1420/src/services/brainClient.ts:19:16)
    at getWidgetsOnce (http://localhost:1420/src/services/brainClient.ts:198:10)
    at refresh (http://localhost:1420/src/views/HomeFloatNotes.vue:51:30)
    at http://localhost:1420/src/views/HomeFloatNotes.vue:59:14
[  699350ms] TypeError: Cannot read properties of undefined (reading 'transformCallback')
    at transformCallback (http://localhost:1420/node_modules/.vite/deps/chunk-G7S6KQDI.js?v=318df923:22:37)
    at listen (http://localhost:1420/node_modules/.vite/deps/chunk-7FCLUC5I.js?v=318df923:39:14)
    at onBrainEvent (http://localhost:1420/src/services/brainClient.ts:299:10)
    at http://localhost:1420/src/lib/home/home-panel-run.ts:12:12
    at new Promise (<anonymous>)
    at runPanelAction (http://localhost:1420/src/lib/home/home-panel-run.ts:6:18)
    at refreshCoding (http://localhost:1420/src/views/HomeBench.vue?t=1788073214229:30:28)
    at http://localhost:1420/src/views/HomeBench.vue?t=1788073214229:47:14
[  711349ms] TypeError: Cannot read properties of undefined (reading 'transformCallback')
    at transformCallback (http://localhost:1420/node_modules/.vite/deps/chunk-G7S6KQDI.js?v=318df923:22:37)
    at listen (http://localhost:1420/node_modules/.vite/deps/chunk-7FCLUC5I.js?v=318df923:39:14)
    at once (http://localhost:1420/node_modules/.vite/deps/chunk-7FCLUC5I.js?v=318df923:45:10)
    at http://localhost:1420/src/services/brainClient.ts:20:10
    at new Promise (<anonymous>)
    at onceWithTimeout (http://localhost:1420/src/services/brainClient.ts:19:16)
    at getWidgetsOnce (http://localhost:1420/src/services/brainClient.ts:198:10)
    at refresh (http://localhost:1420/src/views/HomeFloatNotes.vue:51:30)
    at http://localhost:1420/src/views/HomeFloatNotes.vue:59:14
[  711350ms] TypeError: Cannot read properties of undefined (reading 'transformCallback')
    at transformCallback (http://localhost:1420/node_modules/.vite/deps/chunk-G7S6KQDI.js?v=318df923:22:37)
    at listen (http://localhost:1420/node_modules/.vite/deps/chunk-7FCLUC5I.js?v=318df923:39:14)
    at onBrainEvent (http://localhost:1420/src/services/brainClient.ts:299:10)
    at http://localhost:1420/src/lib/home/home-panel-run.ts:12:12
    at new Promise (<anonymous>)
    at runPanelAction (http://localhost:1420/src/lib/home/home-panel-run.ts:6:18)
    at refreshCoding (http://localhost:1420/src/views/HomeBench.vue?t=1788073214229:30:28)
    at http://localhost:1420/src/views/HomeBench.vue?t=1788073214229:47:14
[  723348ms] TypeError: Cannot read properties of undefined (reading 'transformCallback')
    at transformCallback (http://localhost:1420/node_modules/.vite/deps/chunk-G7S6KQDI.js?v=318df923:22:37)
    at listen (http://localhost:1420/node_modules/.vite/deps/chunk-7FCLUC5I.js?v=318df923:39:14)
    at once (http://localhost:1420/node_modules/.vite/deps/chunk-7FCLUC5I.js?v=318df923:45:10)
    at http://localhost:1420/src/services/brainClient.ts:20:10
    at new Promise (<anonymous>)
    at onceWithTimeout (http://localhost:1420/src/services/brainClient.ts:19:16)
    at getWidgetsOnce (http://localhost:1420/src/services/brainClient.ts:198:10)
    at refresh (http://localhost:1420/src/views/HomeFloatNotes.vue:51:30)
    at http://localhost:1420/src/views/HomeFloatNotes.vue:59:14
[  723348ms] TypeError: Cannot read properties of undefined (reading 'transformCallback')
    at transformCallback (http://localhost:1420/node_modules/.vite/deps/chunk-G7S6KQDI.js?v=318df923:22:37)
    at listen (http://localhost:1420/node_modules/.vite/deps/chunk-7FCLUC5I.js?v=318df923:39:14)
    at onBrainEvent (http://localhost:1420/src/services/brainClient.ts:299:10)
    at http://localhost:1420/src/lib/home/home-panel-run.ts:12:12
    at new Promise (<anonymous>)
    at runPanelAction (http://localhost:1420/src/lib/home/home-panel-run.ts:6:18)
    at refreshCoding (http://localhost:1420/src/views/HomeBench.vue?t=1788073214229:30:28)
    at http://localhost:1420/src/views/HomeBench.vue?t=1788073214229:47:14
[  735349ms] TypeError: Cannot read properties of undefined (reading 'transformCallback')
    at transformCallback (http://localhost:1420/node_modules/.vite/deps/chunk-G7S6KQDI.js?v=318df923:22:37)
    at listen (http://localhost:1420/node_modules/.vite/deps/chunk-7FCLUC5I.js?v=318df923:39:14)
    at once (http://localhost:1420/node_modules/.vite/deps/chunk-7FCLUC5I.js?v=318df923:45:10)
    at http://localhost:1420/src/services/brainClient.ts:20:10
    at new Promise (<anonymous>)
    at onceWithTimeout (http://localhost:1420/src/services/brainClient.ts:19:16)
    at getWidgetsOnce (http://localhost:1420/src/services/brainClient.ts:198:10)
    at refresh (http://localhost:1420/src/views/HomeFloatNotes.vue:51:30)
    at http://localhost:1420/src/views/HomeFloatNotes.vue:59:14
[  735349ms] TypeError: Cannot read properties of undefined (reading 'transformCallback')
    at transformCallback (http://localhost:1420/node_modules/.vite/deps/chunk-G7S6KQDI.js?v=318df923:22:37)
    at listen (http://localhost:1420/node_modules/.vite/deps/chunk-7FCLUC5I.js?v=318df923:39:14)
    at onBrainEvent (http://localhost:1420/src/services/brainClient.ts:299:10)
    at http://localhost:1420/src/lib/home/home-panel-run.ts:12:12
    at new Promise (<anonymous>)
    at runPanelAction (http://localhost:1420/src/lib/home/home-panel-run.ts:6:18)
    at refreshCoding (http://localhost:1420/src/views/HomeBench.vue?t=1788073214229:30:28)
    at http://localhost:1420/src/views/HomeBench.vue?t=1788073214229:47:14
[  747349ms] TypeError: Cannot read properties of undefined (reading 'transformCallback')
    at transformCallback (http://localhost:1420/node_modules/.vite/deps/chunk-G7S6KQDI.js?v=318df923:22:37)
    at listen (http://localhost:1420/node_modules/.vite/deps/chunk-7FCLUC5I.js?v=318df923:39:14)
    at once (http://localhost:1420/node_modules/.vite/deps/chunk-7FCLUC5I.js?v=318df923:45:10)
    at http://localhost:1420/src/services/brainClient.ts:20:10
    at new Promise (<anonymous>)
    at onceWithTimeout (http://localhost:1420/src/services/brainClient.ts:19:16)
    at getWidgetsOnce (http://localhost:1420/src/services/brainClient.ts:198:10)
    at refresh (http://localhost:1420/src/views/HomeFloatNotes.vue:51:30)
    at http://localhost:1420/src/views/HomeFloatNotes.vue:59:14
[  747350ms] TypeError: Cannot read properties of undefined (reading 'transformCallback')
    at transformCallback (http://localhost:1420/node_modules/.vite/deps/chunk-G7S6KQDI.js?v=318df923:22:37)
    at listen (http://localhost:1420/node_modules/.vite/deps/chunk-7FCLUC5I.js?v=318df923:39:14)
    at onBrainEvent (http://localhost:1420/src/services/brainClient.ts:299:10)
    at http://localhost:1420/src/lib/home/home-panel-run.ts:12:12
    at new Promise (<anonymous>)
    at runPanelAction (http://localhost:1420/src/lib/home/home-panel-run.ts:6:18)
    at refreshCoding (http://localhost:1420/src/views/HomeBench.vue?t=1788073214229:30:28)
    at http://localhost:1420/src/views/HomeBench.vue?t=1788073214229:47:14
[  759349ms] TypeError: Cannot read properties of undefined (reading 'transformCallback')
    at transformCallback (http://localhost:1420/node_modules/.vite/deps/chunk-G7S6KQDI.js?v=318df923:22:37)
    at listen (http://localhost:1420/node_modules/.vite/deps/chunk-7FCLUC5I.js?v=318df923:39:14)
    at once (http://localhost:1420/node_modules/.vite/deps/chunk-7FCLUC5I.js?v=318df923:45:10)
    at http://localhost:1420/src/services/brainClient.ts:20:10
    at new Promise (<anonymous>)
    at onceWithTimeout (http://localhost:1420/src/services/brainClient.ts:19:16)
    at getWidgetsOnce (http://localhost:1420/src/services/brainClient.ts:198:10)
    at refresh (http://localhost:1420/src/views/HomeFloatNotes.vue:51:30)
    at http://localhost:1420/src/views/HomeFloatNotes.vue:59:14
[  759349ms] TypeError: Cannot read properties of undefined (reading 'transformCallback')
    at transformCallback (http://localhost:1420/node_modules/.vite/deps/chunk-G7S6KQDI.js?v=318df923:22:37)
    at listen (http://localhost:1420/node_modules/.vite/deps/chunk-7FCLUC5I.js?v=318df923:39:14)
    at onBrainEvent (http://localhost:1420/src/services/brainClient.ts:299:10)
    at http://localhost:1420/src/lib/home/home-panel-run.ts:12:12
    at new Promise (<anonymous>)
    at runPanelAction (http://localhost:1420/src/lib/home/home-panel-run.ts:6:18)
    at refreshCoding (http://localhost:1420/src/views/HomeBench.vue?t=1788073214229:30:28)
    at http://localhost:1420/src/views/HomeBench.vue?t=1788073214229:47:14
[  771350ms] TypeError: Cannot read properties of undefined (reading 'transformCallback')
    at transformCallback (http://localhost:1420/node_modules/.vite/deps/chunk-G7S6KQDI.js?v=318df923:22:37)
    at listen (http://localhost:1420/node_modules/.vite/deps/chunk-7FCLUC5I.js?v=318df923:39:14)
    at once (http://localhost:1420/node_modules/.vite/deps/chunk-7FCLUC5I.js?v=318df923:45:10)
    at http://localhost:1420/src/services/brainClient.ts:20:10
    at new Promise (<anonymous>)
    at onceWithTimeout (http://localhost:1420/src/services/brainClient.ts:19:16)
    at getWidgetsOnce (http://localhost:1420/src/services/brainClient.ts:198:10)
    at refresh (http://localhost:1420/src/views/HomeFloatNotes.vue:51:30)
    at http://localhost:1420/src/views/HomeFloatNotes.vue:59:14
[  771350ms] TypeError: Cannot read properties of undefined (reading 'transformCallback')
    at transformCallback (http://localhost:1420/node_modules/.vite/deps/chunk-G7S6KQDI.js?v=318df923:22:37)
    at listen (http://localhost:1420/node_modules/.vite/deps/chunk-7FCLUC5I.js?v=318df923:39:14)
    at onBrainEvent (http://localhost:1420/src/services/brainClient.ts:299:10)
    at http://localhost:1420/src/lib/home/home-panel-run.ts:12:12
    at new Promise (<anonymous>)
    at runPanelAction (http://localhost:1420/src/lib/home/home-panel-run.ts:6:18)
    at refreshCoding (http://localhost:1420/src/views/HomeBench.vue?t=1788073214229:30:28)
    at http://localhost:1420/src/views/HomeBench.vue?t=1788073214229:47:14
[  783350ms] TypeError: Cannot read properties of undefined (reading 'transformCallback')
    at transformCallback (http://localhost:1420/node_modules/.vite/deps/chunk-G7S6KQDI.js?v=318df923:22:37)
    at listen (http://localhost:1420/node_modules/.vite/deps/chunk-7FCLUC5I.js?v=318df923:39:14)
    at once (http://localhost:1420/node_modules/.vite/deps/chunk-7FCLUC5I.js?v=318df923:45:10)
    at http://localhost:1420/src/services/brainClient.ts:20:10
    at new Promise (<anonymous>)
    at onceWithTimeout (http://localhost:1420/src/services/brainClient.ts:19:16)
    at getWidgetsOnce (http://localhost:1420/src/services/brainClient.ts:198:10)
    at refresh (http://localhost:1420/src/views/HomeFloatNotes.vue:51:30)
    at http://localhost:1420/src/views/HomeFloatNotes.vue:59:14
[  783350ms] TypeError: Cannot read properties of undefined (reading 'transformCallback')
    at transformCallback (http://localhost:1420/node_modules/.vite/deps/chunk-G7S6KQDI.js?v=318df923:22:37)
    at listen (http://localhost:1420/node_modules/.vite/deps/chunk-7FCLUC5I.js?v=318df923:39:14)
    at onBrainEvent (http://localhost:1420/src/services/brainClient.ts:299:10)
    at http://localhost:1420/src/lib/home/home-panel-run.ts:12:12
    at new Promise (<anonymous>)
    at runPanelAction (http://localhost:1420/src/lib/home/home-panel-run.ts:6:18)
    at refreshCoding (http://localhost:1420/src/views/HomeBench.vue?t=1788073214229:30:28)
    at http://localhost:1420/src/views/HomeBench.vue?t=1788073214229:47:14
[  795350ms] TypeError: Cannot read properties of undefined (reading 'transformCallback')
    at transformCallback (http://localhost:1420/node_modules/.vite/deps/chunk-G7S6KQDI.js?v=318df923:22:37)
    at listen (http://localhost:1420/node_modules/.vite/deps/chunk-7FCLUC5I.js?v=318df923:39:14)
    at once (http://localhost:1420/node_modules/.vite/deps/chunk-7FCLUC5I.js?v=318df923:45:10)
    at http://localhost:1420/src/services/brainClient.ts:20:10
    at new Promise (<anonymous>)
    at onceWithTimeout (http://localhost:1420/src/services/brainClient.ts:19:16)
    at getWidgetsOnce (http://localhost:1420/src/services/brainClient.ts:198:10)
    at refresh (http://localhost:1420/src/views/HomeFloatNotes.vue:51:30)
    at http://localhost:1420/src/views/HomeFloatNotes.vue:59:14
[  795351ms] TypeError: Cannot read properties of undefined (reading 'transformCallback')
    at transformCallback (http://localhost:1420/node_modules/.vite/deps/chunk-G7S6KQDI.js?v=318df923:22:37)
    at listen (http://localhost:1420/node_modules/.vite/deps/chunk-7FCLUC5I.js?v=318df923:39:14)
    at onBrainEvent (http://localhost:1420/src/services/brainClient.ts:299:10)
    at http://localhost:1420/src/lib/home/home-panel-run.ts:12:12
    at new Promise (<anonymous>)
    at runPanelAction (http://localhost:1420/src/lib/home/home-panel-run.ts:6:18)
    at refreshCoding (http://localhost:1420/src/views/HomeBench.vue?t=1788073214229:30:28)
    at http://localhost:1420/src/views/HomeBench.vue?t=1788073214229:47:14
[  807349ms] TypeError: Cannot read properties of undefined (reading 'transformCallback')
    at transformCallback (http://localhost:1420/node_modules/.vite/deps/chunk-G7S6KQDI.js?v=318df923:22:37)
    at listen (http://localhost:1420/node_modules/.vite/deps/chunk-7FCLUC5I.js?v=318df923:39:14)
    at once (http://localhost:1420/node_modules/.vite/deps/chunk-7FCLUC5I.js?v=318df923:45:10)
    at http://localhost:1420/src/services/brainClient.ts:20:10
    at new Promise (<anonymous>)
    at onceWithTimeout (http://localhost:1420/src/services/brainClient.ts:19:16)
    at getWidgetsOnce (http://localhost:1420/src/services/brainClient.ts:198:10)
    at refresh (http://localhost:1420/src/views/HomeFloatNotes.vue:51:30)
    at http://localhost:1420/src/views/HomeFloatNotes.vue:59:14
[  807350ms] TypeError: Cannot read properties of undefined (reading 'transformCallback')
    at transformCallback (http://localhost:1420/node_modules/.vite/deps/chunk-G7S6KQDI.js?v=318df923:22:37)
    at listen (http://localhost:1420/node_modules/.vite/deps/chunk-7FCLUC5I.js?v=318df923:39:14)
    at onBrainEvent (http://localhost:1420/src/services/brainClient.ts:299:10)
    at http://localhost:1420/src/lib/home/home-panel-run.ts:12:12
    at new Promise (<anonymous>)
    at runPanelAction (http://localhost:1420/src/lib/home/home-panel-run.ts:6:18)
    at refreshCoding (http://localhost:1420/src/views/HomeBench.vue?t=1788073214229:30:28)
    at http://localhost:1420/src/views/HomeBench.vue?t=1788073214229:47:14
[  819351ms] TypeError: Cannot read properties of undefined (reading 'transformCallback')
    at transformCallback (http://localhost:1420/node_modules/.vite/deps/chunk-G7S6KQDI.js?v=318df923:22:37)
    at listen (http://localhost:1420/node_modules/.vite/deps/chunk-7FCLUC5I.js?v=318df923:39:14)
    at once (http://localhost:1420/node_modules/.vite/deps/chunk-7FCLUC5I.js?v=318df923:45:10)
    at http://localhost:1420/src/services/brainClient.ts:20:10
    at new Promise (<anonymous>)
    at onceWithTimeout (http://localhost:1420/src/services/brainClient.ts:19:16)
    at getWidgetsOnce (http://localhost:1420/src/services/brainClient.ts:198:10)
    at refresh (http://localhost:1420/src/views/HomeFloatNotes.vue:51:30)
    at http://localhost:1420/src/views/HomeFloatNotes.vue:59:14
[  819351ms] TypeError: Cannot read properties of undefined (reading 'transformCallback')
    at transformCallback (http://localhost:1420/node_modules/.vite/deps/chunk-G7S6KQDI.js?v=318df923:22:37)
    at listen (http://localhost:1420/node_modules/.vite/deps/chunk-7FCLUC5I.js?v=318df923:39:14)
    at onBrainEvent (http://localhost:1420/src/services/brainClient.ts:299:10)
    at http://localhost:1420/src/lib/home/home-panel-run.ts:12:12
    at new Promise (<anonymous>)
    at runPanelAction (http://localhost:1420/src/lib/home/home-panel-run.ts:6:18)
    at refreshCoding (http://localhost:1420/src/views/HomeBench.vue?t=1788073214229:30:28)
    at http://localhost:1420/src/views/HomeBench.vue?t=1788073214229:47:14
[  831349ms] TypeError: Cannot read properties of undefined (reading 'transformCallback')
    at transformCallback (http://localhost:1420/node_modules/.vite/deps/chunk-G7S6KQDI.js?v=318df923:22:37)
    at listen (http://localhost:1420/node_modules/.vite/deps/chunk-7FCLUC5I.js?v=318df923:39:14)
    at once (http://localhost:1420/node_modules/.vite/deps/chunk-7FCLUC5I.js?v=318df923:45:10)
    at http://localhost:1420/src/services/brainClient.ts:20:10
    at new Promise (<anonymous>)
    at onceWithTimeout (http://localhost:1420/src/services/brainClient.ts:19:16)
    at getWidgetsOnce (http://localhost:1420/src/services/brainClient.ts:198:10)
    at refresh (http://localhost:1420/src/views/HomeFloatNotes.vue:51:30)
    at http://localhost:1420/src/views/HomeFloatNotes.vue:59:14
[  831349ms] TypeError: Cannot read properties of undefined (reading 'transformCallback')
    at transformCallback (http://localhost:1420/node_modules/.vite/deps/chunk-G7S6KQDI.js?v=318df923:22:37)
    at listen (http://localhost:1420/node_modules/.vite/deps/chunk-7FCLUC5I.js?v=318df923:39:14)
    at onBrainEvent (http://localhost:1420/src/services/brainClient.ts:299:10)
    at http://localhost:1420/src/lib/home/home-panel-run.ts:12:12
    at new Promise (<anonymous>)
    at runPanelAction (http://localhost:1420/src/lib/home/home-panel-run.ts:6:18)
    at refreshCoding (http://localhost:1420/src/views/HomeBench.vue?t=1788073214229:30:28)
    at http://localhost:1420/src/views/HomeBench.vue?t=1788073214229:47:14
[  843349ms] TypeError: Cannot read properties of undefined (reading 'transformCallback')
    at transformCallback (http://localhost:1420/node_modules/.vite/deps/chunk-G7S6KQDI.js?v=318df923:22:37)
    at listen (http://localhost:1420/node_modules/.vite/deps/chunk-7FCLUC5I.js?v=318df923:39:14)
    at once (http://localhost:1420/node_modules/.vite/deps/chunk-7FCLUC5I.js?v=318df923:45:10)
    at http://localhost:1420/src/services/brainClient.ts:20:10
    at new Promise (<anonymous>)
    at onceWithTimeout (http://localhost:1420/src/services/brainClient.ts:19:16)
    at getWidgetsOnce (http://localhost:1420/src/services/brainClient.ts:198:10)
    at refresh (http://localhost:1420/src/views/HomeFloatNotes.vue:51:30)
    at http://localhost:1420/src/views/HomeFloatNotes.vue:59:14
[  843350ms] TypeError: Cannot read properties of undefined (reading 'transformCallback')
    at transformCallback (http://localhost:1420/node_modules/.vite/deps/chunk-G7S6KQDI.js?v=318df923:22:37)
    at listen (http://localhost:1420/node_modules/.vite/deps/chunk-7FCLUC5I.js?v=318df923:39:14)
    at onBrainEvent (http://localhost:1420/src/services/brainClient.ts:299:10)
    at http://localhost:1420/src/lib/home/home-panel-run.ts:12:12
    at new Promise (<anonymous>)
    at runPanelAction (http://localhost:1420/src/lib/home/home-panel-run.ts:6:18)
    at refreshCoding (http://localhost:1420/src/views/HomeBench.vue?t=1788073214229:30:28)
    at http://localhost:1420/src/views/HomeBench.vue?t=1788073214229:47:14
[  855350ms] TypeError: Cannot read properties of undefined (reading 'transformCallback')
    at transformCallback (http://localhost:1420/node_modules/.vite/deps/chunk-G7S6KQDI.js?v=318df923:22:37)
    at listen (http://localhost:1420/node_modules/.vite/deps/chunk-7FCLUC5I.js?v=318df923:39:14)
    at once (http://localhost:1420/node_modules/.vite/deps/chunk-7FCLUC5I.js?v=318df923:45:10)
    at http://localhost:1420/src/services/brainClient.ts:20:10
    at new Promise (<anonymous>)
    at onceWithTimeout (http://localhost:1420/src/services/brainClient.ts:19:16)
    at getWidgetsOnce (http://localhost:1420/src/services/brainClient.ts:198:10)
    at refresh (http://localhost:1420/src/views/HomeFloatNotes.vue:51:30)
    at http://localhost:1420/src/views/HomeFloatNotes.vue:59:14
[  855351ms] TypeError: Cannot read properties of undefined (reading 'transformCallback')
    at transformCallback (http://localhost:1420/node_modules/.vite/deps/chunk-G7S6KQDI.js?v=318df923:22:37)
    at listen (http://localhost:1420/node_modules/.vite/deps/chunk-7FCLUC5I.js?v=318df923:39:14)
    at onBrainEvent (http://localhost:1420/src/services/brainClient.ts:299:10)
    at http://localhost:1420/src/lib/home/home-panel-run.ts:12:12
    at new Promise (<anonymous>)
    at runPanelAction (http://localhost:1420/src/lib/home/home-panel-run.ts:6:18)
    at refreshCoding (http://localhost:1420/src/views/HomeBench.vue?t=1788073214229:30:28)
    at http://localhost:1420/src/views/HomeBench.vue?t=1788073214229:47:14
[  867349ms] TypeError: Cannot read properties of undefined (reading 'transformCallback')
    at transformCallback (http://localhost:1420/node_modules/.vite/deps/chunk-G7S6KQDI.js?v=318df923:22:37)
    at listen (http://localhost:1420/node_modules/.vite/deps/chunk-7FCLUC5I.js?v=318df923:39:14)
    at once (http://localhost:1420/node_modules/.vite/deps/chunk-7FCLUC5I.js?v=318df923:45:10)
    at http://localhost:1420/src/services/brainClient.ts:20:10
    at new Promise (<anonymous>)
    at onceWithTimeout (http://localhost:1420/src/services/brainClient.ts:19:16)
    at getWidgetsOnce (http://localhost:1420/src/services/brainClient.ts:198:10)
    at refresh (http://localhost:1420/src/views/HomeFloatNotes.vue:51:30)
    at http://localhost:1420/src/views/HomeFloatNotes.vue:59:14
[  867351ms] TypeError: Cannot read properties of undefined (reading 'transformCallback')
    at transformCallback (http://localhost:1420/node_modules/.vite/deps/chunk-G7S6KQDI.js?v=318df923:22:37)
    at listen (http://localhost:1420/node_modules/.vite/deps/chunk-7FCLUC5I.js?v=318df923:39:14)
    at onBrainEvent (http://localhost:1420/src/services/brainClient.ts:299:10)
    at http://localhost:1420/src/lib/home/home-panel-run.ts:12:12
    at new Promise (<anonymous>)
    at runPanelAction (http://localhost:1420/src/lib/home/home-panel-run.ts:6:18)
    at refreshCoding (http://localhost:1420/src/views/HomeBench.vue?t=1788073214229:30:28)
    at http://localhost:1420/src/views/HomeBench.vue?t=1788073214229:47:14
[  879350ms] TypeError: Cannot read properties of undefined (reading 'transformCallback')
    at transformCallback (http://localhost:1420/node_modules/.vite/deps/chunk-G7S6KQDI.js?v=318df923:22:37)
    at listen (http://localhost:1420/node_modules/.vite/deps/chunk-7FCLUC5I.js?v=318df923:39:14)
    at once (http://localhost:1420/node_modules/.vite/deps/chunk-7FCLUC5I.js?v=318df923:45:10)
    at http://localhost:1420/src/services/brainClient.ts:20:10
    at new Promise (<anonymous>)
    at onceWithTimeout (http://localhost:1420/src/services/brainClient.ts:19:16)
    at getWidgetsOnce (http://localhost:1420/src/services/brainClient.ts:198:10)
    at refresh (http://localhost:1420/src/views/HomeFloatNotes.vue:51:30)
    at http://localhost:1420/src/views/HomeFloatNotes.vue:59:14
[  879351ms] TypeError: Cannot read properties of undefined (reading 'transformCallback')
    at transformCallback (http://localhost:1420/node_modules/.vite/deps/chunk-G7S6KQDI.js?v=318df923:22:37)
    at listen (http://localhost:1420/node_modules/.vite/deps/chunk-7FCLUC5I.js?v=318df923:39:14)
    at onBrainEvent (http://localhost:1420/src/services/brainClient.ts:299:10)
    at http://localhost:1420/src/lib/home/home-panel-run.ts:12:12
    at new Promise (<anonymous>)
    at runPanelAction (http://localhost:1420/src/lib/home/home-panel-run.ts:6:18)
    at refreshCoding (http://localhost:1420/src/views/HomeBench.vue?t=1788073214229:30:28)
    at http://localhost:1420/src/views/HomeBench.vue?t=1788073214229:47:14
[  891365ms] TypeError: Cannot read properties of undefined (reading 'transformCallback')
    at transformCallback (http://localhost:1420/node_modules/.vite/deps/chunk-G7S6KQDI.js?v=318df923:22:37)
    at listen (http://localhost:1420/node_modules/.vite/deps/chunk-7FCLUC5I.js?v=318df923:39:14)
    at once (http://localhost:1420/node_modules/.vite/deps/chunk-7FCLUC5I.js?v=318df923:45:10)
    at http://localhost:1420/src/services/brainClient.ts:20:10
    at new Promise (<anonymous>)
    at onceWithTimeout (http://localhost:1420/src/services/brainClient.ts:19:16)
    at getWidgetsOnce (http://localhost:1420/src/services/brainClient.ts:198:10)
    at refresh (http://localhost:1420/src/views/HomeFloatNotes.vue:51:30)
    at http://localhost:1420/src/views/HomeFloatNotes.vue:59:14
[  891366ms] TypeError: Cannot read properties of undefined (reading 'transformCallback')
    at transformCallback (http://localhost:1420/node_modules/.vite/deps/chunk-G7S6KQDI.js?v=318df923:22:37)
    at listen (http://localhost:1420/node_modules/.vite/deps/chunk-7FCLUC5I.js?v=318df923:39:14)
    at onBrainEvent (http://localhost:1420/src/services/brainClient.ts:299:10)
    at http://localhost:1420/src/lib/home/home-panel-run.ts:12:12
    at new Promise (<anonymous>)
    at runPanelAction (http://localhost:1420/src/lib/home/home-panel-run.ts:6:18)
    at refreshCoding (http://localhost:1420/src/views/HomeBench.vue?t=1788073214229:30:28)
    at http://localhost:1420/src/views/HomeBench.vue?t=1788073214229:47:14
[  903352ms] TypeError: Cannot read properties of undefined (reading 'transformCallback')
    at transformCallback (http://localhost:1420/node_modules/.vite/deps/chunk-G7S6KQDI.js?v=318df923:22:37)
    at listen (http://localhost:1420/node_modules/.vite/deps/chunk-7FCLUC5I.js?v=318df923:39:14)
    at once (http://localhost:1420/node_modules/.vite/deps/chunk-7FCLUC5I.js?v=318df923:45:10)
    at http://localhost:1420/src/services/brainClient.ts:20:10
    at new Promise (<anonymous>)
    at onceWithTimeout (http://localhost:1420/src/services/brainClient.ts:19:16)
    at getWidgetsOnce (http://localhost:1420/src/services/brainClient.ts:198:10)
    at refresh (http://localhost:1420/src/views/HomeFloatNotes.vue:51:30)
    at http://localhost:1420/src/views/HomeFloatNotes.vue:59:14
[  903353ms] TypeError: Cannot read properties of undefined (reading 'transformCallback')
    at transformCallback (http://localhost:1420/node_modules/.vite/deps/chunk-G7S6KQDI.js?v=318df923:22:37)
    at listen (http://localhost:1420/node_modules/.vite/deps/chunk-7FCLUC5I.js?v=318df923:39:14)
    at onBrainEvent (http://localhost:1420/src/services/brainClient.ts:299:10)
    at http://localhost:1420/src/lib/home/home-panel-run.ts:12:12
    at new Promise (<anonymous>)
    at runPanelAction (http://localhost:1420/src/lib/home/home-panel-run.ts:6:18)
    at refreshCoding (http://localhost:1420/src/views/HomeBench.vue?t=1788073214229:30:28)
    at http://localhost:1420/src/views/HomeBench.vue?t=1788073214229:47:14
[  915351ms] TypeError: Cannot read properties of undefined (reading 'transformCallback')
    at transformCallback (http://localhost:1420/node_modules/.vite/deps/chunk-G7S6KQDI.js?v=318df923:22:37)
    at listen (http://localhost:1420/node_modules/.vite/deps/chunk-7FCLUC5I.js?v=318df923:39:14)
    at once (http://localhost:1420/node_modules/.vite/deps/chunk-7FCLUC5I.js?v=318df923:45:10)
    at http://localhost:1420/src/services/brainClient.ts:20:10
    at new Promise (<anonymous>)
    at onceWithTimeout (http://localhost:1420/src/services/brainClient.ts:19:16)
    at getWidgetsOnce (http://localhost:1420/src/services/brainClient.ts:198:10)
    at refresh (http://localhost:1420/src/views/HomeFloatNotes.vue:51:30)
    at http://localhost:1420/src/views/HomeFloatNotes.vue:59:14
[  915351ms] TypeError: Cannot read properties of undefined (reading 'transformCallback')
    at transformCallback (http://localhost:1420/node_modules/.vite/deps/chunk-G7S6KQDI.js?v=318df923:22:37)
    at listen (http://localhost:1420/node_modules/.vite/deps/chunk-7FCLUC5I.js?v=318df923:39:14)
    at onBrainEvent (http://localhost:1420/src/services/brainClient.ts:299:10)
    at http://localhost:1420/src/lib/home/home-panel-run.ts:12:12
    at new Promise (<anonymous>)
    at runPanelAction (http://localhost:1420/src/lib/home/home-panel-run.ts:6:18)
    at refreshCoding (http://localhost:1420/src/views/HomeBench.vue?t=1788073214229:30:28)
    at http://localhost:1420/src/views/HomeBench.vue?t=1788073214229:47:14
[  927351ms] TypeError: Cannot read properties of undefined (reading 'transformCallback')
    at transformCallback (http://localhost:1420/node_modules/.vite/deps/chunk-G7S6KQDI.js?v=318df923:22:37)
    at listen (http://localhost:1420/node_modules/.vite/deps/chunk-7FCLUC5I.js?v=318df923:39:14)
    at once (http://localhost:1420/node_modules/.vite/deps/chunk-7FCLUC5I.js?v=318df923:45:10)
    at http://localhost:1420/src/services/brainClient.ts:20:10
    at new Promise (<anonymous>)
    at onceWithTimeout (http://localhost:1420/src/services/brainClient.ts:19:16)
    at getWidgetsOnce (http://localhost:1420/src/services/brainClient.ts:198:10)
    at refresh (http://localhost:1420/src/views/HomeFloatNotes.vue:51:30)
    at http://localhost:1420/src/views/HomeFloatNotes.vue:59:14
[  927351ms] TypeError: Cannot read properties of undefined (reading 'transformCallback')
    at transformCallback (http://localhost:1420/node_modules/.vite/deps/chunk-G7S6KQDI.js?v=318df923:22:37)
    at listen (http://localhost:1420/node_modules/.vite/deps/chunk-7FCLUC5I.js?v=318df923:39:14)
    at onBrainEvent (http://localhost:1420/src/services/brainClient.ts:299:10)
    at http://localhost:1420/src/lib/home/home-panel-run.ts:12:12
    at new Promise (<anonymous>)
    at runPanelAction (http://localhost:1420/src/lib/home/home-panel-run.ts:6:18)
    at refreshCoding (http://localhost:1420/src/views/HomeBench.vue?t=1788073214229:30:28)
    at http://localhost:1420/src/views/HomeBench.vue?t=1788073214229:47:14
[  939350ms] TypeError: Cannot read properties of undefined (reading 'transformCallback')
    at transformCallback (http://localhost:1420/node_modules/.vite/deps/chunk-G7S6KQDI.js?v=318df923:22:37)
    at listen (http://localhost:1420/node_modules/.vite/deps/chunk-7FCLUC5I.js?v=318df923:39:14)
    at once (http://localhost:1420/node_modules/.vite/deps/chunk-7FCLUC5I.js?v=318df923:45:10)
    at http://localhost:1420/src/services/brainClient.ts:20:10
    at new Promise (<anonymous>)
    at onceWithTimeout (http://localhost:1420/src/services/brainClient.ts:19:16)
    at getWidgetsOnce (http://localhost:1420/src/services/brainClient.ts:198:10)
    at refresh (http://localhost:1420/src/views/HomeFloatNotes.vue:51:30)
    at http://localhost:1420/src/views/HomeFloatNotes.vue:59:14
[  939351ms] TypeError: Cannot read properties of undefined (reading 'transformCallback')
    at transformCallback (http://localhost:1420/node_modules/.vite/deps/chunk-G7S6KQDI.js?v=318df923:22:37)
    at listen (http://localhost:1420/node_modules/.vite/deps/chunk-7FCLUC5I.js?v=318df923:39:14)
    at onBrainEvent (http://localhost:1420/src/services/brainClient.ts:299:10)
    at http://localhost:1420/src/lib/home/home-panel-run.ts:12:12
    at new Promise (<anonymous>)
    at runPanelAction (http://localhost:1420/src/lib/home/home-panel-run.ts:6:18)
    at refreshCoding (http://localhost:1420/src/views/HomeBench.vue?t=1788073214229:30:28)
    at http://localhost:1420/src/views/HomeBench.vue?t=1788073214229:47:14
[  951351ms] TypeError: Cannot read properties of undefined (reading 'transformCallback')
    at transformCallback (http://localhost:1420/node_modules/.vite/deps/chunk-G7S6KQDI.js?v=318df923:22:37)
    at listen (http://localhost:1420/node_modules/.vite/deps/chunk-7FCLUC5I.js?v=318df923:39:14)
    at once (http://localhost:1420/node_modules/.vite/deps/chunk-7FCLUC5I.js?v=318df923:45:10)
    at http://localhost:1420/src/services/brainClient.ts:20:10
    at new Promise (<anonymous>)
    at onceWithTimeout (http://localhost:1420/src/services/brainClient.ts:19:16)
    at getWidgetsOnce (http://localhost:1420/src/services/brainClient.ts:198:10)
    at refresh (http://localhost:1420/src/views/HomeFloatNotes.vue:51:30)
    at http://localhost:1420/src/views/HomeFloatNotes.vue:59:14
[  951354ms] TypeError: Cannot read properties of undefined (reading 'transformCallback')
    at transformCallback (http://localhost:1420/node_modules/.vite/deps/chunk-G7S6KQDI.js?v=318df923:22:37)
    at listen (http://localhost:1420/node_modules/.vite/deps/chunk-7FCLUC5I.js?v=318df923:39:14)
    at onBrainEvent (http://localhost:1420/src/services/brainClient.ts:299:10)
    at http://localhost:1420/src/lib/home/home-panel-run.ts:12:12
    at new Promise (<anonymous>)
    at runPanelAction (http://localhost:1420/src/lib/home/home-panel-run.ts:6:18)
    at refreshCoding (http://localhost:1420/src/views/HomeBench.vue?t=1788073214229:30:28)
    at http://localhost:1420/src/views/HomeBench.vue?t=1788073214229:47:14
[  963351ms] TypeError: Cannot read properties of undefined (reading 'transformCallback')
    at transformCallback (http://localhost:1420/node_modules/.vite/deps/chunk-G7S6KQDI.js?v=318df923:22:37)
    at listen (http://localhost:1420/node_modules/.vite/deps/chunk-7FCLUC5I.js?v=318df923:39:14)
    at once (http://localhost:1420/node_modules/.vite/deps/chunk-7FCLUC5I.js?v=318df923:45:10)
    at http://localhost:1420/src/services/brainClient.ts:20:10
    at new Promise (<anonymous>)
    at onceWithTimeout (http://localhost:1420/src/services/brainClient.ts:19:16)
    at getWidgetsOnce (http://localhost:1420/src/services/brainClient.ts:198:10)
    at refresh (http://localhost:1420/src/views/HomeFloatNotes.vue:51:30)
    at http://localhost:1420/src/views/HomeFloatNotes.vue:59:14
[  963352ms] TypeError: Cannot read properties of undefined (reading 'transformCallback')
    at transformCallback (http://localhost:1420/node_modules/.vite/deps/chunk-G7S6KQDI.js?v=318df923:22:37)
    at listen (http://localhost:1420/node_modules/.vite/deps/chunk-7FCLUC5I.js?v=318df923:39:14)
    at onBrainEvent (http://localhost:1420/src/services/brainClient.ts:299:10)
    at http://localhost:1420/src/lib/home/home-panel-run.ts:12:12
    at new Promise (<anonymous>)
    at runPanelAction (http://localhost:1420/src/lib/home/home-panel-run.ts:6:18)
    at refreshCoding (http://localhost:1420/src/views/HomeBench.vue?t=1788073214229:30:28)
    at http://localhost:1420/src/views/HomeBench.vue?t=1788073214229:47:14
[  975352ms] TypeError: Cannot read properties of undefined (reading 'transformCallback')
    at transformCallback (http://localhost:1420/node_modules/.vite/deps/chunk-G7S6KQDI.js?v=318df923:22:37)
    at listen (http://localhost:1420/node_modules/.vite/deps/chunk-7FCLUC5I.js?v=318df923:39:14)
    at once (http://localhost:1420/node_modules/.vite/deps/chunk-7FCLUC5I.js?v=318df923:45:10)
    at http://localhost:1420/src/services/brainClient.ts:20:10
    at new Promise (<anonymous>)
    at onceWithTimeout (http://localhost:1420/src/services/brainClient.ts:19:16)
    at getWidgetsOnce (http://localhost:1420/src/services/brainClient.ts:198:10)
    at refresh (http://localhost:1420/src/views/HomeFloatNotes.vue:51:30)
    at http://localhost:1420/src/views/HomeFloatNotes.vue:59:14
[  975353ms] TypeError: Cannot read properties of undefined (reading 'transformCallback')
    at transformCallback (http://localhost:1420/node_modules/.vite/deps/chunk-G7S6KQDI.js?v=318df923:22:37)
    at listen (http://localhost:1420/node_modules/.vite/deps/chunk-7FCLUC5I.js?v=318df923:39:14)
    at onBrainEvent (http://localhost:1420/src/services/brainClient.ts:299:10)
    at http://localhost:1420/src/lib/home/home-panel-run.ts:12:12
    at new Promise (<anonymous>)
    at runPanelAction (http://localhost:1420/src/lib/home/home-panel-run.ts:6:18)
    at refreshCoding (http://localhost:1420/src/views/HomeBench.vue?t=1788073214229:30:28)
    at http://localhost:1420/src/views/HomeBench.vue?t=1788073214229:47:14
[  987351ms] TypeError: Cannot read properties of undefined (reading 'transformCallback')
    at transformCallback (http://localhost:1420/node_modules/.vite/deps/chunk-G7S6KQDI.js?v=318df923:22:37)
    at listen (http://localhost:1420/node_modules/.vite/deps/chunk-7FCLUC5I.js?v=318df923:39:14)
    at once (http://localhost:1420/node_modules/.vite/deps/chunk-7FCLUC5I.js?v=318df923:45:10)
    at http://localhost:1420/src/services/brainClient.ts:20:10
    at new Promise (<anonymous>)
    at onceWithTimeout (http://localhost:1420/src/services/brainClient.ts:19:16)
    at getWidgetsOnce (http://localhost:1420/src/services/brainClient.ts:198:10)
    at refresh (http://localhost:1420/src/views/HomeFloatNotes.vue:51:30)
    at http://localhost:1420/src/views/HomeFloatNotes.vue:59:14
[  987351ms] TypeError: Cannot read properties of undefined (reading 'transformCallback')
    at transformCallback (http://localhost:1420/node_modules/.vite/deps/chunk-G7S6KQDI.js?v=318df923:22:37)
    at listen (http://localhost:1420/node_modules/.vite/deps/chunk-7FCLUC5I.js?v=318df923:39:14)
    at onBrainEvent (http://localhost:1420/src/services/brainClient.ts:299:10)
    at http://localhost:1420/src/lib/home/home-panel-run.ts:12:12
    at new Promise (<anonymous>)
    at runPanelAction (http://localhost:1420/src/lib/home/home-panel-run.ts:6:18)
    at refreshCoding (http://localhost:1420/src/views/HomeBench.vue?t=1788073214229:30:28)
    at http://localhost:1420/src/views/HomeBench.vue?t=1788073214229:47:14
[  999352ms] TypeError: Cannot read properties of undefined (reading 'transformCallback')
    at transformCallback (http://localhost:1420/node_modules/.vite/deps/chunk-G7S6KQDI.js?v=318df923:22:37)
    at listen (http://localhost:1420/node_modules/.vite/deps/chunk-7FCLUC5I.js?v=318df923:39:14)
    at once (http://localhost:1420/node_modules/.vite/deps/chunk-7FCLUC5I.js?v=318df923:45:10)
    at http://localhost:1420/src/services/brainClient.ts:20:10
    at new Promise (<anonymous>)
    at onceWithTimeout (http://localhost:1420/src/services/brainClient.ts:19:16)
    at getWidgetsOnce (http://localhost:1420/src/services/brainClient.ts:198:10)
    at refresh (http://localhost:1420/src/views/HomeFloatNotes.vue:51:30)
    at http://localhost:1420/src/views/HomeFloatNotes.vue:59:14
[  999353ms] TypeError: Cannot read properties of undefined (reading 'transformCallback')
    at transformCallback (http://localhost:1420/node_modules/.vite/deps/chunk-G7S6KQDI.js?v=318df923:22:37)
    at listen (http://localhost:1420/node_modules/.vite/deps/chunk-7FCLUC5I.js?v=318df923:39:14)
    at onBrainEvent (http://localhost:1420/src/services/brainClient.ts:299:10)
    at http://localhost:1420/src/lib/home/home-panel-run.ts:12:12
    at new Promise (<anonymous>)
    at runPanelAction (http://localhost:1420/src/lib/home/home-panel-run.ts:6:18)
    at refreshCoding (http://localhost:1420/src/views/HomeBench.vue?t=1788073214229:30:28)
    at http://localhost:1420/src/views/HomeBench.vue?t=1788073214229:47:14
[ 1011352ms] TypeError: Cannot read properties of undefined (reading 'transformCallback')
    at transformCallback (http://localhost:1420/node_modules/.vite/deps/chunk-G7S6KQDI.js?v=318df923:22:37)
    at listen (http://localhost:1420/node_modules/.vite/deps/chunk-7FCLUC5I.js?v=318df923:39:14)
    at once (http://localhost:1420/node_modules/.vite/deps/chunk-7FCLUC5I.js?v=318df923:45:10)
    at http://localhost:1420/src/services/brainClient.ts:20:10
    at new Promise (<anonymous>)
    at onceWithTimeout (http://localhost:1420/src/services/brainClient.ts:19:16)
    at getWidgetsOnce (http://localhost:1420/src/services/brainClient.ts:198:10)
    at refresh (http://localhost:1420/src/views/HomeFloatNotes.vue:51:30)
    at http://localhost:1420/src/views/HomeFloatNotes.vue:59:14
[ 1011352ms] TypeError: Cannot read properties of undefined (reading 'transformCallback')
    at transformCallback (http://localhost:1420/node_modules/.vite/deps/chunk-G7S6KQDI.js?v=318df923:22:37)
    at listen (http://localhost:1420/node_modules/.vite/deps/chunk-7FCLUC5I.js?v=318df923:39:14)
    at onBrainEvent (http://localhost:1420/src/services/brainClient.ts:299:10)
    at http://localhost:1420/src/lib/home/home-panel-run.ts:12:12
    at new Promise (<anonymous>)
    at runPanelAction (http://localhost:1420/src/lib/home/home-panel-run.ts:6:18)
    at refreshCoding (http://localhost:1420/src/views/HomeBench.vue?t=1788073214229:30:28)
    at http://localhost:1420/src/views/HomeBench.vue?t=1788073214229:47:14
[ 1023352ms] TypeError: Cannot read properties of undefined (reading 'transformCallback')
    at transformCallback (http://localhost:1420/node_modules/.vite/deps/chunk-G7S6KQDI.js?v=318df923:22:37)
    at listen (http://localhost:1420/node_modules/.vite/deps/chunk-7FCLUC5I.js?v=318df923:39:14)
    at once (http://localhost:1420/node_modules/.vite/deps/chunk-7FCLUC5I.js?v=318df923:45:10)
    at http://localhost:1420/src/services/brainClient.ts:20:10
    at new Promise (<anonymous>)
    at onceWithTimeout (http://localhost:1420/src/services/brainClient.ts:19:16)
    at getWidgetsOnce (http://localhost:1420/src/services/brainClient.ts:198:10)
    at refresh (http://localhost:1420/src/views/HomeFloatNotes.vue:51:30)
    at http://localhost:1420/src/views/HomeFloatNotes.vue:59:14
[ 1023353ms] TypeError: Cannot read properties of undefined (reading 'transformCallback')
    at transformCallback (http://localhost:1420/node_modules/.vite/deps/chunk-G7S6KQDI.js?v=318df923:22:37)
    at listen (http://localhost:1420/node_modules/.vite/deps/chunk-7FCLUC5I.js?v=318df923:39:14)
    at onBrainEvent (http://localhost:1420/src/services/brainClient.ts:299:10)
    at http://localhost:1420/src/lib/home/home-panel-run.ts:12:12
    at new Promise (<anonymous>)
    at runPanelAction (http://localhost:1420/src/lib/home/home-panel-run.ts:6:18)
    at refreshCoding (http://localhost:1420/src/views/HomeBench.vue?t=1788073214229:30:28)
    at http://localhost:1420/src/views/HomeBench.vue?t=1788073214229:47:14
[ 1035352ms] TypeError: Cannot read properties of undefined (reading 'transformCallback')
    at transformCallback (http://localhost:1420/node_modules/.vite/deps/chunk-G7S6KQDI.js?v=318df923:22:37)
    at listen (http://localhost:1420/node_modules/.vite/deps/chunk-7FCLUC5I.js?v=318df923:39:14)
    at once (http://localhost:1420/node_modules/.vite/deps/chunk-7FCLUC5I.js?v=318df923:45:10)
    at http://localhost:1420/src/services/brainClient.ts:20:10
    at new Promise (<anonymous>)
    at onceWithTimeout (http://localhost:1420/src/services/brainClient.ts:19:16)
    at getWidgetsOnce (http://localhost:1420/src/services/brainClient.ts:198:10)
    at refresh (http://localhost:1420/src/views/HomeFloatNotes.vue:51:30)
    at http://localhost:1420/src/views/HomeFloatNotes.vue:59:14
[ 1035353ms] TypeError: Cannot read properties of undefined (reading 'transformCallback')
    at transformCallback (http://localhost:1420/node_modules/.vite/deps/chunk-G7S6KQDI.js?v=318df923:22:37)
    at listen (http://localhost:1420/node_modules/.vite/deps/chunk-7FCLUC5I.js?v=318df923:39:14)
    at onBrainEvent (http://localhost:1420/src/services/brainClient.ts:299:10)
    at http://localhost:1420/src/lib/home/home-panel-run.ts:12:12
    at new Promise (<anonymous>)
    at runPanelAction (http://localhost:1420/src/lib/home/home-panel-run.ts:6:18)
    at refreshCoding (http://localhost:1420/src/views/HomeBench.vue?t=1788073214229:30:28)
    at http://localhost:1420/src/views/HomeBench.vue?t=1788073214229:47:14
[ 1047352ms] TypeError: Cannot read properties of undefined (reading 'transformCallback')
    at transformCallback (http://localhost:1420/node_modules/.vite/deps/chunk-G7S6KQDI.js?v=318df923:22:37)
    at listen (http://localhost:1420/node_modules/.vite/deps/chunk-7FCLUC5I.js?v=318df923:39:14)
    at once (http://localhost:1420/node_modules/.vite/deps/chunk-7FCLUC5I.js?v=318df923:45:10)
    at http://localhost:1420/src/services/brainClient.ts:20:10
    at new Promise (<anonymous>)
    at onceWithTimeout (http://localhost:1420/src/services/brainClient.ts:19:16)
    at getWidgetsOnce (http://localhost:1420/src/services/brainClient.ts:198:10)
    at refresh (http://localhost:1420/src/views/HomeFloatNotes.vue:51:30)
    at http://localhost:1420/src/views/HomeFloatNotes.vue:59:14
[ 1047353ms] TypeError: Cannot read properties of undefined (reading 'transformCallback')
    at transformCallback (http://localhost:1420/node_modules/.vite/deps/chunk-G7S6KQDI.js?v=318df923:22:37)
    at listen (http://localhost:1420/node_modules/.vite/deps/chunk-7FCLUC5I.js?v=318df923:39:14)
    at onBrainEvent (http://localhost:1420/src/services/brainClient.ts:299:10)
    at http://localhost:1420/src/lib/home/home-panel-run.ts:12:12
    at new Promise (<anonymous>)
    at runPanelAction (http://localhost:1420/src/lib/home/home-panel-run.ts:6:18)
    at refreshCoding (http://localhost:1420/src/views/HomeBench.vue?t=1788073214229:30:28)
    at http://localhost:1420/src/views/HomeBench.vue?t=1788073214229:47:14
[ 1059353ms] TypeError: Cannot read properties of undefined (reading 'transformCallback')
    at transformCallback (http://localhost:1420/node_modules/.vite/deps/chunk-G7S6KQDI.js?v=318df923:22:37)
    at listen (http://localhost:1420/node_modules/.vite/deps/chunk-7FCLUC5I.js?v=318df923:39:14)
    at once (http://localhost:1420/node_modules/.vite/deps/chunk-7FCLUC5I.js?v=318df923:45:10)
    at http://localhost:1420/src/services/brainClient.ts:20:10
    at new Promise (<anonymous>)
    at onceWithTimeout (http://localhost:1420/src/services/brainClient.ts:19:16)
    at getWidgetsOnce (http://localhost:1420/src/services/brainClient.ts:198:10)
    at refresh (http://localhost:1420/src/views/HomeFloatNotes.vue:51:30)
    at http://localhost:1420/src/views/HomeFloatNotes.vue:59:14
[ 1059353ms] TypeError: Cannot read properties of undefined (reading 'transformCallback')
    at transformCallback (http://localhost:1420/node_modules/.vite/deps/chunk-G7S6KQDI.js?v=318df923:22:37)
    at listen (http://localhost:1420/node_modules/.vite/deps/chunk-7FCLUC5I.js?v=318df923:39:14)
    at onBrainEvent (http://localhost:1420/src/services/brainClient.ts:299:10)
    at http://localhost:1420/src/lib/home/home-panel-run.ts:12:12
    at new Promise (<anonymous>)
    at runPanelAction (http://localhost:1420/src/lib/home/home-panel-run.ts:6:18)
    at refreshCoding (http://localhost:1420/src/views/HomeBench.vue?t=1788073214229:30:28)
    at http://localhost:1420/src/views/HomeBench.vue?t=1788073214229:47:14
[ 1071353ms] TypeError: Cannot read properties of undefined (reading 'transformCallback')
    at transformCallback (http://localhost:1420/node_modules/.vite/deps/chunk-G7S6KQDI.js?v=318df923:22:37)
    at listen (http://localhost:1420/node_modules/.vite/deps/chunk-7FCLUC5I.js?v=318df923:39:14)
    at once (http://localhost:1420/node_modules/.vite/deps/chunk-7FCLUC5I.js?v=318df923:45:10)
    at http://localhost:1420/src/services/brainClient.ts:20:10
    at new Promise (<anonymous>)
    at onceWithTimeout (http://localhost:1420/src/services/brainClient.ts:19:16)
    at getWidgetsOnce (http://localhost:1420/src/services/brainClient.ts:198:10)
    at refresh (http://localhost:1420/src/views/HomeFloatNotes.vue:51:30)
    at http://localhost:1420/src/views/HomeFloatNotes.vue:59:14
[ 1071353ms] TypeError: Cannot read properties of undefined (reading 'transformCallback')
    at transformCallback (http://localhost:1420/node_modules/.vite/deps/chunk-G7S6KQDI.js?v=318df923:22:37)
    at listen (http://localhost:1420/node_modules/.vite/deps/chunk-7FCLUC5I.js?v=318df923:39:14)
    at onBrainEvent (http://localhost:1420/src/services/brainClient.ts:299:10)
    at http://localhost:1420/src/lib/home/home-panel-run.ts:12:12
    at new Promise (<anonymous>)
    at runPanelAction (http://localhost:1420/src/lib/home/home-panel-run.ts:6:18)
    at refreshCoding (http://localhost:1420/src/views/HomeBench.vue?t=1788073214229:30:28)
    at http://localhost:1420/src/views/HomeBench.vue?t=1788073214229:47:14
[ 1083353ms] TypeError: Cannot read properties of undefined (reading 'transformCallback')
    at transformCallback (http://localhost:1420/node_modules/.vite/deps/chunk-G7S6KQDI.js?v=318df923:22:37)
    at listen (http://localhost:1420/node_modules/.vite/deps/chunk-7FCLUC5I.js?v=318df923:39:14)
    at once (http://localhost:1420/node_modules/.vite/deps/chunk-7FCLUC5I.js?v=318df923:45:10)
    at http://localhost:1420/src/services/brainClient.ts:20:10
    at new Promise (<anonymous>)
    at onceWithTimeout (http://localhost:1420/src/services/brainClient.ts:19:16)
    at getWidgetsOnce (http://localhost:1420/src/services/brainClient.ts:198:10)
    at refresh (http://localhost:1420/src/views/HomeFloatNotes.vue:51:30)
    at http://localhost:1420/src/views/HomeFloatNotes.vue:59:14
[ 1083353ms] TypeError: Cannot read properties of undefined (reading 'transformCallback')
    at transformCallback (http://localhost:1420/node_modules/.vite/deps/chunk-G7S6KQDI.js?v=318df923:22:37)
    at listen (http://localhost:1420/node_modules/.vite/deps/chunk-7FCLUC5I.js?v=318df923:39:14)
    at onBrainEvent (http://localhost:1420/src/services/brainClient.ts:299:10)
    at http://localhost:1420/src/lib/home/home-panel-run.ts:12:12
    at new Promise (<anonymous>)
    at runPanelAction (http://localhost:1420/src/lib/home/home-panel-run.ts:6:18)
    at refreshCoding (http://localhost:1420/src/views/HomeBench.vue?t=1788073214229:30:28)
    at http://localhost:1420/src/views/HomeBench.vue?t=1788073214229:47:14
[ 1095352ms] TypeError: Cannot read properties of undefined (reading 'transformCallback')
    at transformCallback (http://localhost:1420/node_modules/.vite/deps/chunk-G7S6KQDI.js?v=318df923:22:37)
    at listen (http://localhost:1420/node_modules/.vite/deps/chunk-7FCLUC5I.js?v=318df923:39:14)
    at once (http://localhost:1420/node_modules/.vite/deps/chunk-7FCLUC5I.js?v=318df923:45:10)
    at http://localhost:1420/src/services/brainClient.ts:20:10
    at new Promise (<anonymous>)
    at onceWithTimeout (http://localhost:1420/src/services/brainClient.ts:19:16)
    at getWidgetsOnce (http://localhost:1420/src/services/brainClient.ts:198:10)
    at refresh (http://localhost:1420/src/views/HomeFloatNotes.vue:51:30)
    at http://localhost:1420/src/views/HomeFloatNotes.vue:59:14
[ 1095353ms] TypeError: Cannot read properties of undefined (reading 'transformCallback')
    at transformCallback (http://localhost:1420/node_modules/.vite/deps/chunk-G7S6KQDI.js?v=318df923:22:37)
    at listen (http://localhost:1420/node_modules/.vite/deps/chunk-7FCLUC5I.js?v=318df923:39:14)
    at onBrainEvent (http://localhost:1420/src/services/brainClient.ts:299:10)
    at http://localhost:1420/src/lib/home/home-panel-run.ts:12:12
    at new Promise (<anonymous>)
    at runPanelAction (http://localhost:1420/src/lib/home/home-panel-run.ts:6:18)
    at refreshCoding (http://localhost:1420/src/views/HomeBench.vue?t=1788073214229:30:28)
    at http://localhost:1420/src/views/HomeBench.vue?t=1788073214229:47:14
[ 1107353ms] TypeError: Cannot read properties of undefined (reading 'transformCallback')
    at transformCallback (http://localhost:1420/node_modules/.vite/deps/chunk-G7S6KQDI.js?v=318df923:22:37)
    at listen (http://localhost:1420/node_modules/.vite/deps/chunk-7FCLUC5I.js?v=318df923:39:14)
    at once (http://localhost:1420/node_modules/.vite/deps/chunk-7FCLUC5I.js?v=318df923:45:10)
    at http://localhost:1420/src/services/brainClient.ts:20:10
    at new Promise (<anonymous>)
    at onceWithTimeout (http://localhost:1420/src/services/brainClient.ts:19:16)
    at getWidgetsOnce (http://localhost:1420/src/services/brainClient.ts:198:10)
    at refresh (http://localhost:1420/src/views/HomeFloatNotes.vue:51:30)
    at http://localhost:1420/src/views/HomeFloatNotes.vue:59:14
[ 1107354ms] TypeError: Cannot read properties of undefined (reading 'transformCallback')
    at transformCallback (http://localhost:1420/node_modules/.vite/deps/chunk-G7S6KQDI.js?v=318df923:22:37)
    at listen (http://localhost:1420/node_modules/.vite/deps/chunk-7FCLUC5I.js?v=318df923:39:14)
    at onBrainEvent (http://localhost:1420/src/services/brainClient.ts:299:10)
    at http://localhost:1420/src/lib/home/home-panel-run.ts:12:12
    at new Promise (<anonymous>)
    at runPanelAction (http://localhost:1420/src/lib/home/home-panel-run.ts:6:18)
    at refreshCoding (http://localhost:1420/src/views/HomeBench.vue?t=1788073214229:30:28)
    at http://localhost:1420/src/views/HomeBench.vue?t=1788073214229:47:14
[ 1119353ms] TypeError: Cannot read properties of undefined (reading 'transformCallback')
    at transformCallback (http://localhost:1420/node_modules/.vite/deps/chunk-G7S6KQDI.js?v=318df923:22:37)
    at listen (http://localhost:1420/node_modules/.vite/deps/chunk-7FCLUC5I.js?v=318df923:39:14)
    at once (http://localhost:1420/node_modules/.vite/deps/chunk-7FCLUC5I.js?v=318df923:45:10)
    at http://localhost:1420/src/services/brainClient.ts:20:10
    at new Promise (<anonymous>)
    at onceWithTimeout (http://localhost:1420/src/services/brainClient.ts:19:16)
    at getWidgetsOnce (http://localhost:1420/src/services/brainClient.ts:198:10)
    at refresh (http://localhost:1420/src/views/HomeFloatNotes.vue:51:30)
    at http://localhost:1420/src/views/HomeFloatNotes.vue:59:14
[ 1119354ms] TypeError: Cannot read properties of undefined (reading 'transformCallback')
    at transformCallback (http://localhost:1420/node_modules/.vite/deps/chunk-G7S6KQDI.js?v=318df923:22:37)
    at listen (http://localhost:1420/node_modules/.vite/deps/chunk-7FCLUC5I.js?v=318df923:39:14)
    at onBrainEvent (http://localhost:1420/src/services/brainClient.ts:299:10)
    at http://localhost:1420/src/lib/home/home-panel-run.ts:12:12
    at new Promise (<anonymous>)
    at runPanelAction (http://localhost:1420/src/lib/home/home-panel-run.ts:6:18)
    at refreshCoding (http://localhost:1420/src/views/HomeBench.vue?t=1788073214229:30:28)
    at http://localhost:1420/src/views/HomeBench.vue?t=1788073214229:47:14
[ 1131353ms] TypeError: Cannot read properties of undefined (reading 'transformCallback')
    at transformCallback (http://localhost:1420/node_modules/.vite/deps/chunk-G7S6KQDI.js?v=318df923:22:37)
    at listen (http://localhost:1420/node_modules/.vite/deps/chunk-7FCLUC5I.js?v=318df923:39:14)
    at once (http://localhost:1420/node_modules/.vite/deps/chunk-7FCLUC5I.js?v=318df923:45:10)
    at http://localhost:1420/src/services/brainClient.ts:20:10
    at new Promise (<anonymous>)
    at onceWithTimeout (http://localhost:1420/src/services/brainClient.ts:19:16)
    at getWidgetsOnce (http://localhost:1420/src/services/brainClient.ts:198:10)
    at refresh (http://localhost:1420/src/views/HomeFloatNotes.vue:51:30)
    at http://localhost:1420/src/views/HomeFloatNotes.vue:59:14
[ 1131354ms] TypeError: Cannot read properties of undefined (reading 'transformCallback')
    at transformCallback (http://localhost:1420/node_modules/.vite/deps/chunk-G7S6KQDI.js?v=318df923:22:37)
    at listen (http://localhost:1420/node_modules/.vite/deps/chunk-7FCLUC5I.js?v=318df923:39:14)
    at onBrainEvent (http://localhost:1420/src/services/brainClient.ts:299:10)
    at http://localhost:1420/src/lib/home/home-panel-run.ts:12:12
    at new Promise (<anonymous>)
    at runPanelAction (http://localhost:1420/src/lib/home/home-panel-run.ts:6:18)
    at refreshCoding (http://localhost:1420/src/views/HomeBench.vue?t=1788073214229:30:28)
    at http://localhost:1420/src/views/HomeBench.vue?t=1788073214229:47:14
[ 1143355ms] TypeError: Cannot read properties of undefined (reading 'transformCallback')
    at transformCallback (http://localhost:1420/node_modules/.vite/deps/chunk-G7S6KQDI.js?v=318df923:22:37)
    at listen (http://localhost:1420/node_modules/.vite/deps/chunk-7FCLUC5I.js?v=318df923:39:14)
    at once (http://localhost:1420/node_modules/.vite/deps/chunk-7FCLUC5I.js?v=318df923:45:10)
    at http://localhost:1420/src/services/brainClient.ts:20:10
    at new Promise (<anonymous>)
    at onceWithTimeout (http://localhost:1420/src/services/brainClient.ts:19:16)
    at getWidgetsOnce (http://localhost:1420/src/services/brainClient.ts:198:10)
    at refresh (http://localhost:1420/src/views/HomeFloatNotes.vue:51:30)
    at http://localhost:1420/src/views/HomeFloatNotes.vue:59:14
[ 1143355ms] TypeError: Cannot read properties of undefined (reading 'transformCallback')
    at transformCallback (http://localhost:1420/node_modules/.vite/deps/chunk-G7S6KQDI.js?v=318df923:22:37)
    at listen (http://localhost:1420/node_modules/.vite/deps/chunk-7FCLUC5I.js?v=318df923:39:14)
    at onBrainEvent (http://localhost:1420/src/services/brainClient.ts:299:10)
    at http://localhost:1420/src/lib/home/home-panel-run.ts:12:12
    at new Promise (<anonymous>)
    at runPanelAction (http://localhost:1420/src/lib/home/home-panel-run.ts:6:18)
    at refreshCoding (http://localhost:1420/src/views/HomeBench.vue?t=1788073214229:30:28)
    at http://localhost:1420/src/views/HomeBench.vue?t=1788073214229:47:14
[ 1155354ms] TypeError: Cannot read properties of undefined (reading 'transformCallback')
    at transformCallback (http://localhost:1420/node_modules/.vite/deps/chunk-G7S6KQDI.js?v=318df923:22:37)
    at listen (http://localhost:1420/node_modules/.vite/deps/chunk-7FCLUC5I.js?v=318df923:39:14)
    at once (http://localhost:1420/node_modules/.vite/deps/chunk-7FCLUC5I.js?v=318df923:45:10)
    at http://localhost:1420/src/services/brainClient.ts:20:10
    at new Promise (<anonymous>)
    at onceWithTimeout (http://localhost:1420/src/services/brainClient.ts:19:16)
    at getWidgetsOnce (http://localhost:1420/src/services/brainClient.ts:198:10)
    at refresh (http://localhost:1420/src/views/HomeFloatNotes.vue:51:30)
    at http://localhost:1420/src/views/HomeFloatNotes.vue:59:14
[ 1155355ms] TypeError: Cannot read properties of undefined (reading 'transformCallback')
    at transformCallback (http://localhost:1420/node_modules/.vite/deps/chunk-G7S6KQDI.js?v=318df923:22:37)
    at listen (http://localhost:1420/node_modules/.vite/deps/chunk-7FCLUC5I.js?v=318df923:39:14)
    at onBrainEvent (http://localhost:1420/src/services/brainClient.ts:299:10)
    at http://localhost:1420/src/lib/home/home-panel-run.ts:12:12
    at new Promise (<anonymous>)
    at runPanelAction (http://localhost:1420/src/lib/home/home-panel-run.ts:6:18)
    at refreshCoding (http://localhost:1420/src/views/HomeBench.vue?t=1788073214229:30:28)
    at http://localhost:1420/src/views/HomeBench.vue?t=1788073214229:47:14
[ 1167354ms] TypeError: Cannot read properties of undefined (reading 'transformCallback')
    at transformCallback (http://localhost:1420/node_modules/.vite/deps/chunk-G7S6KQDI.js?v=318df923:22:37)
    at listen (http://localhost:1420/node_modules/.vite/deps/chunk-7FCLUC5I.js?v=318df923:39:14)
    at once (http://localhost:1420/node_modules/.vite/deps/chunk-7FCLUC5I.js?v=318df923:45:10)
    at http://localhost:1420/src/services/brainClient.ts:20:10
    at new Promise (<anonymous>)
    at onceWithTimeout (http://localhost:1420/src/services/brainClient.ts:19:16)
    at getWidgetsOnce (http://localhost:1420/src/services/brainClient.ts:198:10)
    at refresh (http://localhost:1420/src/views/HomeFloatNotes.vue:51:30)
    at http://localhost:1420/src/views/HomeFloatNotes.vue:59:14
[ 1167355ms] TypeError: Cannot read properties of undefined (reading 'transformCallback')
    at transformCallback (http://localhost:1420/node_modules/.vite/deps/chunk-G7S6KQDI.js?v=318df923:22:37)
    at listen (http://localhost:1420/node_modules/.vite/deps/chunk-7FCLUC5I.js?v=318df923:39:14)
    at onBrainEvent (http://localhost:1420/src/services/brainClient.ts:299:10)
    at http://localhost:1420/src/lib/home/home-panel-run.ts:12:12
    at new Promise (<anonymous>)
    at runPanelAction (http://localhost:1420/src/lib/home/home-panel-run.ts:6:18)
    at refreshCoding (http://localhost:1420/src/views/HomeBench.vue?t=1788073214229:30:28)
    at http://localhost:1420/src/views/HomeBench.vue?t=1788073214229:47:14
[ 1179353ms] TypeError: Cannot read properties of undefined (reading 'transformCallback')
    at transformCallback (http://localhost:1420/node_modules/.vite/deps/chunk-G7S6KQDI.js?v=318df923:22:37)
    at listen (http://localhost:1420/node_modules/.vite/deps/chunk-7FCLUC5I.js?v=318df923:39:14)
    at once (http://localhost:1420/node_modules/.vite/deps/chunk-7FCLUC5I.js?v=318df923:45:10)
    at http://localhost:1420/src/services/brainClient.ts:20:10
    at new Promise (<anonymous>)
    at onceWithTimeout (http://localhost:1420/src/services/brainClient.ts:19:16)
    at getWidgetsOnce (http://localhost:1420/src/services/brainClient.ts:198:10)
    at refresh (http://localhost:1420/src/views/HomeFloatNotes.vue:51:30)
    at http://localhost:1420/src/views/HomeFloatNotes.vue:59:14
[ 1179353ms] TypeError: Cannot read properties of undefined (reading 'transformCallback')
    at transformCallback (http://localhost:1420/node_modules/.vite/deps/chunk-G7S6KQDI.js?v=318df923:22:37)
    at listen (http://localhost:1420/node_modules/.vite/deps/chunk-7FCLUC5I.js?v=318df923:39:14)
    at onBrainEvent (http://localhost:1420/src/services/brainClient.ts:299:10)
    at http://localhost:1420/src/lib/home/home-panel-run.ts:12:12
    at new Promise (<anonymous>)
    at runPanelAction (http://localhost:1420/src/lib/home/home-panel-run.ts:6:18)
    at refreshCoding (http://localhost:1420/src/views/HomeBench.vue?t=1788073214229:30:28)
    at http://localhost:1420/src/views/HomeBench.vue?t=1788073214229:47:14
[ 1191354ms] TypeError: Cannot read properties of undefined (reading 'transformCallback')
    at transformCallback (http://localhost:1420/node_modules/.vite/deps/chunk-G7S6KQDI.js?v=318df923:22:37)
    at listen (http://localhost:1420/node_modules/.vite/deps/chunk-7FCLUC5I.js?v=318df923:39:14)
    at once (http://localhost:1420/node_modules/.vite/deps/chunk-7FCLUC5I.js?v=318df923:45:10)
    at http://localhost:1420/src/services/brainClient.ts:20:10
    at new Promise (<anonymous>)
    at onceWithTimeout (http://localhost:1420/src/services/brainClient.ts:19:16)
    at getWidgetsOnce (http://localhost:1420/src/services/brainClient.ts:198:10)
    at refresh (http://localhost:1420/src/views/HomeFloatNotes.vue:51:30)
    at http://localhost:1420/src/views/HomeFloatNotes.vue:59:14
[ 1191354ms] TypeError: Cannot read properties of undefined (reading 'transformCallback')
    at transformCallback (http://localhost:1420/node_modules/.vite/deps/chunk-G7S6KQDI.js?v=318df923:22:37)
    at listen (http://localhost:1420/node_modules/.vite/deps/chunk-7FCLUC5I.js?v=318df923:39:14)
    at onBrainEvent (http://localhost:1420/src/services/brainClient.ts:299:10)
    at http://localhost:1420/src/lib/home/home-panel-run.ts:12:12
    at new Promise (<anonymous>)
    at runPanelAction (http://localhost:1420/src/lib/home/home-panel-run.ts:6:18)
    at refreshCoding (http://localhost:1420/src/views/HomeBench.vue?t=1788073214229:30:28)
    at http://localhost:1420/src/views/HomeBench.vue?t=1788073214229:47:14
[ 1203355ms] TypeError: Cannot read properties of undefined (reading 'transformCallback')
    at transformCallback (http://localhost:1420/node_modules/.vite/deps/chunk-G7S6KQDI.js?v=318df923:22:37)
    at listen (http://localhost:1420/node_modules/.vite/deps/chunk-7FCLUC5I.js?v=318df923:39:14)
    at once (http://localhost:1420/node_modules/.vite/deps/chunk-7FCLUC5I.js?v=318df923:45:10)
    at http://localhost:1420/src/services/brainClient.ts:20:10
    at new Promise (<anonymous>)
    at onceWithTimeout (http://localhost:1420/src/services/brainClient.ts:19:16)
    at getWidgetsOnce (http://localhost:1420/src/services/brainClient.ts:198:10)
    at refresh (http://localhost:1420/src/views/HomeFloatNotes.vue:51:30)
    at http://localhost:1420/src/views/HomeFloatNotes.vue:59:14
[ 1203355ms] TypeError: Cannot read properties of undefined (reading 'transformCallback')
    at transformCallback (http://localhost:1420/node_modules/.vite/deps/chunk-G7S6KQDI.js?v=318df923:22:37)
    at listen (http://localhost:1420/node_modules/.vite/deps/chunk-7FCLUC5I.js?v=318df923:39:14)
    at onBrainEvent (http://localhost:1420/src/services/brainClient.ts:299:10)
    at http://localhost:1420/src/lib/home/home-panel-run.ts:12:12
    at new Promise (<anonymous>)
    at runPanelAction (http://localhost:1420/src/lib/home/home-panel-run.ts:6:18)
    at refreshCoding (http://localhost:1420/src/views/HomeBench.vue?t=1788073214229:30:28)
    at http://localhost:1420/src/views/HomeBench.vue?t=1788073214229:47:14
[ 1215354ms] TypeError: Cannot read properties of undefined (reading 'transformCallback')
    at transformCallback (http://localhost:1420/node_modules/.vite/deps/chunk-G7S6KQDI.js?v=318df923:22:37)
    at listen (http://localhost:1420/node_modules/.vite/deps/chunk-7FCLUC5I.js?v=318df923:39:14)
    at once (http://localhost:1420/node_modules/.vite/deps/chunk-7FCLUC5I.js?v=318df923:45:10)
    at http://localhost:1420/src/services/brainClient.ts:20:10
    at new Promise (<anonymous>)
    at onceWithTimeout (http://localhost:1420/src/services/brainClient.ts:19:16)
    at getWidgetsOnce (http://localhost:1420/src/services/brainClient.ts:198:10)
    at refresh (http://localhost:1420/src/views/HomeFloatNotes.vue:51:30)
    at http://localhost:1420/src/views/HomeFloatNotes.vue:59:14
[ 1215354ms] TypeError: Cannot read properties of undefined (reading 'transformCallback')
    at transformCallback (http://localhost:1420/node_modules/.vite/deps/chunk-G7S6KQDI.js?v=318df923:22:37)
    at listen (http://localhost:1420/node_modules/.vite/deps/chunk-7FCLUC5I.js?v=318df923:39:14)
    at onBrainEvent (http://localhost:1420/src/services/brainClient.ts:299:10)
    at http://localhost:1420/src/lib/home/home-panel-run.ts:12:12
    at new Promise (<anonymous>)
    at runPanelAction (http://localhost:1420/src/lib/home/home-panel-run.ts:6:18)
    at refreshCoding (http://localhost:1420/src/views/HomeBench.vue?t=1788073214229:30:28)
    at http://localhost:1420/src/views/HomeBench.vue?t=1788073214229:47:14
[ 1227354ms] TypeError: Cannot read properties of undefined (reading 'transformCallback')
    at transformCallback (http://localhost:1420/node_modules/.vite/deps/chunk-G7S6KQDI.js?v=318df923:22:37)
    at listen (http://localhost:1420/node_modules/.vite/deps/chunk-7FCLUC5I.js?v=318df923:39:14)
    at once (http://localhost:1420/node_modules/.vite/deps/chunk-7FCLUC5I.js?v=318df923:45:10)
    at http://localhost:1420/src/services/brainClient.ts:20:10
    at new Promise (<anonymous>)
    at onceWithTimeout (http://localhost:1420/src/services/brainClient.ts:19:16)
    at getWidgetsOnce (http://localhost:1420/src/services/brainClient.ts:198:10)
    at refresh (http://localhost:1420/src/views/HomeFloatNotes.vue:51:30)
    at http://localhost:1420/src/views/HomeFloatNotes.vue:59:14
[ 1227354ms] TypeError: Cannot read properties of undefined (reading 'transformCallback')
    at transformCallback (http://localhost:1420/node_modules/.vite/deps/chunk-G7S6KQDI.js?v=318df923:22:37)
    at listen (http://localhost:1420/node_modules/.vite/deps/chunk-7FCLUC5I.js?v=318df923:39:14)
    at onBrainEvent (http://localhost:1420/src/services/brainClient.ts:299:10)
    at http://localhost:1420/src/lib/home/home-panel-run.ts:12:12
    at new Promise (<anonymous>)
    at runPanelAction (http://localhost:1420/src/lib/home/home-panel-run.ts:6:18)
    at refreshCoding (http://localhost:1420/src/views/HomeBench.vue?t=1788073214229:30:28)
    at http://localhost:1420/src/views/HomeBench.vue?t=1788073214229:47:14
[ 1239354ms] TypeError: Cannot read properties of undefined (reading 'transformCallback')
    at transformCallback (http://localhost:1420/node_modules/.vite/deps/chunk-G7S6KQDI.js?v=318df923:22:37)
    at listen (http://localhost:1420/node_modules/.vite/deps/chunk-7FCLUC5I.js?v=318df923:39:14)
    at once (http://localhost:1420/node_modules/.vite/deps/chunk-7FCLUC5I.js?v=318df923:45:10)
    at http://localhost:1420/src/services/brainClient.ts:20:10
    at new Promise (<anonymous>)
    at onceWithTimeout (http://localhost:1420/src/services/brainClient.ts:19:16)
    at getWidgetsOnce (http://localhost:1420/src/services/brainClient.ts:198:10)
    at refresh (http://localhost:1420/src/views/HomeFloatNotes.vue:51:30)
    at http://localhost:1420/src/views/HomeFloatNotes.vue:59:14
[ 1239355ms] TypeError: Cannot read properties of undefined (reading 'transformCallback')
    at transformCallback (http://localhost:1420/node_modules/.vite/deps/chunk-G7S6KQDI.js?v=318df923:22:37)
    at listen (http://localhost:1420/node_modules/.vite/deps/chunk-7FCLUC5I.js?v=318df923:39:14)
    at onBrainEvent (http://localhost:1420/src/services/brainClient.ts:299:10)
    at http://localhost:1420/src/lib/home/home-panel-run.ts:12:12
    at new Promise (<anonymous>)
    at runPanelAction (http://localhost:1420/src/lib/home/home-panel-run.ts:6:18)
    at refreshCoding (http://localhost:1420/src/views/HomeBench.vue?t=1788073214229:30:28)
    at http://localhost:1420/src/views/HomeBench.vue?t=1788073214229:47:14
[ 1251354ms] TypeError: Cannot read properties of undefined (reading 'transformCallback')
    at transformCallback (http://localhost:1420/node_modules/.vite/deps/chunk-G7S6KQDI.js?v=318df923:22:37)
    at listen (http://localhost:1420/node_modules/.vite/deps/chunk-7FCLUC5I.js?v=318df923:39:14)
    at once (http://localhost:1420/node_modules/.vite/deps/chunk-7FCLUC5I.js?v=318df923:45:10)
    at http://localhost:1420/src/services/brainClient.ts:20:10
    at new Promise (<anonymous>)
    at onceWithTimeout (http://localhost:1420/src/services/brainClient.ts:19:16)
    at getWidgetsOnce (http://localhost:1420/src/services/brainClient.ts:198:10)
    at refresh (http://localhost:1420/src/views/HomeFloatNotes.vue:51:30)
    at http://localhost:1420/src/views/HomeFloatNotes.vue:59:14
[ 1251355ms] TypeError: Cannot read properties of undefined (reading 'transformCallback')
    at transformCallback (http://localhost:1420/node_modules/.vite/deps/chunk-G7S6KQDI.js?v=318df923:22:37)
    at listen (http://localhost:1420/node_modules/.vite/deps/chunk-7FCLUC5I.js?v=318df923:39:14)
    at onBrainEvent (http://localhost:1420/src/services/brainClient.ts:299:10)
    at http://localhost:1420/src/lib/home/home-panel-run.ts:12:12
    at new Promise (<anonymous>)
    at runPanelAction (http://localhost:1420/src/lib/home/home-panel-run.ts:6:18)
    at refreshCoding (http://localhost:1420/src/views/HomeBench.vue?t=1788073214229:30:28)
    at http://localhost:1420/src/views/HomeBench.vue?t=1788073214229:47:14
[ 1263354ms] TypeError: Cannot read properties of undefined (reading 'transformCallback')
    at transformCallback (http://localhost:1420/node_modules/.vite/deps/chunk-G7S6KQDI.js?v=318df923:22:37)
    at listen (http://localhost:1420/node_modules/.vite/deps/chunk-7FCLUC5I.js?v=318df923:39:14)
    at once (http://localhost:1420/node_modules/.vite/deps/chunk-7FCLUC5I.js?v=318df923:45:10)
    at http://localhost:1420/src/services/brainClient.ts:20:10
    at new Promise (<anonymous>)
    at onceWithTimeout (http://localhost:1420/src/services/brainClient.ts:19:16)
    at getWidgetsOnce (http://localhost:1420/src/services/brainClient.ts:198:10)
    at refresh (http://localhost:1420/src/views/HomeFloatNotes.vue:51:30)
    at http://localhost:1420/src/views/HomeFloatNotes.vue:59:14
[ 1263355ms] TypeError: Cannot read properties of undefined (reading 'transformCallback')
    at transformCallback (http://localhost:1420/node_modules/.vite/deps/chunk-G7S6KQDI.js?v=318df923:22:37)
    at listen (http://localhost:1420/node_modules/.vite/deps/chunk-7FCLUC5I.js?v=318df923:39:14)
    at onBrainEvent (http://localhost:1420/src/services/brainClient.ts:299:10)
    at http://localhost:1420/src/lib/home/home-panel-run.ts:12:12
    at new Promise (<anonymous>)
    at runPanelAction (http://localhost:1420/src/lib/home/home-panel-run.ts:6:18)
    at refreshCoding (http://localhost:1420/src/views/HomeBench.vue?t=1788073214229:30:28)
    at http://localhost:1420/src/views/HomeBench.vue?t=1788073214229:47:14
[ 1275354ms] TypeError: Cannot read properties of undefined (reading 'transformCallback')
    at transformCallback (http://localhost:1420/node_modules/.vite/deps/chunk-G7S6KQDI.js?v=318df923:22:37)
    at listen (http://localhost:1420/node_modules/.vite/deps/chunk-7FCLUC5I.js?v=318df923:39:14)
    at once (http://localhost:1420/node_modules/.vite/deps/chunk-7FCLUC5I.js?v=318df923:45:10)
    at http://localhost:1420/src/services/brainClient.ts:20:10
    at new Promise (<anonymous>)
    at onceWithTimeout (http://localhost:1420/src/services/brainClient.ts:19:16)
    at getWidgetsOnce (http://localhost:1420/src/services/brainClient.ts:198:10)
    at refresh (http://localhost:1420/src/views/HomeFloatNotes.vue:51:30)
    at http://localhost:1420/src/views/HomeFloatNotes.vue:59:14
[ 1275355ms] TypeError: Cannot read properties of undefined (reading 'transformCallback')
    at transformCallback (http://localhost:1420/node_modules/.vite/deps/chunk-G7S6KQDI.js?v=318df923:22:37)
    at listen (http://localhost:1420/node_modules/.vite/deps/chunk-7FCLUC5I.js?v=318df923:39:14)
    at onBrainEvent (http://localhost:1420/src/services/brainClient.ts:299:10)
    at http://localhost:1420/src/lib/home/home-panel-run.ts:12:12
    at new Promise (<anonymous>)
    at runPanelAction (http://localhost:1420/src/lib/home/home-panel-run.ts:6:18)
    at refreshCoding (http://localhost:1420/src/views/HomeBench.vue?t=1788073214229:30:28)
    at http://localhost:1420/src/views/HomeBench.vue?t=1788073214229:47:14
[ 1287354ms] TypeError: Cannot read properties of undefined (reading 'transformCallback')
    at transformCallback (http://localhost:1420/node_modules/.vite/deps/chunk-G7S6KQDI.js?v=318df923:22:37)
    at listen (http://localhost:1420/node_modules/.vite/deps/chunk-7FCLUC5I.js?v=318df923:39:14)
    at once (http://localhost:1420/node_modules/.vite/deps/chunk-7FCLUC5I.js?v=318df923:45:10)
    at http://localhost:1420/src/services/brainClient.ts:20:10
    at new Promise (<anonymous>)
    at onceWithTimeout (http://localhost:1420/src/services/brainClient.ts:19:16)
    at getWidgetsOnce (http://localhost:1420/src/services/brainClient.ts:198:10)
    at refresh (http://localhost:1420/src/views/HomeFloatNotes.vue:51:30)
    at http://localhost:1420/src/views/HomeFloatNotes.vue:59:14
[ 1287355ms] TypeError: Cannot read properties of undefined (reading 'transformCallback')
    at transformCallback (http://localhost:1420/node_modules/.vite/deps/chunk-G7S6KQDI.js?v=318df923:22:37)
    at listen (http://localhost:1420/node_modules/.vite/deps/chunk-7FCLUC5I.js?v=318df923:39:14)
    at onBrainEvent (http://localhost:1420/src/services/brainClient.ts:299:10)
    at http://localhost:1420/src/lib/home/home-panel-run.ts:12:12
    at new Promise (<anonymous>)
    at runPanelAction (http://localhost:1420/src/lib/home/home-panel-run.ts:6:18)
    at refreshCoding (http://localhost:1420/src/views/HomeBench.vue?t=1788073214229:30:28)
    at http://localhost:1420/src/views/HomeBench.vue?t=1788073214229:47:14
[ 1299354ms] TypeError: Cannot read properties of undefined (reading 'transformCallback')
    at transformCallback (http://localhost:1420/node_modules/.vite/deps/chunk-G7S6KQDI.js?v=318df923:22:37)
    at listen (http://localhost:1420/node_modules/.vite/deps/chunk-7FCLUC5I.js?v=318df923:39:14)
    at once (http://localhost:1420/node_modules/.vite/deps/chunk-7FCLUC5I.js?v=318df923:45:10)
    at http://localhost:1420/src/services/brainClient.ts:20:10
    at new Promise (<anonymous>)
    at onceWithTimeout (http://localhost:1420/src/services/brainClient.ts:19:16)
    at getWidgetsOnce (http://localhost:1420/src/services/brainClient.ts:198:10)
    at refresh (http://localhost:1420/src/views/HomeFloatNotes.vue:51:30)
    at http://localhost:1420/src/views/HomeFloatNotes.vue:59:14
[ 1299355ms] TypeError: Cannot read properties of undefined (reading 'transformCallback')
    at transformCallback (http://localhost:1420/node_modules/.vite/deps/chunk-G7S6KQDI.js?v=318df923:22:37)
    at listen (http://localhost:1420/node_modules/.vite/deps/chunk-7FCLUC5I.js?v=318df923:39:14)
    at onBrainEvent (http://localhost:1420/src/services/brainClient.ts:299:10)
    at http://localhost:1420/src/lib/home/home-panel-run.ts:12:12
    at new Promise (<anonymous>)
    at runPanelAction (http://localhost:1420/src/lib/home/home-panel-run.ts:6:18)
    at refreshCoding (http://localhost:1420/src/views/HomeBench.vue?t=1788073214229:30:28)
    at http://localhost:1420/src/views/HomeBench.vue?t=1788073214229:47:14
[ 1311354ms] TypeError: Cannot read properties of undefined (reading 'transformCallback')
    at transformCallback (http://localhost:1420/node_modules/.vite/deps/chunk-G7S6KQDI.js?v=318df923:22:37)
    at listen (http://localhost:1420/node_modules/.vite/deps/chunk-7FCLUC5I.js?v=318df923:39:14)
    at once (http://localhost:1420/node_modules/.vite/deps/chunk-7FCLUC5I.js?v=318df923:45:10)
    at http://localhost:1420/src/services/brainClient.ts:20:10
    at new Promise (<anonymous>)
    at onceWithTimeout (http://localhost:1420/src/services/brainClient.ts:19:16)
    at getWidgetsOnce (http://localhost:1420/src/services/brainClient.ts:198:10)
    at refresh (http://localhost:1420/src/views/HomeFloatNotes.vue:51:30)
    at http://localhost:1420/src/views/HomeFloatNotes.vue:59:14
[ 1311355ms] TypeError: Cannot read properties of undefined (reading 'transformCallback')
    at transformCallback (http://localhost:1420/node_modules/.vite/deps/chunk-G7S6KQDI.js?v=318df923:22:37)
    at listen (http://localhost:1420/node_modules/.vite/deps/chunk-7FCLUC5I.js?v=318df923:39:14)
    at onBrainEvent (http://localhost:1420/src/services/brainClient.ts:299:10)
    at http://localhost:1420/src/lib/home/home-panel-run.ts:12:12
    at new Promise (<anonymous>)
    at runPanelAction (http://localhost:1420/src/lib/home/home-panel-run.ts:6:18)
    at refreshCoding (http://localhost:1420/src/views/HomeBench.vue?t=1788073214229:30:28)
    at http://localhost:1420/src/views/HomeBench.vue?t=1788073214229:47:14
[ 1323356ms] TypeError: Cannot read properties of undefined (reading 'transformCallback')
    at transformCallback (http://localhost:1420/node_modules/.vite/deps/chunk-G7S6KQDI.js?v=318df923:22:37)
    at listen (http://localhost:1420/node_modules/.vite/deps/chunk-7FCLUC5I.js?v=318df923:39:14)
    at once (http://localhost:1420/node_modules/.vite/deps/chunk-7FCLUC5I.js?v=318df923:45:10)
    at http://localhost:1420/src/services/brainClient.ts:20:10
    at new Promise (<anonymous>)
    at onceWithTimeout (http://localhost:1420/src/services/brainClient.ts:19:16)
    at getWidgetsOnce (http://localhost:1420/src/services/brainClient.ts:198:10)
    at refresh (http://localhost:1420/src/views/HomeFloatNotes.vue:51:30)
    at http://localhost:1420/src/views/HomeFloatNotes.vue:59:14
[ 1323357ms] TypeError: Cannot read properties of undefined (reading 'transformCallback')
    at transformCallback (http://localhost:1420/node_modules/.vite/deps/chunk-G7S6KQDI.js?v=318df923:22:37)
    at listen (http://localhost:1420/node_modules/.vite/deps/chunk-7FCLUC5I.js?v=318df923:39:14)
    at onBrainEvent (http://localhost:1420/src/services/brainClient.ts:299:10)
    at http://localhost:1420/src/lib/home/home-panel-run.ts:12:12
    at new Promise (<anonymous>)
    at runPanelAction (http://localhost:1420/src/lib/home/home-panel-run.ts:6:18)
    at refreshCoding (http://localhost:1420/src/views/HomeBench.vue?t=1788073214229:30:28)
    at http://localhost:1420/src/views/HomeBench.vue?t=1788073214229:47:14
[ 1335355ms] TypeError: Cannot read properties of undefined (reading 'transformCallback')
    at transformCallback (http://localhost:1420/node_modules/.vite/deps/chunk-G7S6KQDI.js?v=318df923:22:37)
    at listen (http://localhost:1420/node_modules/.vite/deps/chunk-7FCLUC5I.js?v=318df923:39:14)
    at once (http://localhost:1420/node_modules/.vite/deps/chunk-7FCLUC5I.js?v=318df923:45:10)
    at http://localhost:1420/src/services/brainClient.ts:20:10
    at new Promise (<anonymous>)
    at onceWithTimeout (http://localhost:1420/src/services/brainClient.ts:19:16)
    at getWidgetsOnce (http://localhost:1420/src/services/brainClient.ts:198:10)
    at refresh (http://localhost:1420/src/views/HomeFloatNotes.vue:51:30)
    at http://localhost:1420/src/views/HomeFloatNotes.vue:59:14
[ 1335356ms] TypeError: Cannot read properties of undefined (reading 'transformCallback')
    at transformCallback (http://localhost:1420/node_modules/.vite/deps/chunk-G7S6KQDI.js?v=318df923:22:37)
    at listen (http://localhost:1420/node_modules/.vite/deps/chunk-7FCLUC5I.js?v=318df923:39:14)
    at onBrainEvent (http://localhost:1420/src/services/brainClient.ts:299:10)
    at http://localhost:1420/src/lib/home/home-panel-run.ts:12:12
    at new Promise (<anonymous>)
    at runPanelAction (http://localhost:1420/src/lib/home/home-panel-run.ts:6:18)
    at refreshCoding (http://localhost:1420/src/views/HomeBench.vue?t=1788073214229:30:28)
    at http://localhost:1420/src/views/HomeBench.vue?t=1788073214229:47:14
[ 1347356ms] TypeError: Cannot read properties of undefined (reading 'transformCallback')
    at transformCallback (http://localhost:1420/node_modules/.vite/deps/chunk-G7S6KQDI.js?v=318df923:22:37)
    at listen (http://localhost:1420/node_modules/.vite/deps/chunk-7FCLUC5I.js?v=318df923:39:14)
    at once (http://localhost:1420/node_modules/.vite/deps/chunk-7FCLUC5I.js?v=318df923:45:10)
    at http://localhost:1420/src/services/brainClient.ts:20:10
    at new Promise (<anonymous>)
    at onceWithTimeout (http://localhost:1420/src/services/brainClient.ts:19:16)
    at getWidgetsOnce (http://localhost:1420/src/services/brainClient.ts:198:10)
    at refresh (http://localhost:1420/src/views/HomeFloatNotes.vue:51:30)
    at http://localhost:1420/src/views/HomeFloatNotes.vue:59:14
[ 1347356ms] TypeError: Cannot read properties of undefined (reading 'transformCallback')
    at transformCallback (http://localhost:1420/node_modules/.vite/deps/chunk-G7S6KQDI.js?v=318df923:22:37)
    at listen (http://localhost:1420/node_modules/.vite/deps/chunk-7FCLUC5I.js?v=318df923:39:14)
    at onBrainEvent (http://localhost:1420/src/services/brainClient.ts:299:10)
    at http://localhost:1420/src/lib/home/home-panel-run.ts:12:12
    at new Promise (<anonymous>)
    at runPanelAction (http://localhost:1420/src/lib/home/home-panel-run.ts:6:18)
    at refreshCoding (http://localhost:1420/src/views/HomeBench.vue?t=1788073214229:30:28)
    at http://localhost:1420/src/views/HomeBench.vue?t=1788073214229:47:14
[ 1359354ms] TypeError: Cannot read properties of undefined (reading 'transformCallback')
    at transformCallback (http://localhost:1420/node_modules/.vite/deps/chunk-G7S6KQDI.js?v=318df923:22:37)
    at listen (http://localhost:1420/node_modules/.vite/deps/chunk-7FCLUC5I.js?v=318df923:39:14)
    at once (http://localhost:1420/node_modules/.vite/deps/chunk-7FCLUC5I.js?v=318df923:45:10)
    at http://localhost:1420/src/services/brainClient.ts:20:10
    at new Promise (<anonymous>)
    at onceWithTimeout (http://localhost:1420/src/services/brainClient.ts:19:16)
    at getWidgetsOnce (http://localhost:1420/src/services/brainClient.ts:198:10)
    at refresh (http://localhost:1420/src/views/HomeFloatNotes.vue:51:30)
    at http://localhost:1420/src/views/HomeFloatNotes.vue:59:14
[ 1359356ms] TypeError: Cannot read properties of undefined (reading 'transformCallback')
    at transformCallback (http://localhost:1420/node_modules/.vite/deps/chunk-G7S6KQDI.js?v=318df923:22:37)
    at listen (http://localhost:1420/node_modules/.vite/deps/chunk-7FCLUC5I.js?v=318df923:39:14)
    at onBrainEvent (http://localhost:1420/src/services/brainClient.ts:299:10)
    at http://localhost:1420/src/lib/home/home-panel-run.ts:12:12
    at new Promise (<anonymous>)
    at runPanelAction (http://localhost:1420/src/lib/home/home-panel-run.ts:6:18)
    at refreshCoding (http://localhost:1420/src/views/HomeBench.vue?t=1788073214229:30:28)
    at http://localhost:1420/src/views/HomeBench.vue?t=1788073214229:47:14
[ 1371356ms] TypeError: Cannot read properties of undefined (reading 'transformCallback')
    at transformCallback (http://localhost:1420/node_modules/.vite/deps/chunk-G7S6KQDI.js?v=318df923:22:37)
    at listen (http://localhost:1420/node_modules/.vite/deps/chunk-7FCLUC5I.js?v=318df923:39:14)
    at once (http://localhost:1420/node_modules/.vite/deps/chunk-7FCLUC5I.js?v=318df923:45:10)
    at http://localhost:1420/src/services/brainClient.ts:20:10
    at new Promise (<anonymous>)
    at onceWithTimeout (http://localhost:1420/src/services/brainClient.ts:19:16)
    at getWidgetsOnce (http://localhost:1420/src/services/brainClient.ts:198:10)
    at refresh (http://localhost:1420/src/views/HomeFloatNotes.vue:51:30)
    at http://localhost:1420/src/views/HomeFloatNotes.vue:59:14
[ 1371356ms] TypeError: Cannot read properties of undefined (reading 'transformCallback')
    at transformCallback (http://localhost:1420/node_modules/.vite/deps/chunk-G7S6KQDI.js?v=318df923:22:37)
    at listen (http://localhost:1420/node_modules/.vite/deps/chunk-7FCLUC5I.js?v=318df923:39:14)
    at onBrainEvent (http://localhost:1420/src/services/brainClient.ts:299:10)
    at http://localhost:1420/src/lib/home/home-panel-run.ts:12:12
    at new Promise (<anonymous>)
    at runPanelAction (http://localhost:1420/src/lib/home/home-panel-run.ts:6:18)
    at refreshCoding (http://localhost:1420/src/views/HomeBench.vue?t=1788073214229:30:28)
    at http://localhost:1420/src/views/HomeBench.vue?t=1788073214229:47:14
[ 1383355ms] TypeError: Cannot read properties of undefined (reading 'transformCallback')
    at transformCallback (http://localhost:1420/node_modules/.vite/deps/chunk-G7S6KQDI.js?v=318df923:22:37)
    at listen (http://localhost:1420/node_modules/.vite/deps/chunk-7FCLUC5I.js?v=318df923:39:14)
    at once (http://localhost:1420/node_modules/.vite/deps/chunk-7FCLUC5I.js?v=318df923:45:10)
    at http://localhost:1420/src/services/brainClient.ts:20:10
    at new Promise (<anonymous>)
    at onceWithTimeout (http://localhost:1420/src/services/brainClient.ts:19:16)
    at getWidgetsOnce (http://localhost:1420/src/services/brainClient.ts:198:10)
    at refresh (http://localhost:1420/src/views/HomeFloatNotes.vue:51:30)
    at http://localhost:1420/src/views/HomeFloatNotes.vue:59:14
[ 1383357ms] TypeError: Cannot read properties of undefined (reading 'transformCallback')
    at transformCallback (http://localhost:1420/node_modules/.vite/deps/chunk-G7S6KQDI.js?v=318df923:22:37)
    at listen (http://localhost:1420/node_modules/.vite/deps/chunk-7FCLUC5I.js?v=318df923:39:14)
    at onBrainEvent (http://localhost:1420/src/services/brainClient.ts:299:10)
    at http://localhost:1420/src/lib/home/home-panel-run.ts:12:12
    at new Promise (<anonymous>)
    at runPanelAction (http://localhost:1420/src/lib/home/home-panel-run.ts:6:18)
    at refreshCoding (http://localhost:1420/src/views/HomeBench.vue?t=1788073214229:30:28)
    at http://localhost:1420/src/views/HomeBench.vue?t=1788073214229:47:14
[ 1395358ms] TypeError: Cannot read properties of undefined (reading 'transformCallback')
    at transformCallback (http://localhost:1420/node_modules/.vite/deps/chunk-G7S6KQDI.js?v=318df923:22:37)
    at listen (http://localhost:1420/node_modules/.vite/deps/chunk-7FCLUC5I.js?v=318df923:39:14)
    at once (http://localhost:1420/node_modules/.vite/deps/chunk-7FCLUC5I.js?v=318df923:45:10)
    at http://localhost:1420/src/services/brainClient.ts:20:10
    at new Promise (<anonymous>)
    at onceWithTimeout (http://localhost:1420/src/services/brainClient.ts:19:16)
    at getWidgetsOnce (http://localhost:1420/src/services/brainClient.ts:198:10)
    at refresh (http://localhost:1420/src/views/HomeFloatNotes.vue:51:30)
    at http://localhost:1420/src/views/HomeFloatNotes.vue:59:14
[ 1395358ms] TypeError: Cannot read properties of undefined (reading 'transformCallback')
    at transformCallback (http://localhost:1420/node_modules/.vite/deps/chunk-G7S6KQDI.js?v=318df923:22:37)
    at listen (http://localhost:1420/node_modules/.vite/deps/chunk-7FCLUC5I.js?v=318df923:39:14)
    at onBrainEvent (http://localhost:1420/src/services/brainClient.ts:299:10)
    at http://localhost:1420/src/lib/home/home-panel-run.ts:12:12
    at new Promise (<anonymous>)
    at runPanelAction (http://localhost:1420/src/lib/home/home-panel-run.ts:6:18)
    at refreshCoding (http://localhost:1420/src/views/HomeBench.vue?t=1788073214229:30:28)
    at http://localhost:1420/src/views/HomeBench.vue?t=1788073214229:47:14
[ 1407355ms] TypeError: Cannot read properties of undefined (reading 'transformCallback')
    at transformCallback (http://localhost:1420/node_modules/.vite/deps/chunk-G7S6KQDI.js?v=318df923:22:37)
    at listen (http://localhost:1420/node_modules/.vite/deps/chunk-7FCLUC5I.js?v=318df923:39:14)
    at once (http://localhost:1420/node_modules/.vite/deps/chunk-7FCLUC5I.js?v=318df923:45:10)
    at http://localhost:1420/src/services/brainClient.ts:20:10
    at new Promise (<anonymous>)
    at onceWithTimeout (http://localhost:1420/src/services/brainClient.ts:19:16)
    at getWidgetsOnce (http://localhost:1420/src/services/brainClient.ts:198:10)
    at refresh (http://localhost:1420/src/views/HomeFloatNotes.vue:51:30)
    at http://localhost:1420/src/views/HomeFloatNotes.vue:59:14
[ 1407357ms] TypeError: Cannot read properties of undefined (reading 'transformCallback')
    at transformCallback (http://localhost:1420/node_modules/.vite/deps/chunk-G7S6KQDI.js?v=318df923:22:37)
    at listen (http://localhost:1420/node_modules/.vite/deps/chunk-7FCLUC5I.js?v=318df923:39:14)
    at onBrainEvent (http://localhost:1420/src/services/brainClient.ts:299:10)
    at http://localhost:1420/src/lib/home/home-panel-run.ts:12:12
    at new Promise (<anonymous>)
    at runPanelAction (http://localhost:1420/src/lib/home/home-panel-run.ts:6:18)
    at refreshCoding (http://localhost:1420/src/views/HomeBench.vue?t=1788073214229:30:28)
    at http://localhost:1420/src/views/HomeBench.vue?t=1788073214229:47:14
[ 1419355ms] TypeError: Cannot read properties of undefined (reading 'transformCallback')
    at transformCallback (http://localhost:1420/node_modules/.vite/deps/chunk-G7S6KQDI.js?v=318df923:22:37)
    at listen (http://localhost:1420/node_modules/.vite/deps/chunk-7FCLUC5I.js?v=318df923:39:14)
    at once (http://localhost:1420/node_modules/.vite/deps/chunk-7FCLUC5I.js?v=318df923:45:10)
    at http://localhost:1420/src/services/brainClient.ts:20:10
    at new Promise (<anonymous>)
    at onceWithTimeout (http://localhost:1420/src/services/brainClient.ts:19:16)
    at getWidgetsOnce (http://localhost:1420/src/services/brainClient.ts:198:10)
    at refresh (http://localhost:1420/src/views/HomeFloatNotes.vue:51:30)
    at http://localhost:1420/src/views/HomeFloatNotes.vue:59:14
[ 1419357ms] TypeError: Cannot read properties of undefined (reading 'transformCallback')
    at transformCallback (http://localhost:1420/node_modules/.vite/deps/chunk-G7S6KQDI.js?v=318df923:22:37)
    at listen (http://localhost:1420/node_modules/.vite/deps/chunk-7FCLUC5I.js?v=318df923:39:14)
    at onBrainEvent (http://localhost:1420/src/services/brainClient.ts:299:10)
    at http://localhost:1420/src/lib/home/home-panel-run.ts:12:12
    at new Promise (<anonymous>)
    at runPanelAction (http://localhost:1420/src/lib/home/home-panel-run.ts:6:18)
    at refreshCoding (http://localhost:1420/src/views/HomeBench.vue?t=1788073214229:30:28)
    at http://localhost:1420/src/views/HomeBench.vue?t=1788073214229:47:14
[ 1431356ms] TypeError: Cannot read properties of undefined (reading 'transformCallback')
    at transformCallback (http://localhost:1420/node_modules/.vite/deps/chunk-G7S6KQDI.js?v=318df923:22:37)
    at listen (http://localhost:1420/node_modules/.vite/deps/chunk-7FCLUC5I.js?v=318df923:39:14)
    at once (http://localhost:1420/node_modules/.vite/deps/chunk-7FCLUC5I.js?v=318df923:45:10)
    at http://localhost:1420/src/services/brainClient.ts:20:10
    at new Promise (<anonymous>)
    at onceWithTimeout (http://localhost:1420/src/services/brainClient.ts:19:16)
    at getWidgetsOnce (http://localhost:1420/src/services/brainClient.ts:198:10)
    at refresh (http://localhost:1420/src/views/HomeFloatNotes.vue:51:30)
    at http://localhost:1420/src/views/HomeFloatNotes.vue:59:14
[ 1431357ms] TypeError: Cannot read properties of undefined (reading 'transformCallback')
    at transformCallback (http://localhost:1420/node_modules/.vite/deps/chunk-G7S6KQDI.js?v=318df923:22:37)
    at listen (http://localhost:1420/node_modules/.vite/deps/chunk-7FCLUC5I.js?v=318df923:39:14)
    at onBrainEvent (http://localhost:1420/src/services/brainClient.ts:299:10)
    at http://localhost:1420/src/lib/home/home-panel-run.ts:12:12
    at new Promise (<anonymous>)
    at runPanelAction (http://localhost:1420/src/lib/home/home-panel-run.ts:6:18)
    at refreshCoding (http://localhost:1420/src/views/HomeBench.vue?t=1788073214229:30:28)
    at http://localhost:1420/src/views/HomeBench.vue?t=1788073214229:47:14
[ 1443355ms] TypeError: Cannot read properties of undefined (reading 'transformCallback')
    at transformCallback (http://localhost:1420/node_modules/.vite/deps/chunk-G7S6KQDI.js?v=318df923:22:37)
    at listen (http://localhost:1420/node_modules/.vite/deps/chunk-7FCLUC5I.js?v=318df923:39:14)
    at once (http://localhost:1420/node_modules/.vite/deps/chunk-7FCLUC5I.js?v=318df923:45:10)
    at http://localhost:1420/src/services/brainClient.ts:20:10
    at new Promise (<anonymous>)
    at onceWithTimeout (http://localhost:1420/src/services/brainClient.ts:19:16)
    at getWidgetsOnce (http://localhost:1420/src/services/brainClient.ts:198:10)
    at refresh (http://localhost:1420/src/views/HomeFloatNotes.vue:51:30)
    at http://localhost:1420/src/views/HomeFloatNotes.vue:59:14
[ 1443357ms] TypeError: Cannot read properties of undefined (reading 'transformCallback')
    at transformCallback (http://localhost:1420/node_modules/.vite/deps/chunk-G7S6KQDI.js?v=318df923:22:37)
    at listen (http://localhost:1420/node_modules/.vite/deps/chunk-7FCLUC5I.js?v=318df923:39:14)
    at onBrainEvent (http://localhost:1420/src/services/brainClient.ts:299:10)
    at http://localhost:1420/src/lib/home/home-panel-run.ts:12:12
    at new Promise (<anonymous>)
    at runPanelAction (http://localhost:1420/src/lib/home/home-panel-run.ts:6:18)
    at refreshCoding (http://localhost:1420/src/views/HomeBench.vue?t=1788073214229:30:28)
    at http://localhost:1420/src/views/HomeBench.vue?t=1788073214229:47:14
[ 1455356ms] TypeError: Cannot read properties of undefined (reading 'transformCallback')
    at transformCallback (http://localhost:1420/node_modules/.vite/deps/chunk-G7S6KQDI.js?v=318df923:22:37)
    at listen (http://localhost:1420/node_modules/.vite/deps/chunk-7FCLUC5I.js?v=318df923:39:14)
    at once (http://localhost:1420/node_modules/.vite/deps/chunk-7FCLUC5I.js?v=318df923:45:10)
    at http://localhost:1420/src/services/brainClient.ts:20:10
    at new Promise (<anonymous>)
    at onceWithTimeout (http://localhost:1420/src/services/brainClient.ts:19:16)
    at getWidgetsOnce (http://localhost:1420/src/services/brainClient.ts:198:10)
    at refresh (http://localhost:1420/src/views/HomeFloatNotes.vue:51:30)
    at http://localhost:1420/src/views/HomeFloatNotes.vue:59:14
[ 1455357ms] TypeError: Cannot read properties of undefined (reading 'transformCallback')
    at transformCallback (http://localhost:1420/node_modules/.vite/deps/chunk-G7S6KQDI.js?v=318df923:22:37)
    at listen (http://localhost:1420/node_modules/.vite/deps/chunk-7FCLUC5I.js?v=318df923:39:14)
    at onBrainEvent (http://localhost:1420/src/services/brainClient.ts:299:10)
    at http://localhost:1420/src/lib/home/home-panel-run.ts:12:12
    at new Promise (<anonymous>)
    at runPanelAction (http://localhost:1420/src/lib/home/home-panel-run.ts:6:18)
    at refreshCoding (http://localhost:1420/src/views/HomeBench.vue?t=1788073214229:30:28)
    at http://localhost:1420/src/views/HomeBench.vue?t=1788073214229:47:14
[ 1467356ms] TypeError: Cannot read properties of undefined (reading 'transformCallback')
    at transformCallback (http://localhost:1420/node_modules/.vite/deps/chunk-G7S6KQDI.js?v=318df923:22:37)
    at listen (http://localhost:1420/node_modules/.vite/deps/chunk-7FCLUC5I.js?v=318df923:39:14)
    at once (http://localhost:1420/node_modules/.vite/deps/chunk-7FCLUC5I.js?v=318df923:45:10)
    at http://localhost:1420/src/services/brainClient.ts:20:10
    at new Promise (<anonymous>)
    at onceWithTimeout (http://localhost:1420/src/services/brainClient.ts:19:16)
    at getWidgetsOnce (http://localhost:1420/src/services/brainClient.ts:198:10)
    at refresh (http://localhost:1420/src/views/HomeFloatNotes.vue:51:30)
    at http://localhost:1420/src/views/HomeFloatNotes.vue:59:14
[ 1467357ms] TypeError: Cannot read properties of undefined (reading 'transformCallback')
    at transformCallback (http://localhost:1420/node_modules/.vite/deps/chunk-G7S6KQDI.js?v=318df923:22:37)
    at listen (http://localhost:1420/node_modules/.vite/deps/chunk-7FCLUC5I.js?v=318df923:39:14)
    at onBrainEvent (http://localhost:1420/src/services/brainClient.ts:299:10)
    at http://localhost:1420/src/lib/home/home-panel-run.ts:12:12
    at new Promise (<anonymous>)
    at runPanelAction (http://localhost:1420/src/lib/home/home-panel-run.ts:6:18)
    at refreshCoding (http://localhost:1420/src/views/HomeBench.vue?t=1788073214229:30:28)
    at http://localhost:1420/src/views/HomeBench.vue?t=1788073214229:47:14
[ 1479366ms] TypeError: Cannot read properties of undefined (reading 'transformCallback')
    at transformCallback (http://localhost:1420/node_modules/.vite/deps/chunk-G7S6KQDI.js?v=318df923:22:37)
    at listen (http://localhost:1420/node_modules/.vite/deps/chunk-7FCLUC5I.js?v=318df923:39:14)
    at once (http://localhost:1420/node_modules/.vite/deps/chunk-7FCLUC5I.js?v=318df923:45:10)
    at http://localhost:1420/src/services/brainClient.ts:20:10
    at new Promise (<anonymous>)
    at onceWithTimeout (http://localhost:1420/src/services/brainClient.ts:19:16)
    at getWidgetsOnce (http://localhost:1420/src/services/brainClient.ts:198:10)
    at refresh (http://localhost:1420/src/views/HomeFloatNotes.vue:51:30)
    at http://localhost:1420/src/views/HomeFloatNotes.vue:59:14
[ 1479367ms] TypeError: Cannot read properties of undefined (reading 'transformCallback')
    at transformCallback (http://localhost:1420/node_modules/.vite/deps/chunk-G7S6KQDI.js?v=318df923:22:37)
    at listen (http://localhost:1420/node_modules/.vite/deps/chunk-7FCLUC5I.js?v=318df923:39:14)
    at onBrainEvent (http://localhost:1420/src/services/brainClient.ts:299:10)
    at http://localhost:1420/src/lib/home/home-panel-run.ts:12:12
    at new Promise (<anonymous>)
    at runPanelAction (http://localhost:1420/src/lib/home/home-panel-run.ts:6:18)
    at refreshCoding (http://localhost:1420/src/views/HomeBench.vue?t=1788073214229:30:28)
    at http://localhost:1420/src/views/HomeBench.vue?t=1788073214229:47:14
[ 1491356ms] TypeError: Cannot read properties of undefined (reading 'transformCallback')
    at transformCallback (http://localhost:1420/node_modules/.vite/deps/chunk-G7S6KQDI.js?v=318df923:22:37)
    at listen (http://localhost:1420/node_modules/.vite/deps/chunk-7FCLUC5I.js?v=318df923:39:14)
    at once (http://localhost:1420/node_modules/.vite/deps/chunk-7FCLUC5I.js?v=318df923:45:10)
    at http://localhost:1420/src/services/brainClient.ts:20:10
    at new Promise (<anonymous>)
    at onceWithTimeout (http://localhost:1420/src/services/brainClient.ts:19:16)
    at getWidgetsOnce (http://localhost:1420/src/services/brainClient.ts:198:10)
    at refresh (http://localhost:1420/src/views/HomeFloatNotes.vue:51:30)
    at http://localhost:1420/src/views/HomeFloatNotes.vue:59:14
[ 1491357ms] TypeError: Cannot read properties of undefined (reading 'transformCallback')
    at transformCallback (http://localhost:1420/node_modules/.vite/deps/chunk-G7S6KQDI.js?v=318df923:22:37)
    at listen (http://localhost:1420/node_modules/.vite/deps/chunk-7FCLUC5I.js?v=318df923:39:14)
    at onBrainEvent (http://localhost:1420/src/services/brainClient.ts:299:10)
    at http://localhost:1420/src/lib/home/home-panel-run.ts:12:12
    at new Promise (<anonymous>)
    at runPanelAction (http://localhost:1420/src/lib/home/home-panel-run.ts:6:18)
    at refreshCoding (http://localhost:1420/src/views/HomeBench.vue?t=1788073214229:30:28)
    at http://localhost:1420/src/views/HomeBench.vue?t=1788073214229:47:14
[ 1503354ms] TypeError: Cannot read properties of undefined (reading 'transformCallback')
    at transformCallback (http://localhost:1420/node_modules/.vite/deps/chunk-G7S6KQDI.js?v=318df923:22:37)
    at listen (http://localhost:1420/node_modules/.vite/deps/chunk-7FCLUC5I.js?v=318df923:39:14)
    at once (http://localhost:1420/node_modules/.vite/deps/chunk-7FCLUC5I.js?v=318df923:45:10)
    at http://localhost:1420/src/services/brainClient.ts:20:10
    at new Promise (<anonymous>)
    at onceWithTimeout (http://localhost:1420/src/services/brainClient.ts:19:16)
    at getWidgetsOnce (http://localhost:1420/src/services/brainClient.ts:198:10)
    at refresh (http://localhost:1420/src/views/HomeFloatNotes.vue:51:30)
    at http://localhost:1420/src/views/HomeFloatNotes.vue:59:14
[ 1503356ms] TypeError: Cannot read properties of undefined (reading 'transformCallback')
    at transformCallback (http://localhost:1420/node_modules/.vite/deps/chunk-G7S6KQDI.js?v=318df923:22:37)
    at listen (http://localhost:1420/node_modules/.vite/deps/chunk-7FCLUC5I.js?v=318df923:39:14)
    at onBrainEvent (http://localhost:1420/src/services/brainClient.ts:299:10)
    at http://localhost:1420/src/lib/home/home-panel-run.ts:12:12
    at new Promise (<anonymous>)
    at runPanelAction (http://localhost:1420/src/lib/home/home-panel-run.ts:6:18)
    at refreshCoding (http://localhost:1420/src/views/HomeBench.vue?t=1788073214229:30:28)
    at http://localhost:1420/src/views/HomeBench.vue?t=1788073214229:47:14
[ 1515352ms] TypeError: Cannot read properties of undefined (reading 'transformCallback')
    at transformCallback (http://localhost:1420/node_modules/.vite/deps/chunk-G7S6KQDI.js?v=318df923:22:37)
    at listen (http://localhost:1420/node_modules/.vite/deps/chunk-7FCLUC5I.js?v=318df923:39:14)
    at once (http://localhost:1420/node_modules/.vite/deps/chunk-7FCLUC5I.js?v=318df923:45:10)
    at http://localhost:1420/src/services/brainClient.ts:20:10
    at new Promise (<anonymous>)
    at onceWithTimeout (http://localhost:1420/src/services/brainClient.ts:19:16)
    at getWidgetsOnce (http://localhost:1420/src/services/brainClient.ts:198:10)
    at refresh (http://localhost:1420/src/views/HomeFloatNotes.vue:51:30)
    at http://localhost:1420/src/views/HomeFloatNotes.vue:59:14
[ 1515353ms] TypeError: Cannot read properties of undefined (reading 'transformCallback')
    at transformCallback (http://localhost:1420/node_modules/.vite/deps/chunk-G7S6KQDI.js?v=318df923:22:37)
    at listen (http://localhost:1420/node_modules/.vite/deps/chunk-7FCLUC5I.js?v=318df923:39:14)
    at onBrainEvent (http://localhost:1420/src/services/brainClient.ts:299:10)
    at http://localhost:1420/src/lib/home/home-panel-run.ts:12:12
    at new Promise (<anonymous>)
    at runPanelAction (http://localhost:1420/src/lib/home/home-panel-run.ts:6:18)
    at refreshCoding (http://localhost:1420/src/views/HomeBench.vue?t=1788073214229:30:28)
    at http://localhost:1420/src/views/HomeBench.vue?t=1788073214229:47:14
[ 1527351ms] TypeError: Cannot read properties of undefined (reading 'transformCallback')
    at transformCallback (http://localhost:1420/node_modules/.vite/deps/chunk-G7S6KQDI.js?v=318df923:22:37)
    at listen (http://localhost:1420/node_modules/.vite/deps/chunk-7FCLUC5I.js?v=318df923:39:14)
    at once (http://localhost:1420/node_modules/.vite/deps/chunk-7FCLUC5I.js?v=318df923:45:10)
    at http://localhost:1420/src/services/brainClient.ts:20:10
    at new Promise (<anonymous>)
    at onceWithTimeout (http://localhost:1420/src/services/brainClient.ts:19:16)
    at getWidgetsOnce (http://localhost:1420/src/services/brainClient.ts:198:10)
    at refresh (http://localhost:1420/src/views/HomeFloatNotes.vue:51:30)
    at http://localhost:1420/src/views/HomeFloatNotes.vue:59:14
[ 1527352ms] TypeError: Cannot read properties of undefined (reading 'transformCallback')
    at transformCallback (http://localhost:1420/node_modules/.vite/deps/chunk-G7S6KQDI.js?v=318df923:22:37)
    at listen (http://localhost:1420/node_modules/.vite/deps/chunk-7FCLUC5I.js?v=318df923:39:14)
    at onBrainEvent (http://localhost:1420/src/services/brainClient.ts:299:10)
    at http://localhost:1420/src/lib/home/home-panel-run.ts:12:12
    at new Promise (<anonymous>)
    at runPanelAction (http://localhost:1420/src/lib/home/home-panel-run.ts:6:18)
    at refreshCoding (http://localhost:1420/src/views/HomeBench.vue?t=1788073214229:30:28)
    at http://localhost:1420/src/views/HomeBench.vue?t=1788073214229:47:14
[ 1539350ms] TypeError: Cannot read properties of undefined (reading 'transformCallback')
    at transformCallback (http://localhost:1420/node_modules/.vite/deps/chunk-G7S6KQDI.js?v=318df923:22:37)
    at listen (http://localhost:1420/node_modules/.vite/deps/chunk-7FCLUC5I.js?v=318df923:39:14)
    at once (http://localhost:1420/node_modules/.vite/deps/chunk-7FCLUC5I.js?v=318df923:45:10)
    at http://localhost:1420/src/services/brainClient.ts:20:10
    at new Promise (<anonymous>)
    at onceWithTimeout (http://localhost:1420/src/services/brainClient.ts:19:16)
    at getWidgetsOnce (http://localhost:1420/src/services/brainClient.ts:198:10)
    at refresh (http://localhost:1420/src/views/HomeFloatNotes.vue:51:30)
    at http://localhost:1420/src/views/HomeFloatNotes.vue:59:14
[ 1539351ms] TypeError: Cannot read properties of undefined (reading 'transformCallback')
    at transformCallback (http://localhost:1420/node_modules/.vite/deps/chunk-G7S6KQDI.js?v=318df923:22:37)
    at listen (http://localhost:1420/node_modules/.vite/deps/chunk-7FCLUC5I.js?v=318df923:39:14)
    at onBrainEvent (http://localhost:1420/src/services/brainClient.ts:299:10)
    at http://localhost:1420/src/lib/home/home-panel-run.ts:12:12
    at new Promise (<anonymous>)
    at runPanelAction (http://localhost:1420/src/lib/home/home-panel-run.ts:6:18)
    at refreshCoding (http://localhost:1420/src/views/HomeBench.vue?t=1788073214229:30:28)
    at http://localhost:1420/src/views/HomeBench.vue?t=1788073214229:47:14
[ 1551349ms] TypeError: Cannot read properties of undefined (reading 'transformCallback')
    at transformCallback (http://localhost:1420/node_modules/.vite/deps/chunk-G7S6KQDI.js?v=318df923:22:37)
    at listen (http://localhost:1420/node_modules/.vite/deps/chunk-7FCLUC5I.js?v=318df923:39:14)
    at once (http://localhost:1420/node_modules/.vite/deps/chunk-7FCLUC5I.js?v=318df923:45:10)
    at http://localhost:1420/src/services/brainClient.ts:20:10
    at new Promise (<anonymous>)
    at onceWithTimeout (http://localhost:1420/src/services/brainClient.ts:19:16)
    at getWidgetsOnce (http://localhost:1420/src/services/brainClient.ts:198:10)
    at refresh (http://localhost:1420/src/views/HomeFloatNotes.vue:51:30)
    at http://localhost:1420/src/views/HomeFloatNotes.vue:59:14
[ 1551352ms] TypeError: Cannot read properties of undefined (reading 'transformCallback')
    at transformCallback (http://localhost:1420/node_modules/.vite/deps/chunk-G7S6KQDI.js?v=318df923:22:37)
    at listen (http://localhost:1420/node_modules/.vite/deps/chunk-7FCLUC5I.js?v=318df923:39:14)
    at onBrainEvent (http://localhost:1420/src/services/brainClient.ts:299:10)
    at http://localhost:1420/src/lib/home/home-panel-run.ts:12:12
    at new Promise (<anonymous>)
    at runPanelAction (http://localhost:1420/src/lib/home/home-panel-run.ts:6:18)
    at refreshCoding (http://localhost:1420/src/views/HomeBench.vue?t=1788073214229:30:28)
    at http://localhost:1420/src/views/HomeBench.vue?t=1788073214229:47:14
[ 1563350ms] TypeError: Cannot read properties of undefined (reading 'transformCallback')
    at transformCallback (http://localhost:1420/node_modules/.vite/deps/chunk-G7S6KQDI.js?v=318df923:22:37)
    at listen (http://localhost:1420/node_modules/.vite/deps/chunk-7FCLUC5I.js?v=318df923:39:14)
    at once (http://localhost:1420/node_modules/.vite/deps/chunk-7FCLUC5I.js?v=318df923:45:10)
    at http://localhost:1420/src/services/brainClient.ts:20:10
    at new Promise (<anonymous>)
    at onceWithTimeout (http://localhost:1420/src/services/brainClient.ts:19:16)
    at getWidgetsOnce (http://localhost:1420/src/services/brainClient.ts:198:10)
    at refresh (http://localhost:1420/src/views/HomeFloatNotes.vue:51:30)
    at http://localhost:1420/src/views/HomeFloatNotes.vue:59:14
[ 1563352ms] TypeError: Cannot read properties of undefined (reading 'transformCallback')
    at transformCallback (http://localhost:1420/node_modules/.vite/deps/chunk-G7S6KQDI.js?v=318df923:22:37)
    at listen (http://localhost:1420/node_modules/.vite/deps/chunk-7FCLUC5I.js?v=318df923:39:14)
    at onBrainEvent (http://localhost:1420/src/services/brainClient.ts:299:10)
    at http://localhost:1420/src/lib/home/home-panel-run.ts:12:12
    at new Promise (<anonymous>)
    at runPanelAction (http://localhost:1420/src/lib/home/home-panel-run.ts:6:18)
    at refreshCoding (http://localhost:1420/src/views/HomeBench.vue?t=1788073214229:30:28)
    at http://localhost:1420/src/views/HomeBench.vue?t=1788073214229:47:14
[ 1575350ms] TypeError: Cannot read properties of undefined (reading 'transformCallback')
    at transformCallback (http://localhost:1420/node_modules/.vite/deps/chunk-G7S6KQDI.js?v=318df923:22:37)
    at listen (http://localhost:1420/node_modules/.vite/deps/chunk-7FCLUC5I.js?v=318df923:39:14)
    at once (http://localhost:1420/node_modules/.vite/deps/chunk-7FCLUC5I.js?v=318df923:45:10)
    at http://localhost:1420/src/services/brainClient.ts:20:10
    at new Promise (<anonymous>)
    at onceWithTimeout (http://localhost:1420/src/services/brainClient.ts:19:16)
    at getWidgetsOnce (http://localhost:1420/src/services/brainClient.ts:198:10)
    at refresh (http://localhost:1420/src/views/HomeFloatNotes.vue:51:30)
    at http://localhost:1420/src/views/HomeFloatNotes.vue:59:14
[ 1575351ms] TypeError: Cannot read properties of undefined (reading 'transformCallback')
    at transformCallback (http://localhost:1420/node_modules/.vite/deps/chunk-G7S6KQDI.js?v=318df923:22:37)
    at listen (http://localhost:1420/node_modules/.vite/deps/chunk-7FCLUC5I.js?v=318df923:39:14)
    at onBrainEvent (http://localhost:1420/src/services/brainClient.ts:299:10)
    at http://localhost:1420/src/lib/home/home-panel-run.ts:12:12
    at new Promise (<anonymous>)
    at runPanelAction (http://localhost:1420/src/lib/home/home-panel-run.ts:6:18)
    at refreshCoding (http://localhost:1420/src/views/HomeBench.vue?t=1788073214229:30:28)
    at http://localhost:1420/src/views/HomeBench.vue?t=1788073214229:47:14
[ 1587350ms] TypeError: Cannot read properties of undefined (reading 'transformCallback')
    at transformCallback (http://localhost:1420/node_modules/.vite/deps/chunk-G7S6KQDI.js?v=318df923:22:37)
    at listen (http://localhost:1420/node_modules/.vite/deps/chunk-7FCLUC5I.js?v=318df923:39:14)
    at once (http://localhost:1420/node_modules/.vite/deps/chunk-7FCLUC5I.js?v=318df923:45:10)
    at http://localhost:1420/src/services/brainClient.ts:20:10
    at new Promise (<anonymous>)
    at onceWithTimeout (http://localhost:1420/src/services/brainClient.ts:19:16)
    at getWidgetsOnce (http://localhost:1420/src/services/brainClient.ts:198:10)
    at refresh (http://localhost:1420/src/views/HomeFloatNotes.vue:51:30)
    at http://localhost:1420/src/views/HomeFloatNotes.vue:59:14
[ 1587351ms] TypeError: Cannot read properties of undefined (reading 'transformCallback')
    at transformCallback (http://localhost:1420/node_modules/.vite/deps/chunk-G7S6KQDI.js?v=318df923:22:37)
    at listen (http://localhost:1420/node_modules/.vite/deps/chunk-7FCLUC5I.js?v=318df923:39:14)
    at onBrainEvent (http://localhost:1420/src/services/brainClient.ts:299:10)
    at http://localhost:1420/src/lib/home/home-panel-run.ts:12:12
    at new Promise (<anonymous>)
    at runPanelAction (http://localhost:1420/src/lib/home/home-panel-run.ts:6:18)
    at refreshCoding (http://localhost:1420/src/views/HomeBench.vue?t=1788073214229:30:28)
    at http://localhost:1420/src/views/HomeBench.vue?t=1788073214229:47:14
[ 1599350ms] TypeError: Cannot read properties of undefined (reading 'transformCallback')
    at transformCallback (http://localhost:1420/node_modules/.vite/deps/chunk-G7S6KQDI.js?v=318df923:22:37)
    at listen (http://localhost:1420/node_modules/.vite/deps/chunk-7FCLUC5I.js?v=318df923:39:14)
    at once (http://localhost:1420/node_modules/.vite/deps/chunk-7FCLUC5I.js?v=318df923:45:10)
    at http://localhost:1420/src/services/brainClient.ts:20:10
    at new Promise (<anonymous>)
    at onceWithTimeout (http://localhost:1420/src/services/brainClient.ts:19:16)
    at getWidgetsOnce (http://localhost:1420/src/services/brainClient.ts:198:10)
    at refresh (http://localhost:1420/src/views/HomeFloatNotes.vue:51:30)
    at http://localhost:1420/src/views/HomeFloatNotes.vue:59:14
[ 1599352ms] TypeError: Cannot read properties of undefined (reading 'transformCallback')
    at transformCallback (http://localhost:1420/node_modules/.vite/deps/chunk-G7S6KQDI.js?v=318df923:22:37)
    at listen (http://localhost:1420/node_modules/.vite/deps/chunk-7FCLUC5I.js?v=318df923:39:14)
    at onBrainEvent (http://localhost:1420/src/services/brainClient.ts:299:10)
    at http://localhost:1420/src/lib/home/home-panel-run.ts:12:12
    at new Promise (<anonymous>)
    at runPanelAction (http://localhost:1420/src/lib/home/home-panel-run.ts:6:18)
    at refreshCoding (http://localhost:1420/src/views/HomeBench.vue?t=1788073214229:30:28)
    at http://localhost:1420/src/views/HomeBench.vue?t=1788073214229:47:14
[ 1611351ms] TypeError: Cannot read properties of undefined (reading 'transformCallback')
    at transformCallback (http://localhost:1420/node_modules/.vite/deps/chunk-G7S6KQDI.js?v=318df923:22:37)
    at listen (http://localhost:1420/node_modules/.vite/deps/chunk-7FCLUC5I.js?v=318df923:39:14)
    at once (http://localhost:1420/node_modules/.vite/deps/chunk-7FCLUC5I.js?v=318df923:45:10)
    at http://localhost:1420/src/services/brainClient.ts:20:10
    at new Promise (<anonymous>)
    at onceWithTimeout (http://localhost:1420/src/services/brainClient.ts:19:16)
    at getWidgetsOnce (http://localhost:1420/src/services/brainClient.ts:198:10)
    at refresh (http://localhost:1420/src/views/HomeFloatNotes.vue:51:30)
    at http://localhost:1420/src/views/HomeFloatNotes.vue:59:14
[ 1611352ms] TypeError: Cannot read properties of undefined (reading 'transformCallback')
    at transformCallback (http://localhost:1420/node_modules/.vite/deps/chunk-G7S6KQDI.js?v=318df923:22:37)
    at listen (http://localhost:1420/node_modules/.vite/deps/chunk-7FCLUC5I.js?v=318df923:39:14)
    at onBrainEvent (http://localhost:1420/src/services/brainClient.ts:299:10)
    at http://localhost:1420/src/lib/home/home-panel-run.ts:12:12
    at new Promise (<anonymous>)
    at runPanelAction (http://localhost:1420/src/lib/home/home-panel-run.ts:6:18)
    at refreshCoding (http://localhost:1420/src/views/HomeBench.vue?t=1788073214229:30:28)
    at http://localhost:1420/src/views/HomeBench.vue?t=1788073214229:47:14
[ 1617108ms] [ERROR] Failed to load resource: the server responded with a status of 500 (Internal Server Error) @ http://localhost:1420/src/views/chat/HomeChat.vue?t=1788075248913:0
[ 1617111ms] [ERROR] [vite] Failed to reload /src/views/chat/HomeChat.vue. This could be due to syntax errors or importing non-existent modules. (see errors above) @ http://localhost:1420/@vite/client:881
[ 1623351ms] TypeError: Cannot read properties of undefined (reading 'transformCallback')
    at transformCallback (http://localhost:1420/node_modules/.vite/deps/chunk-G7S6KQDI.js?v=318df923:22:37)
    at listen (http://localhost:1420/node_modules/.vite/deps/chunk-7FCLUC5I.js?v=318df923:39:14)
    at once (http://localhost:1420/node_modules/.vite/deps/chunk-7FCLUC5I.js?v=318df923:45:10)
    at http://localhost:1420/src/services/brainClient.ts:20:10
    at new Promise (<anonymous>)
    at onceWithTimeout (http://localhost:1420/src/services/brainClient.ts:19:16)
    at getWidgetsOnce (http://localhost:1420/src/services/brainClient.ts:198:10)
    at refresh (http://localhost:1420/src/views/HomeFloatNotes.vue:51:30)
    at http://localhost:1420/src/views/HomeFloatNotes.vue:59:14
[ 1623352ms] TypeError: Cannot read properties of undefined (reading 'transformCallback')
    at transformCallback (http://localhost:1420/node_modules/.vite/deps/chunk-G7S6KQDI.js?v=318df923:22:37)
    at listen (http://localhost:1420/node_modules/.vite/deps/chunk-7FCLUC5I.js?v=318df923:39:14)
    at onBrainEvent (http://localhost:1420/src/services/brainClient.ts:299:10)
    at http://localhost:1420/src/lib/home/home-panel-run.ts:12:12
    at new Promise (<anonymous>)
    at runPanelAction (http://localhost:1420/src/lib/home/home-panel-run.ts:6:18)
    at refreshCoding (http://localhost:1420/src/views/HomeBench.vue?t=1788073214229:30:28)
    at http://localhost:1420/src/views/HomeBench.vue?t=1788073214229:47:14
[ 1635350ms] TypeError: Cannot read properties of undefined (reading 'transformCallback')
    at transformCallback (http://localhost:1420/node_modules/.vite/deps/chunk-G7S6KQDI.js?v=318df923:22:37)
    at listen (http://localhost:1420/node_modules/.vite/deps/chunk-7FCLUC5I.js?v=318df923:39:14)
    at once (http://localhost:1420/node_modules/.vite/deps/chunk-7FCLUC5I.js?v=318df923:45:10)
    at http://localhost:1420/src/services/brainClient.ts:20:10
    at new Promise (<anonymous>)
    at onceWithTimeout (http://localhost:1420/src/services/brainClient.ts:19:16)
    at getWidgetsOnce (http://localhost:1420/src/services/brainClient.ts:198:10)
    at refresh (http://localhost:1420/src/views/HomeFloatNotes.vue:51:30)
    at http://localhost:1420/src/views/HomeFloatNotes.vue:59:14
[ 1635353ms] TypeError: Cannot read properties of undefined (reading 'transformCallback')
    at transformCallback (http://localhost:1420/node_modules/.vite/deps/chunk-G7S6KQDI.js?v=318df923:22:37)
    at listen (http://localhost:1420/node_modules/.vite/deps/chunk-7FCLUC5I.js?v=318df923:39:14)
    at onBrainEvent (http://localhost:1420/src/services/brainClient.ts:299:10)
    at http://localhost:1420/src/lib/home/home-panel-run.ts:12:12
    at new Promise (<anonymous>)
    at runPanelAction (http://localhost:1420/src/lib/home/home-panel-run.ts:6:18)
    at refreshCoding (http://localhost:1420/src/views/HomeBench.vue?t=1788073214229:30:28)
    at http://localhost:1420/src/views/HomeBench.vue?t=1788073214229:47:14
[ 1647351ms] TypeError: Cannot read properties of undefined (reading 'transformCallback')
    at transformCallback (http://localhost:1420/node_modules/.vite/deps/chunk-G7S6KQDI.js?v=318df923:22:37)
    at listen (http://localhost:1420/node_modules/.vite/deps/chunk-7FCLUC5I.js?v=318df923:39:14)
    at once (http://localhost:1420/node_modules/.vite/deps/chunk-7FCLUC5I.js?v=318df923:45:10)
    at http://localhost:1420/src/services/brainClient.ts:20:10
    at new Promise (<anonymous>)
    at onceWithTimeout (http://localhost:1420/src/services/brainClient.ts:19:16)
    at getWidgetsOnce (http://localhost:1420/src/services/brainClient.ts:198:10)
    at refresh (http://localhost:1420/src/views/HomeFloatNotes.vue:51:30)
    at http://localhost:1420/src/views/HomeFloatNotes.vue:59:14
[ 1647352ms] TypeError: Cannot read properties of undefined (reading 'transformCallback')
    at transformCallback (http://localhost:1420/node_modules/.vite/deps/chunk-G7S6KQDI.js?v=318df923:22:37)
    at listen (http://localhost:1420/node_modules/.vite/deps/chunk-7FCLUC5I.js?v=318df923:39:14)
    at onBrainEvent (http://localhost:1420/src/services/brainClient.ts:299:10)
    at http://localhost:1420/src/lib/home/home-panel-run.ts:12:12
    at new Promise (<anonymous>)
    at runPanelAction (http://localhost:1420/src/lib/home/home-panel-run.ts:6:18)
    at refreshCoding (http://localhost:1420/src/views/HomeBench.vue?t=1788073214229:30:28)
    at http://localhost:1420/src/views/HomeBench.vue?t=1788073214229:47:14
[ 1659351ms] TypeError: Cannot read properties of undefined (reading 'transformCallback')
    at transformCallback (http://localhost:1420/node_modules/.vite/deps/chunk-G7S6KQDI.js?v=318df923:22:37)
    at listen (http://localhost:1420/node_modules/.vite/deps/chunk-7FCLUC5I.js?v=318df923:39:14)
    at once (http://localhost:1420/node_modules/.vite/deps/chunk-7FCLUC5I.js?v=318df923:45:10)
    at http://localhost:1420/src/services/brainClient.ts:20:10
    at new Promise (<anonymous>)
    at onceWithTimeout (http://localhost:1420/src/services/brainClient.ts:19:16)
    at getWidgetsOnce (http://localhost:1420/src/services/brainClient.ts:198:10)
    at refresh (http://localhost:1420/src/views/HomeFloatNotes.vue:51:30)
    at http://localhost:1420/src/views/HomeFloatNotes.vue:59:14
[ 1659352ms] TypeError: Cannot read properties of undefined (reading 'transformCallback')
    at transformCallback (http://localhost:1420/node_modules/.vite/deps/chunk-G7S6KQDI.js?v=318df923:22:37)
    at listen (http://localhost:1420/node_modules/.vite/deps/chunk-7FCLUC5I.js?v=318df923:39:14)
    at onBrainEvent (http://localhost:1420/src/services/brainClient.ts:299:10)
    at http://localhost:1420/src/lib/home/home-panel-run.ts:12:12
    at new Promise (<anonymous>)
    at runPanelAction (http://localhost:1420/src/lib/home/home-panel-run.ts:6:18)
    at refreshCoding (http://localhost:1420/src/views/HomeBench.vue?t=1788073214229:30:28)
    at http://localhost:1420/src/views/HomeBench.vue?t=1788073214229:47:14
[ 1671351ms] TypeError: Cannot read properties of undefined (reading 'transformCallback')
    at transformCallback (http://localhost:1420/node_modules/.vite/deps/chunk-G7S6KQDI.js?v=318df923:22:37)
    at listen (http://localhost:1420/node_modules/.vite/deps/chunk-7FCLUC5I.js?v=318df923:39:14)
    at once (http://localhost:1420/node_modules/.vite/deps/chunk-7FCLUC5I.js?v=318df923:45:10)
    at http://localhost:1420/src/services/brainClient.ts:20:10
    at new Promise (<anonymous>)
    at onceWithTimeout (http://localhost:1420/src/services/brainClient.ts:19:16)
    at getWidgetsOnce (http://localhost:1420/src/services/brainClient.ts:198:10)
    at refresh (http://localhost:1420/src/views/HomeFloatNotes.vue:51:30)
    at http://localhost:1420/src/views/HomeFloatNotes.vue:59:14
[ 1671352ms] TypeError: Cannot read properties of undefined (reading 'transformCallback')
    at transformCallback (http://localhost:1420/node_modules/.vite/deps/chunk-G7S6KQDI.js?v=318df923:22:37)
    at listen (http://localhost:1420/node_modules/.vite/deps/chunk-7FCLUC5I.js?v=318df923:39:14)
    at onBrainEvent (http://localhost:1420/src/services/brainClient.ts:299:10)
    at http://localhost:1420/src/lib/home/home-panel-run.ts:12:12
    at new Promise (<anonymous>)
    at runPanelAction (http://localhost:1420/src/lib/home/home-panel-run.ts:6:18)
    at refreshCoding (http://localhost:1420/src/views/HomeBench.vue?t=1788073214229:30:28)
    at http://localhost:1420/src/views/HomeBench.vue?t=1788073214229:47:14
[ 1673836ms] TypeError: Cannot read properties of undefined (reading 'transformCallback')
    at transformCallback (http://localhost:1420/node_modules/.vite/deps/chunk-G7S6KQDI.js?v=318df923:22:37)
    at listen (http://localhost:1420/node_modules/.vite/deps/chunk-7FCLUC5I.js?v=318df923:39:14)
    at once (http://localhost:1420/node_modules/.vite/deps/chunk-7FCLUC5I.js?v=318df923:45:10)
    at http://localhost:1420/src/services/brainClient.ts:20:10
    at new Promise (<anonymous>)
    at onceWithTimeout (http://localhost:1420/src/services/brainClient.ts:19:16)
    at getSettingsOnce (http://localhost:1420/src/services/brainClient.ts:245:19)
    at http://localhost:1420/src/views/HomeDayTitle.vue?t=1788070913325:19:30
    at http://localhost:1420/node_modules/.vite/deps/vue.js?v=318df923:5342:40
    at callWithErrorHandling (http://localhost:1420/node_modules/.vite/deps/vue.js?v=318df923:2379:19)
[ 1673836ms] TypeError: Cannot read properties of undefined (reading 'transformCallback')
    at transformCallback (http://localhost:1420/node_modules/.vite/deps/chunk-G7S6KQDI.js?v=318df923:22:37)
    at listen (http://localhost:1420/node_modules/.vite/deps/chunk-7FCLUC5I.js?v=318df923:39:14)
    at once (http://localhost:1420/node_modules/.vite/deps/chunk-7FCLUC5I.js?v=318df923:45:10)
    at http://localhost:1420/src/services/brainClient.ts:20:10
    at new Promise (<anonymous>)
    at onceWithTimeout (http://localhost:1420/src/services/brainClient.ts:19:16)
    at getWidgetsOnce (http://localhost:1420/src/services/brainClient.ts:198:10)
    at refresh (http://localhost:1420/src/views/HomeFloatNotes.vue:51:30)
    at http://localhost:1420/src/views/HomeFloatNotes.vue:57:13
    at http://localhost:1420/node_modules/.vite/deps/vue.js?v=318df923:5342:40
[ 1673836ms] TypeError: Cannot read properties of undefined (reading 'transformCallback')
    at transformCallback (http://localhost:1420/node_modules/.vite/deps/chunk-G7S6KQDI.js?v=318df923:22:37)
    at listen (http://localhost:1420/node_modules/.vite/deps/chunk-7FCLUC5I.js?v=318df923:39:14)
    at once (http://localhost:1420/node_modules/.vite/deps/chunk-7FCLUC5I.js?v=318df923:45:10)
    at http://localhost:1420/src/services/brainClient.ts:20:10
    at new Promise (<anonymous>)
    at onceWithTimeout (http://localhost:1420/src/services/brainClient.ts:19:16)
    at getFeedOnce (http://localhost:1420/src/services/brainClient.ts:150:10)
    at http://localhost:1420/src/views/HomeTodayPanel.vue?t=1788070812924:17:28
    at http://localhost:1420/node_modules/.vite/deps/vue.js?v=318df923:5342:40
    at callWithErrorHandling (http://localhost:1420/node_modules/.vite/deps/vue.js?v=318df923:2379:19)
[ 1673836ms] TypeError: Cannot read properties of undefined (reading 'transformCallback')
    at transformCallback (http://localhost:1420/node_modules/.vite/deps/chunk-G7S6KQDI.js?v=318df923:22:37)
    at listen (http://localhost:1420/node_modules/.vite/deps/chunk-7FCLUC5I.js?v=318df923:39:14)
    at once (http://localhost:1420/node_modules/.vite/deps/chunk-7FCLUC5I.js?v=318df923:45:10)
    at http://localhost:1420/src/services/brainClient.ts:20:10
    at new Promise (<anonymous>)
    at onceWithTimeout (http://localhost:1420/src/services/brainClient.ts:19:16)
    at getFeedOnce (http://localhost:1420/src/services/brainClient.ts:150:10)
    at http://localhost:1420/src/views/HomeGlance.vue?t=1788073214229:66:28
    at http://localhost:1420/node_modules/.vite/deps/vue.js?v=318df923:5342:40
    at callWithErrorHandling (http://localhost:1420/node_modules/.vite/deps/vue.js?v=318df923:2379:19)
[ 1673836ms] TypeError: Cannot read properties of undefined (reading 'transformCallback')
    at transformCallback (http://localhost:1420/node_modules/.vite/deps/chunk-G7S6KQDI.js?v=318df923:22:37)
    at listen (http://localhost:1420/node_modules/.vite/deps/chunk-7FCLUC5I.js?v=318df923:39:14)
    at once (http://localhost:1420/node_modules/.vite/deps/chunk-7FCLUC5I.js?v=318df923:45:10)
    at http://localhost:1420/src/services/brainClient.ts:20:10
    at new Promise (<anonymous>)
    at onceWithTimeout (http://localhost:1420/src/services/brainClient.ts:19:16)
    at getWidgetsOnce (http://localhost:1420/src/services/brainClient.ts:198:10)
    at http://localhost:1420/src/views/HomeBench.vue?t=1788073214229:40:9
    at http://localhost:1420/node_modules/.vite/deps/vue.js?v=318df923:5342:40
    at callWithErrorHandling (http://localhost:1420/node_modules/.vite/deps/vue.js?v=318df923:2379:19)
[ 1673836ms] TypeError: Cannot read properties of undefined (reading 'transformCallback')
    at transformCallback (http://localhost:1420/node_modules/.vite/deps/chunk-G7S6KQDI.js?v=318df923:22:37)
    at listen (http://localhost:1420/node_modules/.vite/deps/chunk-7FCLUC5I.js?v=318df923:39:14)
    at once (http://localhost:1420/node_modules/.vite/deps/chunk-7FCLUC5I.js?v=318df923:45:10)
    at http://localhost:1420/src/services/brainClient.ts:20:10
    at new Promise (<anonymous>)
    at onceWithTimeout (http://localhost:1420/src/services/brainClient.ts:19:16)
    at getFeedOnce (http://localhost:1420/src/services/brainClient.ts:150:10)
    at http://localhost:1420/src/views/HomeBench.vue?t=1788073214229:41:9
    at http://localhost:1420/node_modules/.vite/deps/vue.js?v=318df923:5342:40
    at callWithErrorHandling (http://localhost:1420/node_modules/.vite/deps/vue.js?v=318df923:2379:19)
[ 1673836ms] TypeError: Cannot read properties of undefined (reading 'transformCallback')
    at transformCallback (http://localhost:1420/node_modules/.vite/deps/chunk-G7S6KQDI.js?v=318df923:22:37)
    at listen (http://localhost:1420/node_modules/.vite/deps/chunk-7FCLUC5I.js?v=318df923:39:14)
    at once (http://localhost:1420/node_modules/.vite/deps/chunk-7FCLUC5I.js?v=318df923:45:10)
    at http://localhost:1420/src/services/brainClient.ts:20:10
    at new Promise (<anonymous>)
    at onceWithTimeout (http://localhost:1420/src/services/brainClient.ts:19:16)
    at getWidgetsOnce (http://localhost:1420/src/services/brainClient.ts:198:10)
    at http://localhost:1420/src/views/HomeJot.vue?t=1788073214229:21:28
    at http://localhost:1420/node_modules/.vite/deps/vue.js?v=318df923:5342:40
    at callWithErrorHandling (http://localhost:1420/node_modules/.vite/deps/vue.js?v=318df923:2379:19)
[ 1676822ms] [WARNING] [Vue warn]: Unhandled error during execution of mounted hook 
  at <HomeTodayPanel state="idle" only="today" onChat=fn<onInfoChat> > 
  at <HomeFrame thinking=false state="idle" peek=false  ... > 
  at <HomeChat key=0 draft=undefined workstation=null  ... > 
  at <BaseTransition appear=false persisted=true mode=undefined  ... > 
  at <Transition name="view-fade" persisted="" > 
  at <HomeWindow> @ http://localhost:1420/node_modules/.vite/deps/vue.js?v=318df923:2231
[ 1676825ms] TypeError: Cannot read properties of undefined (reading 'transformCallback')
    at transformCallback (http://localhost:1420/node_modules/.vite/deps/chunk-G7S6KQDI.js?v=318df923:22:37)
    at listen (http://localhost:1420/node_modules/.vite/deps/chunk-7FCLUC5I.js?v=318df923:39:14)
    at onFeed (http://localhost:1420/src/services/brainClient.ts:147:10)
    at http://localhost:1420/src/views/HomeTodayPanel.vue?t=1788070812924:21:22
[ 1676825ms] TypeError: Cannot read properties of undefined (reading 'transformCallback')
    at transformCallback (http://localhost:1420/node_modules/.vite/deps/chunk-G7S6KQDI.js?v=318df923:22:37)
    at listen (http://localhost:1420/node_modules/.vite/deps/chunk-7FCLUC5I.js?v=318df923:39:14)
    at once (http://localhost:1420/node_modules/.vite/deps/chunk-7FCLUC5I.js?v=318df923:45:10)
    at http://localhost:1420/src/services/brainClient.ts:20:10
    at new Promise (<anonymous>)
    at onceWithTimeout (http://localhost:1420/src/services/brainClient.ts:19:16)
    at getWidgetsOnce (http://localhost:1420/src/services/brainClient.ts:198:10)
    at http://localhost:1420/src/views/HomeGlance.vue?t=1788073214229:79:30
[ 1676825ms] TypeError: Cannot read properties of undefined (reading 'transformCallback')
    at transformCallback (http://localhost:1420/node_modules/.vite/deps/chunk-G7S6KQDI.js?v=318df923:22:37)
    at listen (http://localhost:1420/node_modules/.vite/deps/chunk-7FCLUC5I.js?v=318df923:39:14)
    at onBrainEvent (http://localhost:1420/src/services/brainClient.ts:299:10)
    at http://localhost:1420/src/lib/home/home-panel-run.ts:12:12
    at new Promise (<anonymous>)
    at runPanelAction (http://localhost:1420/src/lib/home/home-panel-run.ts:6:18)
    at refreshCoding (http://localhost:1420/src/views/HomeBench.vue?t=1788073214229:30:28)
    at http://localhost:1420/src/views/HomeBench.vue?t=1788073214229:45:13
[ 1683353ms] TypeError: Cannot read properties of undefined (reading 'transformCallback')
    at transformCallback (http://localhost:1420/node_modules/.vite/deps/chunk-G7S6KQDI.js?v=318df923:22:37)
    at listen (http://localhost:1420/node_modules/.vite/deps/chunk-7FCLUC5I.js?v=318df923:39:14)
    at onBrainEvent (http://localhost:1420/src/services/brainClient.ts:299:10)
    at http://localhost:1420/src/lib/home/home-panel-run.ts:12:12
    at new Promise (<anonymous>)
    at runPanelAction (http://localhost:1420/src/lib/home/home-panel-run.ts:6:18)
    at refreshCoding (http://localhost:1420/src/views/HomeBench.vue?t=1788073214229:30:28)
    at http://localhost:1420/src/views/HomeBench.vue?t=1788073214229:47:14
[ 1688825ms] TypeError: Cannot read properties of undefined (reading 'transformCallback')
    at transformCallback (http://localhost:1420/node_modules/.vite/deps/chunk-G7S6KQDI.js?v=318df923:22:37)
    at listen (http://localhost:1420/node_modules/.vite/deps/chunk-7FCLUC5I.js?v=318df923:39:14)
    at once (http://localhost:1420/node_modules/.vite/deps/chunk-7FCLUC5I.js?v=318df923:45:10)
    at http://localhost:1420/src/services/brainClient.ts:20:10
    at new Promise (<anonymous>)
    at onceWithTimeout (http://localhost:1420/src/services/brainClient.ts:19:16)
    at getWidgetsOnce (http://localhost:1420/src/services/brainClient.ts:198:10)
    at refresh (http://localhost:1420/src/views/HomeFloatNotes.vue:51:30)
    at http://localhost:1420/src/views/HomeFloatNotes.vue:59:14
[ 1695355ms] TypeError: Cannot read properties of undefined (reading 'transformCallback')
    at transformCallback (http://localhost:1420/node_modules/.vite/deps/chunk-G7S6KQDI.js?v=318df923:22:37)
    at listen (http://localhost:1420/node_modules/.vite/deps/chunk-7FCLUC5I.js?v=318df923:39:14)
    at onBrainEvent (http://localhost:1420/src/services/brainClient.ts:299:10)
    at http://localhost:1420/src/lib/home/home-panel-run.ts:12:12
    at new Promise (<anonymous>)
    at runPanelAction (http://localhost:1420/src/lib/home/home-panel-run.ts:6:18)
    at refreshCoding (http://localhost:1420/src/views/HomeBench.vue?t=1788073214229:30:28)
    at http://localhost:1420/src/views/HomeBench.vue?t=1788073214229:47:14
[ 1700825ms] TypeError: Cannot read properties of undefined (reading 'transformCallback')
    at transformCallback (http://localhost:1420/node_modules/.vite/deps/chunk-G7S6KQDI.js?v=318df923:22:37)
    at listen (http://localhost:1420/node_modules/.vite/deps/chunk-7FCLUC5I.js?v=318df923:39:14)
    at once (http://localhost:1420/node_modules/.vite/deps/chunk-7FCLUC5I.js?v=318df923:45:10)
    at http://localhost:1420/src/services/brainClient.ts:20:10
    at new Promise (<anonymous>)
    at onceWithTimeout (http://localhost:1420/src/services/brainClient.ts:19:16)
    at getWidgetsOnce (http://localhost:1420/src/services/brainClient.ts:198:10)
    at refresh (http://localhost:1420/src/views/HomeFloatNotes.vue:51:30)
    at http://localhost:1420/src/views/HomeFloatNotes.vue:59:14
[ 1700826ms] TypeError: Cannot read properties of undefined (reading 'transformCallback')
    at transformCallback (http://localhost:1420/node_modules/.vite/deps/chunk-G7S6KQDI.js?v=318df923:22:37)
    at listen (http://localhost:1420/node_modules/.vite/deps/chunk-7FCLUC5I.js?v=318df923:39:14)
    at onBrainEvent (http://localhost:1420/src/services/brainClient.ts:299:10)
    at http://localhost:1420/src/lib/home/home-panel-run.ts:12:12
    at new Promise (<anonymous>)
    at runPanelAction (http://localhost:1420/src/lib/home/home-panel-run.ts:6:18)
    at refreshCoding (http://localhost:1420/src/views/HomeBench.vue?t=1788073214229:30:28)
    at http://localhost:1420/src/views/HomeBench.vue?t=1788073214229:47:14
[ 1707355ms] TypeError: Cannot read properties of undefined (reading 'transformCallback')
    at transformCallback (http://localhost:1420/node_modules/.vite/deps/chunk-G7S6KQDI.js?v=318df923:22:37)
    at listen (http://localhost:1420/node_modules/.vite/deps/chunk-7FCLUC5I.js?v=318df923:39:14)
    at onBrainEvent (http://localhost:1420/src/services/brainClient.ts:299:10)
    at http://localhost:1420/src/lib/home/home-panel-run.ts:12:12
    at new Promise (<anonymous>)
    at runPanelAction (http://localhost:1420/src/lib/home/home-panel-run.ts:6:18)
    at refreshCoding (http://localhost:1420/src/views/HomeBench.vue?t=1788073214229:30:28)
    at http://localhost:1420/src/views/HomeBench.vue?t=1788073214229:47:14
[ 1712825ms] TypeError: Cannot read properties of undefined (reading 'transformCallback')
    at transformCallback (http://localhost:1420/node_modules/.vite/deps/chunk-G7S6KQDI.js?v=318df923:22:37)
    at listen (http://localhost:1420/node_modules/.vite/deps/chunk-7FCLUC5I.js?v=318df923:39:14)
    at once (http://localhost:1420/node_modules/.vite/deps/chunk-7FCLUC5I.js?v=318df923:45:10)
    at http://localhost:1420/src/services/brainClient.ts:20:10
    at new Promise (<anonymous>)
    at onceWithTimeout (http://localhost:1420/src/services/brainClient.ts:19:16)
    at getWidgetsOnce (http://localhost:1420/src/services/brainClient.ts:198:10)
    at refresh (http://localhost:1420/src/views/HomeFloatNotes.vue:51:30)
    at http://localhost:1420/src/views/HomeFloatNotes.vue:59:14
[ 1712825ms] TypeError: Cannot read properties of undefined (reading 'transformCallback')
    at transformCallback (http://localhost:1420/node_modules/.vite/deps/chunk-G7S6KQDI.js?v=318df923:22:37)
    at listen (http://localhost:1420/node_modules/.vite/deps/chunk-7FCLUC5I.js?v=318df923:39:14)
    at onBrainEvent (http://localhost:1420/src/services/brainClient.ts:299:10)
    at http://localhost:1420/src/lib/home/home-panel-run.ts:12:12
    at new Promise (<anonymous>)
    at runPanelAction (http://localhost:1420/src/lib/home/home-panel-run.ts:6:18)
    at refreshCoding (http://localhost:1420/src/views/HomeBench.vue?t=1788073214229:30:28)
    at http://localhost:1420/src/views/HomeBench.vue?t=1788073214229:47:14
[ 1719354ms] TypeError: Cannot read properties of undefined (reading 'transformCallback')
    at transformCallback (http://localhost:1420/node_modules/.vite/deps/chunk-G7S6KQDI.js?v=318df923:22:37)
    at listen (http://localhost:1420/node_modules/.vite/deps/chunk-7FCLUC5I.js?v=318df923:39:14)
    at onBrainEvent (http://localhost:1420/src/services/brainClient.ts:299:10)
    at http://localhost:1420/src/lib/home/home-panel-run.ts:12:12
    at new Promise (<anonymous>)
    at runPanelAction (http://localhost:1420/src/lib/home/home-panel-run.ts:6:18)
    at refreshCoding (http://localhost:1420/src/views/HomeBench.vue?t=1788073214229:30:28)
    at http://localhost:1420/src/views/HomeBench.vue?t=1788073214229:47:14
[ 1724825ms] TypeError: Cannot read properties of undefined (reading 'transformCallback')
    at transformCallback (http://localhost:1420/node_modules/.vite/deps/chunk-G7S6KQDI.js?v=318df923:22:37)
    at listen (http://localhost:1420/node_modules/.vite/deps/chunk-7FCLUC5I.js?v=318df923:39:14)
    at once (http://localhost:1420/node_modules/.vite/deps/chunk-7FCLUC5I.js?v=318df923:45:10)
    at http://localhost:1420/src/services/brainClient.ts:20:10
    at new Promise (<anonymous>)
    at onceWithTimeout (http://localhost:1420/src/services/brainClient.ts:19:16)
    at getWidgetsOnce (http://localhost:1420/src/services/brainClient.ts:198:10)
    at refresh (http://localhost:1420/src/views/HomeFloatNotes.vue:51:30)
    at http://localhost:1420/src/views/HomeFloatNotes.vue:59:14
[ 1724826ms] TypeError: Cannot read properties of undefined (reading 'transformCallback')
    at transformCallback (http://localhost:1420/node_modules/.vite/deps/chunk-G7S6KQDI.js?v=318df923:22:37)
    at listen (http://localhost:1420/node_modules/.vite/deps/chunk-7FCLUC5I.js?v=318df923:39:14)
    at onBrainEvent (http://localhost:1420/src/services/brainClient.ts:299:10)
    at http://localhost:1420/src/lib/home/home-panel-run.ts:12:12
    at new Promise (<anonymous>)
    at runPanelAction (http://localhost:1420/src/lib/home/home-panel-run.ts:6:18)
    at refreshCoding (http://localhost:1420/src/views/HomeBench.vue?t=1788073214229:30:28)
    at http://localhost:1420/src/views/HomeBench.vue?t=1788073214229:47:14
[ 1731354ms] TypeError: Cannot read properties of undefined (reading 'transformCallback')
    at transformCallback (http://localhost:1420/node_modules/.vite/deps/chunk-G7S6KQDI.js?v=318df923:22:37)
    at listen (http://localhost:1420/node_modules/.vite/deps/chunk-7FCLUC5I.js?v=318df923:39:14)
    at onBrainEvent (http://localhost:1420/src/services/brainClient.ts:299:10)
    at http://localhost:1420/src/lib/home/home-panel-run.ts:12:12
    at new Promise (<anonymous>)
    at runPanelAction (http://localhost:1420/src/lib/home/home-panel-run.ts:6:18)
    at refreshCoding (http://localhost:1420/src/views/HomeBench.vue?t=1788073214229:30:28)
    at http://localhost:1420/src/views/HomeBench.vue?t=1788073214229:47:14
[ 1736825ms] TypeError: Cannot read properties of undefined (reading 'transformCallback')
    at transformCallback (http://localhost:1420/node_modules/.vite/deps/chunk-G7S6KQDI.js?v=318df923:22:37)
    at listen (http://localhost:1420/node_modules/.vite/deps/chunk-7FCLUC5I.js?v=318df923:39:14)
    at once (http://localhost:1420/node_modules/.vite/deps/chunk-7FCLUC5I.js?v=318df923:45:10)
    at http://localhost:1420/src/services/brainClient.ts:20:10
    at new Promise (<anonymous>)
    at onceWithTimeout (http://localhost:1420/src/services/brainClient.ts:19:16)
    at getWidgetsOnce (http://localhost:1420/src/services/brainClient.ts:198:10)
    at refresh (http://localhost:1420/src/views/HomeFloatNotes.vue:51:30)
    at http://localhost:1420/src/views/HomeFloatNotes.vue:59:14
[ 1736825ms] TypeError: Cannot read properties of undefined (reading 'transformCallback')
    at transformCallback (http://localhost:1420/node_modules/.vite/deps/chunk-G7S6KQDI.js?v=318df923:22:37)
    at listen (http://localhost:1420/node_modules/.vite/deps/chunk-7FCLUC5I.js?v=318df923:39:14)
    at onBrainEvent (http://localhost:1420/src/services/brainClient.ts:299:10)
    at http://localhost:1420/src/lib/home/home-panel-run.ts:12:12
    at new Promise (<anonymous>)
    at runPanelAction (http://localhost:1420/src/lib/home/home-panel-run.ts:6:18)
    at refreshCoding (http://localhost:1420/src/views/HomeBench.vue?t=1788073214229:30:28)
    at http://localhost:1420/src/views/HomeBench.vue?t=1788073214229:47:14
[ 1743355ms] TypeError: Cannot read properties of undefined (reading 'transformCallback')
    at transformCallback (http://localhost:1420/node_modules/.vite/deps/chunk-G7S6KQDI.js?v=318df923:22:37)
    at listen (http://localhost:1420/node_modules/.vite/deps/chunk-7FCLUC5I.js?v=318df923:39:14)
    at onBrainEvent (http://localhost:1420/src/services/brainClient.ts:299:10)
    at http://localhost:1420/src/lib/home/home-panel-run.ts:12:12
    at new Promise (<anonymous>)
    at runPanelAction (http://localhost:1420/src/lib/home/home-panel-run.ts:6:18)
    at refreshCoding (http://localhost:1420/src/views/HomeBench.vue?t=1788073214229:30:28)
    at http://localhost:1420/src/views/HomeBench.vue?t=1788073214229:47:14
[ 1748825ms] TypeError: Cannot read properties of undefined (reading 'transformCallback')
    at transformCallback (http://localhost:1420/node_modules/.vite/deps/chunk-G7S6KQDI.js?v=318df923:22:37)
    at listen (http://localhost:1420/node_modules/.vite/deps/chunk-7FCLUC5I.js?v=318df923:39:14)
    at once (http://localhost:1420/node_modules/.vite/deps/chunk-7FCLUC5I.js?v=318df923:45:10)
    at http://localhost:1420/src/services/brainClient.ts:20:10
    at new Promise (<anonymous>)
    at onceWithTimeout (http://localhost:1420/src/services/brainClient.ts:19:16)
    at getWidgetsOnce (http://localhost:1420/src/services/brainClient.ts:198:10)
    at refresh (http://localhost:1420/src/views/HomeFloatNotes.vue:51:30)
    at http://localhost:1420/src/views/HomeFloatNotes.vue:59:14
[ 1748826ms] TypeError: Cannot read properties of undefined (reading 'transformCallback')
    at transformCallback (http://localhost:1420/node_modules/.vite/deps/chunk-G7S6KQDI.js?v=318df923:22:37)
    at listen (http://localhost:1420/node_modules/.vite/deps/chunk-7FCLUC5I.js?v=318df923:39:14)
    at onBrainEvent (http://localhost:1420/src/services/brainClient.ts:299:10)
    at http://localhost:1420/src/lib/home/home-panel-run.ts:12:12
    at new Promise (<anonymous>)
    at runPanelAction (http://localhost:1420/src/lib/home/home-panel-run.ts:6:18)
    at refreshCoding (http://localhost:1420/src/views/HomeBench.vue?t=1788073214229:30:28)
    at http://localhost:1420/src/views/HomeBench.vue?t=1788073214229:47:14
[ 1755355ms] TypeError: Cannot read properties of undefined (reading 'transformCallback')
    at transformCallback (http://localhost:1420/node_modules/.vite/deps/chunk-G7S6KQDI.js?v=318df923:22:37)
    at listen (http://localhost:1420/node_modules/.vite/deps/chunk-7FCLUC5I.js?v=318df923:39:14)
    at onBrainEvent (http://localhost:1420/src/services/brainClient.ts:299:10)
    at http://localhost:1420/src/lib/home/home-panel-run.ts:12:12
    at new Promise (<anonymous>)
    at runPanelAction (http://localhost:1420/src/lib/home/home-panel-run.ts:6:18)
    at refreshCoding (http://localhost:1420/src/views/HomeBench.vue?t=1788073214229:30:28)
    at http://localhost:1420/src/views/HomeBench.vue?t=1788073214229:47:14
[ 1760825ms] TypeError: Cannot read properties of undefined (reading 'transformCallback')
    at transformCallback (http://localhost:1420/node_modules/.vite/deps/chunk-G7S6KQDI.js?v=318df923:22:37)
    at listen (http://localhost:1420/node_modules/.vite/deps/chunk-7FCLUC5I.js?v=318df923:39:14)
    at once (http://localhost:1420/node_modules/.vite/deps/chunk-7FCLUC5I.js?v=318df923:45:10)
    at http://localhost:1420/src/services/brainClient.ts:20:10
    at new Promise (<anonymous>)
    at onceWithTimeout (http://localhost:1420/src/services/brainClient.ts:19:16)
    at getWidgetsOnce (http://localhost:1420/src/services/brainClient.ts:198:10)
    at refresh (http://localhost:1420/src/views/HomeFloatNotes.vue:51:30)
    at http://localhost:1420/src/views/HomeFloatNotes.vue:59:14
[ 1760826ms] TypeError: Cannot read properties of undefined (reading 'transformCallback')
    at transformCallback (http://localhost:1420/node_modules/.vite/deps/chunk-G7S6KQDI.js?v=318df923:22:37)
    at listen (http://localhost:1420/node_modules/.vite/deps/chunk-7FCLUC5I.js?v=318df923:39:14)
    at onBrainEvent (http://localhost:1420/src/services/brainClient.ts:299:10)
    at http://localhost:1420/src/lib/home/home-panel-run.ts:12:12
    at new Promise (<anonymous>)
    at runPanelAction (http://localhost:1420/src/lib/home/home-panel-run.ts:6:18)
    at refreshCoding (http://localhost:1420/src/views/HomeBench.vue?t=1788073214229:30:28)
    at http://localhost:1420/src/views/HomeBench.vue?t=1788073214229:47:14
[ 1767355ms] TypeError: Cannot read properties of undefined (reading 'transformCallback')
    at transformCallback (http://localhost:1420/node_modules/.vite/deps/chunk-G7S6KQDI.js?v=318df923:22:37)
    at listen (http://localhost:1420/node_modules/.vite/deps/chunk-7FCLUC5I.js?v=318df923:39:14)
    at onBrainEvent (http://localhost:1420/src/services/brainClient.ts:299:10)
    at http://localhost:1420/src/lib/home/home-panel-run.ts:12:12
    at new Promise (<anonymous>)
    at runPanelAction (http://localhost:1420/src/lib/home/home-panel-run.ts:6:18)
    at refreshCoding (http://localhost:1420/src/views/HomeBench.vue?t=1788073214229:30:28)
    at http://localhost:1420/src/views/HomeBench.vue?t=1788073214229:47:14
[ 1772825ms] TypeError: Cannot read properties of undefined (reading 'transformCallback')
    at transformCallback (http://localhost:1420/node_modules/.vite/deps/chunk-G7S6KQDI.js?v=318df923:22:37)
    at listen (http://localhost:1420/node_modules/.vite/deps/chunk-7FCLUC5I.js?v=318df923:39:14)
    at once (http://localhost:1420/node_modules/.vite/deps/chunk-7FCLUC5I.js?v=318df923:45:10)
    at http://localhost:1420/src/services/brainClient.ts:20:10
    at new Promise (<anonymous>)
    at onceWithTimeout (http://localhost:1420/src/services/brainClient.ts:19:16)
    at getWidgetsOnce (http://localhost:1420/src/services/brainClient.ts:198:10)
    at refresh (http://localhost:1420/src/views/HomeFloatNotes.vue:51:30)
    at http://localhost:1420/src/views/HomeFloatNotes.vue:59:14
[ 1772826ms] TypeError: Cannot read properties of undefined (reading 'transformCallback')
    at transformCallback (http://localhost:1420/node_modules/.vite/deps/chunk-G7S6KQDI.js?v=318df923:22:37)
    at listen (http://localhost:1420/node_modules/.vite/deps/chunk-7FCLUC5I.js?v=318df923:39:14)
    at onBrainEvent (http://localhost:1420/src/services/brainClient.ts:299:10)
    at http://localhost:1420/src/lib/home/home-panel-run.ts:12:12
    at new Promise (<anonymous>)
    at runPanelAction (http://localhost:1420/src/lib/home/home-panel-run.ts:6:18)
    at refreshCoding (http://localhost:1420/src/views/HomeBench.vue?t=1788073214229:30:28)
    at http://localhost:1420/src/views/HomeBench.vue?t=1788073214229:47:14
[ 1779354ms] TypeError: Cannot read properties of undefined (reading 'transformCallback')
    at transformCallback (http://localhost:1420/node_modules/.vite/deps/chunk-G7S6KQDI.js?v=318df923:22:37)
    at listen (http://localhost:1420/node_modules/.vite/deps/chunk-7FCLUC5I.js?v=318df923:39:14)
    at onBrainEvent (http://localhost:1420/src/services/brainClient.ts:299:10)
    at http://localhost:1420/src/lib/home/home-panel-run.ts:12:12
    at new Promise (<anonymous>)
    at runPanelAction (http://localhost:1420/src/lib/home/home-panel-run.ts:6:18)
    at refreshCoding (http://localhost:1420/src/views/HomeBench.vue?t=1788073214229:30:28)
    at http://localhost:1420/src/views/HomeBench.vue?t=1788073214229:47:14
[ 1784825ms] TypeError: Cannot read properties of undefined (reading 'transformCallback')
    at transformCallback (http://localhost:1420/node_modules/.vite/deps/chunk-G7S6KQDI.js?v=318df923:22:37)
    at listen (http://localhost:1420/node_modules/.vite/deps/chunk-7FCLUC5I.js?v=318df923:39:14)
    at once (http://localhost:1420/node_modules/.vite/deps/chunk-7FCLUC5I.js?v=318df923:45:10)
    at http://localhost:1420/src/services/brainClient.ts:20:10
    at new Promise (<anonymous>)
    at onceWithTimeout (http://localhost:1420/src/services/brainClient.ts:19:16)
    at getWidgetsOnce (http://localhost:1420/src/services/brainClient.ts:198:10)
    at refresh (http://localhost:1420/src/views/HomeFloatNotes.vue:51:30)
    at http://localhost:1420/src/views/HomeFloatNotes.vue:59:14
[ 1784827ms] TypeError: Cannot read properties of undefined (reading 'transformCallback')
    at transformCallback (http://localhost:1420/node_modules/.vite/deps/chunk-G7S6KQDI.js?v=318df923:22:37)
    at listen (http://localhost:1420/node_modules/.vite/deps/chunk-7FCLUC5I.js?v=318df923:39:14)
    at onBrainEvent (http://localhost:1420/src/services/brainClient.ts:299:10)
    at http://localhost:1420/src/lib/home/home-panel-run.ts:12:12
    at new Promise (<anonymous>)
    at runPanelAction (http://localhost:1420/src/lib/home/home-panel-run.ts:6:18)
    at refreshCoding (http://localhost:1420/src/views/HomeBench.vue?t=1788073214229:30:28)
    at http://localhost:1420/src/views/HomeBench.vue?t=1788073214229:47:14
[ 1791355ms] TypeError: Cannot read properties of undefined (reading 'transformCallback')
    at transformCallback (http://localhost:1420/node_modules/.vite/deps/chunk-G7S6KQDI.js?v=318df923:22:37)
    at listen (http://localhost:1420/node_modules/.vite/deps/chunk-7FCLUC5I.js?v=318df923:39:14)
    at onBrainEvent (http://localhost:1420/src/services/brainClient.ts:299:10)
    at http://localhost:1420/src/lib/home/home-panel-run.ts:12:12
    at new Promise (<anonymous>)
    at runPanelAction (http://localhost:1420/src/lib/home/home-panel-run.ts:6:18)
    at refreshCoding (http://localhost:1420/src/views/HomeBench.vue?t=1788073214229:30:28)
    at http://localhost:1420/src/views/HomeBench.vue?t=1788073214229:47:14
[ 1796826ms] TypeError: Cannot read properties of undefined (reading 'transformCallback')
    at transformCallback (http://localhost:1420/node_modules/.vite/deps/chunk-G7S6KQDI.js?v=318df923:22:37)
    at listen (http://localhost:1420/node_modules/.vite/deps/chunk-7FCLUC5I.js?v=318df923:39:14)
    at once (http://localhost:1420/node_modules/.vite/deps/chunk-7FCLUC5I.js?v=318df923:45:10)
    at http://localhost:1420/src/services/brainClient.ts:20:10
    at new Promise (<anonymous>)
    at onceWithTimeout (http://localhost:1420/src/services/brainClient.ts:19:16)
    at getWidgetsOnce (http://localhost:1420/src/services/brainClient.ts:198:10)
    at refresh (http://localhost:1420/src/views/HomeFloatNotes.vue:51:30)
    at http://localhost:1420/src/views/HomeFloatNotes.vue:59:14
[ 1796826ms] TypeError: Cannot read properties of undefined (reading 'transformCallback')
    at transformCallback (http://localhost:1420/node_modules/.vite/deps/chunk-G7S6KQDI.js?v=318df923:22:37)
    at listen (http://localhost:1420/node_modules/.vite/deps/chunk-7FCLUC5I.js?v=318df923:39:14)
    at onBrainEvent (http://localhost:1420/src/services/brainClient.ts:299:10)
    at http://localhost:1420/src/lib/home/home-panel-run.ts:12:12
    at new Promise (<anonymous>)
    at runPanelAction (http://localhost:1420/src/lib/home/home-panel-run.ts:6:18)
    at refreshCoding (http://localhost:1420/src/views/HomeBench.vue?t=1788073214229:30:28)
    at http://localhost:1420/src/views/HomeBench.vue?t=1788073214229:47:14
[ 1803357ms] TypeError: Cannot read properties of undefined (reading 'transformCallback')
    at transformCallback (http://localhost:1420/node_modules/.vite/deps/chunk-G7S6KQDI.js?v=318df923:22:37)
    at listen (http://localhost:1420/node_modules/.vite/deps/chunk-7FCLUC5I.js?v=318df923:39:14)
    at onBrainEvent (http://localhost:1420/src/services/brainClient.ts:299:10)
    at http://localhost:1420/src/lib/home/home-panel-run.ts:12:12
    at new Promise (<anonymous>)
    at runPanelAction (http://localhost:1420/src/lib/home/home-panel-run.ts:6:18)
    at refreshCoding (http://localhost:1420/src/views/HomeBench.vue?t=1788073214229:30:28)
    at http://localhost:1420/src/views/HomeBench.vue?t=1788073214229:47:14
[ 1808825ms] TypeError: Cannot read properties of undefined (reading 'transformCallback')
    at transformCallback (http://localhost:1420/node_modules/.vite/deps/chunk-G7S6KQDI.js?v=318df923:22:37)
    at listen (http://localhost:1420/node_modules/.vite/deps/chunk-7FCLUC5I.js?v=318df923:39:14)
    at once (http://localhost:1420/node_modules/.vite/deps/chunk-7FCLUC5I.js?v=318df923:45:10)
    at http://localhost:1420/src/services/brainClient.ts:20:10
    at new Promise (<anonymous>)
    at onceWithTimeout (http://localhost:1420/src/services/brainClient.ts:19:16)
    at getWidgetsOnce (http://localhost:1420/src/services/brainClient.ts:198:10)
    at refresh (http://localhost:1420/src/views/HomeFloatNotes.vue:51:30)
    at http://localhost:1420/src/views/HomeFloatNotes.vue:59:14
[ 1808826ms] TypeError: Cannot read properties of undefined (reading 'transformCallback')
    at transformCallback (http://localhost:1420/node_modules/.vite/deps/chunk-G7S6KQDI.js?v=318df923:22:37)
    at listen (http://localhost:1420/node_modules/.vite/deps/chunk-7FCLUC5I.js?v=318df923:39:14)
    at onBrainEvent (http://localhost:1420/src/services/brainClient.ts:299:10)
    at http://localhost:1420/src/lib/home/home-panel-run.ts:12:12
    at new Promise (<anonymous>)
    at runPanelAction (http://localhost:1420/src/lib/home/home-panel-run.ts:6:18)
    at refreshCoding (http://localhost:1420/src/views/HomeBench.vue?t=1788073214229:30:28)
    at http://localhost:1420/src/views/HomeBench.vue?t=1788073214229:47:14
[ 1815355ms] TypeError: Cannot read properties of undefined (reading 'transformCallback')
    at transformCallback (http://localhost:1420/node_modules/.vite/deps/chunk-G7S6KQDI.js?v=318df923:22:37)
    at listen (http://localhost:1420/node_modules/.vite/deps/chunk-7FCLUC5I.js?v=318df923:39:14)
    at onBrainEvent (http://localhost:1420/src/services/brainClient.ts:299:10)
    at http://localhost:1420/src/lib/home/home-panel-run.ts:12:12
    at new Promise (<anonymous>)
    at runPanelAction (http://localhost:1420/src/lib/home/home-panel-run.ts:6:18)
    at refreshCoding (http://localhost:1420/src/views/HomeBench.vue?t=1788073214229:30:28)
    at http://localhost:1420/src/views/HomeBench.vue?t=1788073214229:47:14
[ 1820825ms] TypeError: Cannot read properties of undefined (reading 'transformCallback')
    at transformCallback (http://localhost:1420/node_modules/.vite/deps/chunk-G7S6KQDI.js?v=318df923:22:37)
    at listen (http://localhost:1420/node_modules/.vite/deps/chunk-7FCLUC5I.js?v=318df923:39:14)
    at once (http://localhost:1420/node_modules/.vite/deps/chunk-7FCLUC5I.js?v=318df923:45:10)
    at http://localhost:1420/src/services/brainClient.ts:20:10
    at new Promise (<anonymous>)
    at onceWithTimeout (http://localhost:1420/src/services/brainClient.ts:19:16)
    at getWidgetsOnce (http://localhost:1420/src/services/brainClient.ts:198:10)
    at refresh (http://localhost:1420/src/views/HomeFloatNotes.vue:51:30)
    at http://localhost:1420/src/views/HomeFloatNotes.vue:59:14
[ 1820826ms] TypeError: Cannot read properties of undefined (reading 'transformCallback')
    at transformCallback (http://localhost:1420/node_modules/.vite/deps/chunk-G7S6KQDI.js?v=318df923:22:37)
    at listen (http://localhost:1420/node_modules/.vite/deps/chunk-7FCLUC5I.js?v=318df923:39:14)
    at onBrainEvent (http://localhost:1420/src/services/brainClient.ts:299:10)
    at http://localhost:1420/src/lib/home/home-panel-run.ts:12:12
    at new Promise (<anonymous>)
    at runPanelAction (http://localhost:1420/src/lib/home/home-panel-run.ts:6:18)
    at refreshCoding (http://localhost:1420/src/views/HomeBench.vue?t=1788073214229:30:28)
    at http://localhost:1420/src/views/HomeBench.vue?t=1788073214229:47:14
[ 1827357ms] TypeError: Cannot read properties of undefined (reading 'transformCallback')
    at transformCallback (http://localhost:1420/node_modules/.vite/deps/chunk-G7S6KQDI.js?v=318df923:22:37)
    at listen (http://localhost:1420/node_modules/.vite/deps/chunk-7FCLUC5I.js?v=318df923:39:14)
    at onBrainEvent (http://localhost:1420/src/services/brainClient.ts:299:10)
    at http://localhost:1420/src/lib/home/home-panel-run.ts:12:12
    at new Promise (<anonymous>)
    at runPanelAction (http://localhost:1420/src/lib/home/home-panel-run.ts:6:18)
    at refreshCoding (http://localhost:1420/src/views/HomeBench.vue?t=1788073214229:30:28)
    at http://localhost:1420/src/views/HomeBench.vue?t=1788073214229:47:14
[ 1832825ms] TypeError: Cannot read properties of undefined (reading 'transformCallback')
    at transformCallback (http://localhost:1420/node_modules/.vite/deps/chunk-G7S6KQDI.js?v=318df923:22:37)
    at listen (http://localhost:1420/node_modules/.vite/deps/chunk-7FCLUC5I.js?v=318df923:39:14)
    at once (http://localhost:1420/node_modules/.vite/deps/chunk-7FCLUC5I.js?v=318df923:45:10)
    at http://localhost:1420/src/services/brainClient.ts:20:10
    at new Promise (<anonymous>)
    at onceWithTimeout (http://localhost:1420/src/services/brainClient.ts:19:16)
    at getWidgetsOnce (http://localhost:1420/src/services/brainClient.ts:198:10)
    at refresh (http://localhost:1420/src/views/HomeFloatNotes.vue:51:30)
    at http://localhost:1420/src/views/HomeFloatNotes.vue:59:14
[ 1832826ms] TypeError: Cannot read properties of undefined (reading 'transformCallback')
    at transformCallback (http://localhost:1420/node_modules/.vite/deps/chunk-G7S6KQDI.js?v=318df923:22:37)
    at listen (http://localhost:1420/node_modules/.vite/deps/chunk-7FCLUC5I.js?v=318df923:39:14)
    at onBrainEvent (http://localhost:1420/src/services/brainClient.ts:299:10)
    at http://localhost:1420/src/lib/home/home-panel-run.ts:12:12
    at new Promise (<anonymous>)
    at runPanelAction (http://localhost:1420/src/lib/home/home-panel-run.ts:6:18)
    at refreshCoding (http://localhost:1420/src/views/HomeBench.vue?t=1788073214229:30:28)
    at http://localhost:1420/src/views/HomeBench.vue?t=1788073214229:47:14
[ 1839356ms] TypeError: Cannot read properties of undefined (reading 'transformCallback')
    at transformCallback (http://localhost:1420/node_modules/.vite/deps/chunk-G7S6KQDI.js?v=318df923:22:37)
    at listen (http://localhost:1420/node_modules/.vite/deps/chunk-7FCLUC5I.js?v=318df923:39:14)
    at onBrainEvent (http://localhost:1420/src/services/brainClient.ts:299:10)
    at http://localhost:1420/src/lib/home/home-panel-run.ts:12:12
    at new Promise (<anonymous>)
    at runPanelAction (http://localhost:1420/src/lib/home/home-panel-run.ts:6:18)
    at refreshCoding (http://localhost:1420/src/views/HomeBench.vue?t=1788073214229:30:28)
    at http://localhost:1420/src/views/HomeBench.vue?t=1788073214229:47:14
[ 1844825ms] TypeError: Cannot read properties of undefined (reading 'transformCallback')
    at transformCallback (http://localhost:1420/node_modules/.vite/deps/chunk-G7S6KQDI.js?v=318df923:22:37)
    at listen (http://localhost:1420/node_modules/.vite/deps/chunk-7FCLUC5I.js?v=318df923:39:14)
    at once (http://localhost:1420/node_modules/.vite/deps/chunk-7FCLUC5I.js?v=318df923:45:10)
    at http://localhost:1420/src/services/brainClient.ts:20:10
    at new Promise (<anonymous>)
    at onceWithTimeout (http://localhost:1420/src/services/brainClient.ts:19:16)
    at getWidgetsOnce (http://localhost:1420/src/services/brainClient.ts:198:10)
    at refresh (http://localhost:1420/src/views/HomeFloatNotes.vue:51:30)
    at http://localhost:1420/src/views/HomeFloatNotes.vue:59:14
[ 1844826ms] TypeError: Cannot read properties of undefined (reading 'transformCallback')
    at transformCallback (http://localhost:1420/node_modules/.vite/deps/chunk-G7S6KQDI.js?v=318df923:22:37)
    at listen (http://localhost:1420/node_modules/.vite/deps/chunk-7FCLUC5I.js?v=318df923:39:14)
    at onBrainEvent (http://localhost:1420/src/services/brainClient.ts:299:10)
    at http://localhost:1420/src/lib/home/home-panel-run.ts:12:12
    at new Promise (<anonymous>)
    at runPanelAction (http://localhost:1420/src/lib/home/home-panel-run.ts:6:18)
    at refreshCoding (http://localhost:1420/src/views/HomeBench.vue?t=1788073214229:30:28)
    at http://localhost:1420/src/views/HomeBench.vue?t=1788073214229:47:14
[ 1851359ms] TypeError: Cannot read properties of undefined (reading 'transformCallback')
    at transformCallback (http://localhost:1420/node_modules/.vite/deps/chunk-G7S6KQDI.js?v=318df923:22:37)
    at listen (http://localhost:1420/node_modules/.vite/deps/chunk-7FCLUC5I.js?v=318df923:39:14)
    at onBrainEvent (http://localhost:1420/src/services/brainClient.ts:299:10)
    at http://localhost:1420/src/lib/home/home-panel-run.ts:12:12
    at new Promise (<anonymous>)
    at runPanelAction (http://localhost:1420/src/lib/home/home-panel-run.ts:6:18)
    at refreshCoding (http://localhost:1420/src/views/HomeBench.vue?t=1788073214229:30:28)
    at http://localhost:1420/src/views/HomeBench.vue?t=1788073214229:47:14
[ 1856825ms] TypeError: Cannot read properties of undefined (reading 'transformCallback')
    at transformCallback (http://localhost:1420/node_modules/.vite/deps/chunk-G7S6KQDI.js?v=318df923:22:37)
    at listen (http://localhost:1420/node_modules/.vite/deps/chunk-7FCLUC5I.js?v=318df923:39:14)
    at once (http://localhost:1420/node_modules/.vite/deps/chunk-7FCLUC5I.js?v=318df923:45:10)
    at http://localhost:1420/src/services/brainClient.ts:20:10
    at new Promise (<anonymous>)
    at onceWithTimeout (http://localhost:1420/src/services/brainClient.ts:19:16)
    at getWidgetsOnce (http://localhost:1420/src/services/brainClient.ts:198:10)
    at refresh (http://localhost:1420/src/views/HomeFloatNotes.vue:51:30)
    at http://localhost:1420/src/views/HomeFloatNotes.vue:59:14
[ 1856826ms] TypeError: Cannot read properties of undefined (reading 'transformCallback')
    at transformCallback (http://localhost:1420/node_modules/.vite/deps/chunk-G7S6KQDI.js?v=318df923:22:37)
    at listen (http://localhost:1420/node_modules/.vite/deps/chunk-7FCLUC5I.js?v=318df923:39:14)
    at onBrainEvent (http://localhost:1420/src/services/brainClient.ts:299:10)
    at http://localhost:1420/src/lib/home/home-panel-run.ts:12:12
    at new Promise (<anonymous>)
    at runPanelAction (http://localhost:1420/src/lib/home/home-panel-run.ts:6:18)
    at refreshCoding (http://localhost:1420/src/views/HomeBench.vue?t=1788073214229:30:28)
    at http://localhost:1420/src/views/HomeBench.vue?t=1788073214229:47:14
[ 1863357ms] TypeError: Cannot read properties of undefined (reading 'transformCallback')
    at transformCallback (http://localhost:1420/node_modules/.vite/deps/chunk-G7S6KQDI.js?v=318df923:22:37)
    at listen (http://localhost:1420/node_modules/.vite/deps/chunk-7FCLUC5I.js?v=318df923:39:14)
    at onBrainEvent (http://localhost:1420/src/services/brainClient.ts:299:10)
    at http://localhost:1420/src/lib/home/home-panel-run.ts:12:12
    at new Promise (<anonymous>)
    at runPanelAction (http://localhost:1420/src/lib/home/home-panel-run.ts:6:18)
    at refreshCoding (http://localhost:1420/src/views/HomeBench.vue?t=1788073214229:30:28)
    at http://localhost:1420/src/views/HomeBench.vue?t=1788073214229:47:14
[ 1868825ms] TypeError: Cannot read properties of undefined (reading 'transformCallback')
    at transformCallback (http://localhost:1420/node_modules/.vite/deps/chunk-G7S6KQDI.js?v=318df923:22:37)
    at listen (http://localhost:1420/node_modules/.vite/deps/chunk-7FCLUC5I.js?v=318df923:39:14)
    at once (http://localhost:1420/node_modules/.vite/deps/chunk-7FCLUC5I.js?v=318df923:45:10)
    at http://localhost:1420/src/services/brainClient.ts:20:10
    at new Promise (<anonymous>)
    at onceWithTimeout (http://localhost:1420/src/services/brainClient.ts:19:16)
    at getWidgetsOnce (http://localhost:1420/src/services/brainClient.ts:198:10)
    at refresh (http://localhost:1420/src/views/HomeFloatNotes.vue:51:30)
    at http://localhost:1420/src/views/HomeFloatNotes.vue:59:14
[ 1868826ms] TypeError: Cannot read properties of undefined (reading 'transformCallback')
    at transformCallback (http://localhost:1420/node_modules/.vite/deps/chunk-G7S6KQDI.js?v=318df923:22:37)
    at listen (http://localhost:1420/node_modules/.vite/deps/chunk-7FCLUC5I.js?v=318df923:39:14)
    at onBrainEvent (http://localhost:1420/src/services/brainClient.ts:299:10)
    at http://localhost:1420/src/lib/home/home-panel-run.ts:12:12
    at new Promise (<anonymous>)
    at runPanelAction (http://localhost:1420/src/lib/home/home-panel-run.ts:6:18)
    at refreshCoding (http://localhost:1420/src/views/HomeBench.vue?t=1788073214229:30:28)
    at http://localhost:1420/src/views/HomeBench.vue?t=1788073214229:47:14
[ 1875356ms] TypeError: Cannot read properties of undefined (reading 'transformCallback')
    at transformCallback (http://localhost:1420/node_modules/.vite/deps/chunk-G7S6KQDI.js?v=318df923:22:37)
    at listen (http://localhost:1420/node_modules/.vite/deps/chunk-7FCLUC5I.js?v=318df923:39:14)
    at onBrainEvent (http://localhost:1420/src/services/brainClient.ts:299:10)
    at http://localhost:1420/src/lib/home/home-panel-run.ts:12:12
    at new Promise (<anonymous>)
    at runPanelAction (http://localhost:1420/src/lib/home/home-panel-run.ts:6:18)
    at refreshCoding (http://localhost:1420/src/views/HomeBench.vue?t=1788073214229:30:28)
    at http://localhost:1420/src/views/HomeBench.vue?t=1788073214229:47:14
[ 1880826ms] TypeError: Cannot read properties of undefined (reading 'transformCallback')
    at transformCallback (http://localhost:1420/node_modules/.vite/deps/chunk-G7S6KQDI.js?v=318df923:22:37)
    at listen (http://localhost:1420/node_modules/.vite/deps/chunk-7FCLUC5I.js?v=318df923:39:14)
    at once (http://localhost:1420/node_modules/.vite/deps/chunk-7FCLUC5I.js?v=318df923:45:10)
    at http://localhost:1420/src/services/brainClient.ts:20:10
    at new Promise (<anonymous>)
    at onceWithTimeout (http://localhost:1420/src/services/brainClient.ts:19:16)
    at getWidgetsOnce (http://localhost:1420/src/services/brainClient.ts:198:10)
    at refresh (http://localhost:1420/src/views/HomeFloatNotes.vue:51:30)
    at http://localhost:1420/src/views/HomeFloatNotes.vue:59:14
[ 1880827ms] TypeError: Cannot read properties of undefined (reading 'transformCallback')
    at transformCallback (http://localhost:1420/node_modules/.vite/deps/chunk-G7S6KQDI.js?v=318df923:22:37)
    at listen (http://localhost:1420/node_modules/.vite/deps/chunk-7FCLUC5I.js?v=318df923:39:14)
    at onBrainEvent (http://localhost:1420/src/services/brainClient.ts:299:10)
    at http://localhost:1420/src/lib/home/home-panel-run.ts:12:12
    at new Promise (<anonymous>)
    at runPanelAction (http://localhost:1420/src/lib/home/home-panel-run.ts:6:18)
    at refreshCoding (http://localhost:1420/src/views/HomeBench.vue?t=1788073214229:30:28)
    at http://localhost:1420/src/views/HomeBench.vue?t=1788073214229:47:14
[ 1887356ms] TypeError: Cannot read properties of undefined (reading 'transformCallback')
    at transformCallback (http://localhost:1420/node_modules/.vite/deps/chunk-G7S6KQDI.js?v=318df923:22:37)
    at listen (http://localhost:1420/node_modules/.vite/deps/chunk-7FCLUC5I.js?v=318df923:39:14)
    at onBrainEvent (http://localhost:1420/src/services/brainClient.ts:299:10)
    at http://localhost:1420/src/lib/home/home-panel-run.ts:12:12
    at new Promise (<anonymous>)
    at runPanelAction (http://localhost:1420/src/lib/home/home-panel-run.ts:6:18)
    at refreshCoding (http://localhost:1420/src/views/HomeBench.vue?t=1788073214229:30:28)
    at http://localhost:1420/src/views/HomeBench.vue?t=1788073214229:47:14
[ 1892826ms] TypeError: Cannot read properties of undefined (reading 'transformCallback')
    at transformCallback (http://localhost:1420/node_modules/.vite/deps/chunk-G7S6KQDI.js?v=318df923:22:37)
    at listen (http://localhost:1420/node_modules/.vite/deps/chunk-7FCLUC5I.js?v=318df923:39:14)
    at once (http://localhost:1420/node_modules/.vite/deps/chunk-7FCLUC5I.js?v=318df923:45:10)
    at http://localhost:1420/src/services/brainClient.ts:20:10
    at new Promise (<anonymous>)
    at onceWithTimeout (http://localhost:1420/src/services/brainClient.ts:19:16)
    at getWidgetsOnce (http://localhost:1420/src/services/brainClient.ts:198:10)
    at refresh (http://localhost:1420/src/views/HomeFloatNotes.vue:51:30)
    at http://localhost:1420/src/views/HomeFloatNotes.vue:59:14
[ 1892827ms] TypeError: Cannot read properties of undefined (reading 'transformCallback')
    at transformCallback (http://localhost:1420/node_modules/.vite/deps/chunk-G7S6KQDI.js?v=318df923:22:37)
    at listen (http://localhost:1420/node_modules/.vite/deps/chunk-7FCLUC5I.js?v=318df923:39:14)
    at onBrainEvent (http://localhost:1420/src/services/brainClient.ts:299:10)
    at http://localhost:1420/src/lib/home/home-panel-run.ts:12:12
    at new Promise (<anonymous>)
    at runPanelAction (http://localhost:1420/src/lib/home/home-panel-run.ts:6:18)
    at refreshCoding (http://localhost:1420/src/views/HomeBench.vue?t=1788073214229:30:28)
    at http://localhost:1420/src/views/HomeBench.vue?t=1788073214229:47:14
[ 1899356ms] TypeError: Cannot read properties of undefined (reading 'transformCallback')
    at transformCallback (http://localhost:1420/node_modules/.vite/deps/chunk-G7S6KQDI.js?v=318df923:22:37)
    at listen (http://localhost:1420/node_modules/.vite/deps/chunk-7FCLUC5I.js?v=318df923:39:14)
    at onBrainEvent (http://localhost:1420/src/services/brainClient.ts:299:10)
    at http://localhost:1420/src/lib/home/home-panel-run.ts:12:12
    at new Promise (<anonymous>)
    at runPanelAction (http://localhost:1420/src/lib/home/home-panel-run.ts:6:18)
    at refreshCoding (http://localhost:1420/src/views/HomeBench.vue?t=1788073214229:30:28)
    at http://localhost:1420/src/views/HomeBench.vue?t=1788073214229:47:14
