[     118ms] [WARNING] [Vue warn]: Unhandled error during execution of mounted hook 
  at <CapabilityConversationRail surface=null active=false onClose=fn<hideSurface>  ... > 
  at <BaseTransition appear=false persisted=true mode=undefined  ... > 
  at <Transition name="scene-rail" persisted="" > 
  at <HomeWindow> @ http://localhost:1420/node_modules/.vite/deps/vue.js?v=318df923:2231
[     119ms] [WARNING] [Vue warn]: Unhandled error during execution of mounted hook 
  at <GeneralSection key=0 > 
  at <SettingsView key=0 > 
  at <BaseTransition appear=false persisted=true mode=undefined  ... > 
  at <Transition name="view-fade" persisted="" > 
  at <HomeWindow> @ http://localhost:1420/node_modules/.vite/deps/vue.js?v=318df923:2231
[     122ms] [VERBOSE] [DOM] Password field is not contained in a form: (More info: https://goo.gl/9p2vKq) %o @ http://localhost:1420/home.html:0
[     126ms] TypeError: Cannot read properties of undefined (reading 'transformCallback')
    at transformCallback (http://localhost:1420/node_modules/.vite/deps/chunk-G7S6KQDI.js?v=318df923:22:37)
    at listen (http://localhost:1420/node_modules/.vite/deps/chunk-7FCLUC5I.js?v=318df923:39:14)
    at onBrainEvent (http://localhost:1420/src/services/brainClient.ts:299:10)
    at http://localhost:1420/src/lib/home/home-panel-run.ts:12:12
    at new Promise (<anonymous>)
    at runPanelAction (http://localhost:1420/src/lib/home/home-panel-run.ts:6:18)
    at refresh (http://localhost:1420/src/views/HomeMaterialsStat.vue?t=1788078978195:14:30)
    at http://localhost:1420/src/views/HomeMaterialsStat.vue?t=1788078978195:26:13
    at http://localhost:1420/node_modules/.vite/deps/vue.js?v=318df923:5342:40
    at callWithErrorHandling (http://localhost:1420/node_modules/.vite/deps/vue.js?v=318df923:2379:19)
[     126ms] TypeError: Cannot read properties of undefined (reading 'transformCallback')
    at transformCallback (http://localhost:1420/node_modules/.vite/deps/chunk-G7S6KQDI.js?v=318df923:22:37)
    at listen (http://localhost:1420/node_modules/.vite/deps/chunk-7FCLUC5I.js?v=318df923:39:14)
    at onBrainEvent (http://localhost:1420/src/services/brainClient.ts:299:10)
    at http://localhost:1420/src/lib/home/home-panel-run.ts:12:12
    at new Promise (<anonymous>)
    at runPanelAction (http://localhost:1420/src/lib/home/home-panel-run.ts:6:18)
    at http://localhost:1420/src/views/plugins/CapabilityHome.vue:25:25
    at http://localhost:1420/node_modules/.vite/deps/vue.js?v=318df923:5342:40
    at callWithErrorHandling (http://localhost:1420/node_modules/.vite/deps/vue.js?v=318df923:2379:19)
    at callWithAsyncErrorHandling (http://localhost:1420/node_modules/.vite/deps/vue.js?v=318df923:2386:17)
[     127ms] TypeError: Cannot read properties of undefined (reading 'transformCallback')
    at transformCallback (http://localhost:1420/node_modules/.vite/deps/chunk-G7S6KQDI.js?v=318df923:22:37)
    at listen (http://localhost:1420/node_modules/.vite/deps/chunk-7FCLUC5I.js?v=318df923:39:14)
    at once (http://localhost:1420/node_modules/.vite/deps/chunk-7FCLUC5I.js?v=318df923:45:10)
    at http://localhost:1420/src/services/brainClient.ts:20:10
    at new Promise (<anonymous>)
    at onceWithTimeout (http://localhost:1420/src/services/brainClient.ts:19:16)
    at getSettingsOnce (http://localhost:1420/src/services/brainClient.ts:245:19)
    at http://localhost:1420/src/views/HomeDayTitle.vue?t=1788070913325:19:30
    at http://localhost:1420/node_modules/.vite/deps/vue.js?v=318df923:5342:40
    at callWithErrorHandling (http://localhost:1420/node_modules/.vite/deps/vue.js?v=318df923:2379:19)
[     127ms] TypeError: Cannot read properties of undefined (reading 'transformCallback')
    at transformCallback (http://localhost:1420/node_modules/.vite/deps/chunk-G7S6KQDI.js?v=318df923:22:37)
    at listen (http://localhost:1420/node_modules/.vite/deps/chunk-7FCLUC5I.js?v=318df923:39:14)
    at once (http://localhost:1420/node_modules/.vite/deps/chunk-7FCLUC5I.js?v=318df923:45:10)
    at http://localhost:1420/src/services/brainClient.ts:20:10
    at new Promise (<anonymous>)
    at onceWithTimeout (http://localhost:1420/src/services/brainClient.ts:19:16)
    at getWidgetsOnce (http://localhost:1420/src/services/brainClient.ts:198:10)
    at refresh (http://localhost:1420/src/views/HomeFloatNotes.vue?t=1788078159546:51:30)
    at http://localhost:1420/src/views/HomeFloatNotes.vue?t=1788078159546:57:13
    at http://localhost:1420/node_modules/.vite/deps/vue.js?v=318df923:5342:40
[     127ms] TypeError: Cannot read properties of undefined (reading 'transformCallback')
    at transformCallback (http://localhost:1420/node_modules/.vite/deps/chunk-G7S6KQDI.js?v=318df923:22:37)
    at listen (http://localhost:1420/node_modules/.vite/deps/chunk-7FCLUC5I.js?v=318df923:39:14)
    at once (http://localhost:1420/node_modules/.vite/deps/chunk-7FCLUC5I.js?v=318df923:45:10)
    at http://localhost:1420/src/services/brainClient.ts:20:10
    at new Promise (<anonymous>)
    at onceWithTimeout (http://localhost:1420/src/services/brainClient.ts:19:16)
    at getFeedOnce (http://localhost:1420/src/services/brainClient.ts:150:10)
    at http://localhost:1420/src/views/HomeTodayPanel.vue?t=1788070812924:17:28
    at http://localhost:1420/node_modules/.vite/deps/vue.js?v=318df923:5342:40
    at callWithErrorHandling (http://localhost:1420/node_modules/.vite/deps/vue.js?v=318df923:2379:19)
[     127ms] TypeError: Cannot read properties of undefined (reading 'transformCallback')
    at transformCallback (http://localhost:1420/node_modules/.vite/deps/chunk-G7S6KQDI.js?v=318df923:22:37)
    at listen (http://localhost:1420/node_modules/.vite/deps/chunk-7FCLUC5I.js?v=318df923:39:14)
    at once (http://localhost:1420/node_modules/.vite/deps/chunk-7FCLUC5I.js?v=318df923:45:10)
    at http://localhost:1420/src/services/brainClient.ts:20:10
    at new Promise (<anonymous>)
    at onceWithTimeout (http://localhost:1420/src/services/brainClient.ts:19:16)
    at getWidgetsOnce (http://localhost:1420/src/services/brainClient.ts:198:10)
    at http://localhost:1420/src/views/HomeRemindCard.vue?t=1788078972323:16:25
    at http://localhost:1420/node_modules/.vite/deps/vue.js?v=318df923:5342:40
    at callWithErrorHandling (http://localhost:1420/node_modules/.vite/deps/vue.js?v=318df923:2379:19)
[     127ms] TypeError: Cannot read properties of undefined (reading 'transformCallback')
    at transformCallback (http://localhost:1420/node_modules/.vite/deps/chunk-G7S6KQDI.js?v=318df923:22:37)
    at listen (http://localhost:1420/node_modules/.vite/deps/chunk-7FCLUC5I.js?v=318df923:39:14)
    at once (http://localhost:1420/node_modules/.vite/deps/chunk-7FCLUC5I.js?v=318df923:45:10)
    at http://localhost:1420/src/services/brainClient.ts:20:10
    at new Promise (<anonymous>)
    at onceWithTimeout (http://localhost:1420/src/services/brainClient.ts:19:16)
    at getWidgetsOnce (http://localhost:1420/src/services/brainClient.ts:198:10)
    at http://localhost:1420/src/views/HomeFlashesStat.vue?t=1788078972323:20:28
    at http://localhost:1420/node_modules/.vite/deps/vue.js?v=318df923:5342:40
    at callWithErrorHandling (http://localhost:1420/node_modules/.vite/deps/vue.js?v=318df923:2379:19)
[     127ms] TypeError: Cannot read properties of undefined (reading 'transformCallback')
    at transformCallback (http://localhost:1420/node_modules/.vite/deps/chunk-G7S6KQDI.js?v=318df923:22:37)
    at listen (http://localhost:1420/node_modules/.vite/deps/chunk-7FCLUC5I.js?v=318df923:39:14)
    at once (http://localhost:1420/node_modules/.vite/deps/chunk-7FCLUC5I.js?v=318df923:45:10)
    at http://localhost:1420/src/services/brainClient.ts:20:10
    at new Promise (<anonymous>)
    at onceWithTimeout (http://localhost:1420/src/services/brainClient.ts:19:16)
    at getFeedOnce (http://localhost:1420/src/services/brainClient.ts:150:10)
    at http://localhost:1420/src/views/chat/HorizonBar.vue?t=1788076324598:26:28
    at http://localhost:1420/node_modules/.vite/deps/vue.js?v=318df923:5342:40
    at callWithErrorHandling (http://localhost:1420/node_modules/.vite/deps/vue.js?v=318df923:2379:19)
[     127ms] TypeError: Cannot read properties of undefined (reading 'transformCallback')
    at transformCallback (http://localhost:1420/node_modules/.vite/deps/chunk-G7S6KQDI.js?v=318df923:22:37)
    at listen (http://localhost:1420/node_modules/.vite/deps/chunk-7FCLUC5I.js?v=318df923:39:14)
    at onBrainEvent (http://localhost:1420/src/services/brainClient.ts:299:10)
    at http://localhost:1420/src/views/CapabilityConversationRail.vue:178:24
[     127ms] TypeError: Cannot read properties of undefined (reading 'transformCallback')
    at transformCallback (http://localhost:1420/node_modules/.vite/deps/chunk-G7S6KQDI.js?v=318df923:22:37)
    at listen (http://localhost:1420/node_modules/.vite/deps/chunk-7FCLUC5I.js?v=318df923:39:14)
    at once (http://localhost:1420/node_modules/.vite/deps/chunk-7FCLUC5I.js?v=318df923:45:10)
    at http://localhost:1420/src/services/brainClient.ts:20:10
    at new Promise (<anonymous>)
    at onceWithTimeout (http://localhost:1420/src/services/brainClient.ts:19:16)
    at getPerceptionOnce (http://localhost:1420/src/services/brainClient.ts:274:10)
    at loadPerception (http://localhost:1420/src/views/settings/DataView.vue:34:23)
    at http://localhost:1420/src/views/settings/DataView.vue:182:12
    at http://localhost:1420/node_modules/.vite/deps/vue.js?v=318df923:5342:40
[     127ms] TypeError: Cannot read properties of undefined (reading 'transformCallback')
    at transformCallback (http://localhost:1420/node_modules/.vite/deps/chunk-G7S6KQDI.js?v=318df923:22:37)
    at listen (http://localhost:1420/node_modules/.vite/deps/chunk-7FCLUC5I.js?v=318df923:39:14)
    at once (http://localhost:1420/node_modules/.vite/deps/chunk-7FCLUC5I.js?v=318df923:45:10)
    at http://localhost:1420/src/services/brainClient.ts:20:10
    at new Promise (<anonymous>)
    at onceWithTimeout (http://localhost:1420/src/services/brainClient.ts:19:16)
    at getMemListOnce (http://localhost:1420/src/services/brainClient.ts:216:10)
    at loadMem (http://localhost:1420/src/views/settings/DataView.vue:116:23)
    at http://localhost:1420/src/views/settings/DataView.vue:183:12
    at http://localhost:1420/node_modules/.vite/deps/vue.js?v=318df923:5342:40
[     127ms] TypeError: Cannot read properties of undefined (reading 'transformCallback')
    at transformCallback (http://localhost:1420/node_modules/.vite/deps/chunk-G7S6KQDI.js?v=318df923:22:37)
    at listen (http://localhost:1420/node_modules/.vite/deps/chunk-7FCLUC5I.js?v=318df923:39:14)
    at once (http://localhost:1420/node_modules/.vite/deps/chunk-7FCLUC5I.js?v=318df923:45:10)
    at http://localhost:1420/src/services/brainClient.ts:20:10
    at new Promise (<anonymous>)
    at onceWithTimeout (http://localhost:1420/src/services/brainClient.ts:19:16)
    at getSettingsOnce (http://localhost:1420/src/services/brainClient.ts:245:19)
    at http://localhost:1420/src/views/settings/DataView.vue:184:12
    at http://localhost:1420/node_modules/.vite/deps/vue.js?v=318df923:5342:40
    at callWithErrorHandling (http://localhost:1420/node_modules/.vite/deps/vue.js?v=318df923:2379:19)
[     127ms] TypeError: Cannot read properties of undefined (reading 'transformCallback')
    at transformCallback (http://localhost:1420/node_modules/.vite/deps/chunk-G7S6KQDI.js?v=318df923:22:37)
    at listen (http://localhost:1420/node_modules/.vite/deps/chunk-7FCLUC5I.js?v=318df923:39:14)
    at onBrainStatus (http://localhost:1420/src/services/brainClient.ts:305:10)
    at http://localhost:1420/src/views/settings/GeneralSection.vue?t=1788078972323:273:30
[     127ms] TypeError: Cannot read properties of undefined (reading 'transformCallback')
    at transformCallback (http://localhost:1420/node_modules/.vite/deps/chunk-G7S6KQDI.js?v=318df923:22:37)
    at listen (http://localhost:1420/node_modules/.vite/deps/chunk-7FCLUC5I.js?v=318df923:39:14)
    at once (http://localhost:1420/node_modules/.vite/deps/chunk-7FCLUC5I.js?v=318df923:45:10)
    at http://localhost:1420/src/services/brainClient.ts:20:10
    at new Promise (<anonymous>)
    at onceWithTimeout (http://localhost:1420/src/services/brainClient.ts:19:16)
    at getSettingsOnce (http://localhost:1420/src/services/brainClient.ts:245:19)
    at http://localhost:1420/src/views/settings/GeneralSection.vue?t=1788078972323:262:12
[     127ms] TypeError: Cannot read properties of undefined (reading 'transformCallback')
    at transformCallback (http://localhost:1420/node_modules/.vite/deps/chunk-G7S6KQDI.js?v=318df923:22:37)
    at listen (http://localhost:1420/node_modules/.vite/deps/chunk-7FCLUC5I.js?v=318df923:39:14)
    at once (http://localhost:1420/node_modules/.vite/deps/chunk-7FCLUC5I.js?v=318df923:45:10)
    at http://localhost:1420/src/services/brainClient.ts:20:10
    at new Promise (<anonymous>)
    at onceWithTimeout (http://localhost:1420/src/services/brainClient.ts:19:16)
    at getHttpPairInfoOnce (http://localhost:1420/src/services/brainClient.ts:266:10)
    at refreshPair (http://localhost:1420/src/views/settings/GeneralSection.vue?t=1788078972323:149:29)
    at http://localhost:1420/src/views/settings/GeneralSection.vue?t=1788078972323:272:12
[     128ms] [WARNING] [Vue warn]: Unhandled error during execution of mounted hook 
  at <HomeChat key=0 draft=undefined workstation=null  ... > 
  at <BaseTransition appear=false persisted=true mode=undefined  ... > 
  at <Transition name="view-fade" persisted="" > 
  at <HomeWindow> @ http://localhost:1420/node_modules/.vite/deps/vue.js?v=318df923:2231
[     131ms] TypeError: Cannot read properties of undefined (reading 'transformCallback')
    at transformCallback (http://localhost:1420/node_modules/.vite/deps/chunk-G7S6KQDI.js?v=318df923:22:37)
    at listen (http://localhost:1420/node_modules/.vite/deps/chunk-7FCLUC5I.js?v=318df923:39:14)
    at onBrainEvent (http://localhost:1420/src/services/brainClient.ts:299:10)
    at http://localhost:1420/src/views/chat/HomeChat.vue?t=1788079493207:625:24
[    3120ms] [WARNING] [Vue warn]: Unhandled error during execution of mounted hook 
  at <HomeTodayPanel state="idle" only="today" onChat=fn<onInfoChat> > 
  at <HomeFrame thinking=false state="idle" peek=false  ... > 
  at <HomeChat key=0 draft=undefined workstation=null  ... > 
  at <BaseTransition appear=false persisted=true mode=undefined  ... > 
  at <Transition name="view-fade" persisted="" > 
  at <HomeWindow> @ http://localhost:1420/node_modules/.vite/deps/vue.js?v=318df923:2231
[    3120ms] [WARNING] [Vue warn]: Unhandled error during execution of mounted hook 
  at <HorizonBar state="idle" proc=null shelf=false  ... > 
  at <HomeChat key=0 draft=undefined workstation=null  ... > 
  at <BaseTransition appear=false persisted=true mode=undefined  ... > 
  at <Transition name="view-fade" persisted="" > 
  at <HomeWindow> @ http://localhost:1420/node_modules/.vite/deps/vue.js?v=318df923:2231
[    3121ms] TypeError: Cannot read properties of undefined (reading 'transformCallback')
    at transformCallback (http://localhost:1420/node_modules/.vite/deps/chunk-G7S6KQDI.js?v=318df923:22:37)
    at listen (http://localhost:1420/node_modules/.vite/deps/chunk-7FCLUC5I.js?v=318df923:39:14)
    at onFeed (http://localhost:1420/src/services/brainClient.ts:147:10)
    at http://localhost:1420/src/views/HomeTodayPanel.vue?t=1788070812924:21:22
[    3121ms] TypeError: Cannot read properties of undefined (reading 'transformCallback')
    at transformCallback (http://localhost:1420/node_modules/.vite/deps/chunk-G7S6KQDI.js?v=318df923:22:37)
    at listen (http://localhost:1420/node_modules/.vite/deps/chunk-7FCLUC5I.js?v=318df923:39:14)
    at once (http://localhost:1420/node_modules/.vite/deps/chunk-7FCLUC5I.js?v=318df923:45:10)
    at http://localhost:1420/src/services/brainClient.ts:20:10
    at new Promise (<anonymous>)
    at onceWithTimeout (http://localhost:1420/src/services/brainClient.ts:19:16)
    at getFeedOnce (http://localhost:1420/src/services/brainClient.ts:150:10)
    at http://localhost:1420/src/views/HomeRemindCard.vue?t=1788078972323:18:25
[    3121ms] TypeError: Cannot read properties of undefined (reading 'transformCallback')
    at transformCallback (http://localhost:1420/node_modules/.vite/deps/chunk-G7S6KQDI.js?v=318df923:22:37)
    at listen (http://localhost:1420/node_modules/.vite/deps/chunk-7FCLUC5I.js?v=318df923:39:14)
    at onFeed (http://localhost:1420/src/services/brainClient.ts:147:10)
    at http://localhost:1420/src/views/chat/HorizonBar.vue?t=1788076324598:31:22
[   15122ms] TypeError: Cannot read properties of undefined (reading 'transformCallback')
    at transformCallback (http://localhost:1420/node_modules/.vite/deps/chunk-G7S6KQDI.js?v=318df923:22:37)
    at listen (http://localhost:1420/node_modules/.vite/deps/chunk-7FCLUC5I.js?v=318df923:39:14)
    at once (http://localhost:1420/node_modules/.vite/deps/chunk-7FCLUC5I.js?v=318df923:45:10)
    at http://localhost:1420/src/services/brainClient.ts:20:10
    at new Promise (<anonymous>)
    at onceWithTimeout (http://localhost:1420/src/services/brainClient.ts:19:16)
    at getWidgetsOnce (http://localhost:1420/src/services/brainClient.ts:198:10)
    at refresh (http://localhost:1420/src/views/HomeFloatNotes.vue?t=1788078159546:51:30)
    at http://localhost:1420/src/views/HomeFloatNotes.vue?t=1788078159546:59:14
[   27123ms] TypeError: Cannot read properties of undefined (reading 'transformCallback')
    at transformCallback (http://localhost:1420/node_modules/.vite/deps/chunk-G7S6KQDI.js?v=318df923:22:37)
    at listen (http://localhost:1420/node_modules/.vite/deps/chunk-7FCLUC5I.js?v=318df923:39:14)
    at once (http://localhost:1420/node_modules/.vite/deps/chunk-7FCLUC5I.js?v=318df923:45:10)
    at http://localhost:1420/src/services/brainClient.ts:20:10
    at new Promise (<anonymous>)
    at onceWithTimeout (http://localhost:1420/src/services/brainClient.ts:19:16)
    at getWidgetsOnce (http://localhost:1420/src/services/brainClient.ts:198:10)
    at refresh (http://localhost:1420/src/views/HomeFloatNotes.vue?t=1788078159546:51:30)
    at http://localhost:1420/src/views/HomeFloatNotes.vue?t=1788078159546:59:14
[   39124ms] TypeError: Cannot read properties of undefined (reading 'transformCallback')
    at transformCallback (http://localhost:1420/node_modules/.vite/deps/chunk-G7S6KQDI.js?v=318df923:22:37)
    at listen (http://localhost:1420/node_modules/.vite/deps/chunk-7FCLUC5I.js?v=318df923:39:14)
    at once (http://localhost:1420/node_modules/.vite/deps/chunk-7FCLUC5I.js?v=318df923:45:10)
    at http://localhost:1420/src/services/brainClient.ts:20:10
    at new Promise (<anonymous>)
    at onceWithTimeout (http://localhost:1420/src/services/brainClient.ts:19:16)
    at getWidgetsOnce (http://localhost:1420/src/services/brainClient.ts:198:10)
    at refresh (http://localhost:1420/src/views/HomeFloatNotes.vue?t=1788078159546:51:30)
    at http://localhost:1420/src/views/HomeFloatNotes.vue?t=1788078159546:59:14
[   51123ms] TypeError: Cannot read properties of undefined (reading 'transformCallback')
    at transformCallback (http://localhost:1420/node_modules/.vite/deps/chunk-G7S6KQDI.js?v=318df923:22:37)
    at listen (http://localhost:1420/node_modules/.vite/deps/chunk-7FCLUC5I.js?v=318df923:39:14)
    at once (http://localhost:1420/node_modules/.vite/deps/chunk-7FCLUC5I.js?v=318df923:45:10)
    at http://localhost:1420/src/services/brainClient.ts:20:10
    at new Promise (<anonymous>)
    at onceWithTimeout (http://localhost:1420/src/services/brainClient.ts:19:16)
    at getWidgetsOnce (http://localhost:1420/src/services/brainClient.ts:198:10)
    at refresh (http://localhost:1420/src/views/HomeFloatNotes.vue?t=1788078159546:51:30)
    at http://localhost:1420/src/views/HomeFloatNotes.vue?t=1788078159546:59:14
[   63124ms] TypeError: Cannot read properties of undefined (reading 'transformCallback')
    at transformCallback (http://localhost:1420/node_modules/.vite/deps/chunk-G7S6KQDI.js?v=318df923:22:37)
    at listen (http://localhost:1420/node_modules/.vite/deps/chunk-7FCLUC5I.js?v=318df923:39:14)
    at once (http://localhost:1420/node_modules/.vite/deps/chunk-7FCLUC5I.js?v=318df923:45:10)
    at http://localhost:1420/src/services/brainClient.ts:20:10
    at new Promise (<anonymous>)
    at onceWithTimeout (http://localhost:1420/src/services/brainClient.ts:19:16)
    at getWidgetsOnce (http://localhost:1420/src/services/brainClient.ts:198:10)
    at refresh (http://localhost:1420/src/views/HomeFloatNotes.vue?t=1788078159546:51:30)
    at http://localhost:1420/src/views/HomeFloatNotes.vue?t=1788078159546:59:14
[   72124ms] TypeError: Cannot read properties of undefined (reading 'transformCallback')
    at transformCallback (http://localhost:1420/node_modules/.vite/deps/chunk-G7S6KQDI.js?v=318df923:22:37)
    at listen (http://localhost:1420/node_modules/.vite/deps/chunk-7FCLUC5I.js?v=318df923:39:14)
    at onBrainEvent (http://localhost:1420/src/services/brainClient.ts:299:10)
    at http://localhost:1420/src/lib/home/home-panel-run.ts:12:12
    at new Promise (<anonymous>)
    at runPanelAction (http://localhost:1420/src/lib/home/home-panel-run.ts:6:18)
    at refresh (http://localhost:1420/src/views/HomeMaterialsStat.vue?t=1788078978195:14:30)
[   75122ms] TypeError: Cannot read properties of undefined (reading 'transformCallback')
    at transformCallback (http://localhost:1420/node_modules/.vite/deps/chunk-G7S6KQDI.js?v=318df923:22:37)
    at listen (http://localhost:1420/node_modules/.vite/deps/chunk-7FCLUC5I.js?v=318df923:39:14)
    at once (http://localhost:1420/node_modules/.vite/deps/chunk-7FCLUC5I.js?v=318df923:45:10)
    at http://localhost:1420/src/services/brainClient.ts:20:10
    at new Promise (<anonymous>)
    at onceWithTimeout (http://localhost:1420/src/services/brainClient.ts:19:16)
    at getWidgetsOnce (http://localhost:1420/src/services/brainClient.ts:198:10)
    at refresh (http://localhost:1420/src/views/HomeFloatNotes.vue?t=1788078159546:51:30)
    at http://localhost:1420/src/views/HomeFloatNotes.vue?t=1788078159546:59:14
[   87122ms] TypeError: Cannot read properties of undefined (reading 'transformCallback')
    at transformCallback (http://localhost:1420/node_modules/.vite/deps/chunk-G7S6KQDI.js?v=318df923:22:37)
    at listen (http://localhost:1420/node_modules/.vite/deps/chunk-7FCLUC5I.js?v=318df923:39:14)
    at once (http://localhost:1420/node_modules/.vite/deps/chunk-7FCLUC5I.js?v=318df923:45:10)
    at http://localhost:1420/src/services/brainClient.ts:20:10
    at new Promise (<anonymous>)
    at onceWithTimeout (http://localhost:1420/src/services/brainClient.ts:19:16)
    at getWidgetsOnce (http://localhost:1420/src/services/brainClient.ts:198:10)
    at refresh (http://localhost:1420/src/views/HomeFloatNotes.vue?t=1788078159546:51:30)
    at http://localhost:1420/src/views/HomeFloatNotes.vue?t=1788078159546:59:14
[   89927ms] [WARNING] [Vue warn]: Unhandled error during execution of mounted hook 
  at <HomeChat key=0 draft=undefined workstation=null  ... > 
  at <BaseTransition appear=false persisted=true mode=undefined  ... > 
  at <Transition name="view-fade" persisted="" > 
  at <HomeWindow> @ http://localhost:1420/node_modules/.vite/deps/vue.js?v=318df923:2231
[   89932ms] TypeError: Cannot read properties of undefined (reading 'transformCallback')
    at transformCallback (http://localhost:1420/node_modules/.vite/deps/chunk-G7S6KQDI.js?v=318df923:22:37)
    at listen (http://localhost:1420/node_modules/.vite/deps/chunk-7FCLUC5I.js?v=318df923:39:14)
    at onBrainEvent (http://localhost:1420/src/services/brainClient.ts:299:10)
    at http://localhost:1420/src/lib/home/home-panel-run.ts:12:12
    at new Promise (<anonymous>)
    at runPanelAction (http://localhost:1420/src/lib/home/home-panel-run.ts:6:18)
    at refresh (http://localhost:1420/src/views/HomeMaterialsStat.vue?t=1788078978195:14:30)
    at http://localhost:1420/src/views/HomeMaterialsStat.vue?t=1788078978195:26:13
    at http://localhost:1420/node_modules/.vite/deps/vue.js?v=318df923:5342:40
    at callWithErrorHandling (http://localhost:1420/node_modules/.vite/deps/vue.js?v=318df923:2379:19)
[   89933ms] TypeError: Cannot read properties of undefined (reading 'transformCallback')
    at transformCallback (http://localhost:1420/node_modules/.vite/deps/chunk-G7S6KQDI.js?v=318df923:22:37)
    at listen (http://localhost:1420/node_modules/.vite/deps/chunk-7FCLUC5I.js?v=318df923:39:14)
    at once (http://localhost:1420/node_modules/.vite/deps/chunk-7FCLUC5I.js?v=318df923:45:10)
    at http://localhost:1420/src/services/brainClient.ts:20:10
    at new Promise (<anonymous>)
    at onceWithTimeout (http://localhost:1420/src/services/brainClient.ts:19:16)
    at getSettingsOnce (http://localhost:1420/src/services/brainClient.ts:245:19)
    at http://localhost:1420/src/views/HomeDayTitle.vue?t=1788070913325:19:30
    at http://localhost:1420/node_modules/.vite/deps/vue.js?v=318df923:5342:40
    at callWithErrorHandling (http://localhost:1420/node_modules/.vite/deps/vue.js?v=318df923:2379:19)
[   89933ms] TypeError: Cannot read properties of undefined (reading 'transformCallback')
    at transformCallback (http://localhost:1420/node_modules/.vite/deps/chunk-G7S6KQDI.js?v=318df923:22:37)
    at listen (http://localhost:1420/node_modules/.vite/deps/chunk-7FCLUC5I.js?v=318df923:39:14)
    at once (http://localhost:1420/node_modules/.vite/deps/chunk-7FCLUC5I.js?v=318df923:45:10)
    at http://localhost:1420/src/services/brainClient.ts:20:10
    at new Promise (<anonymous>)
    at onceWithTimeout (http://localhost:1420/src/services/brainClient.ts:19:16)
    at getWidgetsOnce (http://localhost:1420/src/services/brainClient.ts:198:10)
    at refresh (http://localhost:1420/src/views/HomeFloatNotes.vue?t=1788078159546:51:30)
    at http://localhost:1420/src/views/HomeFloatNotes.vue?t=1788078159546:57:13
    at http://localhost:1420/node_modules/.vite/deps/vue.js?v=318df923:5342:40
[   89933ms] TypeError: Cannot read properties of undefined (reading 'transformCallback')
    at transformCallback (http://localhost:1420/node_modules/.vite/deps/chunk-G7S6KQDI.js?v=318df923:22:37)
    at listen (http://localhost:1420/node_modules/.vite/deps/chunk-7FCLUC5I.js?v=318df923:39:14)
    at once (http://localhost:1420/node_modules/.vite/deps/chunk-7FCLUC5I.js?v=318df923:45:10)
    at http://localhost:1420/src/services/brainClient.ts:20:10
    at new Promise (<anonymous>)
    at onceWithTimeout (http://localhost:1420/src/services/brainClient.ts:19:16)
    at getFeedOnce (http://localhost:1420/src/services/brainClient.ts:150:10)
    at http://localhost:1420/src/views/HomeTodayPanel.vue?t=1788070812924:17:28
    at http://localhost:1420/node_modules/.vite/deps/vue.js?v=318df923:5342:40
    at callWithErrorHandling (http://localhost:1420/node_modules/.vite/deps/vue.js?v=318df923:2379:19)
[   89933ms] TypeError: Cannot read properties of undefined (reading 'transformCallback')
    at transformCallback (http://localhost:1420/node_modules/.vite/deps/chunk-G7S6KQDI.js?v=318df923:22:37)
    at listen (http://localhost:1420/node_modules/.vite/deps/chunk-7FCLUC5I.js?v=318df923:39:14)
    at once (http://localhost:1420/node_modules/.vite/deps/chunk-7FCLUC5I.js?v=318df923:45:10)
    at http://localhost:1420/src/services/brainClient.ts:20:10
    at new Promise (<anonymous>)
    at onceWithTimeout (http://localhost:1420/src/services/brainClient.ts:19:16)
    at getWidgetsOnce (http://localhost:1420/src/services/brainClient.ts:198:10)
    at http://localhost:1420/src/views/HomeRemindCard.vue?t=1788078972323:16:25
    at http://localhost:1420/node_modules/.vite/deps/vue.js?v=318df923:5342:40
    at callWithErrorHandling (http://localhost:1420/node_modules/.vite/deps/vue.js?v=318df923:2379:19)
[   89933ms] TypeError: Cannot read properties of undefined (reading 'transformCallback')
    at transformCallback (http://localhost:1420/node_modules/.vite/deps/chunk-G7S6KQDI.js?v=318df923:22:37)
    at listen (http://localhost:1420/node_modules/.vite/deps/chunk-7FCLUC5I.js?v=318df923:39:14)
    at once (http://localhost:1420/node_modules/.vite/deps/chunk-7FCLUC5I.js?v=318df923:45:10)
    at http://localhost:1420/src/services/brainClient.ts:20:10
    at new Promise (<anonymous>)
    at onceWithTimeout (http://localhost:1420/src/services/brainClient.ts:19:16)
    at getWidgetsOnce (http://localhost:1420/src/services/brainClient.ts:198:10)
    at http://localhost:1420/src/views/HomeFlashesStat.vue?t=1788078972323:20:28
    at http://localhost:1420/node_modules/.vite/deps/vue.js?v=318df923:5342:40
    at callWithErrorHandling (http://localhost:1420/node_modules/.vite/deps/vue.js?v=318df923:2379:19)
[   89933ms] TypeError: Cannot read properties of undefined (reading 'transformCallback')
    at transformCallback (http://localhost:1420/node_modules/.vite/deps/chunk-G7S6KQDI.js?v=318df923:22:37)
    at listen (http://localhost:1420/node_modules/.vite/deps/chunk-7FCLUC5I.js?v=318df923:39:14)
    at once (http://localhost:1420/node_modules/.vite/deps/chunk-7FCLUC5I.js?v=318df923:45:10)
    at http://localhost:1420/src/services/brainClient.ts:20:10
    at new Promise (<anonymous>)
    at onceWithTimeout (http://localhost:1420/src/services/brainClient.ts:19:16)
    at getFeedOnce (http://localhost:1420/src/services/brainClient.ts:150:10)
    at http://localhost:1420/src/views/chat/HorizonBar.vue?t=1788076324598:26:28
    at http://localhost:1420/node_modules/.vite/deps/vue.js?v=318df923:5342:40
    at callWithErrorHandling (http://localhost:1420/node_modules/.vite/deps/vue.js?v=318df923:2379:19)
[   89933ms] TypeError: Cannot read properties of undefined (reading 'transformCallback')
    at transformCallback (http://localhost:1420/node_modules/.vite/deps/chunk-G7S6KQDI.js?v=318df923:22:37)
    at listen (http://localhost:1420/node_modules/.vite/deps/chunk-7FCLUC5I.js?v=318df923:39:14)
    at onBrainEvent (http://localhost:1420/src/services/brainClient.ts:299:10)
    at http://localhost:1420/src/views/chat/HomeChat.vue?t=1788079609266:625:24
[   92929ms] [WARNING] [Vue warn]: Unhandled error during execution of mounted hook 
  at <HomeTodayPanel state="idle" only="today" onChat=fn<onInfoChat> > 
  at <HomeFrame thinking=false state="idle" peek=false  ... > 
  at <HomeChat key=0 draft=undefined workstation=null  ... > 
  at <BaseTransition appear=false persisted=true mode=undefined  ... > 
  at <Transition name="view-fade" persisted="" > 
  at <HomeWindow> @ http://localhost:1420/node_modules/.vite/deps/vue.js?v=318df923:2231
[   92929ms] [WARNING] [Vue warn]: Unhandled error during execution of mounted hook 
  at <HorizonBar state="idle" proc=null shelf=false  ... > 
  at <HomeChat key=0 draft=undefined workstation=null  ... > 
  at <BaseTransition appear=false persisted=true mode=undefined  ... > 
  at <Transition name="view-fade" persisted="" > 
  at <HomeWindow> @ http://localhost:1420/node_modules/.vite/deps/vue.js?v=318df923:2231
[   92931ms] TypeError: Cannot read properties of undefined (reading 'transformCallback')
    at transformCallback (http://localhost:1420/node_modules/.vite/deps/chunk-G7S6KQDI.js?v=318df923:22:37)
    at listen (http://localhost:1420/node_modules/.vite/deps/chunk-7FCLUC5I.js?v=318df923:39:14)
    at onFeed (http://localhost:1420/src/services/brainClient.ts:147:10)
    at http://localhost:1420/src/views/HomeTodayPanel.vue?t=1788070812924:21:22
[   92931ms] TypeError: Cannot read properties of undefined (reading 'transformCallback')
    at transformCallback (http://localhost:1420/node_modules/.vite/deps/chunk-G7S6KQDI.js?v=318df923:22:37)
    at listen (http://localhost:1420/node_modules/.vite/deps/chunk-7FCLUC5I.js?v=318df923:39:14)
    at once (http://localhost:1420/node_modules/.vite/deps/chunk-7FCLUC5I.js?v=318df923:45:10)
    at http://localhost:1420/src/services/brainClient.ts:20:10
    at new Promise (<anonymous>)
    at onceWithTimeout (http://localhost:1420/src/services/brainClient.ts:19:16)
    at getFeedOnce (http://localhost:1420/src/services/brainClient.ts:150:10)
    at http://localhost:1420/src/views/HomeRemindCard.vue?t=1788078972323:18:25
[   92931ms] TypeError: Cannot read properties of undefined (reading 'transformCallback')
    at transformCallback (http://localhost:1420/node_modules/.vite/deps/chunk-G7S6KQDI.js?v=318df923:22:37)
    at listen (http://localhost:1420/node_modules/.vite/deps/chunk-7FCLUC5I.js?v=318df923:39:14)
    at onFeed (http://localhost:1420/src/services/brainClient.ts:147:10)
    at http://localhost:1420/src/views/chat/HorizonBar.vue?t=1788076324598:31:22
[  104931ms] TypeError: Cannot read properties of undefined (reading 'transformCallback')
    at transformCallback (http://localhost:1420/node_modules/.vite/deps/chunk-G7S6KQDI.js?v=318df923:22:37)
    at listen (http://localhost:1420/node_modules/.vite/deps/chunk-7FCLUC5I.js?v=318df923:39:14)
    at once (http://localhost:1420/node_modules/.vite/deps/chunk-7FCLUC5I.js?v=318df923:45:10)
    at http://localhost:1420/src/services/brainClient.ts:20:10
    at new Promise (<anonymous>)
    at onceWithTimeout (http://localhost:1420/src/services/brainClient.ts:19:16)
    at getWidgetsOnce (http://localhost:1420/src/services/brainClient.ts:198:10)
    at refresh (http://localhost:1420/src/views/HomeFloatNotes.vue?t=1788078159546:51:30)
    at http://localhost:1420/src/views/HomeFloatNotes.vue?t=1788078159546:59:14
[  116932ms] TypeError: Cannot read properties of undefined (reading 'transformCallback')
    at transformCallback (http://localhost:1420/node_modules/.vite/deps/chunk-G7S6KQDI.js?v=318df923:22:37)
    at listen (http://localhost:1420/node_modules/.vite/deps/chunk-7FCLUC5I.js?v=318df923:39:14)
    at once (http://localhost:1420/node_modules/.vite/deps/chunk-7FCLUC5I.js?v=318df923:45:10)
    at http://localhost:1420/src/services/brainClient.ts:20:10
    at new Promise (<anonymous>)
    at onceWithTimeout (http://localhost:1420/src/services/brainClient.ts:19:16)
    at getWidgetsOnce (http://localhost:1420/src/services/brainClient.ts:198:10)
    at refresh (http://localhost:1420/src/views/HomeFloatNotes.vue?t=1788078159546:51:30)
    at http://localhost:1420/src/views/HomeFloatNotes.vue?t=1788078159546:59:14
[  128932ms] TypeError: Cannot read properties of undefined (reading 'transformCallback')
    at transformCallback (http://localhost:1420/node_modules/.vite/deps/chunk-G7S6KQDI.js?v=318df923:22:37)
    at listen (http://localhost:1420/node_modules/.vite/deps/chunk-7FCLUC5I.js?v=318df923:39:14)
    at once (http://localhost:1420/node_modules/.vite/deps/chunk-7FCLUC5I.js?v=318df923:45:10)
    at http://localhost:1420/src/services/brainClient.ts:20:10
    at new Promise (<anonymous>)
    at onceWithTimeout (http://localhost:1420/src/services/brainClient.ts:19:16)
    at getWidgetsOnce (http://localhost:1420/src/services/brainClient.ts:198:10)
    at refresh (http://localhost:1420/src/views/HomeFloatNotes.vue?t=1788078159546:51:30)
    at http://localhost:1420/src/views/HomeFloatNotes.vue?t=1788078159546:59:14
[  140933ms] TypeError: Cannot read properties of undefined (reading 'transformCallback')
    at transformCallback (http://localhost:1420/node_modules/.vite/deps/chunk-G7S6KQDI.js?v=318df923:22:37)
    at listen (http://localhost:1420/node_modules/.vite/deps/chunk-7FCLUC5I.js?v=318df923:39:14)
    at once (http://localhost:1420/node_modules/.vite/deps/chunk-7FCLUC5I.js?v=318df923:45:10)
    at http://localhost:1420/src/services/brainClient.ts:20:10
    at new Promise (<anonymous>)
    at onceWithTimeout (http://localhost:1420/src/services/brainClient.ts:19:16)
    at getWidgetsOnce (http://localhost:1420/src/services/brainClient.ts:198:10)
    at refresh (http://localhost:1420/src/views/HomeFloatNotes.vue?t=1788078159546:51:30)
    at http://localhost:1420/src/views/HomeFloatNotes.vue?t=1788078159546:59:14
[  152932ms] TypeError: Cannot read properties of undefined (reading 'transformCallback')
    at transformCallback (http://localhost:1420/node_modules/.vite/deps/chunk-G7S6KQDI.js?v=318df923:22:37)
    at listen (http://localhost:1420/node_modules/.vite/deps/chunk-7FCLUC5I.js?v=318df923:39:14)
    at once (http://localhost:1420/node_modules/.vite/deps/chunk-7FCLUC5I.js?v=318df923:45:10)
    at http://localhost:1420/src/services/brainClient.ts:20:10
    at new Promise (<anonymous>)
    at onceWithTimeout (http://localhost:1420/src/services/brainClient.ts:19:16)
    at getWidgetsOnce (http://localhost:1420/src/services/brainClient.ts:198:10)
    at refresh (http://localhost:1420/src/views/HomeFloatNotes.vue?t=1788078159546:51:30)
    at http://localhost:1420/src/views/HomeFloatNotes.vue?t=1788078159546:59:14
[  161933ms] TypeError: Cannot read properties of undefined (reading 'transformCallback')
    at transformCallback (http://localhost:1420/node_modules/.vite/deps/chunk-G7S6KQDI.js?v=318df923:22:37)
    at listen (http://localhost:1420/node_modules/.vite/deps/chunk-7FCLUC5I.js?v=318df923:39:14)
    at onBrainEvent (http://localhost:1420/src/services/brainClient.ts:299:10)
    at http://localhost:1420/src/lib/home/home-panel-run.ts:12:12
    at new Promise (<anonymous>)
    at runPanelAction (http://localhost:1420/src/lib/home/home-panel-run.ts:6:18)
    at refresh (http://localhost:1420/src/views/HomeMaterialsStat.vue?t=1788078978195:14:30)
[  164933ms] TypeError: Cannot read properties of undefined (reading 'transformCallback')
    at transformCallback (http://localhost:1420/node_modules/.vite/deps/chunk-G7S6KQDI.js?v=318df923:22:37)
    at listen (http://localhost:1420/node_modules/.vite/deps/chunk-7FCLUC5I.js?v=318df923:39:14)
    at once (http://localhost:1420/node_modules/.vite/deps/chunk-7FCLUC5I.js?v=318df923:45:10)
    at http://localhost:1420/src/services/brainClient.ts:20:10
    at new Promise (<anonymous>)
    at onceWithTimeout (http://localhost:1420/src/services/brainClient.ts:19:16)
    at getWidgetsOnce (http://localhost:1420/src/services/brainClient.ts:198:10)
    at refresh (http://localhost:1420/src/views/HomeFloatNotes.vue?t=1788078159546:51:30)
    at http://localhost:1420/src/views/HomeFloatNotes.vue?t=1788078159546:59:14
[  176932ms] TypeError: Cannot read properties of undefined (reading 'transformCallback')
    at transformCallback (http://localhost:1420/node_modules/.vite/deps/chunk-G7S6KQDI.js?v=318df923:22:37)
    at listen (http://localhost:1420/node_modules/.vite/deps/chunk-7FCLUC5I.js?v=318df923:39:14)
    at once (http://localhost:1420/node_modules/.vite/deps/chunk-7FCLUC5I.js?v=318df923:45:10)
    at http://localhost:1420/src/services/brainClient.ts:20:10
    at new Promise (<anonymous>)
    at onceWithTimeout (http://localhost:1420/src/services/brainClient.ts:19:16)
    at getWidgetsOnce (http://localhost:1420/src/services/brainClient.ts:198:10)
    at refresh (http://localhost:1420/src/views/HomeFloatNotes.vue?t=1788078159546:51:30)
    at http://localhost:1420/src/views/HomeFloatNotes.vue?t=1788078159546:59:14
[  188933ms] TypeError: Cannot read properties of undefined (reading 'transformCallback')
    at transformCallback (http://localhost:1420/node_modules/.vite/deps/chunk-G7S6KQDI.js?v=318df923:22:37)
    at listen (http://localhost:1420/node_modules/.vite/deps/chunk-7FCLUC5I.js?v=318df923:39:14)
    at once (http://localhost:1420/node_modules/.vite/deps/chunk-7FCLUC5I.js?v=318df923:45:10)
    at http://localhost:1420/src/services/brainClient.ts:20:10
    at new Promise (<anonymous>)
    at onceWithTimeout (http://localhost:1420/src/services/brainClient.ts:19:16)
    at getWidgetsOnce (http://localhost:1420/src/services/brainClient.ts:198:10)
    at refresh (http://localhost:1420/src/views/HomeFloatNotes.vue?t=1788078159546:51:30)
    at http://localhost:1420/src/views/HomeFloatNotes.vue?t=1788078159546:59:14
[  200933ms] TypeError: Cannot read properties of undefined (reading 'transformCallback')
    at transformCallback (http://localhost:1420/node_modules/.vite/deps/chunk-G7S6KQDI.js?v=318df923:22:37)
    at listen (http://localhost:1420/node_modules/.vite/deps/chunk-7FCLUC5I.js?v=318df923:39:14)
    at once (http://localhost:1420/node_modules/.vite/deps/chunk-7FCLUC5I.js?v=318df923:45:10)
    at http://localhost:1420/src/services/brainClient.ts:20:10
    at new Promise (<anonymous>)
    at onceWithTimeout (http://localhost:1420/src/services/brainClient.ts:19:16)
    at getWidgetsOnce (http://localhost:1420/src/services/brainClient.ts:198:10)
    at refresh (http://localhost:1420/src/views/HomeFloatNotes.vue?t=1788078159546:51:30)
    at http://localhost:1420/src/views/HomeFloatNotes.vue?t=1788078159546:59:14
[  212934ms] TypeError: Cannot read properties of undefined (reading 'transformCallback')
    at transformCallback (http://localhost:1420/node_modules/.vite/deps/chunk-G7S6KQDI.js?v=318df923:22:37)
    at listen (http://localhost:1420/node_modules/.vite/deps/chunk-7FCLUC5I.js?v=318df923:39:14)
    at once (http://localhost:1420/node_modules/.vite/deps/chunk-7FCLUC5I.js?v=318df923:45:10)
    at http://localhost:1420/src/services/brainClient.ts:20:10
    at new Promise (<anonymous>)
    at onceWithTimeout (http://localhost:1420/src/services/brainClient.ts:19:16)
    at getWidgetsOnce (http://localhost:1420/src/services/brainClient.ts:198:10)
    at refresh (http://localhost:1420/src/views/HomeFloatNotes.vue?t=1788078159546:51:30)
    at http://localhost:1420/src/views/HomeFloatNotes.vue?t=1788078159546:59:14
[  221935ms] TypeError: Cannot read properties of undefined (reading 'transformCallback')
    at transformCallback (http://localhost:1420/node_modules/.vite/deps/chunk-G7S6KQDI.js?v=318df923:22:37)
    at listen (http://localhost:1420/node_modules/.vite/deps/chunk-7FCLUC5I.js?v=318df923:39:14)
    at onBrainEvent (http://localhost:1420/src/services/brainClient.ts:299:10)
    at http://localhost:1420/src/lib/home/home-panel-run.ts:12:12
    at new Promise (<anonymous>)
    at runPanelAction (http://localhost:1420/src/lib/home/home-panel-run.ts:6:18)
    at refresh (http://localhost:1420/src/views/HomeMaterialsStat.vue?t=1788078978195:14:30)
[  224934ms] TypeError: Cannot read properties of undefined (reading 'transformCallback')
    at transformCallback (http://localhost:1420/node_modules/.vite/deps/chunk-G7S6KQDI.js?v=318df923:22:37)
    at listen (http://localhost:1420/node_modules/.vite/deps/chunk-7FCLUC5I.js?v=318df923:39:14)
    at once (http://localhost:1420/node_modules/.vite/deps/chunk-7FCLUC5I.js?v=318df923:45:10)
    at http://localhost:1420/src/services/brainClient.ts:20:10
    at new Promise (<anonymous>)
    at onceWithTimeout (http://localhost:1420/src/services/brainClient.ts:19:16)
    at getWidgetsOnce (http://localhost:1420/src/services/brainClient.ts:198:10)
    at refresh (http://localhost:1420/src/views/HomeFloatNotes.vue?t=1788078159546:51:30)
    at http://localhost:1420/src/views/HomeFloatNotes.vue?t=1788078159546:59:14
[  236934ms] TypeError: Cannot read properties of undefined (reading 'transformCallback')
    at transformCallback (http://localhost:1420/node_modules/.vite/deps/chunk-G7S6KQDI.js?v=318df923:22:37)
    at listen (http://localhost:1420/node_modules/.vite/deps/chunk-7FCLUC5I.js?v=318df923:39:14)
    at once (http://localhost:1420/node_modules/.vite/deps/chunk-7FCLUC5I.js?v=318df923:45:10)
    at http://localhost:1420/src/services/brainClient.ts:20:10
    at new Promise (<anonymous>)
    at onceWithTimeout (http://localhost:1420/src/services/brainClient.ts:19:16)
    at getWidgetsOnce (http://localhost:1420/src/services/brainClient.ts:198:10)
    at refresh (http://localhost:1420/src/views/HomeFloatNotes.vue?t=1788078159546:51:30)
    at http://localhost:1420/src/views/HomeFloatNotes.vue?t=1788078159546:59:14
[  248934ms] TypeError: Cannot read properties of undefined (reading 'transformCallback')
    at transformCallback (http://localhost:1420/node_modules/.vite/deps/chunk-G7S6KQDI.js?v=318df923:22:37)
    at listen (http://localhost:1420/node_modules/.vite/deps/chunk-7FCLUC5I.js?v=318df923:39:14)
    at once (http://localhost:1420/node_modules/.vite/deps/chunk-7FCLUC5I.js?v=318df923:45:10)
    at http://localhost:1420/src/services/brainClient.ts:20:10
    at new Promise (<anonymous>)
    at onceWithTimeout (http://localhost:1420/src/services/brainClient.ts:19:16)
    at getWidgetsOnce (http://localhost:1420/src/services/brainClient.ts:198:10)
    at refresh (http://localhost:1420/src/views/HomeFloatNotes.vue?t=1788078159546:51:30)
    at http://localhost:1420/src/views/HomeFloatNotes.vue?t=1788078159546:59:14
[  260934ms] TypeError: Cannot read properties of undefined (reading 'transformCallback')
    at transformCallback (http://localhost:1420/node_modules/.vite/deps/chunk-G7S6KQDI.js?v=318df923:22:37)
    at listen (http://localhost:1420/node_modules/.vite/deps/chunk-7FCLUC5I.js?v=318df923:39:14)
    at once (http://localhost:1420/node_modules/.vite/deps/chunk-7FCLUC5I.js?v=318df923:45:10)
    at http://localhost:1420/src/services/brainClient.ts:20:10
    at new Promise (<anonymous>)
    at onceWithTimeout (http://localhost:1420/src/services/brainClient.ts:19:16)
    at getWidgetsOnce (http://localhost:1420/src/services/brainClient.ts:198:10)
    at refresh (http://localhost:1420/src/views/HomeFloatNotes.vue?t=1788078159546:51:30)
    at http://localhost:1420/src/views/HomeFloatNotes.vue?t=1788078159546:59:14
[  272934ms] TypeError: Cannot read properties of undefined (reading 'transformCallback')
    at transformCallback (http://localhost:1420/node_modules/.vite/deps/chunk-G7S6KQDI.js?v=318df923:22:37)
    at listen (http://localhost:1420/node_modules/.vite/deps/chunk-7FCLUC5I.js?v=318df923:39:14)
    at once (http://localhost:1420/node_modules/.vite/deps/chunk-7FCLUC5I.js?v=318df923:45:10)
    at http://localhost:1420/src/services/brainClient.ts:20:10
    at new Promise (<anonymous>)
    at onceWithTimeout (http://localhost:1420/src/services/brainClient.ts:19:16)
    at getWidgetsOnce (http://localhost:1420/src/services/brainClient.ts:198:10)
    at refresh (http://localhost:1420/src/views/HomeFloatNotes.vue?t=1788078159546:51:30)
    at http://localhost:1420/src/views/HomeFloatNotes.vue?t=1788078159546:59:14
[  281935ms] TypeError: Cannot read properties of undefined (reading 'transformCallback')
    at transformCallback (http://localhost:1420/node_modules/.vite/deps/chunk-G7S6KQDI.js?v=318df923:22:37)
    at listen (http://localhost:1420/node_modules/.vite/deps/chunk-7FCLUC5I.js?v=318df923:39:14)
    at onBrainEvent (http://localhost:1420/src/services/brainClient.ts:299:10)
    at http://localhost:1420/src/lib/home/home-panel-run.ts:12:12
    at new Promise (<anonymous>)
    at runPanelAction (http://localhost:1420/src/lib/home/home-panel-run.ts:6:18)
    at refresh (http://localhost:1420/src/views/HomeMaterialsStat.vue?t=1788078978195:14:30)
[  284934ms] TypeError: Cannot read properties of undefined (reading 'transformCallback')
    at transformCallback (http://localhost:1420/node_modules/.vite/deps/chunk-G7S6KQDI.js?v=318df923:22:37)
    at listen (http://localhost:1420/node_modules/.vite/deps/chunk-7FCLUC5I.js?v=318df923:39:14)
    at once (http://localhost:1420/node_modules/.vite/deps/chunk-7FCLUC5I.js?v=318df923:45:10)
    at http://localhost:1420/src/services/brainClient.ts:20:10
    at new Promise (<anonymous>)
    at onceWithTimeout (http://localhost:1420/src/services/brainClient.ts:19:16)
    at getWidgetsOnce (http://localhost:1420/src/services/brainClient.ts:198:10)
    at refresh (http://localhost:1420/src/views/HomeFloatNotes.vue?t=1788078159546:51:30)
    at http://localhost:1420/src/views/HomeFloatNotes.vue?t=1788078159546:59:14
[  296935ms] TypeError: Cannot read properties of undefined (reading 'transformCallback')
    at transformCallback (http://localhost:1420/node_modules/.vite/deps/chunk-G7S6KQDI.js?v=318df923:22:37)
    at listen (http://localhost:1420/node_modules/.vite/deps/chunk-7FCLUC5I.js?v=318df923:39:14)
    at once (http://localhost:1420/node_modules/.vite/deps/chunk-7FCLUC5I.js?v=318df923:45:10)
    at http://localhost:1420/src/services/brainClient.ts:20:10
    at new Promise (<anonymous>)
    at onceWithTimeout (http://localhost:1420/src/services/brainClient.ts:19:16)
    at getWidgetsOnce (http://localhost:1420/src/services/brainClient.ts:198:10)
    at refresh (http://localhost:1420/src/views/HomeFloatNotes.vue?t=1788078159546:51:30)
    at http://localhost:1420/src/views/HomeFloatNotes.vue?t=1788078159546:59:14
[  308932ms] TypeError: Cannot read properties of undefined (reading 'transformCallback')
    at transformCallback (http://localhost:1420/node_modules/.vite/deps/chunk-G7S6KQDI.js?v=318df923:22:37)
    at listen (http://localhost:1420/node_modules/.vite/deps/chunk-7FCLUC5I.js?v=318df923:39:14)
    at once (http://localhost:1420/node_modules/.vite/deps/chunk-7FCLUC5I.js?v=318df923:45:10)
    at http://localhost:1420/src/services/brainClient.ts:20:10
    at new Promise (<anonymous>)
    at onceWithTimeout (http://localhost:1420/src/services/brainClient.ts:19:16)
    at getWidgetsOnce (http://localhost:1420/src/services/brainClient.ts:198:10)
    at refresh (http://localhost:1420/src/views/HomeFloatNotes.vue?t=1788078159546:51:30)
    at http://localhost:1420/src/views/HomeFloatNotes.vue?t=1788078159546:59:14
[  320935ms] TypeError: Cannot read properties of undefined (reading 'transformCallback')
    at transformCallback (http://localhost:1420/node_modules/.vite/deps/chunk-G7S6KQDI.js?v=318df923:22:37)
    at listen (http://localhost:1420/node_modules/.vite/deps/chunk-7FCLUC5I.js?v=318df923:39:14)
    at once (http://localhost:1420/node_modules/.vite/deps/chunk-7FCLUC5I.js?v=318df923:45:10)
    at http://localhost:1420/src/services/brainClient.ts:20:10
    at new Promise (<anonymous>)
    at onceWithTimeout (http://localhost:1420/src/services/brainClient.ts:19:16)
    at getWidgetsOnce (http://localhost:1420/src/services/brainClient.ts:198:10)
    at refresh (http://localhost:1420/src/views/HomeFloatNotes.vue?t=1788078159546:51:30)
    at http://localhost:1420/src/views/HomeFloatNotes.vue?t=1788078159546:59:14
[  332934ms] TypeError: Cannot read properties of undefined (reading 'transformCallback')
    at transformCallback (http://localhost:1420/node_modules/.vite/deps/chunk-G7S6KQDI.js?v=318df923:22:37)
    at listen (http://localhost:1420/node_modules/.vite/deps/chunk-7FCLUC5I.js?v=318df923:39:14)
    at once (http://localhost:1420/node_modules/.vite/deps/chunk-7FCLUC5I.js?v=318df923:45:10)
    at http://localhost:1420/src/services/brainClient.ts:20:10
    at new Promise (<anonymous>)
    at onceWithTimeout (http://localhost:1420/src/services/brainClient.ts:19:16)
    at getWidgetsOnce (http://localhost:1420/src/services/brainClient.ts:198:10)
    at refresh (http://localhost:1420/src/views/HomeFloatNotes.vue?t=1788078159546:51:30)
    at http://localhost:1420/src/views/HomeFloatNotes.vue?t=1788078159546:59:14
[  341936ms] TypeError: Cannot read properties of undefined (reading 'transformCallback')
    at transformCallback (http://localhost:1420/node_modules/.vite/deps/chunk-G7S6KQDI.js?v=318df923:22:37)
    at listen (http://localhost:1420/node_modules/.vite/deps/chunk-7FCLUC5I.js?v=318df923:39:14)
    at onBrainEvent (http://localhost:1420/src/services/brainClient.ts:299:10)
    at http://localhost:1420/src/lib/home/home-panel-run.ts:12:12
    at new Promise (<anonymous>)
    at runPanelAction (http://localhost:1420/src/lib/home/home-panel-run.ts:6:18)
    at refresh (http://localhost:1420/src/views/HomeMaterialsStat.vue?t=1788078978195:14:30)
[  344936ms] TypeError: Cannot read properties of undefined (reading 'transformCallback')
    at transformCallback (http://localhost:1420/node_modules/.vite/deps/chunk-G7S6KQDI.js?v=318df923:22:37)
    at listen (http://localhost:1420/node_modules/.vite/deps/chunk-7FCLUC5I.js?v=318df923:39:14)
    at once (http://localhost:1420/node_modules/.vite/deps/chunk-7FCLUC5I.js?v=318df923:45:10)
    at http://localhost:1420/src/services/brainClient.ts:20:10
    at new Promise (<anonymous>)
    at onceWithTimeout (http://localhost:1420/src/services/brainClient.ts:19:16)
    at getWidgetsOnce (http://localhost:1420/src/services/brainClient.ts:198:10)
    at refresh (http://localhost:1420/src/views/HomeFloatNotes.vue?t=1788078159546:51:30)
    at http://localhost:1420/src/views/HomeFloatNotes.vue?t=1788078159546:59:14
[  356935ms] TypeError: Cannot read properties of undefined (reading 'transformCallback')
    at transformCallback (http://localhost:1420/node_modules/.vite/deps/chunk-G7S6KQDI.js?v=318df923:22:37)
    at listen (http://localhost:1420/node_modules/.vite/deps/chunk-7FCLUC5I.js?v=318df923:39:14)
    at once (http://localhost:1420/node_modules/.vite/deps/chunk-7FCLUC5I.js?v=318df923:45:10)
    at http://localhost:1420/src/services/brainClient.ts:20:10
    at new Promise (<anonymous>)
    at onceWithTimeout (http://localhost:1420/src/services/brainClient.ts:19:16)
    at getWidgetsOnce (http://localhost:1420/src/services/brainClient.ts:198:10)
    at refresh (http://localhost:1420/src/views/HomeFloatNotes.vue?t=1788078159546:51:30)
    at http://localhost:1420/src/views/HomeFloatNotes.vue?t=1788078159546:59:14
[  368936ms] TypeError: Cannot read properties of undefined (reading 'transformCallback')
    at transformCallback (http://localhost:1420/node_modules/.vite/deps/chunk-G7S6KQDI.js?v=318df923:22:37)
    at listen (http://localhost:1420/node_modules/.vite/deps/chunk-7FCLUC5I.js?v=318df923:39:14)
    at once (http://localhost:1420/node_modules/.vite/deps/chunk-7FCLUC5I.js?v=318df923:45:10)
    at http://localhost:1420/src/services/brainClient.ts:20:10
    at new Promise (<anonymous>)
    at onceWithTimeout (http://localhost:1420/src/services/brainClient.ts:19:16)
    at getWidgetsOnce (http://localhost:1420/src/services/brainClient.ts:198:10)
    at refresh (http://localhost:1420/src/views/HomeFloatNotes.vue?t=1788078159546:51:30)
    at http://localhost:1420/src/views/HomeFloatNotes.vue?t=1788078159546:59:14
[  380936ms] TypeError: Cannot read properties of undefined (reading 'transformCallback')
    at transformCallback (http://localhost:1420/node_modules/.vite/deps/chunk-G7S6KQDI.js?v=318df923:22:37)
    at listen (http://localhost:1420/node_modules/.vite/deps/chunk-7FCLUC5I.js?v=318df923:39:14)
    at once (http://localhost:1420/node_modules/.vite/deps/chunk-7FCLUC5I.js?v=318df923:45:10)
    at http://localhost:1420/src/services/brainClient.ts:20:10
    at new Promise (<anonymous>)
    at onceWithTimeout (http://localhost:1420/src/services/brainClient.ts:19:16)
    at getWidgetsOnce (http://localhost:1420/src/services/brainClient.ts:198:10)
    at refresh (http://localhost:1420/src/views/HomeFloatNotes.vue?t=1788078159546:51:30)
    at http://localhost:1420/src/views/HomeFloatNotes.vue?t=1788078159546:59:14
[  392936ms] TypeError: Cannot read properties of undefined (reading 'transformCallback')
    at transformCallback (http://localhost:1420/node_modules/.vite/deps/chunk-G7S6KQDI.js?v=318df923:22:37)
    at listen (http://localhost:1420/node_modules/.vite/deps/chunk-7FCLUC5I.js?v=318df923:39:14)
    at once (http://localhost:1420/node_modules/.vite/deps/chunk-7FCLUC5I.js?v=318df923:45:10)
    at http://localhost:1420/src/services/brainClient.ts:20:10
    at new Promise (<anonymous>)
    at onceWithTimeout (http://localhost:1420/src/services/brainClient.ts:19:16)
    at getWidgetsOnce (http://localhost:1420/src/services/brainClient.ts:198:10)
    at refresh (http://localhost:1420/src/views/HomeFloatNotes.vue?t=1788078159546:51:30)
    at http://localhost:1420/src/views/HomeFloatNotes.vue?t=1788078159546:59:14
[  401937ms] TypeError: Cannot read properties of undefined (reading 'transformCallback')
    at transformCallback (http://localhost:1420/node_modules/.vite/deps/chunk-G7S6KQDI.js?v=318df923:22:37)
    at listen (http://localhost:1420/node_modules/.vite/deps/chunk-7FCLUC5I.js?v=318df923:39:14)
    at onBrainEvent (http://localhost:1420/src/services/brainClient.ts:299:10)
    at http://localhost:1420/src/lib/home/home-panel-run.ts:12:12
    at new Promise (<anonymous>)
    at runPanelAction (http://localhost:1420/src/lib/home/home-panel-run.ts:6:18)
    at refresh (http://localhost:1420/src/views/HomeMaterialsStat.vue?t=1788078978195:14:30)
[  404936ms] TypeError: Cannot read properties of undefined (reading 'transformCallback')
    at transformCallback (http://localhost:1420/node_modules/.vite/deps/chunk-G7S6KQDI.js?v=318df923:22:37)
    at listen (http://localhost:1420/node_modules/.vite/deps/chunk-7FCLUC5I.js?v=318df923:39:14)
    at once (http://localhost:1420/node_modules/.vite/deps/chunk-7FCLUC5I.js?v=318df923:45:10)
    at http://localhost:1420/src/services/brainClient.ts:20:10
    at new Promise (<anonymous>)
    at onceWithTimeout (http://localhost:1420/src/services/brainClient.ts:19:16)
    at getWidgetsOnce (http://localhost:1420/src/services/brainClient.ts:198:10)
    at refresh (http://localhost:1420/src/views/HomeFloatNotes.vue?t=1788078159546:51:30)
    at http://localhost:1420/src/views/HomeFloatNotes.vue?t=1788078159546:59:14
[  416936ms] TypeError: Cannot read properties of undefined (reading 'transformCallback')
    at transformCallback (http://localhost:1420/node_modules/.vite/deps/chunk-G7S6KQDI.js?v=318df923:22:37)
    at listen (http://localhost:1420/node_modules/.vite/deps/chunk-7FCLUC5I.js?v=318df923:39:14)
    at once (http://localhost:1420/node_modules/.vite/deps/chunk-7FCLUC5I.js?v=318df923:45:10)
    at http://localhost:1420/src/services/brainClient.ts:20:10
    at new Promise (<anonymous>)
    at onceWithTimeout (http://localhost:1420/src/services/brainClient.ts:19:16)
    at getWidgetsOnce (http://localhost:1420/src/services/brainClient.ts:198:10)
    at refresh (http://localhost:1420/src/views/HomeFloatNotes.vue?t=1788078159546:51:30)
    at http://localhost:1420/src/views/HomeFloatNotes.vue?t=1788078159546:59:14
[  428937ms] TypeError: Cannot read properties of undefined (reading 'transformCallback')
    at transformCallback (http://localhost:1420/node_modules/.vite/deps/chunk-G7S6KQDI.js?v=318df923:22:37)
    at listen (http://localhost:1420/node_modules/.vite/deps/chunk-7FCLUC5I.js?v=318df923:39:14)
    at once (http://localhost:1420/node_modules/.vite/deps/chunk-7FCLUC5I.js?v=318df923:45:10)
    at http://localhost:1420/src/services/brainClient.ts:20:10
    at new Promise (<anonymous>)
    at onceWithTimeout (http://localhost:1420/src/services/brainClient.ts:19:16)
    at getWidgetsOnce (http://localhost:1420/src/services/brainClient.ts:198:10)
    at refresh (http://localhost:1420/src/views/HomeFloatNotes.vue?t=1788078159546:51:30)
    at http://localhost:1420/src/views/HomeFloatNotes.vue?t=1788078159546:59:14
[  440938ms] TypeError: Cannot read properties of undefined (reading 'transformCallback')
    at transformCallback (http://localhost:1420/node_modules/.vite/deps/chunk-G7S6KQDI.js?v=318df923:22:37)
    at listen (http://localhost:1420/node_modules/.vite/deps/chunk-7FCLUC5I.js?v=318df923:39:14)
    at once (http://localhost:1420/node_modules/.vite/deps/chunk-7FCLUC5I.js?v=318df923:45:10)
    at http://localhost:1420/src/services/brainClient.ts:20:10
    at new Promise (<anonymous>)
    at onceWithTimeout (http://localhost:1420/src/services/brainClient.ts:19:16)
    at getWidgetsOnce (http://localhost:1420/src/services/brainClient.ts:198:10)
    at refresh (http://localhost:1420/src/views/HomeFloatNotes.vue?t=1788078159546:51:30)
    at http://localhost:1420/src/views/HomeFloatNotes.vue?t=1788078159546:59:14
[  452936ms] TypeError: Cannot read properties of undefined (reading 'transformCallback')
    at transformCallback (http://localhost:1420/node_modules/.vite/deps/chunk-G7S6KQDI.js?v=318df923:22:37)
    at listen (http://localhost:1420/node_modules/.vite/deps/chunk-7FCLUC5I.js?v=318df923:39:14)
    at once (http://localhost:1420/node_modules/.vite/deps/chunk-7FCLUC5I.js?v=318df923:45:10)
    at http://localhost:1420/src/services/brainClient.ts:20:10
    at new Promise (<anonymous>)
    at onceWithTimeout (http://localhost:1420/src/services/brainClient.ts:19:16)
    at getWidgetsOnce (http://localhost:1420/src/services/brainClient.ts:198:10)
    at refresh (http://localhost:1420/src/views/HomeFloatNotes.vue?t=1788078159546:51:30)
    at http://localhost:1420/src/views/HomeFloatNotes.vue?t=1788078159546:59:14
[  461939ms] TypeError: Cannot read properties of undefined (reading 'transformCallback')
    at transformCallback (http://localhost:1420/node_modules/.vite/deps/chunk-G7S6KQDI.js?v=318df923:22:37)
    at listen (http://localhost:1420/node_modules/.vite/deps/chunk-7FCLUC5I.js?v=318df923:39:14)
    at onBrainEvent (http://localhost:1420/src/services/brainClient.ts:299:10)
    at http://localhost:1420/src/lib/home/home-panel-run.ts:12:12
    at new Promise (<anonymous>)
    at runPanelAction (http://localhost:1420/src/lib/home/home-panel-run.ts:6:18)
    at refresh (http://localhost:1420/src/views/HomeMaterialsStat.vue?t=1788078978195:14:30)
[  464936ms] TypeError: Cannot read properties of undefined (reading 'transformCallback')
    at transformCallback (http://localhost:1420/node_modules/.vite/deps/chunk-G7S6KQDI.js?v=318df923:22:37)
    at listen (http://localhost:1420/node_modules/.vite/deps/chunk-7FCLUC5I.js?v=318df923:39:14)
    at once (http://localhost:1420/node_modules/.vite/deps/chunk-7FCLUC5I.js?v=318df923:45:10)
    at http://localhost:1420/src/services/brainClient.ts:20:10
    at new Promise (<anonymous>)
    at onceWithTimeout (http://localhost:1420/src/services/brainClient.ts:19:16)
    at getWidgetsOnce (http://localhost:1420/src/services/brainClient.ts:198:10)
    at refresh (http://localhost:1420/src/views/HomeFloatNotes.vue?t=1788078159546:51:30)
    at http://localhost:1420/src/views/HomeFloatNotes.vue?t=1788078159546:59:14
[  476937ms] TypeError: Cannot read properties of undefined (reading 'transformCallback')
    at transformCallback (http://localhost:1420/node_modules/.vite/deps/chunk-G7S6KQDI.js?v=318df923:22:37)
    at listen (http://localhost:1420/node_modules/.vite/deps/chunk-7FCLUC5I.js?v=318df923:39:14)
    at once (http://localhost:1420/node_modules/.vite/deps/chunk-7FCLUC5I.js?v=318df923:45:10)
    at http://localhost:1420/src/services/brainClient.ts:20:10
    at new Promise (<anonymous>)
    at onceWithTimeout (http://localhost:1420/src/services/brainClient.ts:19:16)
    at getWidgetsOnce (http://localhost:1420/src/services/brainClient.ts:198:10)
    at refresh (http://localhost:1420/src/views/HomeFloatNotes.vue?t=1788078159546:51:30)
    at http://localhost:1420/src/views/HomeFloatNotes.vue?t=1788078159546:59:14
[  488938ms] TypeError: Cannot read properties of undefined (reading 'transformCallback')
    at transformCallback (http://localhost:1420/node_modules/.vite/deps/chunk-G7S6KQDI.js?v=318df923:22:37)
    at listen (http://localhost:1420/node_modules/.vite/deps/chunk-7FCLUC5I.js?v=318df923:39:14)
    at once (http://localhost:1420/node_modules/.vite/deps/chunk-7FCLUC5I.js?v=318df923:45:10)
    at http://localhost:1420/src/services/brainClient.ts:20:10
    at new Promise (<anonymous>)
    at onceWithTimeout (http://localhost:1420/src/services/brainClient.ts:19:16)
    at getWidgetsOnce (http://localhost:1420/src/services/brainClient.ts:198:10)
    at refresh (http://localhost:1420/src/views/HomeFloatNotes.vue?t=1788078159546:51:30)
    at http://localhost:1420/src/views/HomeFloatNotes.vue?t=1788078159546:59:14
[  500941ms] TypeError: Cannot read properties of undefined (reading 'transformCallback')
    at transformCallback (http://localhost:1420/node_modules/.vite/deps/chunk-G7S6KQDI.js?v=318df923:22:37)
    at listen (http://localhost:1420/node_modules/.vite/deps/chunk-7FCLUC5I.js?v=318df923:39:14)
    at once (http://localhost:1420/node_modules/.vite/deps/chunk-7FCLUC5I.js?v=318df923:45:10)
    at http://localhost:1420/src/services/brainClient.ts:20:10
    at new Promise (<anonymous>)
    at onceWithTimeout (http://localhost:1420/src/services/brainClient.ts:19:16)
    at getWidgetsOnce (http://localhost:1420/src/services/brainClient.ts:198:10)
    at refresh (http://localhost:1420/src/views/HomeFloatNotes.vue?t=1788078159546:51:30)
    at http://localhost:1420/src/views/HomeFloatNotes.vue?t=1788078159546:59:14
[  512937ms] TypeError: Cannot read properties of undefined (reading 'transformCallback')
    at transformCallback (http://localhost:1420/node_modules/.vite/deps/chunk-G7S6KQDI.js?v=318df923:22:37)
    at listen (http://localhost:1420/node_modules/.vite/deps/chunk-7FCLUC5I.js?v=318df923:39:14)
    at once (http://localhost:1420/node_modules/.vite/deps/chunk-7FCLUC5I.js?v=318df923:45:10)
    at http://localhost:1420/src/services/brainClient.ts:20:10
    at new Promise (<anonymous>)
    at onceWithTimeout (http://localhost:1420/src/services/brainClient.ts:19:16)
    at getWidgetsOnce (http://localhost:1420/src/services/brainClient.ts:198:10)
    at refresh (http://localhost:1420/src/views/HomeFloatNotes.vue?t=1788078159546:51:30)
    at http://localhost:1420/src/views/HomeFloatNotes.vue?t=1788078159546:59:14
[  521938ms] TypeError: Cannot read properties of undefined (reading 'transformCallback')
    at transformCallback (http://localhost:1420/node_modules/.vite/deps/chunk-G7S6KQDI.js?v=318df923:22:37)
    at listen (http://localhost:1420/node_modules/.vite/deps/chunk-7FCLUC5I.js?v=318df923:39:14)
    at onBrainEvent (http://localhost:1420/src/services/brainClient.ts:299:10)
    at http://localhost:1420/src/lib/home/home-panel-run.ts:12:12
    at new Promise (<anonymous>)
    at runPanelAction (http://localhost:1420/src/lib/home/home-panel-run.ts:6:18)
    at refresh (http://localhost:1420/src/views/HomeMaterialsStat.vue?t=1788078978195:14:30)
[  524938ms] TypeError: Cannot read properties of undefined (reading 'transformCallback')
    at transformCallback (http://localhost:1420/node_modules/.vite/deps/chunk-G7S6KQDI.js?v=318df923:22:37)
    at listen (http://localhost:1420/node_modules/.vite/deps/chunk-7FCLUC5I.js?v=318df923:39:14)
    at once (http://localhost:1420/node_modules/.vite/deps/chunk-7FCLUC5I.js?v=318df923:45:10)
    at http://localhost:1420/src/services/brainClient.ts:20:10
    at new Promise (<anonymous>)
    at onceWithTimeout (http://localhost:1420/src/services/brainClient.ts:19:16)
    at getWidgetsOnce (http://localhost:1420/src/services/brainClient.ts:198:10)
    at refresh (http://localhost:1420/src/views/HomeFloatNotes.vue?t=1788078159546:51:30)
    at http://localhost:1420/src/views/HomeFloatNotes.vue?t=1788078159546:59:14
[  536937ms] TypeError: Cannot read properties of undefined (reading 'transformCallback')
    at transformCallback (http://localhost:1420/node_modules/.vite/deps/chunk-G7S6KQDI.js?v=318df923:22:37)
    at listen (http://localhost:1420/node_modules/.vite/deps/chunk-7FCLUC5I.js?v=318df923:39:14)
    at once (http://localhost:1420/node_modules/.vite/deps/chunk-7FCLUC5I.js?v=318df923:45:10)
    at http://localhost:1420/src/services/brainClient.ts:20:10
    at new Promise (<anonymous>)
    at onceWithTimeout (http://localhost:1420/src/services/brainClient.ts:19:16)
    at getWidgetsOnce (http://localhost:1420/src/services/brainClient.ts:198:10)
    at refresh (http://localhost:1420/src/views/HomeFloatNotes.vue?t=1788078159546:51:30)
    at http://localhost:1420/src/views/HomeFloatNotes.vue?t=1788078159546:59:14
[  548938ms] TypeError: Cannot read properties of undefined (reading 'transformCallback')
    at transformCallback (http://localhost:1420/node_modules/.vite/deps/chunk-G7S6KQDI.js?v=318df923:22:37)
    at listen (http://localhost:1420/node_modules/.vite/deps/chunk-7FCLUC5I.js?v=318df923:39:14)
    at once (http://localhost:1420/node_modules/.vite/deps/chunk-7FCLUC5I.js?v=318df923:45:10)
    at http://localhost:1420/src/services/brainClient.ts:20:10
    at new Promise (<anonymous>)
    at onceWithTimeout (http://localhost:1420/src/services/brainClient.ts:19:16)
    at getWidgetsOnce (http://localhost:1420/src/services/brainClient.ts:198:10)
    at refresh (http://localhost:1420/src/views/HomeFloatNotes.vue?t=1788078159546:51:30)
    at http://localhost:1420/src/views/HomeFloatNotes.vue?t=1788078159546:59:14
[  560937ms] TypeError: Cannot read properties of undefined (reading 'transformCallback')
    at transformCallback (http://localhost:1420/node_modules/.vite/deps/chunk-G7S6KQDI.js?v=318df923:22:37)
    at listen (http://localhost:1420/node_modules/.vite/deps/chunk-7FCLUC5I.js?v=318df923:39:14)
    at once (http://localhost:1420/node_modules/.vite/deps/chunk-7FCLUC5I.js?v=318df923:45:10)
    at http://localhost:1420/src/services/brainClient.ts:20:10
    at new Promise (<anonymous>)
    at onceWithTimeout (http://localhost:1420/src/services/brainClient.ts:19:16)
    at getWidgetsOnce (http://localhost:1420/src/services/brainClient.ts:198:10)
    at refresh (http://localhost:1420/src/views/HomeFloatNotes.vue?t=1788078159546:51:30)
    at http://localhost:1420/src/views/HomeFloatNotes.vue?t=1788078159546:59:14
[  572940ms] TypeError: Cannot read properties of undefined (reading 'transformCallback')
    at transformCallback (http://localhost:1420/node_modules/.vite/deps/chunk-G7S6KQDI.js?v=318df923:22:37)
    at listen (http://localhost:1420/node_modules/.vite/deps/chunk-7FCLUC5I.js?v=318df923:39:14)
    at once (http://localhost:1420/node_modules/.vite/deps/chunk-7FCLUC5I.js?v=318df923:45:10)
    at http://localhost:1420/src/services/brainClient.ts:20:10
    at new Promise (<anonymous>)
    at onceWithTimeout (http://localhost:1420/src/services/brainClient.ts:19:16)
    at getWidgetsOnce (http://localhost:1420/src/services/brainClient.ts:198:10)
    at refresh (http://localhost:1420/src/views/HomeFloatNotes.vue?t=1788078159546:51:30)
    at http://localhost:1420/src/views/HomeFloatNotes.vue?t=1788078159546:59:14
[  581941ms] TypeError: Cannot read properties of undefined (reading 'transformCallback')
    at transformCallback (http://localhost:1420/node_modules/.vite/deps/chunk-G7S6KQDI.js?v=318df923:22:37)
    at listen (http://localhost:1420/node_modules/.vite/deps/chunk-7FCLUC5I.js?v=318df923:39:14)
    at onBrainEvent (http://localhost:1420/src/services/brainClient.ts:299:10)
    at http://localhost:1420/src/lib/home/home-panel-run.ts:12:12
    at new Promise (<anonymous>)
    at runPanelAction (http://localhost:1420/src/lib/home/home-panel-run.ts:6:18)
    at refresh (http://localhost:1420/src/views/HomeMaterialsStat.vue?t=1788078978195:14:30)
[  584940ms] TypeError: Cannot read properties of undefined (reading 'transformCallback')
    at transformCallback (http://localhost:1420/node_modules/.vite/deps/chunk-G7S6KQDI.js?v=318df923:22:37)
    at listen (http://localhost:1420/node_modules/.vite/deps/chunk-7FCLUC5I.js?v=318df923:39:14)
    at once (http://localhost:1420/node_modules/.vite/deps/chunk-7FCLUC5I.js?v=318df923:45:10)
    at http://localhost:1420/src/services/brainClient.ts:20:10
    at new Promise (<anonymous>)
    at onceWithTimeout (http://localhost:1420/src/services/brainClient.ts:19:16)
    at getWidgetsOnce (http://localhost:1420/src/services/brainClient.ts:198:10)
    at refresh (http://localhost:1420/src/views/HomeFloatNotes.vue?t=1788078159546:51:30)
    at http://localhost:1420/src/views/HomeFloatNotes.vue?t=1788078159546:59:14
[  596941ms] TypeError: Cannot read properties of undefined (reading 'transformCallback')
    at transformCallback (http://localhost:1420/node_modules/.vite/deps/chunk-G7S6KQDI.js?v=318df923:22:37)
    at listen (http://localhost:1420/node_modules/.vite/deps/chunk-7FCLUC5I.js?v=318df923:39:14)
    at once (http://localhost:1420/node_modules/.vite/deps/chunk-7FCLUC5I.js?v=318df923:45:10)
    at http://localhost:1420/src/services/brainClient.ts:20:10
    at new Promise (<anonymous>)
    at onceWithTimeout (http://localhost:1420/src/services/brainClient.ts:19:16)
    at getWidgetsOnce (http://localhost:1420/src/services/brainClient.ts:198:10)
    at refresh (http://localhost:1420/src/views/HomeFloatNotes.vue?t=1788078159546:51:30)
    at http://localhost:1420/src/views/HomeFloatNotes.vue?t=1788078159546:59:14
[  608941ms] TypeError: Cannot read properties of undefined (reading 'transformCallback')
    at transformCallback (http://localhost:1420/node_modules/.vite/deps/chunk-G7S6KQDI.js?v=318df923:22:37)
    at listen (http://localhost:1420/node_modules/.vite/deps/chunk-7FCLUC5I.js?v=318df923:39:14)
    at once (http://localhost:1420/node_modules/.vite/deps/chunk-7FCLUC5I.js?v=318df923:45:10)
    at http://localhost:1420/src/services/brainClient.ts:20:10
    at new Promise (<anonymous>)
    at onceWithTimeout (http://localhost:1420/src/services/brainClient.ts:19:16)
    at getWidgetsOnce (http://localhost:1420/src/services/brainClient.ts:198:10)
    at refresh (http://localhost:1420/src/views/HomeFloatNotes.vue?t=1788078159546:51:30)
    at http://localhost:1420/src/views/HomeFloatNotes.vue?t=1788078159546:59:14
[  620939ms] TypeError: Cannot read properties of undefined (reading 'transformCallback')
    at transformCallback (http://localhost:1420/node_modules/.vite/deps/chunk-G7S6KQDI.js?v=318df923:22:37)
    at listen (http://localhost:1420/node_modules/.vite/deps/chunk-7FCLUC5I.js?v=318df923:39:14)
    at once (http://localhost:1420/node_modules/.vite/deps/chunk-7FCLUC5I.js?v=318df923:45:10)
    at http://localhost:1420/src/services/brainClient.ts:20:10
    at new Promise (<anonymous>)
    at onceWithTimeout (http://localhost:1420/src/services/brainClient.ts:19:16)
    at getWidgetsOnce (http://localhost:1420/src/services/brainClient.ts:198:10)
    at refresh (http://localhost:1420/src/views/HomeFloatNotes.vue?t=1788078159546:51:30)
    at http://localhost:1420/src/views/HomeFloatNotes.vue?t=1788078159546:59:14
[  632940ms] TypeError: Cannot read properties of undefined (reading 'transformCallback')
    at transformCallback (http://localhost:1420/node_modules/.vite/deps/chunk-G7S6KQDI.js?v=318df923:22:37)
    at listen (http://localhost:1420/node_modules/.vite/deps/chunk-7FCLUC5I.js?v=318df923:39:14)
    at once (http://localhost:1420/node_modules/.vite/deps/chunk-7FCLUC5I.js?v=318df923:45:10)
    at http://localhost:1420/src/services/brainClient.ts:20:10
    at new Promise (<anonymous>)
    at onceWithTimeout (http://localhost:1420/src/services/brainClient.ts:19:16)
    at getWidgetsOnce (http://localhost:1420/src/services/brainClient.ts:198:10)
    at refresh (http://localhost:1420/src/views/HomeFloatNotes.vue?t=1788078159546:51:30)
    at http://localhost:1420/src/views/HomeFloatNotes.vue?t=1788078159546:59:14
[  641939ms] TypeError: Cannot read properties of undefined (reading 'transformCallback')
    at transformCallback (http://localhost:1420/node_modules/.vite/deps/chunk-G7S6KQDI.js?v=318df923:22:37)
    at listen (http://localhost:1420/node_modules/.vite/deps/chunk-7FCLUC5I.js?v=318df923:39:14)
    at onBrainEvent (http://localhost:1420/src/services/brainClient.ts:299:10)
    at http://localhost:1420/src/lib/home/home-panel-run.ts:12:12
    at new Promise (<anonymous>)
    at runPanelAction (http://localhost:1420/src/lib/home/home-panel-run.ts:6:18)
    at refresh (http://localhost:1420/src/views/HomeMaterialsStat.vue?t=1788078978195:14:30)
[  644942ms] TypeError: Cannot read properties of undefined (reading 'transformCallback')
    at transformCallback (http://localhost:1420/node_modules/.vite/deps/chunk-G7S6KQDI.js?v=318df923:22:37)
    at listen (http://localhost:1420/node_modules/.vite/deps/chunk-7FCLUC5I.js?v=318df923:39:14)
    at once (http://localhost:1420/node_modules/.vite/deps/chunk-7FCLUC5I.js?v=318df923:45:10)
    at http://localhost:1420/src/services/brainClient.ts:20:10
    at new Promise (<anonymous>)
    at onceWithTimeout (http://localhost:1420/src/services/brainClient.ts:19:16)
    at getWidgetsOnce (http://localhost:1420/src/services/brainClient.ts:198:10)
    at refresh (http://localhost:1420/src/views/HomeFloatNotes.vue?t=1788078159546:51:30)
    at http://localhost:1420/src/views/HomeFloatNotes.vue?t=1788078159546:59:14
[  656940ms] TypeError: Cannot read properties of undefined (reading 'transformCallback')
    at transformCallback (http://localhost:1420/node_modules/.vite/deps/chunk-G7S6KQDI.js?v=318df923:22:37)
    at listen (http://localhost:1420/node_modules/.vite/deps/chunk-7FCLUC5I.js?v=318df923:39:14)
    at once (http://localhost:1420/node_modules/.vite/deps/chunk-7FCLUC5I.js?v=318df923:45:10)
    at http://localhost:1420/src/services/brainClient.ts:20:10
    at new Promise (<anonymous>)
    at onceWithTimeout (http://localhost:1420/src/services/brainClient.ts:19:16)
    at getWidgetsOnce (http://localhost:1420/src/services/brainClient.ts:198:10)
    at refresh (http://localhost:1420/src/views/HomeFloatNotes.vue?t=1788078159546:51:30)
    at http://localhost:1420/src/views/HomeFloatNotes.vue?t=1788078159546:59:14
[  668940ms] TypeError: Cannot read properties of undefined (reading 'transformCallback')
    at transformCallback (http://localhost:1420/node_modules/.vite/deps/chunk-G7S6KQDI.js?v=318df923:22:37)
    at listen (http://localhost:1420/node_modules/.vite/deps/chunk-7FCLUC5I.js?v=318df923:39:14)
    at once (http://localhost:1420/node_modules/.vite/deps/chunk-7FCLUC5I.js?v=318df923:45:10)
    at http://localhost:1420/src/services/brainClient.ts:20:10
    at new Promise (<anonymous>)
    at onceWithTimeout (http://localhost:1420/src/services/brainClient.ts:19:16)
    at getWidgetsOnce (http://localhost:1420/src/services/brainClient.ts:198:10)
    at refresh (http://localhost:1420/src/views/HomeFloatNotes.vue?t=1788078159546:51:30)
    at http://localhost:1420/src/views/HomeFloatNotes.vue?t=1788078159546:59:14
[  680943ms] TypeError: Cannot read properties of undefined (reading 'transformCallback')
    at transformCallback (http://localhost:1420/node_modules/.vite/deps/chunk-G7S6KQDI.js?v=318df923:22:37)
    at listen (http://localhost:1420/node_modules/.vite/deps/chunk-7FCLUC5I.js?v=318df923:39:14)
    at once (http://localhost:1420/node_modules/.vite/deps/chunk-7FCLUC5I.js?v=318df923:45:10)
    at http://localhost:1420/src/services/brainClient.ts:20:10
    at new Promise (<anonymous>)
    at onceWithTimeout (http://localhost:1420/src/services/brainClient.ts:19:16)
    at getWidgetsOnce (http://localhost:1420/src/services/brainClient.ts:198:10)
    at refresh (http://localhost:1420/src/views/HomeFloatNotes.vue?t=1788078159546:51:30)
    at http://localhost:1420/src/views/HomeFloatNotes.vue?t=1788078159546:59:14
[  692943ms] TypeError: Cannot read properties of undefined (reading 'transformCallback')
    at transformCallback (http://localhost:1420/node_modules/.vite/deps/chunk-G7S6KQDI.js?v=318df923:22:37)
    at listen (http://localhost:1420/node_modules/.vite/deps/chunk-7FCLUC5I.js?v=318df923:39:14)
    at once (http://localhost:1420/node_modules/.vite/deps/chunk-7FCLUC5I.js?v=318df923:45:10)
    at http://localhost:1420/src/services/brainClient.ts:20:10
    at new Promise (<anonymous>)
    at onceWithTimeout (http://localhost:1420/src/services/brainClient.ts:19:16)
    at getWidgetsOnce (http://localhost:1420/src/services/brainClient.ts:198:10)
    at refresh (http://localhost:1420/src/views/HomeFloatNotes.vue?t=1788078159546:51:30)
    at http://localhost:1420/src/views/HomeFloatNotes.vue?t=1788078159546:59:14
[  701942ms] TypeError: Cannot read properties of undefined (reading 'transformCallback')
    at transformCallback (http://localhost:1420/node_modules/.vite/deps/chunk-G7S6KQDI.js?v=318df923:22:37)
    at listen (http://localhost:1420/node_modules/.vite/deps/chunk-7FCLUC5I.js?v=318df923:39:14)
    at onBrainEvent (http://localhost:1420/src/services/brainClient.ts:299:10)
    at http://localhost:1420/src/lib/home/home-panel-run.ts:12:12
    at new Promise (<anonymous>)
    at runPanelAction (http://localhost:1420/src/lib/home/home-panel-run.ts:6:18)
    at refresh (http://localhost:1420/src/views/HomeMaterialsStat.vue?t=1788078978195:14:30)
[  704943ms] TypeError: Cannot read properties of undefined (reading 'transformCallback')
    at transformCallback (http://localhost:1420/node_modules/.vite/deps/chunk-G7S6KQDI.js?v=318df923:22:37)
    at listen (http://localhost:1420/node_modules/.vite/deps/chunk-7FCLUC5I.js?v=318df923:39:14)
    at once (http://localhost:1420/node_modules/.vite/deps/chunk-7FCLUC5I.js?v=318df923:45:10)
    at http://localhost:1420/src/services/brainClient.ts:20:10
    at new Promise (<anonymous>)
    at onceWithTimeout (http://localhost:1420/src/services/brainClient.ts:19:16)
    at getWidgetsOnce (http://localhost:1420/src/services/brainClient.ts:198:10)
    at refresh (http://localhost:1420/src/views/HomeFloatNotes.vue?t=1788078159546:51:30)
    at http://localhost:1420/src/views/HomeFloatNotes.vue?t=1788078159546:59:14
[  716942ms] TypeError: Cannot read properties of undefined (reading 'transformCallback')
    at transformCallback (http://localhost:1420/node_modules/.vite/deps/chunk-G7S6KQDI.js?v=318df923:22:37)
    at listen (http://localhost:1420/node_modules/.vite/deps/chunk-7FCLUC5I.js?v=318df923:39:14)
    at once (http://localhost:1420/node_modules/.vite/deps/chunk-7FCLUC5I.js?v=318df923:45:10)
    at http://localhost:1420/src/services/brainClient.ts:20:10
    at new Promise (<anonymous>)
    at onceWithTimeout (http://localhost:1420/src/services/brainClient.ts:19:16)
    at getWidgetsOnce (http://localhost:1420/src/services/brainClient.ts:198:10)
    at refresh (http://localhost:1420/src/views/HomeFloatNotes.vue?t=1788078159546:51:30)
    at http://localhost:1420/src/views/HomeFloatNotes.vue?t=1788078159546:59:14
[  728942ms] TypeError: Cannot read properties of undefined (reading 'transformCallback')
    at transformCallback (http://localhost:1420/node_modules/.vite/deps/chunk-G7S6KQDI.js?v=318df923:22:37)
    at listen (http://localhost:1420/node_modules/.vite/deps/chunk-7FCLUC5I.js?v=318df923:39:14)
    at once (http://localhost:1420/node_modules/.vite/deps/chunk-7FCLUC5I.js?v=318df923:45:10)
    at http://localhost:1420/src/services/brainClient.ts:20:10
    at new Promise (<anonymous>)
    at onceWithTimeout (http://localhost:1420/src/services/brainClient.ts:19:16)
    at getWidgetsOnce (http://localhost:1420/src/services/brainClient.ts:198:10)
    at refresh (http://localhost:1420/src/views/HomeFloatNotes.vue?t=1788078159546:51:30)
    at http://localhost:1420/src/views/HomeFloatNotes.vue?t=1788078159546:59:14
[  740942ms] TypeError: Cannot read properties of undefined (reading 'transformCallback')
    at transformCallback (http://localhost:1420/node_modules/.vite/deps/chunk-G7S6KQDI.js?v=318df923:22:37)
    at listen (http://localhost:1420/node_modules/.vite/deps/chunk-7FCLUC5I.js?v=318df923:39:14)
    at once (http://localhost:1420/node_modules/.vite/deps/chunk-7FCLUC5I.js?v=318df923:45:10)
    at http://localhost:1420/src/services/brainClient.ts:20:10
    at new Promise (<anonymous>)
    at onceWithTimeout (http://localhost:1420/src/services/brainClient.ts:19:16)
    at getWidgetsOnce (http://localhost:1420/src/services/brainClient.ts:198:10)
    at refresh (http://localhost:1420/src/views/HomeFloatNotes.vue?t=1788078159546:51:30)
    at http://localhost:1420/src/views/HomeFloatNotes.vue?t=1788078159546:59:14
[  752941ms] TypeError: Cannot read properties of undefined (reading 'transformCallback')
    at transformCallback (http://localhost:1420/node_modules/.vite/deps/chunk-G7S6KQDI.js?v=318df923:22:37)
    at listen (http://localhost:1420/node_modules/.vite/deps/chunk-7FCLUC5I.js?v=318df923:39:14)
    at once (http://localhost:1420/node_modules/.vite/deps/chunk-7FCLUC5I.js?v=318df923:45:10)
    at http://localhost:1420/src/services/brainClient.ts:20:10
    at new Promise (<anonymous>)
    at onceWithTimeout (http://localhost:1420/src/services/brainClient.ts:19:16)
    at getWidgetsOnce (http://localhost:1420/src/services/brainClient.ts:198:10)
    at refresh (http://localhost:1420/src/views/HomeFloatNotes.vue?t=1788078159546:51:30)
    at http://localhost:1420/src/views/HomeFloatNotes.vue?t=1788078159546:59:14
[  761940ms] TypeError: Cannot read properties of undefined (reading 'transformCallback')
    at transformCallback (http://localhost:1420/node_modules/.vite/deps/chunk-G7S6KQDI.js?v=318df923:22:37)
    at listen (http://localhost:1420/node_modules/.vite/deps/chunk-7FCLUC5I.js?v=318df923:39:14)
    at onBrainEvent (http://localhost:1420/src/services/brainClient.ts:299:10)
    at http://localhost:1420/src/lib/home/home-panel-run.ts:12:12
    at new Promise (<anonymous>)
    at runPanelAction (http://localhost:1420/src/lib/home/home-panel-run.ts:6:18)
    at refresh (http://localhost:1420/src/views/HomeMaterialsStat.vue?t=1788078978195:14:30)
[  764943ms] TypeError: Cannot read properties of undefined (reading 'transformCallback')
    at transformCallback (http://localhost:1420/node_modules/.vite/deps/chunk-G7S6KQDI.js?v=318df923:22:37)
    at listen (http://localhost:1420/node_modules/.vite/deps/chunk-7FCLUC5I.js?v=318df923:39:14)
    at once (http://localhost:1420/node_modules/.vite/deps/chunk-7FCLUC5I.js?v=318df923:45:10)
    at http://localhost:1420/src/services/brainClient.ts:20:10
    at new Promise (<anonymous>)
    at onceWithTimeout (http://localhost:1420/src/services/brainClient.ts:19:16)
    at getWidgetsOnce (http://localhost:1420/src/services/brainClient.ts:198:10)
    at refresh (http://localhost:1420/src/views/HomeFloatNotes.vue?t=1788078159546:51:30)
    at http://localhost:1420/src/views/HomeFloatNotes.vue?t=1788078159546:59:14
[  776943ms] TypeError: Cannot read properties of undefined (reading 'transformCallback')
    at transformCallback (http://localhost:1420/node_modules/.vite/deps/chunk-G7S6KQDI.js?v=318df923:22:37)
    at listen (http://localhost:1420/node_modules/.vite/deps/chunk-7FCLUC5I.js?v=318df923:39:14)
    at once (http://localhost:1420/node_modules/.vite/deps/chunk-7FCLUC5I.js?v=318df923:45:10)
    at http://localhost:1420/src/services/brainClient.ts:20:10
    at new Promise (<anonymous>)
    at onceWithTimeout (http://localhost:1420/src/services/brainClient.ts:19:16)
    at getWidgetsOnce (http://localhost:1420/src/services/brainClient.ts:198:10)
    at refresh (http://localhost:1420/src/views/HomeFloatNotes.vue?t=1788078159546:51:30)
    at http://localhost:1420/src/views/HomeFloatNotes.vue?t=1788078159546:59:14
[  788942ms] TypeError: Cannot read properties of undefined (reading 'transformCallback')
    at transformCallback (http://localhost:1420/node_modules/.vite/deps/chunk-G7S6KQDI.js?v=318df923:22:37)
    at listen (http://localhost:1420/node_modules/.vite/deps/chunk-7FCLUC5I.js?v=318df923:39:14)
    at once (http://localhost:1420/node_modules/.vite/deps/chunk-7FCLUC5I.js?v=318df923:45:10)
    at http://localhost:1420/src/services/brainClient.ts:20:10
    at new Promise (<anonymous>)
    at onceWithTimeout (http://localhost:1420/src/services/brainClient.ts:19:16)
    at getWidgetsOnce (http://localhost:1420/src/services/brainClient.ts:198:10)
    at refresh (http://localhost:1420/src/views/HomeFloatNotes.vue?t=1788078159546:51:30)
    at http://localhost:1420/src/views/HomeFloatNotes.vue?t=1788078159546:59:14
[  800941ms] TypeError: Cannot read properties of undefined (reading 'transformCallback')
    at transformCallback (http://localhost:1420/node_modules/.vite/deps/chunk-G7S6KQDI.js?v=318df923:22:37)
    at listen (http://localhost:1420/node_modules/.vite/deps/chunk-7FCLUC5I.js?v=318df923:39:14)
    at once (http://localhost:1420/node_modules/.vite/deps/chunk-7FCLUC5I.js?v=318df923:45:10)
    at http://localhost:1420/src/services/brainClient.ts:20:10
    at new Promise (<anonymous>)
    at onceWithTimeout (http://localhost:1420/src/services/brainClient.ts:19:16)
    at getWidgetsOnce (http://localhost:1420/src/services/brainClient.ts:198:10)
    at refresh (http://localhost:1420/src/views/HomeFloatNotes.vue?t=1788078159546:51:30)
    at http://localhost:1420/src/views/HomeFloatNotes.vue?t=1788078159546:59:14
[  812940ms] TypeError: Cannot read properties of undefined (reading 'transformCallback')
    at transformCallback (http://localhost:1420/node_modules/.vite/deps/chunk-G7S6KQDI.js?v=318df923:22:37)
    at listen (http://localhost:1420/node_modules/.vite/deps/chunk-7FCLUC5I.js?v=318df923:39:14)
    at once (http://localhost:1420/node_modules/.vite/deps/chunk-7FCLUC5I.js?v=318df923:45:10)
    at http://localhost:1420/src/services/brainClient.ts:20:10
    at new Promise (<anonymous>)
    at onceWithTimeout (http://localhost:1420/src/services/brainClient.ts:19:16)
    at getWidgetsOnce (http://localhost:1420/src/services/brainClient.ts:198:10)
    at refresh (http://localhost:1420/src/views/HomeFloatNotes.vue?t=1788078159546:51:30)
    at http://localhost:1420/src/views/HomeFloatNotes.vue?t=1788078159546:59:14
[  821942ms] TypeError: Cannot read properties of undefined (reading 'transformCallback')
    at transformCallback (http://localhost:1420/node_modules/.vite/deps/chunk-G7S6KQDI.js?v=318df923:22:37)
    at listen (http://localhost:1420/node_modules/.vite/deps/chunk-7FCLUC5I.js?v=318df923:39:14)
    at onBrainEvent (http://localhost:1420/src/services/brainClient.ts:299:10)
    at http://localhost:1420/src/lib/home/home-panel-run.ts:12:12
    at new Promise (<anonymous>)
    at runPanelAction (http://localhost:1420/src/lib/home/home-panel-run.ts:6:18)
    at refresh (http://localhost:1420/src/views/HomeMaterialsStat.vue?t=1788078978195:14:30)
[  824941ms] TypeError: Cannot read properties of undefined (reading 'transformCallback')
    at transformCallback (http://localhost:1420/node_modules/.vite/deps/chunk-G7S6KQDI.js?v=318df923:22:37)
    at listen (http://localhost:1420/node_modules/.vite/deps/chunk-7FCLUC5I.js?v=318df923:39:14)
    at once (http://localhost:1420/node_modules/.vite/deps/chunk-7FCLUC5I.js?v=318df923:45:10)
    at http://localhost:1420/src/services/brainClient.ts:20:10
    at new Promise (<anonymous>)
    at onceWithTimeout (http://localhost:1420/src/services/brainClient.ts:19:16)
    at getWidgetsOnce (http://localhost:1420/src/services/brainClient.ts:198:10)
    at refresh (http://localhost:1420/src/views/HomeFloatNotes.vue?t=1788078159546:51:30)
    at http://localhost:1420/src/views/HomeFloatNotes.vue?t=1788078159546:59:14
[  836940ms] TypeError: Cannot read properties of undefined (reading 'transformCallback')
    at transformCallback (http://localhost:1420/node_modules/.vite/deps/chunk-G7S6KQDI.js?v=318df923:22:37)
    at listen (http://localhost:1420/node_modules/.vite/deps/chunk-7FCLUC5I.js?v=318df923:39:14)
    at once (http://localhost:1420/node_modules/.vite/deps/chunk-7FCLUC5I.js?v=318df923:45:10)
    at http://localhost:1420/src/services/brainClient.ts:20:10
    at new Promise (<anonymous>)
    at onceWithTimeout (http://localhost:1420/src/services/brainClient.ts:19:16)
    at getWidgetsOnce (http://localhost:1420/src/services/brainClient.ts:198:10)
    at refresh (http://localhost:1420/src/views/HomeFloatNotes.vue?t=1788078159546:51:30)
    at http://localhost:1420/src/views/HomeFloatNotes.vue?t=1788078159546:59:14
[  848944ms] TypeError: Cannot read properties of undefined (reading 'transformCallback')
    at transformCallback (http://localhost:1420/node_modules/.vite/deps/chunk-G7S6KQDI.js?v=318df923:22:37)
    at listen (http://localhost:1420/node_modules/.vite/deps/chunk-7FCLUC5I.js?v=318df923:39:14)
    at once (http://localhost:1420/node_modules/.vite/deps/chunk-7FCLUC5I.js?v=318df923:45:10)
    at http://localhost:1420/src/services/brainClient.ts:20:10
    at new Promise (<anonymous>)
    at onceWithTimeout (http://localhost:1420/src/services/brainClient.ts:19:16)
    at getWidgetsOnce (http://localhost:1420/src/services/brainClient.ts:198:10)
    at refresh (http://localhost:1420/src/views/HomeFloatNotes.vue?t=1788078159546:51:30)
    at http://localhost:1420/src/views/HomeFloatNotes.vue?t=1788078159546:59:14
[  860946ms] TypeError: Cannot read properties of undefined (reading 'transformCallback')
    at transformCallback (http://localhost:1420/node_modules/.vite/deps/chunk-G7S6KQDI.js?v=318df923:22:37)
    at listen (http://localhost:1420/node_modules/.vite/deps/chunk-7FCLUC5I.js?v=318df923:39:14)
    at once (http://localhost:1420/node_modules/.vite/deps/chunk-7FCLUC5I.js?v=318df923:45:10)
    at http://localhost:1420/src/services/brainClient.ts:20:10
    at new Promise (<anonymous>)
    at onceWithTimeout (http://localhost:1420/src/services/brainClient.ts:19:16)
    at getWidgetsOnce (http://localhost:1420/src/services/brainClient.ts:198:10)
    at refresh (http://localhost:1420/src/views/HomeFloatNotes.vue?t=1788078159546:51:30)
    at http://localhost:1420/src/views/HomeFloatNotes.vue?t=1788078159546:59:14
[  872946ms] TypeError: Cannot read properties of undefined (reading 'transformCallback')
    at transformCallback (http://localhost:1420/node_modules/.vite/deps/chunk-G7S6KQDI.js?v=318df923:22:37)
    at listen (http://localhost:1420/node_modules/.vite/deps/chunk-7FCLUC5I.js?v=318df923:39:14)
    at once (http://localhost:1420/node_modules/.vite/deps/chunk-7FCLUC5I.js?v=318df923:45:10)
    at http://localhost:1420/src/services/brainClient.ts:20:10
    at new Promise (<anonymous>)
    at onceWithTimeout (http://localhost:1420/src/services/brainClient.ts:19:16)
    at getWidgetsOnce (http://localhost:1420/src/services/brainClient.ts:198:10)
    at refresh (http://localhost:1420/src/views/HomeFloatNotes.vue?t=1788078159546:51:30)
    at http://localhost:1420/src/views/HomeFloatNotes.vue?t=1788078159546:59:14
[  881946ms] TypeError: Cannot read properties of undefined (reading 'transformCallback')
    at transformCallback (http://localhost:1420/node_modules/.vite/deps/chunk-G7S6KQDI.js?v=318df923:22:37)
    at listen (http://localhost:1420/node_modules/.vite/deps/chunk-7FCLUC5I.js?v=318df923:39:14)
    at onBrainEvent (http://localhost:1420/src/services/brainClient.ts:299:10)
    at http://localhost:1420/src/lib/home/home-panel-run.ts:12:12
    at new Promise (<anonymous>)
    at runPanelAction (http://localhost:1420/src/lib/home/home-panel-run.ts:6:18)
    at refresh (http://localhost:1420/src/views/HomeMaterialsStat.vue?t=1788078978195:14:30)
[  884946ms] TypeError: Cannot read properties of undefined (reading 'transformCallback')
    at transformCallback (http://localhost:1420/node_modules/.vite/deps/chunk-G7S6KQDI.js?v=318df923:22:37)
    at listen (http://localhost:1420/node_modules/.vite/deps/chunk-7FCLUC5I.js?v=318df923:39:14)
    at once (http://localhost:1420/node_modules/.vite/deps/chunk-7FCLUC5I.js?v=318df923:45:10)
    at http://localhost:1420/src/services/brainClient.ts:20:10
    at new Promise (<anonymous>)
    at onceWithTimeout (http://localhost:1420/src/services/brainClient.ts:19:16)
    at getWidgetsOnce (http://localhost:1420/src/services/brainClient.ts:198:10)
    at refresh (http://localhost:1420/src/views/HomeFloatNotes.vue?t=1788078159546:51:30)
    at http://localhost:1420/src/views/HomeFloatNotes.vue?t=1788078159546:59:14
[  896946ms] TypeError: Cannot read properties of undefined (reading 'transformCallback')
    at transformCallback (http://localhost:1420/node_modules/.vite/deps/chunk-G7S6KQDI.js?v=318df923:22:37)
    at listen (http://localhost:1420/node_modules/.vite/deps/chunk-7FCLUC5I.js?v=318df923:39:14)
    at once (http://localhost:1420/node_modules/.vite/deps/chunk-7FCLUC5I.js?v=318df923:45:10)
    at http://localhost:1420/src/services/brainClient.ts:20:10
    at new Promise (<anonymous>)
    at onceWithTimeout (http://localhost:1420/src/services/brainClient.ts:19:16)
    at getWidgetsOnce (http://localhost:1420/src/services/brainClient.ts:198:10)
    at refresh (http://localhost:1420/src/views/HomeFloatNotes.vue?t=1788078159546:51:30)
    at http://localhost:1420/src/views/HomeFloatNotes.vue?t=1788078159546:59:14
[  908946ms] TypeError: Cannot read properties of undefined (reading 'transformCallback')
    at transformCallback (http://localhost:1420/node_modules/.vite/deps/chunk-G7S6KQDI.js?v=318df923:22:37)
    at listen (http://localhost:1420/node_modules/.vite/deps/chunk-7FCLUC5I.js?v=318df923:39:14)
    at once (http://localhost:1420/node_modules/.vite/deps/chunk-7FCLUC5I.js?v=318df923:45:10)
    at http://localhost:1420/src/services/brainClient.ts:20:10
    at new Promise (<anonymous>)
    at onceWithTimeout (http://localhost:1420/src/services/brainClient.ts:19:16)
    at getWidgetsOnce (http://localhost:1420/src/services/brainClient.ts:198:10)
    at refresh (http://localhost:1420/src/views/HomeFloatNotes.vue?t=1788078159546:51:30)
    at http://localhost:1420/src/views/HomeFloatNotes.vue?t=1788078159546:59:14
[  920946ms] TypeError: Cannot read properties of undefined (reading 'transformCallback')
    at transformCallback (http://localhost:1420/node_modules/.vite/deps/chunk-G7S6KQDI.js?v=318df923:22:37)
    at listen (http://localhost:1420/node_modules/.vite/deps/chunk-7FCLUC5I.js?v=318df923:39:14)
    at once (http://localhost:1420/node_modules/.vite/deps/chunk-7FCLUC5I.js?v=318df923:45:10)
    at http://localhost:1420/src/services/brainClient.ts:20:10
    at new Promise (<anonymous>)
    at onceWithTimeout (http://localhost:1420/src/services/brainClient.ts:19:16)
    at getWidgetsOnce (http://localhost:1420/src/services/brainClient.ts:198:10)
    at refresh (http://localhost:1420/src/views/HomeFloatNotes.vue?t=1788078159546:51:30)
    at http://localhost:1420/src/views/HomeFloatNotes.vue?t=1788078159546:59:14
[  932946ms] TypeError: Cannot read properties of undefined (reading 'transformCallback')
    at transformCallback (http://localhost:1420/node_modules/.vite/deps/chunk-G7S6KQDI.js?v=318df923:22:37)
    at listen (http://localhost:1420/node_modules/.vite/deps/chunk-7FCLUC5I.js?v=318df923:39:14)
    at once (http://localhost:1420/node_modules/.vite/deps/chunk-7FCLUC5I.js?v=318df923:45:10)
    at http://localhost:1420/src/services/brainClient.ts:20:10
    at new Promise (<anonymous>)
    at onceWithTimeout (http://localhost:1420/src/services/brainClient.ts:19:16)
    at getWidgetsOnce (http://localhost:1420/src/services/brainClient.ts:198:10)
    at refresh (http://localhost:1420/src/views/HomeFloatNotes.vue?t=1788078159546:51:30)
    at http://localhost:1420/src/views/HomeFloatNotes.vue?t=1788078159546:59:14
[  941946ms] TypeError: Cannot read properties of undefined (reading 'transformCallback')
    at transformCallback (http://localhost:1420/node_modules/.vite/deps/chunk-G7S6KQDI.js?v=318df923:22:37)
    at listen (http://localhost:1420/node_modules/.vite/deps/chunk-7FCLUC5I.js?v=318df923:39:14)
    at onBrainEvent (http://localhost:1420/src/services/brainClient.ts:299:10)
    at http://localhost:1420/src/lib/home/home-panel-run.ts:12:12
    at new Promise (<anonymous>)
    at runPanelAction (http://localhost:1420/src/lib/home/home-panel-run.ts:6:18)
    at refresh (http://localhost:1420/src/views/HomeMaterialsStat.vue?t=1788078978195:14:30)
[  944946ms] TypeError: Cannot read properties of undefined (reading 'transformCallback')
    at transformCallback (http://localhost:1420/node_modules/.vite/deps/chunk-G7S6KQDI.js?v=318df923:22:37)
    at listen (http://localhost:1420/node_modules/.vite/deps/chunk-7FCLUC5I.js?v=318df923:39:14)
    at once (http://localhost:1420/node_modules/.vite/deps/chunk-7FCLUC5I.js?v=318df923:45:10)
    at http://localhost:1420/src/services/brainClient.ts:20:10
    at new Promise (<anonymous>)
    at onceWithTimeout (http://localhost:1420/src/services/brainClient.ts:19:16)
    at getWidgetsOnce (http://localhost:1420/src/services/brainClient.ts:198:10)
    at refresh (http://localhost:1420/src/views/HomeFloatNotes.vue?t=1788078159546:51:30)
    at http://localhost:1420/src/views/HomeFloatNotes.vue?t=1788078159546:59:14
[  956947ms] TypeError: Cannot read properties of undefined (reading 'transformCallback')
    at transformCallback (http://localhost:1420/node_modules/.vite/deps/chunk-G7S6KQDI.js?v=318df923:22:37)
    at listen (http://localhost:1420/node_modules/.vite/deps/chunk-7FCLUC5I.js?v=318df923:39:14)
    at once (http://localhost:1420/node_modules/.vite/deps/chunk-7FCLUC5I.js?v=318df923:45:10)
    at http://localhost:1420/src/services/brainClient.ts:20:10
    at new Promise (<anonymous>)
    at onceWithTimeout (http://localhost:1420/src/services/brainClient.ts:19:16)
    at getWidgetsOnce (http://localhost:1420/src/services/brainClient.ts:198:10)
    at refresh (http://localhost:1420/src/views/HomeFloatNotes.vue?t=1788078159546:51:30)
    at http://localhost:1420/src/views/HomeFloatNotes.vue?t=1788078159546:59:14
[  968947ms] TypeError: Cannot read properties of undefined (reading 'transformCallback')
    at transformCallback (http://localhost:1420/node_modules/.vite/deps/chunk-G7S6KQDI.js?v=318df923:22:37)
    at listen (http://localhost:1420/node_modules/.vite/deps/chunk-7FCLUC5I.js?v=318df923:39:14)
    at once (http://localhost:1420/node_modules/.vite/deps/chunk-7FCLUC5I.js?v=318df923:45:10)
    at http://localhost:1420/src/services/brainClient.ts:20:10
    at new Promise (<anonymous>)
    at onceWithTimeout (http://localhost:1420/src/services/brainClient.ts:19:16)
    at getWidgetsOnce (http://localhost:1420/src/services/brainClient.ts:198:10)
    at refresh (http://localhost:1420/src/views/HomeFloatNotes.vue?t=1788078159546:51:30)
    at http://localhost:1420/src/views/HomeFloatNotes.vue?t=1788078159546:59:14
[  980946ms] TypeError: Cannot read properties of undefined (reading 'transformCallback')
    at transformCallback (http://localhost:1420/node_modules/.vite/deps/chunk-G7S6KQDI.js?v=318df923:22:37)
    at listen (http://localhost:1420/node_modules/.vite/deps/chunk-7FCLUC5I.js?v=318df923:39:14)
    at once (http://localhost:1420/node_modules/.vite/deps/chunk-7FCLUC5I.js?v=318df923:45:10)
    at http://localhost:1420/src/services/brainClient.ts:20:10
    at new Promise (<anonymous>)
    at onceWithTimeout (http://localhost:1420/src/services/brainClient.ts:19:16)
    at getWidgetsOnce (http://localhost:1420/src/services/brainClient.ts:198:10)
    at refresh (http://localhost:1420/src/views/HomeFloatNotes.vue?t=1788078159546:51:30)
    at http://localhost:1420/src/views/HomeFloatNotes.vue?t=1788078159546:59:14
[  992946ms] TypeError: Cannot read properties of undefined (reading 'transformCallback')
    at transformCallback (http://localhost:1420/node_modules/.vite/deps/chunk-G7S6KQDI.js?v=318df923:22:37)
    at listen (http://localhost:1420/node_modules/.vite/deps/chunk-7FCLUC5I.js?v=318df923:39:14)
    at once (http://localhost:1420/node_modules/.vite/deps/chunk-7FCLUC5I.js?v=318df923:45:10)
    at http://localhost:1420/src/services/brainClient.ts:20:10
    at new Promise (<anonymous>)
    at onceWithTimeout (http://localhost:1420/src/services/brainClient.ts:19:16)
    at getWidgetsOnce (http://localhost:1420/src/services/brainClient.ts:198:10)
    at refresh (http://localhost:1420/src/views/HomeFloatNotes.vue?t=1788078159546:51:30)
    at http://localhost:1420/src/views/HomeFloatNotes.vue?t=1788078159546:59:14
[ 1001947ms] TypeError: Cannot read properties of undefined (reading 'transformCallback')
    at transformCallback (http://localhost:1420/node_modules/.vite/deps/chunk-G7S6KQDI.js?v=318df923:22:37)
    at listen (http://localhost:1420/node_modules/.vite/deps/chunk-7FCLUC5I.js?v=318df923:39:14)
    at onBrainEvent (http://localhost:1420/src/services/brainClient.ts:299:10)
    at http://localhost:1420/src/lib/home/home-panel-run.ts:12:12
    at new Promise (<anonymous>)
    at runPanelAction (http://localhost:1420/src/lib/home/home-panel-run.ts:6:18)
    at refresh (http://localhost:1420/src/views/HomeMaterialsStat.vue?t=1788078978195:14:30)
[ 1004946ms] TypeError: Cannot read properties of undefined (reading 'transformCallback')
    at transformCallback (http://localhost:1420/node_modules/.vite/deps/chunk-G7S6KQDI.js?v=318df923:22:37)
    at listen (http://localhost:1420/node_modules/.vite/deps/chunk-7FCLUC5I.js?v=318df923:39:14)
    at once (http://localhost:1420/node_modules/.vite/deps/chunk-7FCLUC5I.js?v=318df923:45:10)
    at http://localhost:1420/src/services/brainClient.ts:20:10
    at new Promise (<anonymous>)
    at onceWithTimeout (http://localhost:1420/src/services/brainClient.ts:19:16)
    at getWidgetsOnce (http://localhost:1420/src/services/brainClient.ts:198:10)
    at refresh (http://localhost:1420/src/views/HomeFloatNotes.vue?t=1788078159546:51:30)
    at http://localhost:1420/src/views/HomeFloatNotes.vue?t=1788078159546:59:14
[ 1016946ms] TypeError: Cannot read properties of undefined (reading 'transformCallback')
    at transformCallback (http://localhost:1420/node_modules/.vite/deps/chunk-G7S6KQDI.js?v=318df923:22:37)
    at listen (http://localhost:1420/node_modules/.vite/deps/chunk-7FCLUC5I.js?v=318df923:39:14)
    at once (http://localhost:1420/node_modules/.vite/deps/chunk-7FCLUC5I.js?v=318df923:45:10)
    at http://localhost:1420/src/services/brainClient.ts:20:10
    at new Promise (<anonymous>)
    at onceWithTimeout (http://localhost:1420/src/services/brainClient.ts:19:16)
    at getWidgetsOnce (http://localhost:1420/src/services/brainClient.ts:198:10)
    at refresh (http://localhost:1420/src/views/HomeFloatNotes.vue?t=1788078159546:51:30)
    at http://localhost:1420/src/views/HomeFloatNotes.vue?t=1788078159546:59:14
[ 1028948ms] TypeError: Cannot read properties of undefined (reading 'transformCallback')
    at transformCallback (http://localhost:1420/node_modules/.vite/deps/chunk-G7S6KQDI.js?v=318df923:22:37)
    at listen (http://localhost:1420/node_modules/.vite/deps/chunk-7FCLUC5I.js?v=318df923:39:14)
    at once (http://localhost:1420/node_modules/.vite/deps/chunk-7FCLUC5I.js?v=318df923:45:10)
    at http://localhost:1420/src/services/brainClient.ts:20:10
    at new Promise (<anonymous>)
    at onceWithTimeout (http://localhost:1420/src/services/brainClient.ts:19:16)
    at getWidgetsOnce (http://localhost:1420/src/services/brainClient.ts:198:10)
    at refresh (http://localhost:1420/src/views/HomeFloatNotes.vue?t=1788078159546:51:30)
    at http://localhost:1420/src/views/HomeFloatNotes.vue?t=1788078159546:59:14
[ 1040947ms] TypeError: Cannot read properties of undefined (reading 'transformCallback')
    at transformCallback (http://localhost:1420/node_modules/.vite/deps/chunk-G7S6KQDI.js?v=318df923:22:37)
    at listen (http://localhost:1420/node_modules/.vite/deps/chunk-7FCLUC5I.js?v=318df923:39:14)
    at once (http://localhost:1420/node_modules/.vite/deps/chunk-7FCLUC5I.js?v=318df923:45:10)
    at http://localhost:1420/src/services/brainClient.ts:20:10
    at new Promise (<anonymous>)
    at onceWithTimeout (http://localhost:1420/src/services/brainClient.ts:19:16)
    at getWidgetsOnce (http://localhost:1420/src/services/brainClient.ts:198:10)
    at refresh (http://localhost:1420/src/views/HomeFloatNotes.vue?t=1788078159546:51:30)
    at http://localhost:1420/src/views/HomeFloatNotes.vue?t=1788078159546:59:14
[ 1052948ms] TypeError: Cannot read properties of undefined (reading 'transformCallback')
    at transformCallback (http://localhost:1420/node_modules/.vite/deps/chunk-G7S6KQDI.js?v=318df923:22:37)
    at listen (http://localhost:1420/node_modules/.vite/deps/chunk-7FCLUC5I.js?v=318df923:39:14)
    at once (http://localhost:1420/node_modules/.vite/deps/chunk-7FCLUC5I.js?v=318df923:45:10)
    at http://localhost:1420/src/services/brainClient.ts:20:10
    at new Promise (<anonymous>)
    at onceWithTimeout (http://localhost:1420/src/services/brainClient.ts:19:16)
    at getWidgetsOnce (http://localhost:1420/src/services/brainClient.ts:198:10)
    at refresh (http://localhost:1420/src/views/HomeFloatNotes.vue?t=1788078159546:51:30)
    at http://localhost:1420/src/views/HomeFloatNotes.vue?t=1788078159546:59:14
[ 1061947ms] TypeError: Cannot read properties of undefined (reading 'transformCallback')
    at transformCallback (http://localhost:1420/node_modules/.vite/deps/chunk-G7S6KQDI.js?v=318df923:22:37)
    at listen (http://localhost:1420/node_modules/.vite/deps/chunk-7FCLUC5I.js?v=318df923:39:14)
    at onBrainEvent (http://localhost:1420/src/services/brainClient.ts:299:10)
    at http://localhost:1420/src/lib/home/home-panel-run.ts:12:12
    at new Promise (<anonymous>)
    at runPanelAction (http://localhost:1420/src/lib/home/home-panel-run.ts:6:18)
    at refresh (http://localhost:1420/src/views/HomeMaterialsStat.vue?t=1788078978195:14:30)
[ 1064947ms] TypeError: Cannot read properties of undefined (reading 'transformCallback')
    at transformCallback (http://localhost:1420/node_modules/.vite/deps/chunk-G7S6KQDI.js?v=318df923:22:37)
    at listen (http://localhost:1420/node_modules/.vite/deps/chunk-7FCLUC5I.js?v=318df923:39:14)
    at once (http://localhost:1420/node_modules/.vite/deps/chunk-7FCLUC5I.js?v=318df923:45:10)
    at http://localhost:1420/src/services/brainClient.ts:20:10
    at new Promise (<anonymous>)
    at onceWithTimeout (http://localhost:1420/src/services/brainClient.ts:19:16)
    at getWidgetsOnce (http://localhost:1420/src/services/brainClient.ts:198:10)
    at refresh (http://localhost:1420/src/views/HomeFloatNotes.vue?t=1788078159546:51:30)
    at http://localhost:1420/src/views/HomeFloatNotes.vue?t=1788078159546:59:14
[ 1076948ms] TypeError: Cannot read properties of undefined (reading 'transformCallback')
    at transformCallback (http://localhost:1420/node_modules/.vite/deps/chunk-G7S6KQDI.js?v=318df923:22:37)
    at listen (http://localhost:1420/node_modules/.vite/deps/chunk-7FCLUC5I.js?v=318df923:39:14)
    at once (http://localhost:1420/node_modules/.vite/deps/chunk-7FCLUC5I.js?v=318df923:45:10)
    at http://localhost:1420/src/services/brainClient.ts:20:10
    at new Promise (<anonymous>)
    at onceWithTimeout (http://localhost:1420/src/services/brainClient.ts:19:16)
    at getWidgetsOnce (http://localhost:1420/src/services/brainClient.ts:198:10)
    at refresh (http://localhost:1420/src/views/HomeFloatNotes.vue?t=1788078159546:51:30)
    at http://localhost:1420/src/views/HomeFloatNotes.vue?t=1788078159546:59:14
[ 1088948ms] TypeError: Cannot read properties of undefined (reading 'transformCallback')
    at transformCallback (http://localhost:1420/node_modules/.vite/deps/chunk-G7S6KQDI.js?v=318df923:22:37)
    at listen (http://localhost:1420/node_modules/.vite/deps/chunk-7FCLUC5I.js?v=318df923:39:14)
    at once (http://localhost:1420/node_modules/.vite/deps/chunk-7FCLUC5I.js?v=318df923:45:10)
    at http://localhost:1420/src/services/brainClient.ts:20:10
    at new Promise (<anonymous>)
    at onceWithTimeout (http://localhost:1420/src/services/brainClient.ts:19:16)
    at getWidgetsOnce (http://localhost:1420/src/services/brainClient.ts:198:10)
    at refresh (http://localhost:1420/src/views/HomeFloatNotes.vue?t=1788078159546:51:30)
    at http://localhost:1420/src/views/HomeFloatNotes.vue?t=1788078159546:59:14
[ 1100948ms] TypeError: Cannot read properties of undefined (reading 'transformCallback')
    at transformCallback (http://localhost:1420/node_modules/.vite/deps/chunk-G7S6KQDI.js?v=318df923:22:37)
    at listen (http://localhost:1420/node_modules/.vite/deps/chunk-7FCLUC5I.js?v=318df923:39:14)
    at once (http://localhost:1420/node_modules/.vite/deps/chunk-7FCLUC5I.js?v=318df923:45:10)
    at http://localhost:1420/src/services/brainClient.ts:20:10
    at new Promise (<anonymous>)
    at onceWithTimeout (http://localhost:1420/src/services/brainClient.ts:19:16)
    at getWidgetsOnce (http://localhost:1420/src/services/brainClient.ts:198:10)
    at refresh (http://localhost:1420/src/views/HomeFloatNotes.vue?t=1788078159546:51:30)
    at http://localhost:1420/src/views/HomeFloatNotes.vue?t=1788078159546:59:14
[ 1112948ms] TypeError: Cannot read properties of undefined (reading 'transformCallback')
    at transformCallback (http://localhost:1420/node_modules/.vite/deps/chunk-G7S6KQDI.js?v=318df923:22:37)
    at listen (http://localhost:1420/node_modules/.vite/deps/chunk-7FCLUC5I.js?v=318df923:39:14)
    at once (http://localhost:1420/node_modules/.vite/deps/chunk-7FCLUC5I.js?v=318df923:45:10)
    at http://localhost:1420/src/services/brainClient.ts:20:10
    at new Promise (<anonymous>)
    at onceWithTimeout (http://localhost:1420/src/services/brainClient.ts:19:16)
    at getWidgetsOnce (http://localhost:1420/src/services/brainClient.ts:198:10)
    at refresh (http://localhost:1420/src/views/HomeFloatNotes.vue?t=1788078159546:51:30)
    at http://localhost:1420/src/views/HomeFloatNotes.vue?t=1788078159546:59:14
[ 1121948ms] TypeError: Cannot read properties of undefined (reading 'transformCallback')
    at transformCallback (http://localhost:1420/node_modules/.vite/deps/chunk-G7S6KQDI.js?v=318df923:22:37)
    at listen (http://localhost:1420/node_modules/.vite/deps/chunk-7FCLUC5I.js?v=318df923:39:14)
    at onBrainEvent (http://localhost:1420/src/services/brainClient.ts:299:10)
    at http://localhost:1420/src/lib/home/home-panel-run.ts:12:12
    at new Promise (<anonymous>)
    at runPanelAction (http://localhost:1420/src/lib/home/home-panel-run.ts:6:18)
    at refresh (http://localhost:1420/src/views/HomeMaterialsStat.vue?t=1788078978195:14:30)
[ 1124948ms] TypeError: Cannot read properties of undefined (reading 'transformCallback')
    at transformCallback (http://localhost:1420/node_modules/.vite/deps/chunk-G7S6KQDI.js?v=318df923:22:37)
    at listen (http://localhost:1420/node_modules/.vite/deps/chunk-7FCLUC5I.js?v=318df923:39:14)
    at once (http://localhost:1420/node_modules/.vite/deps/chunk-7FCLUC5I.js?v=318df923:45:10)
    at http://localhost:1420/src/services/brainClient.ts:20:10
    at new Promise (<anonymous>)
    at onceWithTimeout (http://localhost:1420/src/services/brainClient.ts:19:16)
    at getWidgetsOnce (http://localhost:1420/src/services/brainClient.ts:198:10)
    at refresh (http://localhost:1420/src/views/HomeFloatNotes.vue?t=1788078159546:51:30)
    at http://localhost:1420/src/views/HomeFloatNotes.vue?t=1788078159546:59:14
[ 1136948ms] TypeError: Cannot read properties of undefined (reading 'transformCallback')
    at transformCallback (http://localhost:1420/node_modules/.vite/deps/chunk-G7S6KQDI.js?v=318df923:22:37)
    at listen (http://localhost:1420/node_modules/.vite/deps/chunk-7FCLUC5I.js?v=318df923:39:14)
    at once (http://localhost:1420/node_modules/.vite/deps/chunk-7FCLUC5I.js?v=318df923:45:10)
    at http://localhost:1420/src/services/brainClient.ts:20:10
    at new Promise (<anonymous>)
    at onceWithTimeout (http://localhost:1420/src/services/brainClient.ts:19:16)
    at getWidgetsOnce (http://localhost:1420/src/services/brainClient.ts:198:10)
    at refresh (http://localhost:1420/src/views/HomeFloatNotes.vue?t=1788078159546:51:30)
    at http://localhost:1420/src/views/HomeFloatNotes.vue?t=1788078159546:59:14
[ 1148949ms] TypeError: Cannot read properties of undefined (reading 'transformCallback')
    at transformCallback (http://localhost:1420/node_modules/.vite/deps/chunk-G7S6KQDI.js?v=318df923:22:37)
    at listen (http://localhost:1420/node_modules/.vite/deps/chunk-7FCLUC5I.js?v=318df923:39:14)
    at once (http://localhost:1420/node_modules/.vite/deps/chunk-7FCLUC5I.js?v=318df923:45:10)
    at http://localhost:1420/src/services/brainClient.ts:20:10
    at new Promise (<anonymous>)
    at onceWithTimeout (http://localhost:1420/src/services/brainClient.ts:19:16)
    at getWidgetsOnce (http://localhost:1420/src/services/brainClient.ts:198:10)
    at refresh (http://localhost:1420/src/views/HomeFloatNotes.vue?t=1788078159546:51:30)
    at http://localhost:1420/src/views/HomeFloatNotes.vue?t=1788078159546:59:14
[ 1160949ms] TypeError: Cannot read properties of undefined (reading 'transformCallback')
    at transformCallback (http://localhost:1420/node_modules/.vite/deps/chunk-G7S6KQDI.js?v=318df923:22:37)
    at listen (http://localhost:1420/node_modules/.vite/deps/chunk-7FCLUC5I.js?v=318df923:39:14)
    at once (http://localhost:1420/node_modules/.vite/deps/chunk-7FCLUC5I.js?v=318df923:45:10)
    at http://localhost:1420/src/services/brainClient.ts:20:10
    at new Promise (<anonymous>)
    at onceWithTimeout (http://localhost:1420/src/services/brainClient.ts:19:16)
    at getWidgetsOnce (http://localhost:1420/src/services/brainClient.ts:198:10)
    at refresh (http://localhost:1420/src/views/HomeFloatNotes.vue?t=1788078159546:51:30)
    at http://localhost:1420/src/views/HomeFloatNotes.vue?t=1788078159546:59:14
[ 1172949ms] TypeError: Cannot read properties of undefined (reading 'transformCallback')
    at transformCallback (http://localhost:1420/node_modules/.vite/deps/chunk-G7S6KQDI.js?v=318df923:22:37)
    at listen (http://localhost:1420/node_modules/.vite/deps/chunk-7FCLUC5I.js?v=318df923:39:14)
    at once (http://localhost:1420/node_modules/.vite/deps/chunk-7FCLUC5I.js?v=318df923:45:10)
    at http://localhost:1420/src/services/brainClient.ts:20:10
    at new Promise (<anonymous>)
    at onceWithTimeout (http://localhost:1420/src/services/brainClient.ts:19:16)
    at getWidgetsOnce (http://localhost:1420/src/services/brainClient.ts:198:10)
    at refresh (http://localhost:1420/src/views/HomeFloatNotes.vue?t=1788078159546:51:30)
    at http://localhost:1420/src/views/HomeFloatNotes.vue?t=1788078159546:59:14
[ 1181950ms] TypeError: Cannot read properties of undefined (reading 'transformCallback')
    at transformCallback (http://localhost:1420/node_modules/.vite/deps/chunk-G7S6KQDI.js?v=318df923:22:37)
    at listen (http://localhost:1420/node_modules/.vite/deps/chunk-7FCLUC5I.js?v=318df923:39:14)
    at onBrainEvent (http://localhost:1420/src/services/brainClient.ts:299:10)
    at http://localhost:1420/src/lib/home/home-panel-run.ts:12:12
    at new Promise (<anonymous>)
    at runPanelAction (http://localhost:1420/src/lib/home/home-panel-run.ts:6:18)
    at refresh (http://localhost:1420/src/views/HomeMaterialsStat.vue?t=1788078978195:14:30)
[ 1184950ms] TypeError: Cannot read properties of undefined (reading 'transformCallback')
    at transformCallback (http://localhost:1420/node_modules/.vite/deps/chunk-G7S6KQDI.js?v=318df923:22:37)
    at listen (http://localhost:1420/node_modules/.vite/deps/chunk-7FCLUC5I.js?v=318df923:39:14)
    at once (http://localhost:1420/node_modules/.vite/deps/chunk-7FCLUC5I.js?v=318df923:45:10)
    at http://localhost:1420/src/services/brainClient.ts:20:10
    at new Promise (<anonymous>)
    at onceWithTimeout (http://localhost:1420/src/services/brainClient.ts:19:16)
    at getWidgetsOnce (http://localhost:1420/src/services/brainClient.ts:198:10)
    at refresh (http://localhost:1420/src/views/HomeFloatNotes.vue?t=1788078159546:51:30)
    at http://localhost:1420/src/views/HomeFloatNotes.vue?t=1788078159546:59:14
[ 1196950ms] TypeError: Cannot read properties of undefined (reading 'transformCallback')
    at transformCallback (http://localhost:1420/node_modules/.vite/deps/chunk-G7S6KQDI.js?v=318df923:22:37)
    at listen (http://localhost:1420/node_modules/.vite/deps/chunk-7FCLUC5I.js?v=318df923:39:14)
    at once (http://localhost:1420/node_modules/.vite/deps/chunk-7FCLUC5I.js?v=318df923:45:10)
    at http://localhost:1420/src/services/brainClient.ts:20:10
    at new Promise (<anonymous>)
    at onceWithTimeout (http://localhost:1420/src/services/brainClient.ts:19:16)
    at getWidgetsOnce (http://localhost:1420/src/services/brainClient.ts:198:10)
    at refresh (http://localhost:1420/src/views/HomeFloatNotes.vue?t=1788078159546:51:30)
    at http://localhost:1420/src/views/HomeFloatNotes.vue?t=1788078159546:59:14
[ 1208949ms] TypeError: Cannot read properties of undefined (reading 'transformCallback')
    at transformCallback (http://localhost:1420/node_modules/.vite/deps/chunk-G7S6KQDI.js?v=318df923:22:37)
    at listen (http://localhost:1420/node_modules/.vite/deps/chunk-7FCLUC5I.js?v=318df923:39:14)
    at once (http://localhost:1420/node_modules/.vite/deps/chunk-7FCLUC5I.js?v=318df923:45:10)
    at http://localhost:1420/src/services/brainClient.ts:20:10
    at new Promise (<anonymous>)
    at onceWithTimeout (http://localhost:1420/src/services/brainClient.ts:19:16)
    at getWidgetsOnce (http://localhost:1420/src/services/brainClient.ts:198:10)
    at refresh (http://localhost:1420/src/views/HomeFloatNotes.vue?t=1788078159546:51:30)
    at http://localhost:1420/src/views/HomeFloatNotes.vue?t=1788078159546:59:14
[ 1220950ms] TypeError: Cannot read properties of undefined (reading 'transformCallback')
    at transformCallback (http://localhost:1420/node_modules/.vite/deps/chunk-G7S6KQDI.js?v=318df923:22:37)
    at listen (http://localhost:1420/node_modules/.vite/deps/chunk-7FCLUC5I.js?v=318df923:39:14)
    at once (http://localhost:1420/node_modules/.vite/deps/chunk-7FCLUC5I.js?v=318df923:45:10)
    at http://localhost:1420/src/services/brainClient.ts:20:10
    at new Promise (<anonymous>)
    at onceWithTimeout (http://localhost:1420/src/services/brainClient.ts:19:16)
    at getWidgetsOnce (http://localhost:1420/src/services/brainClient.ts:198:10)
    at refresh (http://localhost:1420/src/views/HomeFloatNotes.vue?t=1788078159546:51:30)
    at http://localhost:1420/src/views/HomeFloatNotes.vue?t=1788078159546:59:14
[ 1232950ms] TypeError: Cannot read properties of undefined (reading 'transformCallback')
    at transformCallback (http://localhost:1420/node_modules/.vite/deps/chunk-G7S6KQDI.js?v=318df923:22:37)
    at listen (http://localhost:1420/node_modules/.vite/deps/chunk-7FCLUC5I.js?v=318df923:39:14)
    at once (http://localhost:1420/node_modules/.vite/deps/chunk-7FCLUC5I.js?v=318df923:45:10)
    at http://localhost:1420/src/services/brainClient.ts:20:10
    at new Promise (<anonymous>)
    at onceWithTimeout (http://localhost:1420/src/services/brainClient.ts:19:16)
    at getWidgetsOnce (http://localhost:1420/src/services/brainClient.ts:198:10)
    at refresh (http://localhost:1420/src/views/HomeFloatNotes.vue?t=1788078159546:51:30)
    at http://localhost:1420/src/views/HomeFloatNotes.vue?t=1788078159546:59:14
[ 1241951ms] TypeError: Cannot read properties of undefined (reading 'transformCallback')
    at transformCallback (http://localhost:1420/node_modules/.vite/deps/chunk-G7S6KQDI.js?v=318df923:22:37)
    at listen (http://localhost:1420/node_modules/.vite/deps/chunk-7FCLUC5I.js?v=318df923:39:14)
    at onBrainEvent (http://localhost:1420/src/services/brainClient.ts:299:10)
    at http://localhost:1420/src/lib/home/home-panel-run.ts:12:12
    at new Promise (<anonymous>)
    at runPanelAction (http://localhost:1420/src/lib/home/home-panel-run.ts:6:18)
    at refresh (http://localhost:1420/src/views/HomeMaterialsStat.vue?t=1788078978195:14:30)
[ 1244951ms] TypeError: Cannot read properties of undefined (reading 'transformCallback')
    at transformCallback (http://localhost:1420/node_modules/.vite/deps/chunk-G7S6KQDI.js?v=318df923:22:37)
    at listen (http://localhost:1420/node_modules/.vite/deps/chunk-7FCLUC5I.js?v=318df923:39:14)
    at once (http://localhost:1420/node_modules/.vite/deps/chunk-7FCLUC5I.js?v=318df923:45:10)
    at http://localhost:1420/src/services/brainClient.ts:20:10
    at new Promise (<anonymous>)
    at onceWithTimeout (http://localhost:1420/src/services/brainClient.ts:19:16)
    at getWidgetsOnce (http://localhost:1420/src/services/brainClient.ts:198:10)
    at refresh (http://localhost:1420/src/views/HomeFloatNotes.vue?t=1788078159546:51:30)
    at http://localhost:1420/src/views/HomeFloatNotes.vue?t=1788078159546:59:14
[ 1256950ms] TypeError: Cannot read properties of undefined (reading 'transformCallback')
    at transformCallback (http://localhost:1420/node_modules/.vite/deps/chunk-G7S6KQDI.js?v=318df923:22:37)
    at listen (http://localhost:1420/node_modules/.vite/deps/chunk-7FCLUC5I.js?v=318df923:39:14)
    at once (http://localhost:1420/node_modules/.vite/deps/chunk-7FCLUC5I.js?v=318df923:45:10)
    at http://localhost:1420/src/services/brainClient.ts:20:10
    at new Promise (<anonymous>)
    at onceWithTimeout (http://localhost:1420/src/services/brainClient.ts:19:16)
    at getWidgetsOnce (http://localhost:1420/src/services/brainClient.ts:198:10)
    at refresh (http://localhost:1420/src/views/HomeFloatNotes.vue?t=1788078159546:51:30)
    at http://localhost:1420/src/views/HomeFloatNotes.vue?t=1788078159546:59:14
[ 1268952ms] TypeError: Cannot read properties of undefined (reading 'transformCallback')
    at transformCallback (http://localhost:1420/node_modules/.vite/deps/chunk-G7S6KQDI.js?v=318df923:22:37)
    at listen (http://localhost:1420/node_modules/.vite/deps/chunk-7FCLUC5I.js?v=318df923:39:14)
    at once (http://localhost:1420/node_modules/.vite/deps/chunk-7FCLUC5I.js?v=318df923:45:10)
    at http://localhost:1420/src/services/brainClient.ts:20:10
    at new Promise (<anonymous>)
    at onceWithTimeout (http://localhost:1420/src/services/brainClient.ts:19:16)
    at getWidgetsOnce (http://localhost:1420/src/services/brainClient.ts:198:10)
    at refresh (http://localhost:1420/src/views/HomeFloatNotes.vue?t=1788078159546:51:30)
    at http://localhost:1420/src/views/HomeFloatNotes.vue?t=1788078159546:59:14
[ 1280951ms] TypeError: Cannot read properties of undefined (reading 'transformCallback')
    at transformCallback (http://localhost:1420/node_modules/.vite/deps/chunk-G7S6KQDI.js?v=318df923:22:37)
    at listen (http://localhost:1420/node_modules/.vite/deps/chunk-7FCLUC5I.js?v=318df923:39:14)
    at once (http://localhost:1420/node_modules/.vite/deps/chunk-7FCLUC5I.js?v=318df923:45:10)
    at http://localhost:1420/src/services/brainClient.ts:20:10
    at new Promise (<anonymous>)
    at onceWithTimeout (http://localhost:1420/src/services/brainClient.ts:19:16)
    at getWidgetsOnce (http://localhost:1420/src/services/brainClient.ts:198:10)
    at refresh (http://localhost:1420/src/views/HomeFloatNotes.vue?t=1788078159546:51:30)
    at http://localhost:1420/src/views/HomeFloatNotes.vue?t=1788078159546:59:14
[ 1292952ms] TypeError: Cannot read properties of undefined (reading 'transformCallback')
    at transformCallback (http://localhost:1420/node_modules/.vite/deps/chunk-G7S6KQDI.js?v=318df923:22:37)
    at listen (http://localhost:1420/node_modules/.vite/deps/chunk-7FCLUC5I.js?v=318df923:39:14)
    at once (http://localhost:1420/node_modules/.vite/deps/chunk-7FCLUC5I.js?v=318df923:45:10)
    at http://localhost:1420/src/services/brainClient.ts:20:10
    at new Promise (<anonymous>)
    at onceWithTimeout (http://localhost:1420/src/services/brainClient.ts:19:16)
    at getWidgetsOnce (http://localhost:1420/src/services/brainClient.ts:198:10)
    at refresh (http://localhost:1420/src/views/HomeFloatNotes.vue?t=1788078159546:51:30)
    at http://localhost:1420/src/views/HomeFloatNotes.vue?t=1788078159546:59:14
[ 1301952ms] TypeError: Cannot read properties of undefined (reading 'transformCallback')
    at transformCallback (http://localhost:1420/node_modules/.vite/deps/chunk-G7S6KQDI.js?v=318df923:22:37)
    at listen (http://localhost:1420/node_modules/.vite/deps/chunk-7FCLUC5I.js?v=318df923:39:14)
    at onBrainEvent (http://localhost:1420/src/services/brainClient.ts:299:10)
    at http://localhost:1420/src/lib/home/home-panel-run.ts:12:12
    at new Promise (<anonymous>)
    at runPanelAction (http://localhost:1420/src/lib/home/home-panel-run.ts:6:18)
    at refresh (http://localhost:1420/src/views/HomeMaterialsStat.vue?t=1788078978195:14:30)
[ 1304951ms] TypeError: Cannot read properties of undefined (reading 'transformCallback')
    at transformCallback (http://localhost:1420/node_modules/.vite/deps/chunk-G7S6KQDI.js?v=318df923:22:37)
    at listen (http://localhost:1420/node_modules/.vite/deps/chunk-7FCLUC5I.js?v=318df923:39:14)
    at once (http://localhost:1420/node_modules/.vite/deps/chunk-7FCLUC5I.js?v=318df923:45:10)
    at http://localhost:1420/src/services/brainClient.ts:20:10
    at new Promise (<anonymous>)
    at onceWithTimeout (http://localhost:1420/src/services/brainClient.ts:19:16)
    at getWidgetsOnce (http://localhost:1420/src/services/brainClient.ts:198:10)
    at refresh (http://localhost:1420/src/views/HomeFloatNotes.vue?t=1788078159546:51:30)
    at http://localhost:1420/src/views/HomeFloatNotes.vue?t=1788078159546:59:14
[ 1316951ms] TypeError: Cannot read properties of undefined (reading 'transformCallback')
    at transformCallback (http://localhost:1420/node_modules/.vite/deps/chunk-G7S6KQDI.js?v=318df923:22:37)
    at listen (http://localhost:1420/node_modules/.vite/deps/chunk-7FCLUC5I.js?v=318df923:39:14)
    at once (http://localhost:1420/node_modules/.vite/deps/chunk-7FCLUC5I.js?v=318df923:45:10)
    at http://localhost:1420/src/services/brainClient.ts:20:10
    at new Promise (<anonymous>)
    at onceWithTimeout (http://localhost:1420/src/services/brainClient.ts:19:16)
    at getWidgetsOnce (http://localhost:1420/src/services/brainClient.ts:198:10)
    at refresh (http://localhost:1420/src/views/HomeFloatNotes.vue?t=1788078159546:51:30)
    at http://localhost:1420/src/views/HomeFloatNotes.vue?t=1788078159546:59:14
[ 1328952ms] TypeError: Cannot read properties of undefined (reading 'transformCallback')
    at transformCallback (http://localhost:1420/node_modules/.vite/deps/chunk-G7S6KQDI.js?v=318df923:22:37)
    at listen (http://localhost:1420/node_modules/.vite/deps/chunk-7FCLUC5I.js?v=318df923:39:14)
    at once (http://localhost:1420/node_modules/.vite/deps/chunk-7FCLUC5I.js?v=318df923:45:10)
    at http://localhost:1420/src/services/brainClient.ts:20:10
    at new Promise (<anonymous>)
    at onceWithTimeout (http://localhost:1420/src/services/brainClient.ts:19:16)
    at getWidgetsOnce (http://localhost:1420/src/services/brainClient.ts:198:10)
    at refresh (http://localhost:1420/src/views/HomeFloatNotes.vue?t=1788078159546:51:30)
    at http://localhost:1420/src/views/HomeFloatNotes.vue?t=1788078159546:59:14
[ 1340953ms] TypeError: Cannot read properties of undefined (reading 'transformCallback')
    at transformCallback (http://localhost:1420/node_modules/.vite/deps/chunk-G7S6KQDI.js?v=318df923:22:37)
    at listen (http://localhost:1420/node_modules/.vite/deps/chunk-7FCLUC5I.js?v=318df923:39:14)
    at once (http://localhost:1420/node_modules/.vite/deps/chunk-7FCLUC5I.js?v=318df923:45:10)
    at http://localhost:1420/src/services/brainClient.ts:20:10
    at new Promise (<anonymous>)
    at onceWithTimeout (http://localhost:1420/src/services/brainClient.ts:19:16)
    at getWidgetsOnce (http://localhost:1420/src/services/brainClient.ts:198:10)
    at refresh (http://localhost:1420/src/views/HomeFloatNotes.vue?t=1788078159546:51:30)
    at http://localhost:1420/src/views/HomeFloatNotes.vue?t=1788078159546:59:14
[ 1352953ms] TypeError: Cannot read properties of undefined (reading 'transformCallback')
    at transformCallback (http://localhost:1420/node_modules/.vite/deps/chunk-G7S6KQDI.js?v=318df923:22:37)
    at listen (http://localhost:1420/node_modules/.vite/deps/chunk-7FCLUC5I.js?v=318df923:39:14)
    at once (http://localhost:1420/node_modules/.vite/deps/chunk-7FCLUC5I.js?v=318df923:45:10)
    at http://localhost:1420/src/services/brainClient.ts:20:10
    at new Promise (<anonymous>)
    at onceWithTimeout (http://localhost:1420/src/services/brainClient.ts:19:16)
    at getWidgetsOnce (http://localhost:1420/src/services/brainClient.ts:198:10)
    at refresh (http://localhost:1420/src/views/HomeFloatNotes.vue?t=1788078159546:51:30)
    at http://localhost:1420/src/views/HomeFloatNotes.vue?t=1788078159546:59:14
[ 1361953ms] TypeError: Cannot read properties of undefined (reading 'transformCallback')
    at transformCallback (http://localhost:1420/node_modules/.vite/deps/chunk-G7S6KQDI.js?v=318df923:22:37)
    at listen (http://localhost:1420/node_modules/.vite/deps/chunk-7FCLUC5I.js?v=318df923:39:14)
    at onBrainEvent (http://localhost:1420/src/services/brainClient.ts:299:10)
    at http://localhost:1420/src/lib/home/home-panel-run.ts:12:12
    at new Promise (<anonymous>)
    at runPanelAction (http://localhost:1420/src/lib/home/home-panel-run.ts:6:18)
    at refresh (http://localhost:1420/src/views/HomeMaterialsStat.vue?t=1788078978195:14:30)
[ 1364952ms] TypeError: Cannot read properties of undefined (reading 'transformCallback')
    at transformCallback (http://localhost:1420/node_modules/.vite/deps/chunk-G7S6KQDI.js?v=318df923:22:37)
    at listen (http://localhost:1420/node_modules/.vite/deps/chunk-7FCLUC5I.js?v=318df923:39:14)
    at once (http://localhost:1420/node_modules/.vite/deps/chunk-7FCLUC5I.js?v=318df923:45:10)
    at http://localhost:1420/src/services/brainClient.ts:20:10
    at new Promise (<anonymous>)
    at onceWithTimeout (http://localhost:1420/src/services/brainClient.ts:19:16)
    at getWidgetsOnce (http://localhost:1420/src/services/brainClient.ts:198:10)
    at refresh (http://localhost:1420/src/views/HomeFloatNotes.vue?t=1788078159546:51:30)
    at http://localhost:1420/src/views/HomeFloatNotes.vue?t=1788078159546:59:14
[ 1376953ms] TypeError: Cannot read properties of undefined (reading 'transformCallback')
    at transformCallback (http://localhost:1420/node_modules/.vite/deps/chunk-G7S6KQDI.js?v=318df923:22:37)
    at listen (http://localhost:1420/node_modules/.vite/deps/chunk-7FCLUC5I.js?v=318df923:39:14)
    at once (http://localhost:1420/node_modules/.vite/deps/chunk-7FCLUC5I.js?v=318df923:45:10)
    at http://localhost:1420/src/services/brainClient.ts:20:10
    at new Promise (<anonymous>)
    at onceWithTimeout (http://localhost:1420/src/services/brainClient.ts:19:16)
    at getWidgetsOnce (http://localhost:1420/src/services/brainClient.ts:198:10)
    at refresh (http://localhost:1420/src/views/HomeFloatNotes.vue?t=1788078159546:51:30)
    at http://localhost:1420/src/views/HomeFloatNotes.vue?t=1788078159546:59:14
[ 1388953ms] TypeError: Cannot read properties of undefined (reading 'transformCallback')
    at transformCallback (http://localhost:1420/node_modules/.vite/deps/chunk-G7S6KQDI.js?v=318df923:22:37)
    at listen (http://localhost:1420/node_modules/.vite/deps/chunk-7FCLUC5I.js?v=318df923:39:14)
    at once (http://localhost:1420/node_modules/.vite/deps/chunk-7FCLUC5I.js?v=318df923:45:10)
    at http://localhost:1420/src/services/brainClient.ts:20:10
    at new Promise (<anonymous>)
    at onceWithTimeout (http://localhost:1420/src/services/brainClient.ts:19:16)
    at getWidgetsOnce (http://localhost:1420/src/services/brainClient.ts:198:10)
    at refresh (http://localhost:1420/src/views/HomeFloatNotes.vue?t=1788078159546:51:30)
    at http://localhost:1420/src/views/HomeFloatNotes.vue?t=1788078159546:59:14
[ 1400954ms] TypeError: Cannot read properties of undefined (reading 'transformCallback')
    at transformCallback (http://localhost:1420/node_modules/.vite/deps/chunk-G7S6KQDI.js?v=318df923:22:37)
    at listen (http://localhost:1420/node_modules/.vite/deps/chunk-7FCLUC5I.js?v=318df923:39:14)
    at once (http://localhost:1420/node_modules/.vite/deps/chunk-7FCLUC5I.js?v=318df923:45:10)
    at http://localhost:1420/src/services/brainClient.ts:20:10
    at new Promise (<anonymous>)
    at onceWithTimeout (http://localhost:1420/src/services/brainClient.ts:19:16)
    at getWidgetsOnce (http://localhost:1420/src/services/brainClient.ts:198:10)
    at refresh (http://localhost:1420/src/views/HomeFloatNotes.vue?t=1788078159546:51:30)
    at http://localhost:1420/src/views/HomeFloatNotes.vue?t=1788078159546:59:14
[ 1412954ms] TypeError: Cannot read properties of undefined (reading 'transformCallback')
    at transformCallback (http://localhost:1420/node_modules/.vite/deps/chunk-G7S6KQDI.js?v=318df923:22:37)
    at listen (http://localhost:1420/node_modules/.vite/deps/chunk-7FCLUC5I.js?v=318df923:39:14)
    at once (http://localhost:1420/node_modules/.vite/deps/chunk-7FCLUC5I.js?v=318df923:45:10)
    at http://localhost:1420/src/services/brainClient.ts:20:10
    at new Promise (<anonymous>)
    at onceWithTimeout (http://localhost:1420/src/services/brainClient.ts:19:16)
    at getWidgetsOnce (http://localhost:1420/src/services/brainClient.ts:198:10)
    at refresh (http://localhost:1420/src/views/HomeFloatNotes.vue?t=1788078159546:51:30)
    at http://localhost:1420/src/views/HomeFloatNotes.vue?t=1788078159546:59:14
[ 1421953ms] TypeError: Cannot read properties of undefined (reading 'transformCallback')
    at transformCallback (http://localhost:1420/node_modules/.vite/deps/chunk-G7S6KQDI.js?v=318df923:22:37)
    at listen (http://localhost:1420/node_modules/.vite/deps/chunk-7FCLUC5I.js?v=318df923:39:14)
    at onBrainEvent (http://localhost:1420/src/services/brainClient.ts:299:10)
    at http://localhost:1420/src/lib/home/home-panel-run.ts:12:12
    at new Promise (<anonymous>)
    at runPanelAction (http://localhost:1420/src/lib/home/home-panel-run.ts:6:18)
    at refresh (http://localhost:1420/src/views/HomeMaterialsStat.vue?t=1788078978195:14:30)
[ 1424953ms] TypeError: Cannot read properties of undefined (reading 'transformCallback')
    at transformCallback (http://localhost:1420/node_modules/.vite/deps/chunk-G7S6KQDI.js?v=318df923:22:37)
    at listen (http://localhost:1420/node_modules/.vite/deps/chunk-7FCLUC5I.js?v=318df923:39:14)
    at once (http://localhost:1420/node_modules/.vite/deps/chunk-7FCLUC5I.js?v=318df923:45:10)
    at http://localhost:1420/src/services/brainClient.ts:20:10
    at new Promise (<anonymous>)
    at onceWithTimeout (http://localhost:1420/src/services/brainClient.ts:19:16)
    at getWidgetsOnce (http://localhost:1420/src/services/brainClient.ts:198:10)
    at refresh (http://localhost:1420/src/views/HomeFloatNotes.vue?t=1788078159546:51:30)
    at http://localhost:1420/src/views/HomeFloatNotes.vue?t=1788078159546:59:14
[ 1436954ms] TypeError: Cannot read properties of undefined (reading 'transformCallback')
    at transformCallback (http://localhost:1420/node_modules/.vite/deps/chunk-G7S6KQDI.js?v=318df923:22:37)
    at listen (http://localhost:1420/node_modules/.vite/deps/chunk-7FCLUC5I.js?v=318df923:39:14)
    at once (http://localhost:1420/node_modules/.vite/deps/chunk-7FCLUC5I.js?v=318df923:45:10)
    at http://localhost:1420/src/services/brainClient.ts:20:10
    at new Promise (<anonymous>)
    at onceWithTimeout (http://localhost:1420/src/services/brainClient.ts:19:16)
    at getWidgetsOnce (http://localhost:1420/src/services/brainClient.ts:198:10)
    at refresh (http://localhost:1420/src/views/HomeFloatNotes.vue?t=1788078159546:51:30)
    at http://localhost:1420/src/views/HomeFloatNotes.vue?t=1788078159546:59:14
[ 1448955ms] TypeError: Cannot read properties of undefined (reading 'transformCallback')
    at transformCallback (http://localhost:1420/node_modules/.vite/deps/chunk-G7S6KQDI.js?v=318df923:22:37)
    at listen (http://localhost:1420/node_modules/.vite/deps/chunk-7FCLUC5I.js?v=318df923:39:14)
    at once (http://localhost:1420/node_modules/.vite/deps/chunk-7FCLUC5I.js?v=318df923:45:10)
    at http://localhost:1420/src/services/brainClient.ts:20:10
    at new Promise (<anonymous>)
    at onceWithTimeout (http://localhost:1420/src/services/brainClient.ts:19:16)
    at getWidgetsOnce (http://localhost:1420/src/services/brainClient.ts:198:10)
    at refresh (http://localhost:1420/src/views/HomeFloatNotes.vue?t=1788078159546:51:30)
    at http://localhost:1420/src/views/HomeFloatNotes.vue?t=1788078159546:59:14
[ 1460954ms] TypeError: Cannot read properties of undefined (reading 'transformCallback')
    at transformCallback (http://localhost:1420/node_modules/.vite/deps/chunk-G7S6KQDI.js?v=318df923:22:37)
    at listen (http://localhost:1420/node_modules/.vite/deps/chunk-7FCLUC5I.js?v=318df923:39:14)
    at once (http://localhost:1420/node_modules/.vite/deps/chunk-7FCLUC5I.js?v=318df923:45:10)
    at http://localhost:1420/src/services/brainClient.ts:20:10
    at new Promise (<anonymous>)
    at onceWithTimeout (http://localhost:1420/src/services/brainClient.ts:19:16)
    at getWidgetsOnce (http://localhost:1420/src/services/brainClient.ts:198:10)
    at refresh (http://localhost:1420/src/views/HomeFloatNotes.vue?t=1788078159546:51:30)
    at http://localhost:1420/src/views/HomeFloatNotes.vue?t=1788078159546:59:14
[ 1472954ms] TypeError: Cannot read properties of undefined (reading 'transformCallback')
    at transformCallback (http://localhost:1420/node_modules/.vite/deps/chunk-G7S6KQDI.js?v=318df923:22:37)
    at listen (http://localhost:1420/node_modules/.vite/deps/chunk-7FCLUC5I.js?v=318df923:39:14)
    at once (http://localhost:1420/node_modules/.vite/deps/chunk-7FCLUC5I.js?v=318df923:45:10)
    at http://localhost:1420/src/services/brainClient.ts:20:10
    at new Promise (<anonymous>)
    at onceWithTimeout (http://localhost:1420/src/services/brainClient.ts:19:16)
    at getWidgetsOnce (http://localhost:1420/src/services/brainClient.ts:198:10)
    at refresh (http://localhost:1420/src/views/HomeFloatNotes.vue?t=1788078159546:51:30)
    at http://localhost:1420/src/views/HomeFloatNotes.vue?t=1788078159546:59:14
[ 1481955ms] TypeError: Cannot read properties of undefined (reading 'transformCallback')
    at transformCallback (http://localhost:1420/node_modules/.vite/deps/chunk-G7S6KQDI.js?v=318df923:22:37)
    at listen (http://localhost:1420/node_modules/.vite/deps/chunk-7FCLUC5I.js?v=318df923:39:14)
    at onBrainEvent (http://localhost:1420/src/services/brainClient.ts:299:10)
    at http://localhost:1420/src/lib/home/home-panel-run.ts:12:12
    at new Promise (<anonymous>)
    at runPanelAction (http://localhost:1420/src/lib/home/home-panel-run.ts:6:18)
    at refresh (http://localhost:1420/src/views/HomeMaterialsStat.vue?t=1788078978195:14:30)
[ 1484954ms] TypeError: Cannot read properties of undefined (reading 'transformCallback')
    at transformCallback (http://localhost:1420/node_modules/.vite/deps/chunk-G7S6KQDI.js?v=318df923:22:37)
    at listen (http://localhost:1420/node_modules/.vite/deps/chunk-7FCLUC5I.js?v=318df923:39:14)
    at once (http://localhost:1420/node_modules/.vite/deps/chunk-7FCLUC5I.js?v=318df923:45:10)
    at http://localhost:1420/src/services/brainClient.ts:20:10
    at new Promise (<anonymous>)
    at onceWithTimeout (http://localhost:1420/src/services/brainClient.ts:19:16)
    at getWidgetsOnce (http://localhost:1420/src/services/brainClient.ts:198:10)
    at refresh (http://localhost:1420/src/views/HomeFloatNotes.vue?t=1788078159546:51:30)
    at http://localhost:1420/src/views/HomeFloatNotes.vue?t=1788078159546:59:14
[ 1496955ms] TypeError: Cannot read properties of undefined (reading 'transformCallback')
    at transformCallback (http://localhost:1420/node_modules/.vite/deps/chunk-G7S6KQDI.js?v=318df923:22:37)
    at listen (http://localhost:1420/node_modules/.vite/deps/chunk-7FCLUC5I.js?v=318df923:39:14)
    at once (http://localhost:1420/node_modules/.vite/deps/chunk-7FCLUC5I.js?v=318df923:45:10)
    at http://localhost:1420/src/services/brainClient.ts:20:10
    at new Promise (<anonymous>)
    at onceWithTimeout (http://localhost:1420/src/services/brainClient.ts:19:16)
    at getWidgetsOnce (http://localhost:1420/src/services/brainClient.ts:198:10)
    at refresh (http://localhost:1420/src/views/HomeFloatNotes.vue?t=1788078159546:51:30)
    at http://localhost:1420/src/views/HomeFloatNotes.vue?t=1788078159546:59:14
[ 1508954ms] TypeError: Cannot read properties of undefined (reading 'transformCallback')
    at transformCallback (http://localhost:1420/node_modules/.vite/deps/chunk-G7S6KQDI.js?v=318df923:22:37)
    at listen (http://localhost:1420/node_modules/.vite/deps/chunk-7FCLUC5I.js?v=318df923:39:14)
    at once (http://localhost:1420/node_modules/.vite/deps/chunk-7FCLUC5I.js?v=318df923:45:10)
    at http://localhost:1420/src/services/brainClient.ts:20:10
    at new Promise (<anonymous>)
    at onceWithTimeout (http://localhost:1420/src/services/brainClient.ts:19:16)
    at getWidgetsOnce (http://localhost:1420/src/services/brainClient.ts:198:10)
    at refresh (http://localhost:1420/src/views/HomeFloatNotes.vue?t=1788078159546:51:30)
    at http://localhost:1420/src/views/HomeFloatNotes.vue?t=1788078159546:59:14
[ 1520955ms] TypeError: Cannot read properties of undefined (reading 'transformCallback')
    at transformCallback (http://localhost:1420/node_modules/.vite/deps/chunk-G7S6KQDI.js?v=318df923:22:37)
    at listen (http://localhost:1420/node_modules/.vite/deps/chunk-7FCLUC5I.js?v=318df923:39:14)
    at once (http://localhost:1420/node_modules/.vite/deps/chunk-7FCLUC5I.js?v=318df923:45:10)
    at http://localhost:1420/src/services/brainClient.ts:20:10
    at new Promise (<anonymous>)
    at onceWithTimeout (http://localhost:1420/src/services/brainClient.ts:19:16)
    at getWidgetsOnce (http://localhost:1420/src/services/brainClient.ts:198:10)
    at refresh (http://localhost:1420/src/views/HomeFloatNotes.vue?t=1788078159546:51:30)
    at http://localhost:1420/src/views/HomeFloatNotes.vue?t=1788078159546:59:14
[ 1532956ms] TypeError: Cannot read properties of undefined (reading 'transformCallback')
    at transformCallback (http://localhost:1420/node_modules/.vite/deps/chunk-G7S6KQDI.js?v=318df923:22:37)
    at listen (http://localhost:1420/node_modules/.vite/deps/chunk-7FCLUC5I.js?v=318df923:39:14)
    at once (http://localhost:1420/node_modules/.vite/deps/chunk-7FCLUC5I.js?v=318df923:45:10)
    at http://localhost:1420/src/services/brainClient.ts:20:10
    at new Promise (<anonymous>)
    at onceWithTimeout (http://localhost:1420/src/services/brainClient.ts:19:16)
    at getWidgetsOnce (http://localhost:1420/src/services/brainClient.ts:198:10)
    at refresh (http://localhost:1420/src/views/HomeFloatNotes.vue?t=1788078159546:51:30)
    at http://localhost:1420/src/views/HomeFloatNotes.vue?t=1788078159546:59:14
[ 1541956ms] TypeError: Cannot read properties of undefined (reading 'transformCallback')
    at transformCallback (http://localhost:1420/node_modules/.vite/deps/chunk-G7S6KQDI.js?v=318df923:22:37)
    at listen (http://localhost:1420/node_modules/.vite/deps/chunk-7FCLUC5I.js?v=318df923:39:14)
    at onBrainEvent (http://localhost:1420/src/services/brainClient.ts:299:10)
    at http://localhost:1420/src/lib/home/home-panel-run.ts:12:12
    at new Promise (<anonymous>)
    at runPanelAction (http://localhost:1420/src/lib/home/home-panel-run.ts:6:18)
    at refresh (http://localhost:1420/src/views/HomeMaterialsStat.vue?t=1788078978195:14:30)
[ 1544955ms] TypeError: Cannot read properties of undefined (reading 'transformCallback')
    at transformCallback (http://localhost:1420/node_modules/.vite/deps/chunk-G7S6KQDI.js?v=318df923:22:37)
    at listen (http://localhost:1420/node_modules/.vite/deps/chunk-7FCLUC5I.js?v=318df923:39:14)
    at once (http://localhost:1420/node_modules/.vite/deps/chunk-7FCLUC5I.js?v=318df923:45:10)
    at http://localhost:1420/src/services/brainClient.ts:20:10
    at new Promise (<anonymous>)
    at onceWithTimeout (http://localhost:1420/src/services/brainClient.ts:19:16)
    at getWidgetsOnce (http://localhost:1420/src/services/brainClient.ts:198:10)
    at refresh (http://localhost:1420/src/views/HomeFloatNotes.vue?t=1788078159546:51:30)
    at http://localhost:1420/src/views/HomeFloatNotes.vue?t=1788078159546:59:14
[ 1556955ms] TypeError: Cannot read properties of undefined (reading 'transformCallback')
    at transformCallback (http://localhost:1420/node_modules/.vite/deps/chunk-G7S6KQDI.js?v=318df923:22:37)
    at listen (http://localhost:1420/node_modules/.vite/deps/chunk-7FCLUC5I.js?v=318df923:39:14)
    at once (http://localhost:1420/node_modules/.vite/deps/chunk-7FCLUC5I.js?v=318df923:45:10)
    at http://localhost:1420/src/services/brainClient.ts:20:10
    at new Promise (<anonymous>)
    at onceWithTimeout (http://localhost:1420/src/services/brainClient.ts:19:16)
    at getWidgetsOnce (http://localhost:1420/src/services/brainClient.ts:198:10)
    at refresh (http://localhost:1420/src/views/HomeFloatNotes.vue?t=1788078159546:51:30)
    at http://localhost:1420/src/views/HomeFloatNotes.vue?t=1788078159546:59:14
[ 1568956ms] TypeError: Cannot read properties of undefined (reading 'transformCallback')
    at transformCallback (http://localhost:1420/node_modules/.vite/deps/chunk-G7S6KQDI.js?v=318df923:22:37)
    at listen (http://localhost:1420/node_modules/.vite/deps/chunk-7FCLUC5I.js?v=318df923:39:14)
    at once (http://localhost:1420/node_modules/.vite/deps/chunk-7FCLUC5I.js?v=318df923:45:10)
    at http://localhost:1420/src/services/brainClient.ts:20:10
    at new Promise (<anonymous>)
    at onceWithTimeout (http://localhost:1420/src/services/brainClient.ts:19:16)
    at getWidgetsOnce (http://localhost:1420/src/services/brainClient.ts:198:10)
    at refresh (http://localhost:1420/src/views/HomeFloatNotes.vue?t=1788078159546:51:30)
    at http://localhost:1420/src/views/HomeFloatNotes.vue?t=1788078159546:59:14
[ 1580956ms] TypeError: Cannot read properties of undefined (reading 'transformCallback')
    at transformCallback (http://localhost:1420/node_modules/.vite/deps/chunk-G7S6KQDI.js?v=318df923:22:37)
    at listen (http://localhost:1420/node_modules/.vite/deps/chunk-7FCLUC5I.js?v=318df923:39:14)
    at once (http://localhost:1420/node_modules/.vite/deps/chunk-7FCLUC5I.js?v=318df923:45:10)
    at http://localhost:1420/src/services/brainClient.ts:20:10
    at new Promise (<anonymous>)
    at onceWithTimeout (http://localhost:1420/src/services/brainClient.ts:19:16)
    at getWidgetsOnce (http://localhost:1420/src/services/brainClient.ts:198:10)
    at refresh (http://localhost:1420/src/views/HomeFloatNotes.vue?t=1788078159546:51:30)
    at http://localhost:1420/src/views/HomeFloatNotes.vue?t=1788078159546:59:14
[ 1592955ms] TypeError: Cannot read properties of undefined (reading 'transformCallback')
    at transformCallback (http://localhost:1420/node_modules/.vite/deps/chunk-G7S6KQDI.js?v=318df923:22:37)
    at listen (http://localhost:1420/node_modules/.vite/deps/chunk-7FCLUC5I.js?v=318df923:39:14)
    at once (http://localhost:1420/node_modules/.vite/deps/chunk-7FCLUC5I.js?v=318df923:45:10)
    at http://localhost:1420/src/services/brainClient.ts:20:10
    at new Promise (<anonymous>)
    at onceWithTimeout (http://localhost:1420/src/services/brainClient.ts:19:16)
    at getWidgetsOnce (http://localhost:1420/src/services/brainClient.ts:198:10)
    at refresh (http://localhost:1420/src/views/HomeFloatNotes.vue?t=1788078159546:51:30)
    at http://localhost:1420/src/views/HomeFloatNotes.vue?t=1788078159546:59:14
[ 1601958ms] TypeError: Cannot read properties of undefined (reading 'transformCallback')
    at transformCallback (http://localhost:1420/node_modules/.vite/deps/chunk-G7S6KQDI.js?v=318df923:22:37)
    at listen (http://localhost:1420/node_modules/.vite/deps/chunk-7FCLUC5I.js?v=318df923:39:14)
    at onBrainEvent (http://localhost:1420/src/services/brainClient.ts:299:10)
    at http://localhost:1420/src/lib/home/home-panel-run.ts:12:12
    at new Promise (<anonymous>)
    at runPanelAction (http://localhost:1420/src/lib/home/home-panel-run.ts:6:18)
    at refresh (http://localhost:1420/src/views/HomeMaterialsStat.vue?t=1788078978195:14:30)
[ 1604957ms] TypeError: Cannot read properties of undefined (reading 'transformCallback')
    at transformCallback (http://localhost:1420/node_modules/.vite/deps/chunk-G7S6KQDI.js?v=318df923:22:37)
    at listen (http://localhost:1420/node_modules/.vite/deps/chunk-7FCLUC5I.js?v=318df923:39:14)
    at once (http://localhost:1420/node_modules/.vite/deps/chunk-7FCLUC5I.js?v=318df923:45:10)
    at http://localhost:1420/src/services/brainClient.ts:20:10
    at new Promise (<anonymous>)
    at onceWithTimeout (http://localhost:1420/src/services/brainClient.ts:19:16)
    at getWidgetsOnce (http://localhost:1420/src/services/brainClient.ts:198:10)
    at refresh (http://localhost:1420/src/views/HomeFloatNotes.vue?t=1788078159546:51:30)
    at http://localhost:1420/src/views/HomeFloatNotes.vue?t=1788078159546:59:14
[ 1616957ms] TypeError: Cannot read properties of undefined (reading 'transformCallback')
    at transformCallback (http://localhost:1420/node_modules/.vite/deps/chunk-G7S6KQDI.js?v=318df923:22:37)
    at listen (http://localhost:1420/node_modules/.vite/deps/chunk-7FCLUC5I.js?v=318df923:39:14)
    at once (http://localhost:1420/node_modules/.vite/deps/chunk-7FCLUC5I.js?v=318df923:45:10)
    at http://localhost:1420/src/services/brainClient.ts:20:10
    at new Promise (<anonymous>)
    at onceWithTimeout (http://localhost:1420/src/services/brainClient.ts:19:16)
    at getWidgetsOnce (http://localhost:1420/src/services/brainClient.ts:198:10)
    at refresh (http://localhost:1420/src/views/HomeFloatNotes.vue?t=1788078159546:51:30)
    at http://localhost:1420/src/views/HomeFloatNotes.vue?t=1788078159546:59:14
[ 1628957ms] TypeError: Cannot read properties of undefined (reading 'transformCallback')
    at transformCallback (http://localhost:1420/node_modules/.vite/deps/chunk-G7S6KQDI.js?v=318df923:22:37)
    at listen (http://localhost:1420/node_modules/.vite/deps/chunk-7FCLUC5I.js?v=318df923:39:14)
    at once (http://localhost:1420/node_modules/.vite/deps/chunk-7FCLUC5I.js?v=318df923:45:10)
    at http://localhost:1420/src/services/brainClient.ts:20:10
    at new Promise (<anonymous>)
    at onceWithTimeout (http://localhost:1420/src/services/brainClient.ts:19:16)
    at getWidgetsOnce (http://localhost:1420/src/services/brainClient.ts:198:10)
    at refresh (http://localhost:1420/src/views/HomeFloatNotes.vue?t=1788078159546:51:30)
    at http://localhost:1420/src/views/HomeFloatNotes.vue?t=1788078159546:59:14
[ 1640957ms] TypeError: Cannot read properties of undefined (reading 'transformCallback')
    at transformCallback (http://localhost:1420/node_modules/.vite/deps/chunk-G7S6KQDI.js?v=318df923:22:37)
    at listen (http://localhost:1420/node_modules/.vite/deps/chunk-7FCLUC5I.js?v=318df923:39:14)
    at once (http://localhost:1420/node_modules/.vite/deps/chunk-7FCLUC5I.js?v=318df923:45:10)
    at http://localhost:1420/src/services/brainClient.ts:20:10
    at new Promise (<anonymous>)
    at onceWithTimeout (http://localhost:1420/src/services/brainClient.ts:19:16)
    at getWidgetsOnce (http://localhost:1420/src/services/brainClient.ts:198:10)
    at refresh (http://localhost:1420/src/views/HomeFloatNotes.vue?t=1788078159546:51:30)
    at http://localhost:1420/src/views/HomeFloatNotes.vue?t=1788078159546:59:14
[ 1652957ms] TypeError: Cannot read properties of undefined (reading 'transformCallback')
    at transformCallback (http://localhost:1420/node_modules/.vite/deps/chunk-G7S6KQDI.js?v=318df923:22:37)
    at listen (http://localhost:1420/node_modules/.vite/deps/chunk-7FCLUC5I.js?v=318df923:39:14)
    at once (http://localhost:1420/node_modules/.vite/deps/chunk-7FCLUC5I.js?v=318df923:45:10)
    at http://localhost:1420/src/services/brainClient.ts:20:10
    at new Promise (<anonymous>)
    at onceWithTimeout (http://localhost:1420/src/services/brainClient.ts:19:16)
    at getWidgetsOnce (http://localhost:1420/src/services/brainClient.ts:198:10)
    at refresh (http://localhost:1420/src/views/HomeFloatNotes.vue?t=1788078159546:51:30)
    at http://localhost:1420/src/views/HomeFloatNotes.vue?t=1788078159546:59:14
[ 1661958ms] TypeError: Cannot read properties of undefined (reading 'transformCallback')
    at transformCallback (http://localhost:1420/node_modules/.vite/deps/chunk-G7S6KQDI.js?v=318df923:22:37)
    at listen (http://localhost:1420/node_modules/.vite/deps/chunk-7FCLUC5I.js?v=318df923:39:14)
    at onBrainEvent (http://localhost:1420/src/services/brainClient.ts:299:10)
    at http://localhost:1420/src/lib/home/home-panel-run.ts:12:12
    at new Promise (<anonymous>)
    at runPanelAction (http://localhost:1420/src/lib/home/home-panel-run.ts:6:18)
    at refresh (http://localhost:1420/src/views/HomeMaterialsStat.vue?t=1788078978195:14:30)
[ 1664957ms] TypeError: Cannot read properties of undefined (reading 'transformCallback')
    at transformCallback (http://localhost:1420/node_modules/.vite/deps/chunk-G7S6KQDI.js?v=318df923:22:37)
    at listen (http://localhost:1420/node_modules/.vite/deps/chunk-7FCLUC5I.js?v=318df923:39:14)
    at once (http://localhost:1420/node_modules/.vite/deps/chunk-7FCLUC5I.js?v=318df923:45:10)
    at http://localhost:1420/src/services/brainClient.ts:20:10
    at new Promise (<anonymous>)
    at onceWithTimeout (http://localhost:1420/src/services/brainClient.ts:19:16)
    at getWidgetsOnce (http://localhost:1420/src/services/brainClient.ts:198:10)
    at refresh (http://localhost:1420/src/views/HomeFloatNotes.vue?t=1788078159546:51:30)
    at http://localhost:1420/src/views/HomeFloatNotes.vue?t=1788078159546:59:14
[ 1676957ms] TypeError: Cannot read properties of undefined (reading 'transformCallback')
    at transformCallback (http://localhost:1420/node_modules/.vite/deps/chunk-G7S6KQDI.js?v=318df923:22:37)
    at listen (http://localhost:1420/node_modules/.vite/deps/chunk-7FCLUC5I.js?v=318df923:39:14)
    at once (http://localhost:1420/node_modules/.vite/deps/chunk-7FCLUC5I.js?v=318df923:45:10)
    at http://localhost:1420/src/services/brainClient.ts:20:10
    at new Promise (<anonymous>)
    at onceWithTimeout (http://localhost:1420/src/services/brainClient.ts:19:16)
    at getWidgetsOnce (http://localhost:1420/src/services/brainClient.ts:198:10)
    at refresh (http://localhost:1420/src/views/HomeFloatNotes.vue?t=1788078159546:51:30)
    at http://localhost:1420/src/views/HomeFloatNotes.vue?t=1788078159546:59:14
[ 1688958ms] TypeError: Cannot read properties of undefined (reading 'transformCallback')
    at transformCallback (http://localhost:1420/node_modules/.vite/deps/chunk-G7S6KQDI.js?v=318df923:22:37)
    at listen (http://localhost:1420/node_modules/.vite/deps/chunk-7FCLUC5I.js?v=318df923:39:14)
    at once (http://localhost:1420/node_modules/.vite/deps/chunk-7FCLUC5I.js?v=318df923:45:10)
    at http://localhost:1420/src/services/brainClient.ts:20:10
    at new Promise (<anonymous>)
    at onceWithTimeout (http://localhost:1420/src/services/brainClient.ts:19:16)
    at getWidgetsOnce (http://localhost:1420/src/services/brainClient.ts:198:10)
    at refresh (http://localhost:1420/src/views/HomeFloatNotes.vue?t=1788078159546:51:30)
    at http://localhost:1420/src/views/HomeFloatNotes.vue?t=1788078159546:59:14
[ 1700958ms] TypeError: Cannot read properties of undefined (reading 'transformCallback')
    at transformCallback (http://localhost:1420/node_modules/.vite/deps/chunk-G7S6KQDI.js?v=318df923:22:37)
    at listen (http://localhost:1420/node_modules/.vite/deps/chunk-7FCLUC5I.js?v=318df923:39:14)
    at once (http://localhost:1420/node_modules/.vite/deps/chunk-7FCLUC5I.js?v=318df923:45:10)
    at http://localhost:1420/src/services/brainClient.ts:20:10
    at new Promise (<anonymous>)
    at onceWithTimeout (http://localhost:1420/src/services/brainClient.ts:19:16)
    at getWidgetsOnce (http://localhost:1420/src/services/brainClient.ts:198:10)
    at refresh (http://localhost:1420/src/views/HomeFloatNotes.vue?t=1788078159546:51:30)
    at http://localhost:1420/src/views/HomeFloatNotes.vue?t=1788078159546:59:14
[ 1712958ms] TypeError: Cannot read properties of undefined (reading 'transformCallback')
    at transformCallback (http://localhost:1420/node_modules/.vite/deps/chunk-G7S6KQDI.js?v=318df923:22:37)
    at listen (http://localhost:1420/node_modules/.vite/deps/chunk-7FCLUC5I.js?v=318df923:39:14)
    at once (http://localhost:1420/node_modules/.vite/deps/chunk-7FCLUC5I.js?v=318df923:45:10)
    at http://localhost:1420/src/services/brainClient.ts:20:10
    at new Promise (<anonymous>)
    at onceWithTimeout (http://localhost:1420/src/services/brainClient.ts:19:16)
    at getWidgetsOnce (http://localhost:1420/src/services/brainClient.ts:198:10)
    at refresh (http://localhost:1420/src/views/HomeFloatNotes.vue?t=1788078159546:51:30)
    at http://localhost:1420/src/views/HomeFloatNotes.vue?t=1788078159546:59:14
[ 1721958ms] TypeError: Cannot read properties of undefined (reading 'transformCallback')
    at transformCallback (http://localhost:1420/node_modules/.vite/deps/chunk-G7S6KQDI.js?v=318df923:22:37)
    at listen (http://localhost:1420/node_modules/.vite/deps/chunk-7FCLUC5I.js?v=318df923:39:14)
    at onBrainEvent (http://localhost:1420/src/services/brainClient.ts:299:10)
    at http://localhost:1420/src/lib/home/home-panel-run.ts:12:12
    at new Promise (<anonymous>)
    at runPanelAction (http://localhost:1420/src/lib/home/home-panel-run.ts:6:18)
    at refresh (http://localhost:1420/src/views/HomeMaterialsStat.vue?t=1788078978195:14:30)
[ 1724958ms] TypeError: Cannot read properties of undefined (reading 'transformCallback')
    at transformCallback (http://localhost:1420/node_modules/.vite/deps/chunk-G7S6KQDI.js?v=318df923:22:37)
    at listen (http://localhost:1420/node_modules/.vite/deps/chunk-7FCLUC5I.js?v=318df923:39:14)
    at once (http://localhost:1420/node_modules/.vite/deps/chunk-7FCLUC5I.js?v=318df923:45:10)
    at http://localhost:1420/src/services/brainClient.ts:20:10
    at new Promise (<anonymous>)
    at onceWithTimeout (http://localhost:1420/src/services/brainClient.ts:19:16)
    at getWidgetsOnce (http://localhost:1420/src/services/brainClient.ts:198:10)
    at refresh (http://localhost:1420/src/views/HomeFloatNotes.vue?t=1788078159546:51:30)
    at http://localhost:1420/src/views/HomeFloatNotes.vue?t=1788078159546:59:14
[ 1736958ms] TypeError: Cannot read properties of undefined (reading 'transformCallback')
    at transformCallback (http://localhost:1420/node_modules/.vite/deps/chunk-G7S6KQDI.js?v=318df923:22:37)
    at listen (http://localhost:1420/node_modules/.vite/deps/chunk-7FCLUC5I.js?v=318df923:39:14)
    at once (http://localhost:1420/node_modules/.vite/deps/chunk-7FCLUC5I.js?v=318df923:45:10)
    at http://localhost:1420/src/services/brainClient.ts:20:10
    at new Promise (<anonymous>)
    at onceWithTimeout (http://localhost:1420/src/services/brainClient.ts:19:16)
    at getWidgetsOnce (http://localhost:1420/src/services/brainClient.ts:198:10)
    at refresh (http://localhost:1420/src/views/HomeFloatNotes.vue?t=1788078159546:51:30)
    at http://localhost:1420/src/views/HomeFloatNotes.vue?t=1788078159546:59:14
[ 1748950ms] TypeError: Cannot read properties of undefined (reading 'transformCallback')
    at transformCallback (http://localhost:1420/node_modules/.vite/deps/chunk-G7S6KQDI.js?v=318df923:22:37)
    at listen (http://localhost:1420/node_modules/.vite/deps/chunk-7FCLUC5I.js?v=318df923:39:14)
    at once (http://localhost:1420/node_modules/.vite/deps/chunk-7FCLUC5I.js?v=318df923:45:10)
    at http://localhost:1420/src/services/brainClient.ts:20:10
    at new Promise (<anonymous>)
    at onceWithTimeout (http://localhost:1420/src/services/brainClient.ts:19:16)
    at getWidgetsOnce (http://localhost:1420/src/services/brainClient.ts:198:10)
    at refresh (http://localhost:1420/src/views/HomeFloatNotes.vue?t=1788078159546:51:30)
    at http://localhost:1420/src/views/HomeFloatNotes.vue?t=1788078159546:59:14
[ 1760944ms] TypeError: Cannot read properties of undefined (reading 'transformCallback')
    at transformCallback (http://localhost:1420/node_modules/.vite/deps/chunk-G7S6KQDI.js?v=318df923:22:37)
    at listen (http://localhost:1420/node_modules/.vite/deps/chunk-7FCLUC5I.js?v=318df923:39:14)
    at once (http://localhost:1420/node_modules/.vite/deps/chunk-7FCLUC5I.js?v=318df923:45:10)
    at http://localhost:1420/src/services/brainClient.ts:20:10
    at new Promise (<anonymous>)
    at onceWithTimeout (http://localhost:1420/src/services/brainClient.ts:19:16)
    at getWidgetsOnce (http://localhost:1420/src/services/brainClient.ts:198:10)
    at refresh (http://localhost:1420/src/views/HomeFloatNotes.vue?t=1788078159546:51:30)
    at http://localhost:1420/src/views/HomeFloatNotes.vue?t=1788078159546:59:14
[ 1772940ms] TypeError: Cannot read properties of undefined (reading 'transformCallback')
    at transformCallback (http://localhost:1420/node_modules/.vite/deps/chunk-G7S6KQDI.js?v=318df923:22:37)
    at listen (http://localhost:1420/node_modules/.vite/deps/chunk-7FCLUC5I.js?v=318df923:39:14)
    at once (http://localhost:1420/node_modules/.vite/deps/chunk-7FCLUC5I.js?v=318df923:45:10)
    at http://localhost:1420/src/services/brainClient.ts:20:10
    at new Promise (<anonymous>)
    at onceWithTimeout (http://localhost:1420/src/services/brainClient.ts:19:16)
    at getWidgetsOnce (http://localhost:1420/src/services/brainClient.ts:198:10)
    at refresh (http://localhost:1420/src/views/HomeFloatNotes.vue?t=1788078159546:51:30)
    at http://localhost:1420/src/views/HomeFloatNotes.vue?t=1788078159546:59:14
[ 1781940ms] TypeError: Cannot read properties of undefined (reading 'transformCallback')
    at transformCallback (http://localhost:1420/node_modules/.vite/deps/chunk-G7S6KQDI.js?v=318df923:22:37)
    at listen (http://localhost:1420/node_modules/.vite/deps/chunk-7FCLUC5I.js?v=318df923:39:14)
    at onBrainEvent (http://localhost:1420/src/services/brainClient.ts:299:10)
    at http://localhost:1420/src/lib/home/home-panel-run.ts:12:12
    at new Promise (<anonymous>)
    at runPanelAction (http://localhost:1420/src/lib/home/home-panel-run.ts:6:18)
    at refresh (http://localhost:1420/src/views/HomeMaterialsStat.vue?t=1788078978195:14:30)
[ 1784940ms] TypeError: Cannot read properties of undefined (reading 'transformCallback')
    at transformCallback (http://localhost:1420/node_modules/.vite/deps/chunk-G7S6KQDI.js?v=318df923:22:37)
    at listen (http://localhost:1420/node_modules/.vite/deps/chunk-7FCLUC5I.js?v=318df923:39:14)
    at once (http://localhost:1420/node_modules/.vite/deps/chunk-7FCLUC5I.js?v=318df923:45:10)
    at http://localhost:1420/src/services/brainClient.ts:20:10
    at new Promise (<anonymous>)
    at onceWithTimeout (http://localhost:1420/src/services/brainClient.ts:19:16)
    at getWidgetsOnce (http://localhost:1420/src/services/brainClient.ts:198:10)
    at refresh (http://localhost:1420/src/views/HomeFloatNotes.vue?t=1788078159546:51:30)
    at http://localhost:1420/src/views/HomeFloatNotes.vue?t=1788078159546:59:14
[ 1796939ms] TypeError: Cannot read properties of undefined (reading 'transformCallback')
    at transformCallback (http://localhost:1420/node_modules/.vite/deps/chunk-G7S6KQDI.js?v=318df923:22:37)
    at listen (http://localhost:1420/node_modules/.vite/deps/chunk-7FCLUC5I.js?v=318df923:39:14)
    at once (http://localhost:1420/node_modules/.vite/deps/chunk-7FCLUC5I.js?v=318df923:45:10)
    at http://localhost:1420/src/services/brainClient.ts:20:10
    at new Promise (<anonymous>)
    at onceWithTimeout (http://localhost:1420/src/services/brainClient.ts:19:16)
    at getWidgetsOnce (http://localhost:1420/src/services/brainClient.ts:198:10)
    at refresh (http://localhost:1420/src/views/HomeFloatNotes.vue?t=1788078159546:51:30)
    at http://localhost:1420/src/views/HomeFloatNotes.vue?t=1788078159546:59:14
[ 1808939ms] TypeError: Cannot read properties of undefined (reading 'transformCallback')
    at transformCallback (http://localhost:1420/node_modules/.vite/deps/chunk-G7S6KQDI.js?v=318df923:22:37)
    at listen (http://localhost:1420/node_modules/.vite/deps/chunk-7FCLUC5I.js?v=318df923:39:14)
    at once (http://localhost:1420/node_modules/.vite/deps/chunk-7FCLUC5I.js?v=318df923:45:10)
    at http://localhost:1420/src/services/brainClient.ts:20:10
    at new Promise (<anonymous>)
    at onceWithTimeout (http://localhost:1420/src/services/brainClient.ts:19:16)
    at getWidgetsOnce (http://localhost:1420/src/services/brainClient.ts:198:10)
    at refresh (http://localhost:1420/src/views/HomeFloatNotes.vue?t=1788078159546:51:30)
    at http://localhost:1420/src/views/HomeFloatNotes.vue?t=1788078159546:59:14
[ 1820937ms] TypeError: Cannot read properties of undefined (reading 'transformCallback')
    at transformCallback (http://localhost:1420/node_modules/.vite/deps/chunk-G7S6KQDI.js?v=318df923:22:37)
    at listen (http://localhost:1420/node_modules/.vite/deps/chunk-7FCLUC5I.js?v=318df923:39:14)
    at once (http://localhost:1420/node_modules/.vite/deps/chunk-7FCLUC5I.js?v=318df923:45:10)
    at http://localhost:1420/src/services/brainClient.ts:20:10
    at new Promise (<anonymous>)
    at onceWithTimeout (http://localhost:1420/src/services/brainClient.ts:19:16)
    at getWidgetsOnce (http://localhost:1420/src/services/brainClient.ts:198:10)
    at refresh (http://localhost:1420/src/views/HomeFloatNotes.vue?t=1788078159546:51:30)
    at http://localhost:1420/src/views/HomeFloatNotes.vue?t=1788078159546:59:14
[ 1832939ms] TypeError: Cannot read properties of undefined (reading 'transformCallback')
    at transformCallback (http://localhost:1420/node_modules/.vite/deps/chunk-G7S6KQDI.js?v=318df923:22:37)
    at listen (http://localhost:1420/node_modules/.vite/deps/chunk-7FCLUC5I.js?v=318df923:39:14)
    at once (http://localhost:1420/node_modules/.vite/deps/chunk-7FCLUC5I.js?v=318df923:45:10)
    at http://localhost:1420/src/services/brainClient.ts:20:10
    at new Promise (<anonymous>)
    at onceWithTimeout (http://localhost:1420/src/services/brainClient.ts:19:16)
    at getWidgetsOnce (http://localhost:1420/src/services/brainClient.ts:198:10)
    at refresh (http://localhost:1420/src/views/HomeFloatNotes.vue?t=1788078159546:51:30)
    at http://localhost:1420/src/views/HomeFloatNotes.vue?t=1788078159546:59:14
[ 1841940ms] TypeError: Cannot read properties of undefined (reading 'transformCallback')
    at transformCallback (http://localhost:1420/node_modules/.vite/deps/chunk-G7S6KQDI.js?v=318df923:22:37)
    at listen (http://localhost:1420/node_modules/.vite/deps/chunk-7FCLUC5I.js?v=318df923:39:14)
    at onBrainEvent (http://localhost:1420/src/services/brainClient.ts:299:10)
    at http://localhost:1420/src/lib/home/home-panel-run.ts:12:12
    at new Promise (<anonymous>)
    at runPanelAction (http://localhost:1420/src/lib/home/home-panel-run.ts:6:18)
    at refresh (http://localhost:1420/src/views/HomeMaterialsStat.vue?t=1788078978195:14:30)
[ 1844942ms] TypeError: Cannot read properties of undefined (reading 'transformCallback')
    at transformCallback (http://localhost:1420/node_modules/.vite/deps/chunk-G7S6KQDI.js?v=318df923:22:37)
    at listen (http://localhost:1420/node_modules/.vite/deps/chunk-7FCLUC5I.js?v=318df923:39:14)
    at once (http://localhost:1420/node_modules/.vite/deps/chunk-7FCLUC5I.js?v=318df923:45:10)
    at http://localhost:1420/src/services/brainClient.ts:20:10
    at new Promise (<anonymous>)
    at onceWithTimeout (http://localhost:1420/src/services/brainClient.ts:19:16)
    at getWidgetsOnce (http://localhost:1420/src/services/brainClient.ts:198:10)
    at refresh (http://localhost:1420/src/views/HomeFloatNotes.vue?t=1788078159546:51:30)
    at http://localhost:1420/src/views/HomeFloatNotes.vue?t=1788078159546:59:14
[ 1856938ms] TypeError: Cannot read properties of undefined (reading 'transformCallback')
    at transformCallback (http://localhost:1420/node_modules/.vite/deps/chunk-G7S6KQDI.js?v=318df923:22:37)
    at listen (http://localhost:1420/node_modules/.vite/deps/chunk-7FCLUC5I.js?v=318df923:39:14)
    at once (http://localhost:1420/node_modules/.vite/deps/chunk-7FCLUC5I.js?v=318df923:45:10)
    at http://localhost:1420/src/services/brainClient.ts:20:10
    at new Promise (<anonymous>)
    at onceWithTimeout (http://localhost:1420/src/services/brainClient.ts:19:16)
    at getWidgetsOnce (http://localhost:1420/src/services/brainClient.ts:198:10)
    at refresh (http://localhost:1420/src/views/HomeFloatNotes.vue?t=1788078159546:51:30)
    at http://localhost:1420/src/views/HomeFloatNotes.vue?t=1788078159546:59:14
[ 1868941ms] TypeError: Cannot read properties of undefined (reading 'transformCallback')
    at transformCallback (http://localhost:1420/node_modules/.vite/deps/chunk-G7S6KQDI.js?v=318df923:22:37)
    at listen (http://localhost:1420/node_modules/.vite/deps/chunk-7FCLUC5I.js?v=318df923:39:14)
    at once (http://localhost:1420/node_modules/.vite/deps/chunk-7FCLUC5I.js?v=318df923:45:10)
    at http://localhost:1420/src/services/brainClient.ts:20:10
    at new Promise (<anonymous>)
    at onceWithTimeout (http://localhost:1420/src/services/brainClient.ts:19:16)
    at getWidgetsOnce (http://localhost:1420/src/services/brainClient.ts:198:10)
    at refresh (http://localhost:1420/src/views/HomeFloatNotes.vue?t=1788078159546:51:30)
    at http://localhost:1420/src/views/HomeFloatNotes.vue?t=1788078159546:59:14
[ 1880940ms] TypeError: Cannot read properties of undefined (reading 'transformCallback')
    at transformCallback (http://localhost:1420/node_modules/.vite/deps/chunk-G7S6KQDI.js?v=318df923:22:37)
    at listen (http://localhost:1420/node_modules/.vite/deps/chunk-7FCLUC5I.js?v=318df923:39:14)
    at once (http://localhost:1420/node_modules/.vite/deps/chunk-7FCLUC5I.js?v=318df923:45:10)
    at http://localhost:1420/src/services/brainClient.ts:20:10
    at new Promise (<anonymous>)
    at onceWithTimeout (http://localhost:1420/src/services/brainClient.ts:19:16)
    at getWidgetsOnce (http://localhost:1420/src/services/brainClient.ts:198:10)
    at refresh (http://localhost:1420/src/views/HomeFloatNotes.vue?t=1788078159546:51:30)
    at http://localhost:1420/src/views/HomeFloatNotes.vue?t=1788078159546:59:14
[ 1892942ms] TypeError: Cannot read properties of undefined (reading 'transformCallback')
    at transformCallback (http://localhost:1420/node_modules/.vite/deps/chunk-G7S6KQDI.js?v=318df923:22:37)
    at listen (http://localhost:1420/node_modules/.vite/deps/chunk-7FCLUC5I.js?v=318df923:39:14)
    at once (http://localhost:1420/node_modules/.vite/deps/chunk-7FCLUC5I.js?v=318df923:45:10)
    at http://localhost:1420/src/services/brainClient.ts:20:10
    at new Promise (<anonymous>)
    at onceWithTimeout (http://localhost:1420/src/services/brainClient.ts:19:16)
    at getWidgetsOnce (http://localhost:1420/src/services/brainClient.ts:198:10)
    at refresh (http://localhost:1420/src/views/HomeFloatNotes.vue?t=1788078159546:51:30)
    at http://localhost:1420/src/views/HomeFloatNotes.vue?t=1788078159546:59:14
[ 1901939ms] TypeError: Cannot read properties of undefined (reading 'transformCallback')
    at transformCallback (http://localhost:1420/node_modules/.vite/deps/chunk-G7S6KQDI.js?v=318df923:22:37)
    at listen (http://localhost:1420/node_modules/.vite/deps/chunk-7FCLUC5I.js?v=318df923:39:14)
    at onBrainEvent (http://localhost:1420/src/services/brainClient.ts:299:10)
    at http://localhost:1420/src/lib/home/home-panel-run.ts:12:12
    at new Promise (<anonymous>)
    at runPanelAction (http://localhost:1420/src/lib/home/home-panel-run.ts:6:18)
    at refresh (http://localhost:1420/src/views/HomeMaterialsStat.vue?t=1788078978195:14:30)
[ 1904940ms] TypeError: Cannot read properties of undefined (reading 'transformCallback')
    at transformCallback (http://localhost:1420/node_modules/.vite/deps/chunk-G7S6KQDI.js?v=318df923:22:37)
    at listen (http://localhost:1420/node_modules/.vite/deps/chunk-7FCLUC5I.js?v=318df923:39:14)
    at once (http://localhost:1420/node_modules/.vite/deps/chunk-7FCLUC5I.js?v=318df923:45:10)
    at http://localhost:1420/src/services/brainClient.ts:20:10
    at new Promise (<anonymous>)
    at onceWithTimeout (http://localhost:1420/src/services/brainClient.ts:19:16)
    at getWidgetsOnce (http://localhost:1420/src/services/brainClient.ts:198:10)
    at refresh (http://localhost:1420/src/views/HomeFloatNotes.vue?t=1788078159546:51:30)
    at http://localhost:1420/src/views/HomeFloatNotes.vue?t=1788078159546:59:14
[ 1916938ms] TypeError: Cannot read properties of undefined (reading 'transformCallback')
    at transformCallback (http://localhost:1420/node_modules/.vite/deps/chunk-G7S6KQDI.js?v=318df923:22:37)
    at listen (http://localhost:1420/node_modules/.vite/deps/chunk-7FCLUC5I.js?v=318df923:39:14)
    at once (http://localhost:1420/node_modules/.vite/deps/chunk-7FCLUC5I.js?v=318df923:45:10)
    at http://localhost:1420/src/services/brainClient.ts:20:10
    at new Promise (<anonymous>)
    at onceWithTimeout (http://localhost:1420/src/services/brainClient.ts:19:16)
    at getWidgetsOnce (http://localhost:1420/src/services/brainClient.ts:198:10)
    at refresh (http://localhost:1420/src/views/HomeFloatNotes.vue?t=1788078159546:51:30)
    at http://localhost:1420/src/views/HomeFloatNotes.vue?t=1788078159546:59:14
[ 1928942ms] TypeError: Cannot read properties of undefined (reading 'transformCallback')
    at transformCallback (http://localhost:1420/node_modules/.vite/deps/chunk-G7S6KQDI.js?v=318df923:22:37)
    at listen (http://localhost:1420/node_modules/.vite/deps/chunk-7FCLUC5I.js?v=318df923:39:14)
    at once (http://localhost:1420/node_modules/.vite/deps/chunk-7FCLUC5I.js?v=318df923:45:10)
    at http://localhost:1420/src/services/brainClient.ts:20:10
    at new Promise (<anonymous>)
    at onceWithTimeout (http://localhost:1420/src/services/brainClient.ts:19:16)
    at getWidgetsOnce (http://localhost:1420/src/services/brainClient.ts:198:10)
    at refresh (http://localhost:1420/src/views/HomeFloatNotes.vue?t=1788078159546:51:30)
    at http://localhost:1420/src/views/HomeFloatNotes.vue?t=1788078159546:59:14
[ 1940941ms] TypeError: Cannot read properties of undefined (reading 'transformCallback')
    at transformCallback (http://localhost:1420/node_modules/.vite/deps/chunk-G7S6KQDI.js?v=318df923:22:37)
    at listen (http://localhost:1420/node_modules/.vite/deps/chunk-7FCLUC5I.js?v=318df923:39:14)
    at once (http://localhost:1420/node_modules/.vite/deps/chunk-7FCLUC5I.js?v=318df923:45:10)
    at http://localhost:1420/src/services/brainClient.ts:20:10
    at new Promise (<anonymous>)
    at onceWithTimeout (http://localhost:1420/src/services/brainClient.ts:19:16)
    at getWidgetsOnce (http://localhost:1420/src/services/brainClient.ts:198:10)
    at refresh (http://localhost:1420/src/views/HomeFloatNotes.vue?t=1788078159546:51:30)
    at http://localhost:1420/src/views/HomeFloatNotes.vue?t=1788078159546:59:14
[ 1952942ms] TypeError: Cannot read properties of undefined (reading 'transformCallback')
    at transformCallback (http://localhost:1420/node_modules/.vite/deps/chunk-G7S6KQDI.js?v=318df923:22:37)
    at listen (http://localhost:1420/node_modules/.vite/deps/chunk-7FCLUC5I.js?v=318df923:39:14)
    at once (http://localhost:1420/node_modules/.vite/deps/chunk-7FCLUC5I.js?v=318df923:45:10)
    at http://localhost:1420/src/services/brainClient.ts:20:10
    at new Promise (<anonymous>)
    at onceWithTimeout (http://localhost:1420/src/services/brainClient.ts:19:16)
    at getWidgetsOnce (http://localhost:1420/src/services/brainClient.ts:198:10)
    at refresh (http://localhost:1420/src/views/HomeFloatNotes.vue?t=1788078159546:51:30)
    at http://localhost:1420/src/views/HomeFloatNotes.vue?t=1788078159546:59:14
[ 1961942ms] TypeError: Cannot read properties of undefined (reading 'transformCallback')
    at transformCallback (http://localhost:1420/node_modules/.vite/deps/chunk-G7S6KQDI.js?v=318df923:22:37)
    at listen (http://localhost:1420/node_modules/.vite/deps/chunk-7FCLUC5I.js?v=318df923:39:14)
    at onBrainEvent (http://localhost:1420/src/services/brainClient.ts:299:10)
    at http://localhost:1420/src/lib/home/home-panel-run.ts:12:12
    at new Promise (<anonymous>)
    at runPanelAction (http://localhost:1420/src/lib/home/home-panel-run.ts:6:18)
    at refresh (http://localhost:1420/src/views/HomeMaterialsStat.vue?t=1788078978195:14:30)
[ 1964939ms] TypeError: Cannot read properties of undefined (reading 'transformCallback')
    at transformCallback (http://localhost:1420/node_modules/.vite/deps/chunk-G7S6KQDI.js?v=318df923:22:37)
    at listen (http://localhost:1420/node_modules/.vite/deps/chunk-7FCLUC5I.js?v=318df923:39:14)
    at once (http://localhost:1420/node_modules/.vite/deps/chunk-7FCLUC5I.js?v=318df923:45:10)
    at http://localhost:1420/src/services/brainClient.ts:20:10
    at new Promise (<anonymous>)
    at onceWithTimeout (http://localhost:1420/src/services/brainClient.ts:19:16)
    at getWidgetsOnce (http://localhost:1420/src/services/brainClient.ts:198:10)
    at refresh (http://localhost:1420/src/views/HomeFloatNotes.vue?t=1788078159546:51:30)
    at http://localhost:1420/src/views/HomeFloatNotes.vue?t=1788078159546:59:14
[ 1976942ms] TypeError: Cannot read properties of undefined (reading 'transformCallback')
    at transformCallback (http://localhost:1420/node_modules/.vite/deps/chunk-G7S6KQDI.js?v=318df923:22:37)
    at listen (http://localhost:1420/node_modules/.vite/deps/chunk-7FCLUC5I.js?v=318df923:39:14)
    at once (http://localhost:1420/node_modules/.vite/deps/chunk-7FCLUC5I.js?v=318df923:45:10)
    at http://localhost:1420/src/services/brainClient.ts:20:10
    at new Promise (<anonymous>)
    at onceWithTimeout (http://localhost:1420/src/services/brainClient.ts:19:16)
    at getWidgetsOnce (http://localhost:1420/src/services/brainClient.ts:198:10)
    at refresh (http://localhost:1420/src/views/HomeFloatNotes.vue?t=1788078159546:51:30)
    at http://localhost:1420/src/views/HomeFloatNotes.vue?t=1788078159546:59:14
[ 1988942ms] TypeError: Cannot read properties of undefined (reading 'transformCallback')
    at transformCallback (http://localhost:1420/node_modules/.vite/deps/chunk-G7S6KQDI.js?v=318df923:22:37)
    at listen (http://localhost:1420/node_modules/.vite/deps/chunk-7FCLUC5I.js?v=318df923:39:14)
    at once (http://localhost:1420/node_modules/.vite/deps/chunk-7FCLUC5I.js?v=318df923:45:10)
    at http://localhost:1420/src/services/brainClient.ts:20:10
    at new Promise (<anonymous>)
    at onceWithTimeout (http://localhost:1420/src/services/brainClient.ts:19:16)
    at getWidgetsOnce (http://localhost:1420/src/services/brainClient.ts:198:10)
    at refresh (http://localhost:1420/src/views/HomeFloatNotes.vue?t=1788078159546:51:30)
    at http://localhost:1420/src/views/HomeFloatNotes.vue?t=1788078159546:59:14
[ 2000942ms] TypeError: Cannot read properties of undefined (reading 'transformCallback')
    at transformCallback (http://localhost:1420/node_modules/.vite/deps/chunk-G7S6KQDI.js?v=318df923:22:37)
    at listen (http://localhost:1420/node_modules/.vite/deps/chunk-7FCLUC5I.js?v=318df923:39:14)
    at once (http://localhost:1420/node_modules/.vite/deps/chunk-7FCLUC5I.js?v=318df923:45:10)
    at http://localhost:1420/src/services/brainClient.ts:20:10
    at new Promise (<anonymous>)
    at onceWithTimeout (http://localhost:1420/src/services/brainClient.ts:19:16)
    at getWidgetsOnce (http://localhost:1420/src/services/brainClient.ts:198:10)
    at refresh (http://localhost:1420/src/views/HomeFloatNotes.vue?t=1788078159546:51:30)
    at http://localhost:1420/src/views/HomeFloatNotes.vue?t=1788078159546:59:14
[ 2012943ms] TypeError: Cannot read properties of undefined (reading 'transformCallback')
    at transformCallback (http://localhost:1420/node_modules/.vite/deps/chunk-G7S6KQDI.js?v=318df923:22:37)
    at listen (http://localhost:1420/node_modules/.vite/deps/chunk-7FCLUC5I.js?v=318df923:39:14)
    at once (http://localhost:1420/node_modules/.vite/deps/chunk-7FCLUC5I.js?v=318df923:45:10)
    at http://localhost:1420/src/services/brainClient.ts:20:10
    at new Promise (<anonymous>)
    at onceWithTimeout (http://localhost:1420/src/services/brainClient.ts:19:16)
    at getWidgetsOnce (http://localhost:1420/src/services/brainClient.ts:198:10)
    at refresh (http://localhost:1420/src/views/HomeFloatNotes.vue?t=1788078159546:51:30)
    at http://localhost:1420/src/views/HomeFloatNotes.vue?t=1788078159546:59:14
[ 2021943ms] TypeError: Cannot read properties of undefined (reading 'transformCallback')
    at transformCallback (http://localhost:1420/node_modules/.vite/deps/chunk-G7S6KQDI.js?v=318df923:22:37)
    at listen (http://localhost:1420/node_modules/.vite/deps/chunk-7FCLUC5I.js?v=318df923:39:14)
    at onBrainEvent (http://localhost:1420/src/services/brainClient.ts:299:10)
    at http://localhost:1420/src/lib/home/home-panel-run.ts:12:12
    at new Promise (<anonymous>)
    at runPanelAction (http://localhost:1420/src/lib/home/home-panel-run.ts:6:18)
    at refresh (http://localhost:1420/src/views/HomeMaterialsStat.vue?t=1788078978195:14:30)
[ 2024942ms] TypeError: Cannot read properties of undefined (reading 'transformCallback')
    at transformCallback (http://localhost:1420/node_modules/.vite/deps/chunk-G7S6KQDI.js?v=318df923:22:37)
    at listen (http://localhost:1420/node_modules/.vite/deps/chunk-7FCLUC5I.js?v=318df923:39:14)
    at once (http://localhost:1420/node_modules/.vite/deps/chunk-7FCLUC5I.js?v=318df923:45:10)
    at http://localhost:1420/src/services/brainClient.ts:20:10
    at new Promise (<anonymous>)
    at onceWithTimeout (http://localhost:1420/src/services/brainClient.ts:19:16)
    at getWidgetsOnce (http://localhost:1420/src/services/brainClient.ts:198:10)
    at refresh (http://localhost:1420/src/views/HomeFloatNotes.vue?t=1788078159546:51:30)
    at http://localhost:1420/src/views/HomeFloatNotes.vue?t=1788078159546:59:14
[ 2036942ms] TypeError: Cannot read properties of undefined (reading 'transformCallback')
    at transformCallback (http://localhost:1420/node_modules/.vite/deps/chunk-G7S6KQDI.js?v=318df923:22:37)
    at listen (http://localhost:1420/node_modules/.vite/deps/chunk-7FCLUC5I.js?v=318df923:39:14)
    at once (http://localhost:1420/node_modules/.vite/deps/chunk-7FCLUC5I.js?v=318df923:45:10)
    at http://localhost:1420/src/services/brainClient.ts:20:10
    at new Promise (<anonymous>)
    at onceWithTimeout (http://localhost:1420/src/services/brainClient.ts:19:16)
    at getWidgetsOnce (http://localhost:1420/src/services/brainClient.ts:198:10)
    at refresh (http://localhost:1420/src/views/HomeFloatNotes.vue?t=1788078159546:51:30)
    at http://localhost:1420/src/views/HomeFloatNotes.vue?t=1788078159546:59:14
[ 2048943ms] TypeError: Cannot read properties of undefined (reading 'transformCallback')
    at transformCallback (http://localhost:1420/node_modules/.vite/deps/chunk-G7S6KQDI.js?v=318df923:22:37)
    at listen (http://localhost:1420/node_modules/.vite/deps/chunk-7FCLUC5I.js?v=318df923:39:14)
    at once (http://localhost:1420/node_modules/.vite/deps/chunk-7FCLUC5I.js?v=318df923:45:10)
    at http://localhost:1420/src/services/brainClient.ts:20:10
    at new Promise (<anonymous>)
    at onceWithTimeout (http://localhost:1420/src/services/brainClient.ts:19:16)
    at getWidgetsOnce (http://localhost:1420/src/services/brainClient.ts:198:10)
    at refresh (http://localhost:1420/src/views/HomeFloatNotes.vue?t=1788078159546:51:30)
    at http://localhost:1420/src/views/HomeFloatNotes.vue?t=1788078159546:59:14
[ 2060943ms] TypeError: Cannot read properties of undefined (reading 'transformCallback')
    at transformCallback (http://localhost:1420/node_modules/.vite/deps/chunk-G7S6KQDI.js?v=318df923:22:37)
    at listen (http://localhost:1420/node_modules/.vite/deps/chunk-7FCLUC5I.js?v=318df923:39:14)
    at once (http://localhost:1420/node_modules/.vite/deps/chunk-7FCLUC5I.js?v=318df923:45:10)
    at http://localhost:1420/src/services/brainClient.ts:20:10
    at new Promise (<anonymous>)
    at onceWithTimeout (http://localhost:1420/src/services/brainClient.ts:19:16)
    at getWidgetsOnce (http://localhost:1420/src/services/brainClient.ts:198:10)
    at refresh (http://localhost:1420/src/views/HomeFloatNotes.vue?t=1788078159546:51:30)
    at http://localhost:1420/src/views/HomeFloatNotes.vue?t=1788078159546:59:14
[ 2072940ms] TypeError: Cannot read properties of undefined (reading 'transformCallback')
    at transformCallback (http://localhost:1420/node_modules/.vite/deps/chunk-G7S6KQDI.js?v=318df923:22:37)
    at listen (http://localhost:1420/node_modules/.vite/deps/chunk-7FCLUC5I.js?v=318df923:39:14)
    at once (http://localhost:1420/node_modules/.vite/deps/chunk-7FCLUC5I.js?v=318df923:45:10)
    at http://localhost:1420/src/services/brainClient.ts:20:10
    at new Promise (<anonymous>)
    at onceWithTimeout (http://localhost:1420/src/services/brainClient.ts:19:16)
    at getWidgetsOnce (http://localhost:1420/src/services/brainClient.ts:198:10)
    at refresh (http://localhost:1420/src/views/HomeFloatNotes.vue?t=1788078159546:51:30)
    at http://localhost:1420/src/views/HomeFloatNotes.vue?t=1788078159546:59:14
[ 2081941ms] TypeError: Cannot read properties of undefined (reading 'transformCallback')
    at transformCallback (http://localhost:1420/node_modules/.vite/deps/chunk-G7S6KQDI.js?v=318df923:22:37)
    at listen (http://localhost:1420/node_modules/.vite/deps/chunk-7FCLUC5I.js?v=318df923:39:14)
    at onBrainEvent (http://localhost:1420/src/services/brainClient.ts:299:10)
    at http://localhost:1420/src/lib/home/home-panel-run.ts:12:12
    at new Promise (<anonymous>)
    at runPanelAction (http://localhost:1420/src/lib/home/home-panel-run.ts:6:18)
    at refresh (http://localhost:1420/src/views/HomeMaterialsStat.vue?t=1788078978195:14:30)
[ 2084944ms] TypeError: Cannot read properties of undefined (reading 'transformCallback')
    at transformCallback (http://localhost:1420/node_modules/.vite/deps/chunk-G7S6KQDI.js?v=318df923:22:37)
    at listen (http://localhost:1420/node_modules/.vite/deps/chunk-7FCLUC5I.js?v=318df923:39:14)
    at once (http://localhost:1420/node_modules/.vite/deps/chunk-7FCLUC5I.js?v=318df923:45:10)
    at http://localhost:1420/src/services/brainClient.ts:20:10
    at new Promise (<anonymous>)
    at onceWithTimeout (http://localhost:1420/src/services/brainClient.ts:19:16)
    at getWidgetsOnce (http://localhost:1420/src/services/brainClient.ts:198:10)
    at refresh (http://localhost:1420/src/views/HomeFloatNotes.vue?t=1788078159546:51:30)
    at http://localhost:1420/src/views/HomeFloatNotes.vue?t=1788078159546:59:14
[ 2096941ms] TypeError: Cannot read properties of undefined (reading 'transformCallback')
    at transformCallback (http://localhost:1420/node_modules/.vite/deps/chunk-G7S6KQDI.js?v=318df923:22:37)
    at listen (http://localhost:1420/node_modules/.vite/deps/chunk-7FCLUC5I.js?v=318df923:39:14)
    at once (http://localhost:1420/node_modules/.vite/deps/chunk-7FCLUC5I.js?v=318df923:45:10)
    at http://localhost:1420/src/services/brainClient.ts:20:10
    at new Promise (<anonymous>)
    at onceWithTimeout (http://localhost:1420/src/services/brainClient.ts:19:16)
    at getWidgetsOnce (http://localhost:1420/src/services/brainClient.ts:198:10)
    at refresh (http://localhost:1420/src/views/HomeFloatNotes.vue?t=1788078159546:51:30)
    at http://localhost:1420/src/views/HomeFloatNotes.vue?t=1788078159546:59:14
[ 2108942ms] TypeError: Cannot read properties of undefined (reading 'transformCallback')
    at transformCallback (http://localhost:1420/node_modules/.vite/deps/chunk-G7S6KQDI.js?v=318df923:22:37)
    at listen (http://localhost:1420/node_modules/.vite/deps/chunk-7FCLUC5I.js?v=318df923:39:14)
    at once (http://localhost:1420/node_modules/.vite/deps/chunk-7FCLUC5I.js?v=318df923:45:10)
    at http://localhost:1420/src/services/brainClient.ts:20:10
    at new Promise (<anonymous>)
    at onceWithTimeout (http://localhost:1420/src/services/brainClient.ts:19:16)
    at getWidgetsOnce (http://localhost:1420/src/services/brainClient.ts:198:10)
    at refresh (http://localhost:1420/src/views/HomeFloatNotes.vue?t=1788078159546:51:30)
    at http://localhost:1420/src/views/HomeFloatNotes.vue?t=1788078159546:59:14
[ 2120941ms] TypeError: Cannot read properties of undefined (reading 'transformCallback')
    at transformCallback (http://localhost:1420/node_modules/.vite/deps/chunk-G7S6KQDI.js?v=318df923:22:37)
    at listen (http://localhost:1420/node_modules/.vite/deps/chunk-7FCLUC5I.js?v=318df923:39:14)
    at once (http://localhost:1420/node_modules/.vite/deps/chunk-7FCLUC5I.js?v=318df923:45:10)
    at http://localhost:1420/src/services/brainClient.ts:20:10
    at new Promise (<anonymous>)
    at onceWithTimeout (http://localhost:1420/src/services/brainClient.ts:19:16)
    at getWidgetsOnce (http://localhost:1420/src/services/brainClient.ts:198:10)
    at refresh (http://localhost:1420/src/views/HomeFloatNotes.vue?t=1788078159546:51:30)
    at http://localhost:1420/src/views/HomeFloatNotes.vue?t=1788078159546:59:14
[ 2132943ms] TypeError: Cannot read properties of undefined (reading 'transformCallback')
    at transformCallback (http://localhost:1420/node_modules/.vite/deps/chunk-G7S6KQDI.js?v=318df923:22:37)
    at listen (http://localhost:1420/node_modules/.vite/deps/chunk-7FCLUC5I.js?v=318df923:39:14)
    at once (http://localhost:1420/node_modules/.vite/deps/chunk-7FCLUC5I.js?v=318df923:45:10)
    at http://localhost:1420/src/services/brainClient.ts:20:10
    at new Promise (<anonymous>)
    at onceWithTimeout (http://localhost:1420/src/services/brainClient.ts:19:16)
    at getWidgetsOnce (http://localhost:1420/src/services/brainClient.ts:198:10)
    at refresh (http://localhost:1420/src/views/HomeFloatNotes.vue?t=1788078159546:51:30)
    at http://localhost:1420/src/views/HomeFloatNotes.vue?t=1788078159546:59:14
[ 2141940ms] TypeError: Cannot read properties of undefined (reading 'transformCallback')
    at transformCallback (http://localhost:1420/node_modules/.vite/deps/chunk-G7S6KQDI.js?v=318df923:22:37)
    at listen (http://localhost:1420/node_modules/.vite/deps/chunk-7FCLUC5I.js?v=318df923:39:14)
    at onBrainEvent (http://localhost:1420/src/services/brainClient.ts:299:10)
    at http://localhost:1420/src/lib/home/home-panel-run.ts:12:12
    at new Promise (<anonymous>)
    at runPanelAction (http://localhost:1420/src/lib/home/home-panel-run.ts:6:18)
    at refresh (http://localhost:1420/src/views/HomeMaterialsStat.vue?t=1788078978195:14:30)
[ 2144944ms] TypeError: Cannot read properties of undefined (reading 'transformCallback')
    at transformCallback (http://localhost:1420/node_modules/.vite/deps/chunk-G7S6KQDI.js?v=318df923:22:37)
    at listen (http://localhost:1420/node_modules/.vite/deps/chunk-7FCLUC5I.js?v=318df923:39:14)
    at once (http://localhost:1420/node_modules/.vite/deps/chunk-7FCLUC5I.js?v=318df923:45:10)
    at http://localhost:1420/src/services/brainClient.ts:20:10
    at new Promise (<anonymous>)
    at onceWithTimeout (http://localhost:1420/src/services/brainClient.ts:19:16)
    at getWidgetsOnce (http://localhost:1420/src/services/brainClient.ts:198:10)
    at refresh (http://localhost:1420/src/views/HomeFloatNotes.vue?t=1788078159546:51:30)
    at http://localhost:1420/src/views/HomeFloatNotes.vue?t=1788078159546:59:14
[ 2156943ms] TypeError: Cannot read properties of undefined (reading 'transformCallback')
    at transformCallback (http://localhost:1420/node_modules/.vite/deps/chunk-G7S6KQDI.js?v=318df923:22:37)
    at listen (http://localhost:1420/node_modules/.vite/deps/chunk-7FCLUC5I.js?v=318df923:39:14)
    at once (http://localhost:1420/node_modules/.vite/deps/chunk-7FCLUC5I.js?v=318df923:45:10)
    at http://localhost:1420/src/services/brainClient.ts:20:10
    at new Promise (<anonymous>)
    at onceWithTimeout (http://localhost:1420/src/services/brainClient.ts:19:16)
    at getWidgetsOnce (http://localhost:1420/src/services/brainClient.ts:198:10)
    at refresh (http://localhost:1420/src/views/HomeFloatNotes.vue?t=1788078159546:51:30)
    at http://localhost:1420/src/views/HomeFloatNotes.vue?t=1788078159546:59:14
[ 2168943ms] TypeError: Cannot read properties of undefined (reading 'transformCallback')
    at transformCallback (http://localhost:1420/node_modules/.vite/deps/chunk-G7S6KQDI.js?v=318df923:22:37)
    at listen (http://localhost:1420/node_modules/.vite/deps/chunk-7FCLUC5I.js?v=318df923:39:14)
    at once (http://localhost:1420/node_modules/.vite/deps/chunk-7FCLUC5I.js?v=318df923:45:10)
    at http://localhost:1420/src/services/brainClient.ts:20:10
    at new Promise (<anonymous>)
    at onceWithTimeout (http://localhost:1420/src/services/brainClient.ts:19:16)
    at getWidgetsOnce (http://localhost:1420/src/services/brainClient.ts:198:10)
    at refresh (http://localhost:1420/src/views/HomeFloatNotes.vue?t=1788078159546:51:30)
    at http://localhost:1420/src/views/HomeFloatNotes.vue?t=1788078159546:59:14
[ 2180942ms] TypeError: Cannot read properties of undefined (reading 'transformCallback')
    at transformCallback (http://localhost:1420/node_modules/.vite/deps/chunk-G7S6KQDI.js?v=318df923:22:37)
    at listen (http://localhost:1420/node_modules/.vite/deps/chunk-7FCLUC5I.js?v=318df923:39:14)
    at once (http://localhost:1420/node_modules/.vite/deps/chunk-7FCLUC5I.js?v=318df923:45:10)
    at http://localhost:1420/src/services/brainClient.ts:20:10
    at new Promise (<anonymous>)
    at onceWithTimeout (http://localhost:1420/src/services/brainClient.ts:19:16)
    at getWidgetsOnce (http://localhost:1420/src/services/brainClient.ts:198:10)
    at refresh (http://localhost:1420/src/views/HomeFloatNotes.vue?t=1788078159546:51:30)
    at http://localhost:1420/src/views/HomeFloatNotes.vue?t=1788078159546:59:14
[ 2192941ms] TypeError: Cannot read properties of undefined (reading 'transformCallback')
    at transformCallback (http://localhost:1420/node_modules/.vite/deps/chunk-G7S6KQDI.js?v=318df923:22:37)
    at listen (http://localhost:1420/node_modules/.vite/deps/chunk-7FCLUC5I.js?v=318df923:39:14)
    at once (http://localhost:1420/node_modules/.vite/deps/chunk-7FCLUC5I.js?v=318df923:45:10)
    at http://localhost:1420/src/services/brainClient.ts:20:10
    at new Promise (<anonymous>)
    at onceWithTimeout (http://localhost:1420/src/services/brainClient.ts:19:16)
    at getWidgetsOnce (http://localhost:1420/src/services/brainClient.ts:198:10)
    at refresh (http://localhost:1420/src/views/HomeFloatNotes.vue?t=1788078159546:51:30)
    at http://localhost:1420/src/views/HomeFloatNotes.vue?t=1788078159546:59:14
[ 2201943ms] TypeError: Cannot read properties of undefined (reading 'transformCallback')
    at transformCallback (http://localhost:1420/node_modules/.vite/deps/chunk-G7S6KQDI.js?v=318df923:22:37)
    at listen (http://localhost:1420/node_modules/.vite/deps/chunk-7FCLUC5I.js?v=318df923:39:14)
    at onBrainEvent (http://localhost:1420/src/services/brainClient.ts:299:10)
    at http://localhost:1420/src/lib/home/home-panel-run.ts:12:12
    at new Promise (<anonymous>)
    at runPanelAction (http://localhost:1420/src/lib/home/home-panel-run.ts:6:18)
    at refresh (http://localhost:1420/src/views/HomeMaterialsStat.vue?t=1788078978195:14:30)
[ 2204943ms] TypeError: Cannot read properties of undefined (reading 'transformCallback')
    at transformCallback (http://localhost:1420/node_modules/.vite/deps/chunk-G7S6KQDI.js?v=318df923:22:37)
    at listen (http://localhost:1420/node_modules/.vite/deps/chunk-7FCLUC5I.js?v=318df923:39:14)
    at once (http://localhost:1420/node_modules/.vite/deps/chunk-7FCLUC5I.js?v=318df923:45:10)
    at http://localhost:1420/src/services/brainClient.ts:20:10
    at new Promise (<anonymous>)
    at onceWithTimeout (http://localhost:1420/src/services/brainClient.ts:19:16)
    at getWidgetsOnce (http://localhost:1420/src/services/brainClient.ts:198:10)
    at refresh (http://localhost:1420/src/views/HomeFloatNotes.vue?t=1788078159546:51:30)
    at http://localhost:1420/src/views/HomeFloatNotes.vue?t=1788078159546:59:14
[ 2216943ms] TypeError: Cannot read properties of undefined (reading 'transformCallback')
    at transformCallback (http://localhost:1420/node_modules/.vite/deps/chunk-G7S6KQDI.js?v=318df923:22:37)
    at listen (http://localhost:1420/node_modules/.vite/deps/chunk-7FCLUC5I.js?v=318df923:39:14)
    at once (http://localhost:1420/node_modules/.vite/deps/chunk-7FCLUC5I.js?v=318df923:45:10)
    at http://localhost:1420/src/services/brainClient.ts:20:10
    at new Promise (<anonymous>)
    at onceWithTimeout (http://localhost:1420/src/services/brainClient.ts:19:16)
    at getWidgetsOnce (http://localhost:1420/src/services/brainClient.ts:198:10)
    at refresh (http://localhost:1420/src/views/HomeFloatNotes.vue?t=1788078159546:51:30)
    at http://localhost:1420/src/views/HomeFloatNotes.vue?t=1788078159546:59:14
[ 2228942ms] TypeError: Cannot read properties of undefined (reading 'transformCallback')
    at transformCallback (http://localhost:1420/node_modules/.vite/deps/chunk-G7S6KQDI.js?v=318df923:22:37)
    at listen (http://localhost:1420/node_modules/.vite/deps/chunk-7FCLUC5I.js?v=318df923:39:14)
    at once (http://localhost:1420/node_modules/.vite/deps/chunk-7FCLUC5I.js?v=318df923:45:10)
    at http://localhost:1420/src/services/brainClient.ts:20:10
    at new Promise (<anonymous>)
    at onceWithTimeout (http://localhost:1420/src/services/brainClient.ts:19:16)
    at getWidgetsOnce (http://localhost:1420/src/services/brainClient.ts:198:10)
    at refresh (http://localhost:1420/src/views/HomeFloatNotes.vue?t=1788078159546:51:30)
    at http://localhost:1420/src/views/HomeFloatNotes.vue?t=1788078159546:59:14
[ 2240942ms] TypeError: Cannot read properties of undefined (reading 'transformCallback')
    at transformCallback (http://localhost:1420/node_modules/.vite/deps/chunk-G7S6KQDI.js?v=318df923:22:37)
    at listen (http://localhost:1420/node_modules/.vite/deps/chunk-7FCLUC5I.js?v=318df923:39:14)
    at once (http://localhost:1420/node_modules/.vite/deps/chunk-7FCLUC5I.js?v=318df923:45:10)
    at http://localhost:1420/src/services/brainClient.ts:20:10
    at new Promise (<anonymous>)
    at onceWithTimeout (http://localhost:1420/src/services/brainClient.ts:19:16)
    at getWidgetsOnce (http://localhost:1420/src/services/brainClient.ts:198:10)
    at refresh (http://localhost:1420/src/views/HomeFloatNotes.vue?t=1788078159546:51:30)
    at http://localhost:1420/src/views/HomeFloatNotes.vue?t=1788078159546:59:14
[ 2252943ms] TypeError: Cannot read properties of undefined (reading 'transformCallback')
    at transformCallback (http://localhost:1420/node_modules/.vite/deps/chunk-G7S6KQDI.js?v=318df923:22:37)
    at listen (http://localhost:1420/node_modules/.vite/deps/chunk-7FCLUC5I.js?v=318df923:39:14)
    at once (http://localhost:1420/node_modules/.vite/deps/chunk-7FCLUC5I.js?v=318df923:45:10)
    at http://localhost:1420/src/services/brainClient.ts:20:10
    at new Promise (<anonymous>)
    at onceWithTimeout (http://localhost:1420/src/services/brainClient.ts:19:16)
    at getWidgetsOnce (http://localhost:1420/src/services/brainClient.ts:198:10)
    at refresh (http://localhost:1420/src/views/HomeFloatNotes.vue?t=1788078159546:51:30)
    at http://localhost:1420/src/views/HomeFloatNotes.vue?t=1788078159546:59:14
[ 2261941ms] TypeError: Cannot read properties of undefined (reading 'transformCallback')
    at transformCallback (http://localhost:1420/node_modules/.vite/deps/chunk-G7S6KQDI.js?v=318df923:22:37)
    at listen (http://localhost:1420/node_modules/.vite/deps/chunk-7FCLUC5I.js?v=318df923:39:14)
    at onBrainEvent (http://localhost:1420/src/services/brainClient.ts:299:10)
    at http://localhost:1420/src/lib/home/home-panel-run.ts:12:12
    at new Promise (<anonymous>)
    at runPanelAction (http://localhost:1420/src/lib/home/home-panel-run.ts:6:18)
    at refresh (http://localhost:1420/src/views/HomeMaterialsStat.vue?t=1788078978195:14:30)
[ 2264943ms] TypeError: Cannot read properties of undefined (reading 'transformCallback')
    at transformCallback (http://localhost:1420/node_modules/.vite/deps/chunk-G7S6KQDI.js?v=318df923:22:37)
    at listen (http://localhost:1420/node_modules/.vite/deps/chunk-7FCLUC5I.js?v=318df923:39:14)
    at once (http://localhost:1420/node_modules/.vite/deps/chunk-7FCLUC5I.js?v=318df923:45:10)
    at http://localhost:1420/src/services/brainClient.ts:20:10
    at new Promise (<anonymous>)
    at onceWithTimeout (http://localhost:1420/src/services/brainClient.ts:19:16)
    at getWidgetsOnce (http://localhost:1420/src/services/brainClient.ts:198:10)
    at refresh (http://localhost:1420/src/views/HomeFloatNotes.vue?t=1788078159546:51:30)
    at http://localhost:1420/src/views/HomeFloatNotes.vue?t=1788078159546:59:14
[ 2276942ms] TypeError: Cannot read properties of undefined (reading 'transformCallback')
    at transformCallback (http://localhost:1420/node_modules/.vite/deps/chunk-G7S6KQDI.js?v=318df923:22:37)
    at listen (http://localhost:1420/node_modules/.vite/deps/chunk-7FCLUC5I.js?v=318df923:39:14)
    at once (http://localhost:1420/node_modules/.vite/deps/chunk-7FCLUC5I.js?v=318df923:45:10)
    at http://localhost:1420/src/services/brainClient.ts:20:10
    at new Promise (<anonymous>)
    at onceWithTimeout (http://localhost:1420/src/services/brainClient.ts:19:16)
    at getWidgetsOnce (http://localhost:1420/src/services/brainClient.ts:198:10)
    at refresh (http://localhost:1420/src/views/HomeFloatNotes.vue?t=1788078159546:51:30)
    at http://localhost:1420/src/views/HomeFloatNotes.vue?t=1788078159546:59:14
[ 2288942ms] TypeError: Cannot read properties of undefined (reading 'transformCallback')
    at transformCallback (http://localhost:1420/node_modules/.vite/deps/chunk-G7S6KQDI.js?v=318df923:22:37)
    at listen (http://localhost:1420/node_modules/.vite/deps/chunk-7FCLUC5I.js?v=318df923:39:14)
    at once (http://localhost:1420/node_modules/.vite/deps/chunk-7FCLUC5I.js?v=318df923:45:10)
    at http://localhost:1420/src/services/brainClient.ts:20:10
    at new Promise (<anonymous>)
    at onceWithTimeout (http://localhost:1420/src/services/brainClient.ts:19:16)
    at getWidgetsOnce (http://localhost:1420/src/services/brainClient.ts:198:10)
    at refresh (http://localhost:1420/src/views/HomeFloatNotes.vue?t=1788078159546:51:30)
    at http://localhost:1420/src/views/HomeFloatNotes.vue?t=1788078159546:59:14
[ 2300943ms] TypeError: Cannot read properties of undefined (reading 'transformCallback')
    at transformCallback (http://localhost:1420/node_modules/.vite/deps/chunk-G7S6KQDI.js?v=318df923:22:37)
    at listen (http://localhost:1420/node_modules/.vite/deps/chunk-7FCLUC5I.js?v=318df923:39:14)
    at once (http://localhost:1420/node_modules/.vite/deps/chunk-7FCLUC5I.js?v=318df923:45:10)
    at http://localhost:1420/src/services/brainClient.ts:20:10
    at new Promise (<anonymous>)
    at onceWithTimeout (http://localhost:1420/src/services/brainClient.ts:19:16)
    at getWidgetsOnce (http://localhost:1420/src/services/brainClient.ts:198:10)
    at refresh (http://localhost:1420/src/views/HomeFloatNotes.vue?t=1788078159546:51:30)
    at http://localhost:1420/src/views/HomeFloatNotes.vue?t=1788078159546:59:14
[ 2312943ms] TypeError: Cannot read properties of undefined (reading 'transformCallback')
    at transformCallback (http://localhost:1420/node_modules/.vite/deps/chunk-G7S6KQDI.js?v=318df923:22:37)
    at listen (http://localhost:1420/node_modules/.vite/deps/chunk-7FCLUC5I.js?v=318df923:39:14)
    at once (http://localhost:1420/node_modules/.vite/deps/chunk-7FCLUC5I.js?v=318df923:45:10)
    at http://localhost:1420/src/services/brainClient.ts:20:10
    at new Promise (<anonymous>)
    at onceWithTimeout (http://localhost:1420/src/services/brainClient.ts:19:16)
    at getWidgetsOnce (http://localhost:1420/src/services/brainClient.ts:198:10)
    at refresh (http://localhost:1420/src/views/HomeFloatNotes.vue?t=1788078159546:51:30)
    at http://localhost:1420/src/views/HomeFloatNotes.vue?t=1788078159546:59:14
[ 2321943ms] TypeError: Cannot read properties of undefined (reading 'transformCallback')
    at transformCallback (http://localhost:1420/node_modules/.vite/deps/chunk-G7S6KQDI.js?v=318df923:22:37)
    at listen (http://localhost:1420/node_modules/.vite/deps/chunk-7FCLUC5I.js?v=318df923:39:14)
    at onBrainEvent (http://localhost:1420/src/services/brainClient.ts:299:10)
    at http://localhost:1420/src/lib/home/home-panel-run.ts:12:12
    at new Promise (<anonymous>)
    at runPanelAction (http://localhost:1420/src/lib/home/home-panel-run.ts:6:18)
    at refresh (http://localhost:1420/src/views/HomeMaterialsStat.vue?t=1788078978195:14:30)
[ 2324942ms] TypeError: Cannot read properties of undefined (reading 'transformCallback')
    at transformCallback (http://localhost:1420/node_modules/.vite/deps/chunk-G7S6KQDI.js?v=318df923:22:37)
    at listen (http://localhost:1420/node_modules/.vite/deps/chunk-7FCLUC5I.js?v=318df923:39:14)
    at once (http://localhost:1420/node_modules/.vite/deps/chunk-7FCLUC5I.js?v=318df923:45:10)
    at http://localhost:1420/src/services/brainClient.ts:20:10
    at new Promise (<anonymous>)
    at onceWithTimeout (http://localhost:1420/src/services/brainClient.ts:19:16)
    at getWidgetsOnce (http://localhost:1420/src/services/brainClient.ts:198:10)
    at refresh (http://localhost:1420/src/views/HomeFloatNotes.vue?t=1788078159546:51:30)
    at http://localhost:1420/src/views/HomeFloatNotes.vue?t=1788078159546:59:14
[ 2336943ms] TypeError: Cannot read properties of undefined (reading 'transformCallback')
    at transformCallback (http://localhost:1420/node_modules/.vite/deps/chunk-G7S6KQDI.js?v=318df923:22:37)
    at listen (http://localhost:1420/node_modules/.vite/deps/chunk-7FCLUC5I.js?v=318df923:39:14)
    at once (http://localhost:1420/node_modules/.vite/deps/chunk-7FCLUC5I.js?v=318df923:45:10)
    at http://localhost:1420/src/services/brainClient.ts:20:10
    at new Promise (<anonymous>)
    at onceWithTimeout (http://localhost:1420/src/services/brainClient.ts:19:16)
    at getWidgetsOnce (http://localhost:1420/src/services/brainClient.ts:198:10)
    at refresh (http://localhost:1420/src/views/HomeFloatNotes.vue?t=1788078159546:51:30)
    at http://localhost:1420/src/views/HomeFloatNotes.vue?t=1788078159546:59:14
[ 2348943ms] TypeError: Cannot read properties of undefined (reading 'transformCallback')
    at transformCallback (http://localhost:1420/node_modules/.vite/deps/chunk-G7S6KQDI.js?v=318df923:22:37)
    at listen (http://localhost:1420/node_modules/.vite/deps/chunk-7FCLUC5I.js?v=318df923:39:14)
    at once (http://localhost:1420/node_modules/.vite/deps/chunk-7FCLUC5I.js?v=318df923:45:10)
    at http://localhost:1420/src/services/brainClient.ts:20:10
    at new Promise (<anonymous>)
    at onceWithTimeout (http://localhost:1420/src/services/brainClient.ts:19:16)
    at getWidgetsOnce (http://localhost:1420/src/services/brainClient.ts:198:10)
    at refresh (http://localhost:1420/src/views/HomeFloatNotes.vue?t=1788078159546:51:30)
    at http://localhost:1420/src/views/HomeFloatNotes.vue?t=1788078159546:59:14
[ 2360943ms] TypeError: Cannot read properties of undefined (reading 'transformCallback')
    at transformCallback (http://localhost:1420/node_modules/.vite/deps/chunk-G7S6KQDI.js?v=318df923:22:37)
    at listen (http://localhost:1420/node_modules/.vite/deps/chunk-7FCLUC5I.js?v=318df923:39:14)
    at once (http://localhost:1420/node_modules/.vite/deps/chunk-7FCLUC5I.js?v=318df923:45:10)
    at http://localhost:1420/src/services/brainClient.ts:20:10
    at new Promise (<anonymous>)
    at onceWithTimeout (http://localhost:1420/src/services/brainClient.ts:19:16)
    at getWidgetsOnce (http://localhost:1420/src/services/brainClient.ts:198:10)
    at refresh (http://localhost:1420/src/views/HomeFloatNotes.vue?t=1788078159546:51:30)
    at http://localhost:1420/src/views/HomeFloatNotes.vue?t=1788078159546:59:14
[ 2372944ms] TypeError: Cannot read properties of undefined (reading 'transformCallback')
    at transformCallback (http://localhost:1420/node_modules/.vite/deps/chunk-G7S6KQDI.js?v=318df923:22:37)
    at listen (http://localhost:1420/node_modules/.vite/deps/chunk-7FCLUC5I.js?v=318df923:39:14)
    at once (http://localhost:1420/node_modules/.vite/deps/chunk-7FCLUC5I.js?v=318df923:45:10)
    at http://localhost:1420/src/services/brainClient.ts:20:10
    at new Promise (<anonymous>)
    at onceWithTimeout (http://localhost:1420/src/services/brainClient.ts:19:16)
    at getWidgetsOnce (http://localhost:1420/src/services/brainClient.ts:198:10)
    at refresh (http://localhost:1420/src/views/HomeFloatNotes.vue?t=1788078159546:51:30)
    at http://localhost:1420/src/views/HomeFloatNotes.vue?t=1788078159546:59:14
[ 2381943ms] TypeError: Cannot read properties of undefined (reading 'transformCallback')
    at transformCallback (http://localhost:1420/node_modules/.vite/deps/chunk-G7S6KQDI.js?v=318df923:22:37)
    at listen (http://localhost:1420/node_modules/.vite/deps/chunk-7FCLUC5I.js?v=318df923:39:14)
    at onBrainEvent (http://localhost:1420/src/services/brainClient.ts:299:10)
    at http://localhost:1420/src/lib/home/home-panel-run.ts:12:12
    at new Promise (<anonymous>)
    at runPanelAction (http://localhost:1420/src/lib/home/home-panel-run.ts:6:18)
    at refresh (http://localhost:1420/src/views/HomeMaterialsStat.vue?t=1788078978195:14:30)
[ 2384942ms] TypeError: Cannot read properties of undefined (reading 'transformCallback')
    at transformCallback (http://localhost:1420/node_modules/.vite/deps/chunk-G7S6KQDI.js?v=318df923:22:37)
    at listen (http://localhost:1420/node_modules/.vite/deps/chunk-7FCLUC5I.js?v=318df923:39:14)
    at once (http://localhost:1420/node_modules/.vite/deps/chunk-7FCLUC5I.js?v=318df923:45:10)
    at http://localhost:1420/src/services/brainClient.ts:20:10
    at new Promise (<anonymous>)
    at onceWithTimeout (http://localhost:1420/src/services/brainClient.ts:19:16)
    at getWidgetsOnce (http://localhost:1420/src/services/brainClient.ts:198:10)
    at refresh (http://localhost:1420/src/views/HomeFloatNotes.vue?t=1788078159546:51:30)
    at http://localhost:1420/src/views/HomeFloatNotes.vue?t=1788078159546:59:14
[ 2396943ms] TypeError: Cannot read properties of undefined (reading 'transformCallback')
    at transformCallback (http://localhost:1420/node_modules/.vite/deps/chunk-G7S6KQDI.js?v=318df923:22:37)
    at listen (http://localhost:1420/node_modules/.vite/deps/chunk-7FCLUC5I.js?v=318df923:39:14)
    at once (http://localhost:1420/node_modules/.vite/deps/chunk-7FCLUC5I.js?v=318df923:45:10)
    at http://localhost:1420/src/services/brainClient.ts:20:10
    at new Promise (<anonymous>)
    at onceWithTimeout (http://localhost:1420/src/services/brainClient.ts:19:16)
    at getWidgetsOnce (http://localhost:1420/src/services/brainClient.ts:198:10)
    at refresh (http://localhost:1420/src/views/HomeFloatNotes.vue?t=1788078159546:51:30)
    at http://localhost:1420/src/views/HomeFloatNotes.vue?t=1788078159546:59:14
[ 2408944ms] TypeError: Cannot read properties of undefined (reading 'transformCallback')
    at transformCallback (http://localhost:1420/node_modules/.vite/deps/chunk-G7S6KQDI.js?v=318df923:22:37)
    at listen (http://localhost:1420/node_modules/.vite/deps/chunk-7FCLUC5I.js?v=318df923:39:14)
    at once (http://localhost:1420/node_modules/.vite/deps/chunk-7FCLUC5I.js?v=318df923:45:10)
    at http://localhost:1420/src/services/brainClient.ts:20:10
    at new Promise (<anonymous>)
    at onceWithTimeout (http://localhost:1420/src/services/brainClient.ts:19:16)
    at getWidgetsOnce (http://localhost:1420/src/services/brainClient.ts:198:10)
    at refresh (http://localhost:1420/src/views/HomeFloatNotes.vue?t=1788078159546:51:30)
    at http://localhost:1420/src/views/HomeFloatNotes.vue?t=1788078159546:59:14
[ 2420944ms] TypeError: Cannot read properties of undefined (reading 'transformCallback')
    at transformCallback (http://localhost:1420/node_modules/.vite/deps/chunk-G7S6KQDI.js?v=318df923:22:37)
    at listen (http://localhost:1420/node_modules/.vite/deps/chunk-7FCLUC5I.js?v=318df923:39:14)
    at once (http://localhost:1420/node_modules/.vite/deps/chunk-7FCLUC5I.js?v=318df923:45:10)
    at http://localhost:1420/src/services/brainClient.ts:20:10
    at new Promise (<anonymous>)
    at onceWithTimeout (http://localhost:1420/src/services/brainClient.ts:19:16)
    at getWidgetsOnce (http://localhost:1420/src/services/brainClient.ts:198:10)
    at refresh (http://localhost:1420/src/views/HomeFloatNotes.vue?t=1788078159546:51:30)
    at http://localhost:1420/src/views/HomeFloatNotes.vue?t=1788078159546:59:14
[ 2432943ms] TypeError: Cannot read properties of undefined (reading 'transformCallback')
    at transformCallback (http://localhost:1420/node_modules/.vite/deps/chunk-G7S6KQDI.js?v=318df923:22:37)
    at listen (http://localhost:1420/node_modules/.vite/deps/chunk-7FCLUC5I.js?v=318df923:39:14)
    at once (http://localhost:1420/node_modules/.vite/deps/chunk-7FCLUC5I.js?v=318df923:45:10)
    at http://localhost:1420/src/services/brainClient.ts:20:10
    at new Promise (<anonymous>)
    at onceWithTimeout (http://localhost:1420/src/services/brainClient.ts:19:16)
    at getWidgetsOnce (http://localhost:1420/src/services/brainClient.ts:198:10)
    at refresh (http://localhost:1420/src/views/HomeFloatNotes.vue?t=1788078159546:51:30)
    at http://localhost:1420/src/views/HomeFloatNotes.vue?t=1788078159546:59:14
[ 2441944ms] TypeError: Cannot read properties of undefined (reading 'transformCallback')
    at transformCallback (http://localhost:1420/node_modules/.vite/deps/chunk-G7S6KQDI.js?v=318df923:22:37)
    at listen (http://localhost:1420/node_modules/.vite/deps/chunk-7FCLUC5I.js?v=318df923:39:14)
    at onBrainEvent (http://localhost:1420/src/services/brainClient.ts:299:10)
    at http://localhost:1420/src/lib/home/home-panel-run.ts:12:12
    at new Promise (<anonymous>)
    at runPanelAction (http://localhost:1420/src/lib/home/home-panel-run.ts:6:18)
    at refresh (http://localhost:1420/src/views/HomeMaterialsStat.vue?t=1788078978195:14:30)
[ 2444944ms] TypeError: Cannot read properties of undefined (reading 'transformCallback')
    at transformCallback (http://localhost:1420/node_modules/.vite/deps/chunk-G7S6KQDI.js?v=318df923:22:37)
    at listen (http://localhost:1420/node_modules/.vite/deps/chunk-7FCLUC5I.js?v=318df923:39:14)
    at once (http://localhost:1420/node_modules/.vite/deps/chunk-7FCLUC5I.js?v=318df923:45:10)
    at http://localhost:1420/src/services/brainClient.ts:20:10
    at new Promise (<anonymous>)
    at onceWithTimeout (http://localhost:1420/src/services/brainClient.ts:19:16)
    at getWidgetsOnce (http://localhost:1420/src/services/brainClient.ts:198:10)
    at refresh (http://localhost:1420/src/views/HomeFloatNotes.vue?t=1788078159546:51:30)
    at http://localhost:1420/src/views/HomeFloatNotes.vue?t=1788078159546:59:14
[ 2456944ms] TypeError: Cannot read properties of undefined (reading 'transformCallback')
    at transformCallback (http://localhost:1420/node_modules/.vite/deps/chunk-G7S6KQDI.js?v=318df923:22:37)
    at listen (http://localhost:1420/node_modules/.vite/deps/chunk-7FCLUC5I.js?v=318df923:39:14)
    at once (http://localhost:1420/node_modules/.vite/deps/chunk-7FCLUC5I.js?v=318df923:45:10)
    at http://localhost:1420/src/services/brainClient.ts:20:10
    at new Promise (<anonymous>)
    at onceWithTimeout (http://localhost:1420/src/services/brainClient.ts:19:16)
    at getWidgetsOnce (http://localhost:1420/src/services/brainClient.ts:198:10)
    at refresh (http://localhost:1420/src/views/HomeFloatNotes.vue?t=1788078159546:51:30)
    at http://localhost:1420/src/views/HomeFloatNotes.vue?t=1788078159546:59:14
[ 2468943ms] TypeError: Cannot read properties of undefined (reading 'transformCallback')
    at transformCallback (http://localhost:1420/node_modules/.vite/deps/chunk-G7S6KQDI.js?v=318df923:22:37)
    at listen (http://localhost:1420/node_modules/.vite/deps/chunk-7FCLUC5I.js?v=318df923:39:14)
    at once (http://localhost:1420/node_modules/.vite/deps/chunk-7FCLUC5I.js?v=318df923:45:10)
    at http://localhost:1420/src/services/brainClient.ts:20:10
    at new Promise (<anonymous>)
    at onceWithTimeout (http://localhost:1420/src/services/brainClient.ts:19:16)
    at getWidgetsOnce (http://localhost:1420/src/services/brainClient.ts:198:10)
    at refresh (http://localhost:1420/src/views/HomeFloatNotes.vue?t=1788078159546:51:30)
    at http://localhost:1420/src/views/HomeFloatNotes.vue?t=1788078159546:59:14
[ 2480944ms] TypeError: Cannot read properties of undefined (reading 'transformCallback')
    at transformCallback (http://localhost:1420/node_modules/.vite/deps/chunk-G7S6KQDI.js?v=318df923:22:37)
    at listen (http://localhost:1420/node_modules/.vite/deps/chunk-7FCLUC5I.js?v=318df923:39:14)
    at once (http://localhost:1420/node_modules/.vite/deps/chunk-7FCLUC5I.js?v=318df923:45:10)
    at http://localhost:1420/src/services/brainClient.ts:20:10
    at new Promise (<anonymous>)
    at onceWithTimeout (http://localhost:1420/src/services/brainClient.ts:19:16)
    at getWidgetsOnce (http://localhost:1420/src/services/brainClient.ts:198:10)
    at refresh (http://localhost:1420/src/views/HomeFloatNotes.vue?t=1788078159546:51:30)
    at http://localhost:1420/src/views/HomeFloatNotes.vue?t=1788078159546:59:14
[ 2492944ms] TypeError: Cannot read properties of undefined (reading 'transformCallback')
    at transformCallback (http://localhost:1420/node_modules/.vite/deps/chunk-G7S6KQDI.js?v=318df923:22:37)
    at listen (http://localhost:1420/node_modules/.vite/deps/chunk-7FCLUC5I.js?v=318df923:39:14)
    at once (http://localhost:1420/node_modules/.vite/deps/chunk-7FCLUC5I.js?v=318df923:45:10)
    at http://localhost:1420/src/services/brainClient.ts:20:10
    at new Promise (<anonymous>)
    at onceWithTimeout (http://localhost:1420/src/services/brainClient.ts:19:16)
    at getWidgetsOnce (http://localhost:1420/src/services/brainClient.ts:198:10)
    at refresh (http://localhost:1420/src/views/HomeFloatNotes.vue?t=1788078159546:51:30)
    at http://localhost:1420/src/views/HomeFloatNotes.vue?t=1788078159546:59:14
[ 2501944ms] TypeError: Cannot read properties of undefined (reading 'transformCallback')
    at transformCallback (http://localhost:1420/node_modules/.vite/deps/chunk-G7S6KQDI.js?v=318df923:22:37)
    at listen (http://localhost:1420/node_modules/.vite/deps/chunk-7FCLUC5I.js?v=318df923:39:14)
    at onBrainEvent (http://localhost:1420/src/services/brainClient.ts:299:10)
    at http://localhost:1420/src/lib/home/home-panel-run.ts:12:12
    at new Promise (<anonymous>)
    at runPanelAction (http://localhost:1420/src/lib/home/home-panel-run.ts:6:18)
    at refresh (http://localhost:1420/src/views/HomeMaterialsStat.vue?t=1788078978195:14:30)
[ 2504945ms] TypeError: Cannot read properties of undefined (reading 'transformCallback')
    at transformCallback (http://localhost:1420/node_modules/.vite/deps/chunk-G7S6KQDI.js?v=318df923:22:37)
    at listen (http://localhost:1420/node_modules/.vite/deps/chunk-7FCLUC5I.js?v=318df923:39:14)
    at once (http://localhost:1420/node_modules/.vite/deps/chunk-7FCLUC5I.js?v=318df923:45:10)
    at http://localhost:1420/src/services/brainClient.ts:20:10
    at new Promise (<anonymous>)
    at onceWithTimeout (http://localhost:1420/src/services/brainClient.ts:19:16)
    at getWidgetsOnce (http://localhost:1420/src/services/brainClient.ts:198:10)
    at refresh (http://localhost:1420/src/views/HomeFloatNotes.vue?t=1788078159546:51:30)
    at http://localhost:1420/src/views/HomeFloatNotes.vue?t=1788078159546:59:14
[ 2516945ms] TypeError: Cannot read properties of undefined (reading 'transformCallback')
    at transformCallback (http://localhost:1420/node_modules/.vite/deps/chunk-G7S6KQDI.js?v=318df923:22:37)
    at listen (http://localhost:1420/node_modules/.vite/deps/chunk-7FCLUC5I.js?v=318df923:39:14)
    at once (http://localhost:1420/node_modules/.vite/deps/chunk-7FCLUC5I.js?v=318df923:45:10)
    at http://localhost:1420/src/services/brainClient.ts:20:10
    at new Promise (<anonymous>)
    at onceWithTimeout (http://localhost:1420/src/services/brainClient.ts:19:16)
    at getWidgetsOnce (http://localhost:1420/src/services/brainClient.ts:198:10)
    at refresh (http://localhost:1420/src/views/HomeFloatNotes.vue?t=1788078159546:51:30)
    at http://localhost:1420/src/views/HomeFloatNotes.vue?t=1788078159546:59:14
[ 2528944ms] TypeError: Cannot read properties of undefined (reading 'transformCallback')
    at transformCallback (http://localhost:1420/node_modules/.vite/deps/chunk-G7S6KQDI.js?v=318df923:22:37)
    at listen (http://localhost:1420/node_modules/.vite/deps/chunk-7FCLUC5I.js?v=318df923:39:14)
    at once (http://localhost:1420/node_modules/.vite/deps/chunk-7FCLUC5I.js?v=318df923:45:10)
    at http://localhost:1420/src/services/brainClient.ts:20:10
    at new Promise (<anonymous>)
    at onceWithTimeout (http://localhost:1420/src/services/brainClient.ts:19:16)
    at getWidgetsOnce (http://localhost:1420/src/services/brainClient.ts:198:10)
    at refresh (http://localhost:1420/src/views/HomeFloatNotes.vue?t=1788078159546:51:30)
    at http://localhost:1420/src/views/HomeFloatNotes.vue?t=1788078159546:59:14
[ 2540945ms] TypeError: Cannot read properties of undefined (reading 'transformCallback')
    at transformCallback (http://localhost:1420/node_modules/.vite/deps/chunk-G7S6KQDI.js?v=318df923:22:37)
    at listen (http://localhost:1420/node_modules/.vite/deps/chunk-7FCLUC5I.js?v=318df923:39:14)
    at once (http://localhost:1420/node_modules/.vite/deps/chunk-7FCLUC5I.js?v=318df923:45:10)
    at http://localhost:1420/src/services/brainClient.ts:20:10
    at new Promise (<anonymous>)
    at onceWithTimeout (http://localhost:1420/src/services/brainClient.ts:19:16)
    at getWidgetsOnce (http://localhost:1420/src/services/brainClient.ts:198:10)
    at refresh (http://localhost:1420/src/views/HomeFloatNotes.vue?t=1788078159546:51:30)
    at http://localhost:1420/src/views/HomeFloatNotes.vue?t=1788078159546:59:14
[ 2552945ms] TypeError: Cannot read properties of undefined (reading 'transformCallback')
    at transformCallback (http://localhost:1420/node_modules/.vite/deps/chunk-G7S6KQDI.js?v=318df923:22:37)
    at listen (http://localhost:1420/node_modules/.vite/deps/chunk-7FCLUC5I.js?v=318df923:39:14)
    at once (http://localhost:1420/node_modules/.vite/deps/chunk-7FCLUC5I.js?v=318df923:45:10)
    at http://localhost:1420/src/services/brainClient.ts:20:10
    at new Promise (<anonymous>)
    at onceWithTimeout (http://localhost:1420/src/services/brainClient.ts:19:16)
    at getWidgetsOnce (http://localhost:1420/src/services/brainClient.ts:198:10)
    at refresh (http://localhost:1420/src/views/HomeFloatNotes.vue?t=1788078159546:51:30)
    at http://localhost:1420/src/views/HomeFloatNotes.vue?t=1788078159546:59:14
[ 2561945ms] TypeError: Cannot read properties of undefined (reading 'transformCallback')
    at transformCallback (http://localhost:1420/node_modules/.vite/deps/chunk-G7S6KQDI.js?v=318df923:22:37)
    at listen (http://localhost:1420/node_modules/.vite/deps/chunk-7FCLUC5I.js?v=318df923:39:14)
    at onBrainEvent (http://localhost:1420/src/services/brainClient.ts:299:10)
    at http://localhost:1420/src/lib/home/home-panel-run.ts:12:12
    at new Promise (<anonymous>)
    at runPanelAction (http://localhost:1420/src/lib/home/home-panel-run.ts:6:18)
    at refresh (http://localhost:1420/src/views/HomeMaterialsStat.vue?t=1788078978195:14:30)
[ 2564945ms] TypeError: Cannot read properties of undefined (reading 'transformCallback')
    at transformCallback (http://localhost:1420/node_modules/.vite/deps/chunk-G7S6KQDI.js?v=318df923:22:37)
    at listen (http://localhost:1420/node_modules/.vite/deps/chunk-7FCLUC5I.js?v=318df923:39:14)
    at once (http://localhost:1420/node_modules/.vite/deps/chunk-7FCLUC5I.js?v=318df923:45:10)
    at http://localhost:1420/src/services/brainClient.ts:20:10
    at new Promise (<anonymous>)
    at onceWithTimeout (http://localhost:1420/src/services/brainClient.ts:19:16)
    at getWidgetsOnce (http://localhost:1420/src/services/brainClient.ts:198:10)
    at refresh (http://localhost:1420/src/views/HomeFloatNotes.vue?t=1788078159546:51:30)
    at http://localhost:1420/src/views/HomeFloatNotes.vue?t=1788078159546:59:14
[ 2576945ms] TypeError: Cannot read properties of undefined (reading 'transformCallback')
    at transformCallback (http://localhost:1420/node_modules/.vite/deps/chunk-G7S6KQDI.js?v=318df923:22:37)
    at listen (http://localhost:1420/node_modules/.vite/deps/chunk-7FCLUC5I.js?v=318df923:39:14)
    at once (http://localhost:1420/node_modules/.vite/deps/chunk-7FCLUC5I.js?v=318df923:45:10)
    at http://localhost:1420/src/services/brainClient.ts:20:10
    at new Promise (<anonymous>)
    at onceWithTimeout (http://localhost:1420/src/services/brainClient.ts:19:16)
    at getWidgetsOnce (http://localhost:1420/src/services/brainClient.ts:198:10)
    at refresh (http://localhost:1420/src/views/HomeFloatNotes.vue?t=1788078159546:51:30)
    at http://localhost:1420/src/views/HomeFloatNotes.vue?t=1788078159546:59:14
[ 2588945ms] TypeError: Cannot read properties of undefined (reading 'transformCallback')
    at transformCallback (http://localhost:1420/node_modules/.vite/deps/chunk-G7S6KQDI.js?v=318df923:22:37)
    at listen (http://localhost:1420/node_modules/.vite/deps/chunk-7FCLUC5I.js?v=318df923:39:14)
    at once (http://localhost:1420/node_modules/.vite/deps/chunk-7FCLUC5I.js?v=318df923:45:10)
    at http://localhost:1420/src/services/brainClient.ts:20:10
    at new Promise (<anonymous>)
    at onceWithTimeout (http://localhost:1420/src/services/brainClient.ts:19:16)
    at getWidgetsOnce (http://localhost:1420/src/services/brainClient.ts:198:10)
    at refresh (http://localhost:1420/src/views/HomeFloatNotes.vue?t=1788078159546:51:30)
    at http://localhost:1420/src/views/HomeFloatNotes.vue?t=1788078159546:59:14
[ 2600945ms] TypeError: Cannot read properties of undefined (reading 'transformCallback')
    at transformCallback (http://localhost:1420/node_modules/.vite/deps/chunk-G7S6KQDI.js?v=318df923:22:37)
    at listen (http://localhost:1420/node_modules/.vite/deps/chunk-7FCLUC5I.js?v=318df923:39:14)
    at once (http://localhost:1420/node_modules/.vite/deps/chunk-7FCLUC5I.js?v=318df923:45:10)
    at http://localhost:1420/src/services/brainClient.ts:20:10
    at new Promise (<anonymous>)
    at onceWithTimeout (http://localhost:1420/src/services/brainClient.ts:19:16)
    at getWidgetsOnce (http://localhost:1420/src/services/brainClient.ts:198:10)
    at refresh (http://localhost:1420/src/views/HomeFloatNotes.vue?t=1788078159546:51:30)
    at http://localhost:1420/src/views/HomeFloatNotes.vue?t=1788078159546:59:14
[ 2612945ms] TypeError: Cannot read properties of undefined (reading 'transformCallback')
    at transformCallback (http://localhost:1420/node_modules/.vite/deps/chunk-G7S6KQDI.js?v=318df923:22:37)
    at listen (http://localhost:1420/node_modules/.vite/deps/chunk-7FCLUC5I.js?v=318df923:39:14)
    at once (http://localhost:1420/node_modules/.vite/deps/chunk-7FCLUC5I.js?v=318df923:45:10)
    at http://localhost:1420/src/services/brainClient.ts:20:10
    at new Promise (<anonymous>)
    at onceWithTimeout (http://localhost:1420/src/services/brainClient.ts:19:16)
    at getWidgetsOnce (http://localhost:1420/src/services/brainClient.ts:198:10)
    at refresh (http://localhost:1420/src/views/HomeFloatNotes.vue?t=1788078159546:51:30)
    at http://localhost:1420/src/views/HomeFloatNotes.vue?t=1788078159546:59:14
[ 2621946ms] TypeError: Cannot read properties of undefined (reading 'transformCallback')
    at transformCallback (http://localhost:1420/node_modules/.vite/deps/chunk-G7S6KQDI.js?v=318df923:22:37)
    at listen (http://localhost:1420/node_modules/.vite/deps/chunk-7FCLUC5I.js?v=318df923:39:14)
    at onBrainEvent (http://localhost:1420/src/services/brainClient.ts:299:10)
    at http://localhost:1420/src/lib/home/home-panel-run.ts:12:12
    at new Promise (<anonymous>)
    at runPanelAction (http://localhost:1420/src/lib/home/home-panel-run.ts:6:18)
    at refresh (http://localhost:1420/src/views/HomeMaterialsStat.vue?t=1788078978195:14:30)
[ 2624946ms] TypeError: Cannot read properties of undefined (reading 'transformCallback')
    at transformCallback (http://localhost:1420/node_modules/.vite/deps/chunk-G7S6KQDI.js?v=318df923:22:37)
    at listen (http://localhost:1420/node_modules/.vite/deps/chunk-7FCLUC5I.js?v=318df923:39:14)
    at once (http://localhost:1420/node_modules/.vite/deps/chunk-7FCLUC5I.js?v=318df923:45:10)
    at http://localhost:1420/src/services/brainClient.ts:20:10
    at new Promise (<anonymous>)
    at onceWithTimeout (http://localhost:1420/src/services/brainClient.ts:19:16)
    at getWidgetsOnce (http://localhost:1420/src/services/brainClient.ts:198:10)
    at refresh (http://localhost:1420/src/views/HomeFloatNotes.vue?t=1788078159546:51:30)
    at http://localhost:1420/src/views/HomeFloatNotes.vue?t=1788078159546:59:14
[ 2636946ms] TypeError: Cannot read properties of undefined (reading 'transformCallback')
    at transformCallback (http://localhost:1420/node_modules/.vite/deps/chunk-G7S6KQDI.js?v=318df923:22:37)
    at listen (http://localhost:1420/node_modules/.vite/deps/chunk-7FCLUC5I.js?v=318df923:39:14)
    at once (http://localhost:1420/node_modules/.vite/deps/chunk-7FCLUC5I.js?v=318df923:45:10)
    at http://localhost:1420/src/services/brainClient.ts:20:10
    at new Promise (<anonymous>)
    at onceWithTimeout (http://localhost:1420/src/services/brainClient.ts:19:16)
    at getWidgetsOnce (http://localhost:1420/src/services/brainClient.ts:198:10)
    at refresh (http://localhost:1420/src/views/HomeFloatNotes.vue?t=1788078159546:51:30)
    at http://localhost:1420/src/views/HomeFloatNotes.vue?t=1788078159546:59:14
[ 2648935ms] TypeError: Cannot read properties of undefined (reading 'transformCallback')
    at transformCallback (http://localhost:1420/node_modules/.vite/deps/chunk-G7S6KQDI.js?v=318df923:22:37)
    at listen (http://localhost:1420/node_modules/.vite/deps/chunk-7FCLUC5I.js?v=318df923:39:14)
    at once (http://localhost:1420/node_modules/.vite/deps/chunk-7FCLUC5I.js?v=318df923:45:10)
    at http://localhost:1420/src/services/brainClient.ts:20:10
    at new Promise (<anonymous>)
    at onceWithTimeout (http://localhost:1420/src/services/brainClient.ts:19:16)
    at getWidgetsOnce (http://localhost:1420/src/services/brainClient.ts:198:10)
    at refresh (http://localhost:1420/src/views/HomeFloatNotes.vue?t=1788078159546:51:30)
    at http://localhost:1420/src/views/HomeFloatNotes.vue?t=1788078159546:59:14
[ 2660924ms] TypeError: Cannot read properties of undefined (reading 'transformCallback')
    at transformCallback (http://localhost:1420/node_modules/.vite/deps/chunk-G7S6KQDI.js?v=318df923:22:37)
    at listen (http://localhost:1420/node_modules/.vite/deps/chunk-7FCLUC5I.js?v=318df923:39:14)
    at once (http://localhost:1420/node_modules/.vite/deps/chunk-7FCLUC5I.js?v=318df923:45:10)
    at http://localhost:1420/src/services/brainClient.ts:20:10
    at new Promise (<anonymous>)
    at onceWithTimeout (http://localhost:1420/src/services/brainClient.ts:19:16)
    at getWidgetsOnce (http://localhost:1420/src/services/brainClient.ts:198:10)
    at refresh (http://localhost:1420/src/views/HomeFloatNotes.vue?t=1788078159546:51:30)
    at http://localhost:1420/src/views/HomeFloatNotes.vue?t=1788078159546:59:14
[ 2672919ms] TypeError: Cannot read properties of undefined (reading 'transformCallback')
    at transformCallback (http://localhost:1420/node_modules/.vite/deps/chunk-G7S6KQDI.js?v=318df923:22:37)
    at listen (http://localhost:1420/node_modules/.vite/deps/chunk-7FCLUC5I.js?v=318df923:39:14)
    at once (http://localhost:1420/node_modules/.vite/deps/chunk-7FCLUC5I.js?v=318df923:45:10)
    at http://localhost:1420/src/services/brainClient.ts:20:10
    at new Promise (<anonymous>)
    at onceWithTimeout (http://localhost:1420/src/services/brainClient.ts:19:16)
    at getWidgetsOnce (http://localhost:1420/src/services/brainClient.ts:198:10)
    at refresh (http://localhost:1420/src/views/HomeFloatNotes.vue?t=1788078159546:51:30)
    at http://localhost:1420/src/views/HomeFloatNotes.vue?t=1788078159546:59:14
[ 2681916ms] TypeError: Cannot read properties of undefined (reading 'transformCallback')
    at transformCallback (http://localhost:1420/node_modules/.vite/deps/chunk-G7S6KQDI.js?v=318df923:22:37)
    at listen (http://localhost:1420/node_modules/.vite/deps/chunk-7FCLUC5I.js?v=318df923:39:14)
    at onBrainEvent (http://localhost:1420/src/services/brainClient.ts:299:10)
    at http://localhost:1420/src/lib/home/home-panel-run.ts:12:12
    at new Promise (<anonymous>)
    at runPanelAction (http://localhost:1420/src/lib/home/home-panel-run.ts:6:18)
    at refresh (http://localhost:1420/src/views/HomeMaterialsStat.vue?t=1788078978195:14:30)
[ 2684916ms] TypeError: Cannot read properties of undefined (reading 'transformCallback')
    at transformCallback (http://localhost:1420/node_modules/.vite/deps/chunk-G7S6KQDI.js?v=318df923:22:37)
    at listen (http://localhost:1420/node_modules/.vite/deps/chunk-7FCLUC5I.js?v=318df923:39:14)
    at once (http://localhost:1420/node_modules/.vite/deps/chunk-7FCLUC5I.js?v=318df923:45:10)
    at http://localhost:1420/src/services/brainClient.ts:20:10
    at new Promise (<anonymous>)
    at onceWithTimeout (http://localhost:1420/src/services/brainClient.ts:19:16)
    at getWidgetsOnce (http://localhost:1420/src/services/brainClient.ts:198:10)
    at refresh (http://localhost:1420/src/views/HomeFloatNotes.vue?t=1788078159546:51:30)
    at http://localhost:1420/src/views/HomeFloatNotes.vue?t=1788078159546:59:14
[ 2696915ms] TypeError: Cannot read properties of undefined (reading 'transformCallback')
    at transformCallback (http://localhost:1420/node_modules/.vite/deps/chunk-G7S6KQDI.js?v=318df923:22:37)
    at listen (http://localhost:1420/node_modules/.vite/deps/chunk-7FCLUC5I.js?v=318df923:39:14)
    at once (http://localhost:1420/node_modules/.vite/deps/chunk-7FCLUC5I.js?v=318df923:45:10)
    at http://localhost:1420/src/services/brainClient.ts:20:10
    at new Promise (<anonymous>)
    at onceWithTimeout (http://localhost:1420/src/services/brainClient.ts:19:16)
    at getWidgetsOnce (http://localhost:1420/src/services/brainClient.ts:198:10)
    at refresh (http://localhost:1420/src/views/HomeFloatNotes.vue?t=1788078159546:51:30)
    at http://localhost:1420/src/views/HomeFloatNotes.vue?t=1788078159546:59:14
[ 2708914ms] TypeError: Cannot read properties of undefined (reading 'transformCallback')
    at transformCallback (http://localhost:1420/node_modules/.vite/deps/chunk-G7S6KQDI.js?v=318df923:22:37)
    at listen (http://localhost:1420/node_modules/.vite/deps/chunk-7FCLUC5I.js?v=318df923:39:14)
    at once (http://localhost:1420/node_modules/.vite/deps/chunk-7FCLUC5I.js?v=318df923:45:10)
    at http://localhost:1420/src/services/brainClient.ts:20:10
    at new Promise (<anonymous>)
    at onceWithTimeout (http://localhost:1420/src/services/brainClient.ts:19:16)
    at getWidgetsOnce (http://localhost:1420/src/services/brainClient.ts:198:10)
    at refresh (http://localhost:1420/src/views/HomeFloatNotes.vue?t=1788078159546:51:30)
    at http://localhost:1420/src/views/HomeFloatNotes.vue?t=1788078159546:59:14
[ 2720914ms] TypeError: Cannot read properties of undefined (reading 'transformCallback')
    at transformCallback (http://localhost:1420/node_modules/.vite/deps/chunk-G7S6KQDI.js?v=318df923:22:37)
    at listen (http://localhost:1420/node_modules/.vite/deps/chunk-7FCLUC5I.js?v=318df923:39:14)
    at once (http://localhost:1420/node_modules/.vite/deps/chunk-7FCLUC5I.js?v=318df923:45:10)
    at http://localhost:1420/src/services/brainClient.ts:20:10
    at new Promise (<anonymous>)
    at onceWithTimeout (http://localhost:1420/src/services/brainClient.ts:19:16)
    at getWidgetsOnce (http://localhost:1420/src/services/brainClient.ts:198:10)
    at refresh (http://localhost:1420/src/views/HomeFloatNotes.vue?t=1788078159546:51:30)
    at http://localhost:1420/src/views/HomeFloatNotes.vue?t=1788078159546:59:14
[ 2732914ms] TypeError: Cannot read properties of undefined (reading 'transformCallback')
    at transformCallback (http://localhost:1420/node_modules/.vite/deps/chunk-G7S6KQDI.js?v=318df923:22:37)
    at listen (http://localhost:1420/node_modules/.vite/deps/chunk-7FCLUC5I.js?v=318df923:39:14)
    at once (http://localhost:1420/node_modules/.vite/deps/chunk-7FCLUC5I.js?v=318df923:45:10)
    at http://localhost:1420/src/services/brainClient.ts:20:10
    at new Promise (<anonymous>)
    at onceWithTimeout (http://localhost:1420/src/services/brainClient.ts:19:16)
    at getWidgetsOnce (http://localhost:1420/src/services/brainClient.ts:198:10)
    at refresh (http://localhost:1420/src/views/HomeFloatNotes.vue?t=1788078159546:51:30)
    at http://localhost:1420/src/views/HomeFloatNotes.vue?t=1788078159546:59:14
[ 2741914ms] TypeError: Cannot read properties of undefined (reading 'transformCallback')
    at transformCallback (http://localhost:1420/node_modules/.vite/deps/chunk-G7S6KQDI.js?v=318df923:22:37)
    at listen (http://localhost:1420/node_modules/.vite/deps/chunk-7FCLUC5I.js?v=318df923:39:14)
    at onBrainEvent (http://localhost:1420/src/services/brainClient.ts:299:10)
    at http://localhost:1420/src/lib/home/home-panel-run.ts:12:12
    at new Promise (<anonymous>)
    at runPanelAction (http://localhost:1420/src/lib/home/home-panel-run.ts:6:18)
    at refresh (http://localhost:1420/src/views/HomeMaterialsStat.vue?t=1788078978195:14:30)
[ 2744914ms] TypeError: Cannot read properties of undefined (reading 'transformCallback')
    at transformCallback (http://localhost:1420/node_modules/.vite/deps/chunk-G7S6KQDI.js?v=318df923:22:37)
    at listen (http://localhost:1420/node_modules/.vite/deps/chunk-7FCLUC5I.js?v=318df923:39:14)
    at once (http://localhost:1420/node_modules/.vite/deps/chunk-7FCLUC5I.js?v=318df923:45:10)
    at http://localhost:1420/src/services/brainClient.ts:20:10
    at new Promise (<anonymous>)
    at onceWithTimeout (http://localhost:1420/src/services/brainClient.ts:19:16)
    at getWidgetsOnce (http://localhost:1420/src/services/brainClient.ts:198:10)
    at refresh (http://localhost:1420/src/views/HomeFloatNotes.vue?t=1788078159546:51:30)
    at http://localhost:1420/src/views/HomeFloatNotes.vue?t=1788078159546:59:14
[ 2756914ms] TypeError: Cannot read properties of undefined (reading 'transformCallback')
    at transformCallback (http://localhost:1420/node_modules/.vite/deps/chunk-G7S6KQDI.js?v=318df923:22:37)
    at listen (http://localhost:1420/node_modules/.vite/deps/chunk-7FCLUC5I.js?v=318df923:39:14)
    at once (http://localhost:1420/node_modules/.vite/deps/chunk-7FCLUC5I.js?v=318df923:45:10)
    at http://localhost:1420/src/services/brainClient.ts:20:10
    at new Promise (<anonymous>)
    at onceWithTimeout (http://localhost:1420/src/services/brainClient.ts:19:16)
    at getWidgetsOnce (http://localhost:1420/src/services/brainClient.ts:198:10)
    at refresh (http://localhost:1420/src/views/HomeFloatNotes.vue?t=1788078159546:51:30)
    at http://localhost:1420/src/views/HomeFloatNotes.vue?t=1788078159546:59:14
[ 2768914ms] TypeError: Cannot read properties of undefined (reading 'transformCallback')
    at transformCallback (http://localhost:1420/node_modules/.vite/deps/chunk-G7S6KQDI.js?v=318df923:22:37)
    at listen (http://localhost:1420/node_modules/.vite/deps/chunk-7FCLUC5I.js?v=318df923:39:14)
    at once (http://localhost:1420/node_modules/.vite/deps/chunk-7FCLUC5I.js?v=318df923:45:10)
    at http://localhost:1420/src/services/brainClient.ts:20:10
    at new Promise (<anonymous>)
    at onceWithTimeout (http://localhost:1420/src/services/brainClient.ts:19:16)
    at getWidgetsOnce (http://localhost:1420/src/services/brainClient.ts:198:10)
    at refresh (http://localhost:1420/src/views/HomeFloatNotes.vue?t=1788078159546:51:30)
    at http://localhost:1420/src/views/HomeFloatNotes.vue?t=1788078159546:59:14
[ 2780914ms] TypeError: Cannot read properties of undefined (reading 'transformCallback')
    at transformCallback (http://localhost:1420/node_modules/.vite/deps/chunk-G7S6KQDI.js?v=318df923:22:37)
    at listen (http://localhost:1420/node_modules/.vite/deps/chunk-7FCLUC5I.js?v=318df923:39:14)
    at once (http://localhost:1420/node_modules/.vite/deps/chunk-7FCLUC5I.js?v=318df923:45:10)
    at http://localhost:1420/src/services/brainClient.ts:20:10
    at new Promise (<anonymous>)
    at onceWithTimeout (http://localhost:1420/src/services/brainClient.ts:19:16)
    at getWidgetsOnce (http://localhost:1420/src/services/brainClient.ts:198:10)
    at refresh (http://localhost:1420/src/views/HomeFloatNotes.vue?t=1788078159546:51:30)
    at http://localhost:1420/src/views/HomeFloatNotes.vue?t=1788078159546:59:14
[ 2792914ms] TypeError: Cannot read properties of undefined (reading 'transformCallback')
    at transformCallback (http://localhost:1420/node_modules/.vite/deps/chunk-G7S6KQDI.js?v=318df923:22:37)
    at listen (http://localhost:1420/node_modules/.vite/deps/chunk-7FCLUC5I.js?v=318df923:39:14)
    at once (http://localhost:1420/node_modules/.vite/deps/chunk-7FCLUC5I.js?v=318df923:45:10)
    at http://localhost:1420/src/services/brainClient.ts:20:10
    at new Promise (<anonymous>)
    at onceWithTimeout (http://localhost:1420/src/services/brainClient.ts:19:16)
    at getWidgetsOnce (http://localhost:1420/src/services/brainClient.ts:198:10)
    at refresh (http://localhost:1420/src/views/HomeFloatNotes.vue?t=1788078159546:51:30)
    at http://localhost:1420/src/views/HomeFloatNotes.vue?t=1788078159546:59:14
[ 2801914ms] TypeError: Cannot read properties of undefined (reading 'transformCallback')
    at transformCallback (http://localhost:1420/node_modules/.vite/deps/chunk-G7S6KQDI.js?v=318df923:22:37)
    at listen (http://localhost:1420/node_modules/.vite/deps/chunk-7FCLUC5I.js?v=318df923:39:14)
    at onBrainEvent (http://localhost:1420/src/services/brainClient.ts:299:10)
    at http://localhost:1420/src/lib/home/home-panel-run.ts:12:12
    at new Promise (<anonymous>)
    at runPanelAction (http://localhost:1420/src/lib/home/home-panel-run.ts:6:18)
    at refresh (http://localhost:1420/src/views/HomeMaterialsStat.vue?t=1788078978195:14:30)
[ 2804913ms] TypeError: Cannot read properties of undefined (reading 'transformCallback')
    at transformCallback (http://localhost:1420/node_modules/.vite/deps/chunk-G7S6KQDI.js?v=318df923:22:37)
    at listen (http://localhost:1420/node_modules/.vite/deps/chunk-7FCLUC5I.js?v=318df923:39:14)
    at once (http://localhost:1420/node_modules/.vite/deps/chunk-7FCLUC5I.js?v=318df923:45:10)
    at http://localhost:1420/src/services/brainClient.ts:20:10
    at new Promise (<anonymous>)
    at onceWithTimeout (http://localhost:1420/src/services/brainClient.ts:19:16)
    at getWidgetsOnce (http://localhost:1420/src/services/brainClient.ts:198:10)
    at refresh (http://localhost:1420/src/views/HomeFloatNotes.vue?t=1788078159546:51:30)
    at http://localhost:1420/src/views/HomeFloatNotes.vue?t=1788078159546:59:14
[ 2816916ms] TypeError: Cannot read properties of undefined (reading 'transformCallback')
    at transformCallback (http://localhost:1420/node_modules/.vite/deps/chunk-G7S6KQDI.js?v=318df923:22:37)
    at listen (http://localhost:1420/node_modules/.vite/deps/chunk-7FCLUC5I.js?v=318df923:39:14)
    at once (http://localhost:1420/node_modules/.vite/deps/chunk-7FCLUC5I.js?v=318df923:45:10)
    at http://localhost:1420/src/services/brainClient.ts:20:10
    at new Promise (<anonymous>)
    at onceWithTimeout (http://localhost:1420/src/services/brainClient.ts:19:16)
    at getWidgetsOnce (http://localhost:1420/src/services/brainClient.ts:198:10)
    at refresh (http://localhost:1420/src/views/HomeFloatNotes.vue?t=1788078159546:51:30)
    at http://localhost:1420/src/views/HomeFloatNotes.vue?t=1788078159546:59:14
[ 2828915ms] TypeError: Cannot read properties of undefined (reading 'transformCallback')
    at transformCallback (http://localhost:1420/node_modules/.vite/deps/chunk-G7S6KQDI.js?v=318df923:22:37)
    at listen (http://localhost:1420/node_modules/.vite/deps/chunk-7FCLUC5I.js?v=318df923:39:14)
    at once (http://localhost:1420/node_modules/.vite/deps/chunk-7FCLUC5I.js?v=318df923:45:10)
    at http://localhost:1420/src/services/brainClient.ts:20:10
    at new Promise (<anonymous>)
    at onceWithTimeout (http://localhost:1420/src/services/brainClient.ts:19:16)
    at getWidgetsOnce (http://localhost:1420/src/services/brainClient.ts:198:10)
    at refresh (http://localhost:1420/src/views/HomeFloatNotes.vue?t=1788078159546:51:30)
    at http://localhost:1420/src/views/HomeFloatNotes.vue?t=1788078159546:59:14
[ 2840915ms] TypeError: Cannot read properties of undefined (reading 'transformCallback')
    at transformCallback (http://localhost:1420/node_modules/.vite/deps/chunk-G7S6KQDI.js?v=318df923:22:37)
    at listen (http://localhost:1420/node_modules/.vite/deps/chunk-7FCLUC5I.js?v=318df923:39:14)
    at once (http://localhost:1420/node_modules/.vite/deps/chunk-7FCLUC5I.js?v=318df923:45:10)
    at http://localhost:1420/src/services/brainClient.ts:20:10
    at new Promise (<anonymous>)
    at onceWithTimeout (http://localhost:1420/src/services/brainClient.ts:19:16)
    at getWidgetsOnce (http://localhost:1420/src/services/brainClient.ts:198:10)
    at refresh (http://localhost:1420/src/views/HomeFloatNotes.vue?t=1788078159546:51:30)
    at http://localhost:1420/src/views/HomeFloatNotes.vue?t=1788078159546:59:14
[ 2852914ms] TypeError: Cannot read properties of undefined (reading 'transformCallback')
    at transformCallback (http://localhost:1420/node_modules/.vite/deps/chunk-G7S6KQDI.js?v=318df923:22:37)
    at listen (http://localhost:1420/node_modules/.vite/deps/chunk-7FCLUC5I.js?v=318df923:39:14)
    at once (http://localhost:1420/node_modules/.vite/deps/chunk-7FCLUC5I.js?v=318df923:45:10)
    at http://localhost:1420/src/services/brainClient.ts:20:10
    at new Promise (<anonymous>)
    at onceWithTimeout (http://localhost:1420/src/services/brainClient.ts:19:16)
    at getWidgetsOnce (http://localhost:1420/src/services/brainClient.ts:198:10)
    at refresh (http://localhost:1420/src/views/HomeFloatNotes.vue?t=1788078159546:51:30)
    at http://localhost:1420/src/views/HomeFloatNotes.vue?t=1788078159546:59:14
[ 2861916ms] TypeError: Cannot read properties of undefined (reading 'transformCallback')
    at transformCallback (http://localhost:1420/node_modules/.vite/deps/chunk-G7S6KQDI.js?v=318df923:22:37)
    at listen (http://localhost:1420/node_modules/.vite/deps/chunk-7FCLUC5I.js?v=318df923:39:14)
    at onBrainEvent (http://localhost:1420/src/services/brainClient.ts:299:10)
    at http://localhost:1420/src/lib/home/home-panel-run.ts:12:12
    at new Promise (<anonymous>)
    at runPanelAction (http://localhost:1420/src/lib/home/home-panel-run.ts:6:18)
    at refresh (http://localhost:1420/src/views/HomeMaterialsStat.vue?t=1788078978195:14:30)
[ 2864915ms] TypeError: Cannot read properties of undefined (reading 'transformCallback')
    at transformCallback (http://localhost:1420/node_modules/.vite/deps/chunk-G7S6KQDI.js?v=318df923:22:37)
    at listen (http://localhost:1420/node_modules/.vite/deps/chunk-7FCLUC5I.js?v=318df923:39:14)
    at once (http://localhost:1420/node_modules/.vite/deps/chunk-7FCLUC5I.js?v=318df923:45:10)
    at http://localhost:1420/src/services/brainClient.ts:20:10
    at new Promise (<anonymous>)
    at onceWithTimeout (http://localhost:1420/src/services/brainClient.ts:19:16)
    at getWidgetsOnce (http://localhost:1420/src/services/brainClient.ts:198:10)
    at refresh (http://localhost:1420/src/views/HomeFloatNotes.vue?t=1788078159546:51:30)
    at http://localhost:1420/src/views/HomeFloatNotes.vue?t=1788078159546:59:14
[ 2876915ms] TypeError: Cannot read properties of undefined (reading 'transformCallback')
    at transformCallback (http://localhost:1420/node_modules/.vite/deps/chunk-G7S6KQDI.js?v=318df923:22:37)
    at listen (http://localhost:1420/node_modules/.vite/deps/chunk-7FCLUC5I.js?v=318df923:39:14)
    at once (http://localhost:1420/node_modules/.vite/deps/chunk-7FCLUC5I.js?v=318df923:45:10)
    at http://localhost:1420/src/services/brainClient.ts:20:10
    at new Promise (<anonymous>)
    at onceWithTimeout (http://localhost:1420/src/services/brainClient.ts:19:16)
    at getWidgetsOnce (http://localhost:1420/src/services/brainClient.ts:198:10)
    at refresh (http://localhost:1420/src/views/HomeFloatNotes.vue?t=1788078159546:51:30)
    at http://localhost:1420/src/views/HomeFloatNotes.vue?t=1788078159546:59:14
[ 2888915ms] TypeError: Cannot read properties of undefined (reading 'transformCallback')
    at transformCallback (http://localhost:1420/node_modules/.vite/deps/chunk-G7S6KQDI.js?v=318df923:22:37)
    at listen (http://localhost:1420/node_modules/.vite/deps/chunk-7FCLUC5I.js?v=318df923:39:14)
    at once (http://localhost:1420/node_modules/.vite/deps/chunk-7FCLUC5I.js?v=318df923:45:10)
    at http://localhost:1420/src/services/brainClient.ts:20:10
    at new Promise (<anonymous>)
    at onceWithTimeout (http://localhost:1420/src/services/brainClient.ts:19:16)
    at getWidgetsOnce (http://localhost:1420/src/services/brainClient.ts:198:10)
    at refresh (http://localhost:1420/src/views/HomeFloatNotes.vue?t=1788078159546:51:30)
    at http://localhost:1420/src/views/HomeFloatNotes.vue?t=1788078159546:59:14
[ 2900916ms] TypeError: Cannot read properties of undefined (reading 'transformCallback')
    at transformCallback (http://localhost:1420/node_modules/.vite/deps/chunk-G7S6KQDI.js?v=318df923:22:37)
    at listen (http://localhost:1420/node_modules/.vite/deps/chunk-7FCLUC5I.js?v=318df923:39:14)
    at once (http://localhost:1420/node_modules/.vite/deps/chunk-7FCLUC5I.js?v=318df923:45:10)
    at http://localhost:1420/src/services/brainClient.ts:20:10
    at new Promise (<anonymous>)
    at onceWithTimeout (http://localhost:1420/src/services/brainClient.ts:19:16)
    at getWidgetsOnce (http://localhost:1420/src/services/brainClient.ts:198:10)
    at refresh (http://localhost:1420/src/views/HomeFloatNotes.vue?t=1788078159546:51:30)
    at http://localhost:1420/src/views/HomeFloatNotes.vue?t=1788078159546:59:14
[ 2912916ms] TypeError: Cannot read properties of undefined (reading 'transformCallback')
    at transformCallback (http://localhost:1420/node_modules/.vite/deps/chunk-G7S6KQDI.js?v=318df923:22:37)
    at listen (http://localhost:1420/node_modules/.vite/deps/chunk-7FCLUC5I.js?v=318df923:39:14)
    at once (http://localhost:1420/node_modules/.vite/deps/chunk-7FCLUC5I.js?v=318df923:45:10)
    at http://localhost:1420/src/services/brainClient.ts:20:10
    at new Promise (<anonymous>)
    at onceWithTimeout (http://localhost:1420/src/services/brainClient.ts:19:16)
    at getWidgetsOnce (http://localhost:1420/src/services/brainClient.ts:198:10)
    at refresh (http://localhost:1420/src/views/HomeFloatNotes.vue?t=1788078159546:51:30)
    at http://localhost:1420/src/views/HomeFloatNotes.vue?t=1788078159546:59:14
[ 2921916ms] TypeError: Cannot read properties of undefined (reading 'transformCallback')
    at transformCallback (http://localhost:1420/node_modules/.vite/deps/chunk-G7S6KQDI.js?v=318df923:22:37)
    at listen (http://localhost:1420/node_modules/.vite/deps/chunk-7FCLUC5I.js?v=318df923:39:14)
    at onBrainEvent (http://localhost:1420/src/services/brainClient.ts:299:10)
    at http://localhost:1420/src/lib/home/home-panel-run.ts:12:12
    at new Promise (<anonymous>)
    at runPanelAction (http://localhost:1420/src/lib/home/home-panel-run.ts:6:18)
    at refresh (http://localhost:1420/src/views/HomeMaterialsStat.vue?t=1788078978195:14:30)
[ 2924915ms] TypeError: Cannot read properties of undefined (reading 'transformCallback')
    at transformCallback (http://localhost:1420/node_modules/.vite/deps/chunk-G7S6KQDI.js?v=318df923:22:37)
    at listen (http://localhost:1420/node_modules/.vite/deps/chunk-7FCLUC5I.js?v=318df923:39:14)
    at once (http://localhost:1420/node_modules/.vite/deps/chunk-7FCLUC5I.js?v=318df923:45:10)
    at http://localhost:1420/src/services/brainClient.ts:20:10
    at new Promise (<anonymous>)
    at onceWithTimeout (http://localhost:1420/src/services/brainClient.ts:19:16)
    at getWidgetsOnce (http://localhost:1420/src/services/brainClient.ts:198:10)
    at refresh (http://localhost:1420/src/views/HomeFloatNotes.vue?t=1788078159546:51:30)
    at http://localhost:1420/src/views/HomeFloatNotes.vue?t=1788078159546:59:14
[ 2936915ms] TypeError: Cannot read properties of undefined (reading 'transformCallback')
    at transformCallback (http://localhost:1420/node_modules/.vite/deps/chunk-G7S6KQDI.js?v=318df923:22:37)
    at listen (http://localhost:1420/node_modules/.vite/deps/chunk-7FCLUC5I.js?v=318df923:39:14)
    at once (http://localhost:1420/node_modules/.vite/deps/chunk-7FCLUC5I.js?v=318df923:45:10)
    at http://localhost:1420/src/services/brainClient.ts:20:10
    at new Promise (<anonymous>)
    at onceWithTimeout (http://localhost:1420/src/services/brainClient.ts:19:16)
    at getWidgetsOnce (http://localhost:1420/src/services/brainClient.ts:198:10)
    at refresh (http://localhost:1420/src/views/HomeFloatNotes.vue?t=1788078159546:51:30)
    at http://localhost:1420/src/views/HomeFloatNotes.vue?t=1788078159546:59:14
[ 2948916ms] TypeError: Cannot read properties of undefined (reading 'transformCallback')
    at transformCallback (http://localhost:1420/node_modules/.vite/deps/chunk-G7S6KQDI.js?v=318df923:22:37)
    at listen (http://localhost:1420/node_modules/.vite/deps/chunk-7FCLUC5I.js?v=318df923:39:14)
    at once (http://localhost:1420/node_modules/.vite/deps/chunk-7FCLUC5I.js?v=318df923:45:10)
    at http://localhost:1420/src/services/brainClient.ts:20:10
    at new Promise (<anonymous>)
    at onceWithTimeout (http://localhost:1420/src/services/brainClient.ts:19:16)
    at getWidgetsOnce (http://localhost:1420/src/services/brainClient.ts:198:10)
    at refresh (http://localhost:1420/src/views/HomeFloatNotes.vue?t=1788078159546:51:30)
    at http://localhost:1420/src/views/HomeFloatNotes.vue?t=1788078159546:59:14
[ 2960916ms] TypeError: Cannot read properties of undefined (reading 'transformCallback')
    at transformCallback (http://localhost:1420/node_modules/.vite/deps/chunk-G7S6KQDI.js?v=318df923:22:37)
    at listen (http://localhost:1420/node_modules/.vite/deps/chunk-7FCLUC5I.js?v=318df923:39:14)
    at once (http://localhost:1420/node_modules/.vite/deps/chunk-7FCLUC5I.js?v=318df923:45:10)
    at http://localhost:1420/src/services/brainClient.ts:20:10
    at new Promise (<anonymous>)
    at onceWithTimeout (http://localhost:1420/src/services/brainClient.ts:19:16)
    at getWidgetsOnce (http://localhost:1420/src/services/brainClient.ts:198:10)
    at refresh (http://localhost:1420/src/views/HomeFloatNotes.vue?t=1788078159546:51:30)
    at http://localhost:1420/src/views/HomeFloatNotes.vue?t=1788078159546:59:14
[ 2972917ms] TypeError: Cannot read properties of undefined (reading 'transformCallback')
    at transformCallback (http://localhost:1420/node_modules/.vite/deps/chunk-G7S6KQDI.js?v=318df923:22:37)
    at listen (http://localhost:1420/node_modules/.vite/deps/chunk-7FCLUC5I.js?v=318df923:39:14)
    at once (http://localhost:1420/node_modules/.vite/deps/chunk-7FCLUC5I.js?v=318df923:45:10)
    at http://localhost:1420/src/services/brainClient.ts:20:10
    at new Promise (<anonymous>)
    at onceWithTimeout (http://localhost:1420/src/services/brainClient.ts:19:16)
    at getWidgetsOnce (http://localhost:1420/src/services/brainClient.ts:198:10)
    at refresh (http://localhost:1420/src/views/HomeFloatNotes.vue?t=1788078159546:51:30)
    at http://localhost:1420/src/views/HomeFloatNotes.vue?t=1788078159546:59:14
[ 2981916ms] TypeError: Cannot read properties of undefined (reading 'transformCallback')
    at transformCallback (http://localhost:1420/node_modules/.vite/deps/chunk-G7S6KQDI.js?v=318df923:22:37)
    at listen (http://localhost:1420/node_modules/.vite/deps/chunk-7FCLUC5I.js?v=318df923:39:14)
    at onBrainEvent (http://localhost:1420/src/services/brainClient.ts:299:10)
    at http://localhost:1420/src/lib/home/home-panel-run.ts:12:12
    at new Promise (<anonymous>)
    at runPanelAction (http://localhost:1420/src/lib/home/home-panel-run.ts:6:18)
    at refresh (http://localhost:1420/src/views/HomeMaterialsStat.vue?t=1788078978195:14:30)
[ 2984917ms] TypeError: Cannot read properties of undefined (reading 'transformCallback')
    at transformCallback (http://localhost:1420/node_modules/.vite/deps/chunk-G7S6KQDI.js?v=318df923:22:37)
    at listen (http://localhost:1420/node_modules/.vite/deps/chunk-7FCLUC5I.js?v=318df923:39:14)
    at once (http://localhost:1420/node_modules/.vite/deps/chunk-7FCLUC5I.js?v=318df923:45:10)
    at http://localhost:1420/src/services/brainClient.ts:20:10
    at new Promise (<anonymous>)
    at onceWithTimeout (http://localhost:1420/src/services/brainClient.ts:19:16)
    at getWidgetsOnce (http://localhost:1420/src/services/brainClient.ts:198:10)
    at refresh (http://localhost:1420/src/views/HomeFloatNotes.vue?t=1788078159546:51:30)
    at http://localhost:1420/src/views/HomeFloatNotes.vue?t=1788078159546:59:14
[ 2996916ms] TypeError: Cannot read properties of undefined (reading 'transformCallback')
    at transformCallback (http://localhost:1420/node_modules/.vite/deps/chunk-G7S6KQDI.js?v=318df923:22:37)
    at listen (http://localhost:1420/node_modules/.vite/deps/chunk-7FCLUC5I.js?v=318df923:39:14)
    at once (http://localhost:1420/node_modules/.vite/deps/chunk-7FCLUC5I.js?v=318df923:45:10)
    at http://localhost:1420/src/services/brainClient.ts:20:10
    at new Promise (<anonymous>)
    at onceWithTimeout (http://localhost:1420/src/services/brainClient.ts:19:16)
    at getWidgetsOnce (http://localhost:1420/src/services/brainClient.ts:198:10)
    at refresh (http://localhost:1420/src/views/HomeFloatNotes.vue?t=1788078159546:51:30)
    at http://localhost:1420/src/views/HomeFloatNotes.vue?t=1788078159546:59:14
[ 3008916ms] TypeError: Cannot read properties of undefined (reading 'transformCallback')
    at transformCallback (http://localhost:1420/node_modules/.vite/deps/chunk-G7S6KQDI.js?v=318df923:22:37)
    at listen (http://localhost:1420/node_modules/.vite/deps/chunk-7FCLUC5I.js?v=318df923:39:14)
    at once (http://localhost:1420/node_modules/.vite/deps/chunk-7FCLUC5I.js?v=318df923:45:10)
    at http://localhost:1420/src/services/brainClient.ts:20:10
    at new Promise (<anonymous>)
    at onceWithTimeout (http://localhost:1420/src/services/brainClient.ts:19:16)
    at getWidgetsOnce (http://localhost:1420/src/services/brainClient.ts:198:10)
    at refresh (http://localhost:1420/src/views/HomeFloatNotes.vue?t=1788078159546:51:30)
    at http://localhost:1420/src/views/HomeFloatNotes.vue?t=1788078159546:59:14
[ 3020916ms] TypeError: Cannot read properties of undefined (reading 'transformCallback')
    at transformCallback (http://localhost:1420/node_modules/.vite/deps/chunk-G7S6KQDI.js?v=318df923:22:37)
    at listen (http://localhost:1420/node_modules/.vite/deps/chunk-7FCLUC5I.js?v=318df923:39:14)
    at once (http://localhost:1420/node_modules/.vite/deps/chunk-7FCLUC5I.js?v=318df923:45:10)
    at http://localhost:1420/src/services/brainClient.ts:20:10
    at new Promise (<anonymous>)
    at onceWithTimeout (http://localhost:1420/src/services/brainClient.ts:19:16)
    at getWidgetsOnce (http://localhost:1420/src/services/brainClient.ts:198:10)
    at refresh (http://localhost:1420/src/views/HomeFloatNotes.vue?t=1788078159546:51:30)
    at http://localhost:1420/src/views/HomeFloatNotes.vue?t=1788078159546:59:14
[ 3032917ms] TypeError: Cannot read properties of undefined (reading 'transformCallback')
    at transformCallback (http://localhost:1420/node_modules/.vite/deps/chunk-G7S6KQDI.js?v=318df923:22:37)
    at listen (http://localhost:1420/node_modules/.vite/deps/chunk-7FCLUC5I.js?v=318df923:39:14)
    at once (http://localhost:1420/node_modules/.vite/deps/chunk-7FCLUC5I.js?v=318df923:45:10)
    at http://localhost:1420/src/services/brainClient.ts:20:10
    at new Promise (<anonymous>)
    at onceWithTimeout (http://localhost:1420/src/services/brainClient.ts:19:16)
    at getWidgetsOnce (http://localhost:1420/src/services/brainClient.ts:198:10)
    at refresh (http://localhost:1420/src/views/HomeFloatNotes.vue?t=1788078159546:51:30)
    at http://localhost:1420/src/views/HomeFloatNotes.vue?t=1788078159546:59:14
[ 3041917ms] TypeError: Cannot read properties of undefined (reading 'transformCallback')
    at transformCallback (http://localhost:1420/node_modules/.vite/deps/chunk-G7S6KQDI.js?v=318df923:22:37)
    at listen (http://localhost:1420/node_modules/.vite/deps/chunk-7FCLUC5I.js?v=318df923:39:14)
    at onBrainEvent (http://localhost:1420/src/services/brainClient.ts:299:10)
    at http://localhost:1420/src/lib/home/home-panel-run.ts:12:12
    at new Promise (<anonymous>)
    at runPanelAction (http://localhost:1420/src/lib/home/home-panel-run.ts:6:18)
    at refresh (http://localhost:1420/src/views/HomeMaterialsStat.vue?t=1788078978195:14:30)
[ 3044916ms] TypeError: Cannot read properties of undefined (reading 'transformCallback')
    at transformCallback (http://localhost:1420/node_modules/.vite/deps/chunk-G7S6KQDI.js?v=318df923:22:37)
    at listen (http://localhost:1420/node_modules/.vite/deps/chunk-7FCLUC5I.js?v=318df923:39:14)
    at once (http://localhost:1420/node_modules/.vite/deps/chunk-7FCLUC5I.js?v=318df923:45:10)
    at http://localhost:1420/src/services/brainClient.ts:20:10
    at new Promise (<anonymous>)
    at onceWithTimeout (http://localhost:1420/src/services/brainClient.ts:19:16)
    at getWidgetsOnce (http://localhost:1420/src/services/brainClient.ts:198:10)
    at refresh (http://localhost:1420/src/views/HomeFloatNotes.vue?t=1788078159546:51:30)
    at http://localhost:1420/src/views/HomeFloatNotes.vue?t=1788078159546:59:14
[ 3056916ms] TypeError: Cannot read properties of undefined (reading 'transformCallback')
    at transformCallback (http://localhost:1420/node_modules/.vite/deps/chunk-G7S6KQDI.js?v=318df923:22:37)
    at listen (http://localhost:1420/node_modules/.vite/deps/chunk-7FCLUC5I.js?v=318df923:39:14)
    at once (http://localhost:1420/node_modules/.vite/deps/chunk-7FCLUC5I.js?v=318df923:45:10)
    at http://localhost:1420/src/services/brainClient.ts:20:10
    at new Promise (<anonymous>)
    at onceWithTimeout (http://localhost:1420/src/services/brainClient.ts:19:16)
    at getWidgetsOnce (http://localhost:1420/src/services/brainClient.ts:198:10)
    at refresh (http://localhost:1420/src/views/HomeFloatNotes.vue?t=1788078159546:51:30)
    at http://localhost:1420/src/views/HomeFloatNotes.vue?t=1788078159546:59:14
[ 3068916ms] TypeError: Cannot read properties of undefined (reading 'transformCallback')
    at transformCallback (http://localhost:1420/node_modules/.vite/deps/chunk-G7S6KQDI.js?v=318df923:22:37)
    at listen (http://localhost:1420/node_modules/.vite/deps/chunk-7FCLUC5I.js?v=318df923:39:14)
    at once (http://localhost:1420/node_modules/.vite/deps/chunk-7FCLUC5I.js?v=318df923:45:10)
    at http://localhost:1420/src/services/brainClient.ts:20:10
    at new Promise (<anonymous>)
    at onceWithTimeout (http://localhost:1420/src/services/brainClient.ts:19:16)
    at getWidgetsOnce (http://localhost:1420/src/services/brainClient.ts:198:10)
    at refresh (http://localhost:1420/src/views/HomeFloatNotes.vue?t=1788078159546:51:30)
    at http://localhost:1420/src/views/HomeFloatNotes.vue?t=1788078159546:59:14
[ 3080917ms] TypeError: Cannot read properties of undefined (reading 'transformCallback')
    at transformCallback (http://localhost:1420/node_modules/.vite/deps/chunk-G7S6KQDI.js?v=318df923:22:37)
    at listen (http://localhost:1420/node_modules/.vite/deps/chunk-7FCLUC5I.js?v=318df923:39:14)
    at once (http://localhost:1420/node_modules/.vite/deps/chunk-7FCLUC5I.js?v=318df923:45:10)
    at http://localhost:1420/src/services/brainClient.ts:20:10
    at new Promise (<anonymous>)
    at onceWithTimeout (http://localhost:1420/src/services/brainClient.ts:19:16)
    at getWidgetsOnce (http://localhost:1420/src/services/brainClient.ts:198:10)
    at refresh (http://localhost:1420/src/views/HomeFloatNotes.vue?t=1788078159546:51:30)
    at http://localhost:1420/src/views/HomeFloatNotes.vue?t=1788078159546:59:14
[ 3092917ms] TypeError: Cannot read properties of undefined (reading 'transformCallback')
    at transformCallback (http://localhost:1420/node_modules/.vite/deps/chunk-G7S6KQDI.js?v=318df923:22:37)
    at listen (http://localhost:1420/node_modules/.vite/deps/chunk-7FCLUC5I.js?v=318df923:39:14)
    at once (http://localhost:1420/node_modules/.vite/deps/chunk-7FCLUC5I.js?v=318df923:45:10)
    at http://localhost:1420/src/services/brainClient.ts:20:10
    at new Promise (<anonymous>)
    at onceWithTimeout (http://localhost:1420/src/services/brainClient.ts:19:16)
    at getWidgetsOnce (http://localhost:1420/src/services/brainClient.ts:198:10)
    at refresh (http://localhost:1420/src/views/HomeFloatNotes.vue?t=1788078159546:51:30)
    at http://localhost:1420/src/views/HomeFloatNotes.vue?t=1788078159546:59:14
[ 3101915ms] TypeError: Cannot read properties of undefined (reading 'transformCallback')
    at transformCallback (http://localhost:1420/node_modules/.vite/deps/chunk-G7S6KQDI.js?v=318df923:22:37)
    at listen (http://localhost:1420/node_modules/.vite/deps/chunk-7FCLUC5I.js?v=318df923:39:14)
    at onBrainEvent (http://localhost:1420/src/services/brainClient.ts:299:10)
    at http://localhost:1420/src/lib/home/home-panel-run.ts:12:12
    at new Promise (<anonymous>)
    at runPanelAction (http://localhost:1420/src/lib/home/home-panel-run.ts:6:18)
    at refresh (http://localhost:1420/src/views/HomeMaterialsStat.vue?t=1788078978195:14:30)
[ 3104917ms] TypeError: Cannot read properties of undefined (reading 'transformCallback')
    at transformCallback (http://localhost:1420/node_modules/.vite/deps/chunk-G7S6KQDI.js?v=318df923:22:37)
    at listen (http://localhost:1420/node_modules/.vite/deps/chunk-7FCLUC5I.js?v=318df923:39:14)
    at once (http://localhost:1420/node_modules/.vite/deps/chunk-7FCLUC5I.js?v=318df923:45:10)
    at http://localhost:1420/src/services/brainClient.ts:20:10
    at new Promise (<anonymous>)
    at onceWithTimeout (http://localhost:1420/src/services/brainClient.ts:19:16)
    at getWidgetsOnce (http://localhost:1420/src/services/brainClient.ts:198:10)
    at refresh (http://localhost:1420/src/views/HomeFloatNotes.vue?t=1788078159546:51:30)
    at http://localhost:1420/src/views/HomeFloatNotes.vue?t=1788078159546:59:14
[ 3116917ms] TypeError: Cannot read properties of undefined (reading 'transformCallback')
    at transformCallback (http://localhost:1420/node_modules/.vite/deps/chunk-G7S6KQDI.js?v=318df923:22:37)
    at listen (http://localhost:1420/node_modules/.vite/deps/chunk-7FCLUC5I.js?v=318df923:39:14)
    at once (http://localhost:1420/node_modules/.vite/deps/chunk-7FCLUC5I.js?v=318df923:45:10)
    at http://localhost:1420/src/services/brainClient.ts:20:10
    at new Promise (<anonymous>)
    at onceWithTimeout (http://localhost:1420/src/services/brainClient.ts:19:16)
    at getWidgetsOnce (http://localhost:1420/src/services/brainClient.ts:198:10)
    at refresh (http://localhost:1420/src/views/HomeFloatNotes.vue?t=1788078159546:51:30)
    at http://localhost:1420/src/views/HomeFloatNotes.vue?t=1788078159546:59:14
[ 3128916ms] TypeError: Cannot read properties of undefined (reading 'transformCallback')
    at transformCallback (http://localhost:1420/node_modules/.vite/deps/chunk-G7S6KQDI.js?v=318df923:22:37)
    at listen (http://localhost:1420/node_modules/.vite/deps/chunk-7FCLUC5I.js?v=318df923:39:14)
    at once (http://localhost:1420/node_modules/.vite/deps/chunk-7FCLUC5I.js?v=318df923:45:10)
    at http://localhost:1420/src/services/brainClient.ts:20:10
    at new Promise (<anonymous>)
    at onceWithTimeout (http://localhost:1420/src/services/brainClient.ts:19:16)
    at getWidgetsOnce (http://localhost:1420/src/services/brainClient.ts:198:10)
    at refresh (http://localhost:1420/src/views/HomeFloatNotes.vue?t=1788078159546:51:30)
    at http://localhost:1420/src/views/HomeFloatNotes.vue?t=1788078159546:59:14
[ 3140917ms] TypeError: Cannot read properties of undefined (reading 'transformCallback')
    at transformCallback (http://localhost:1420/node_modules/.vite/deps/chunk-G7S6KQDI.js?v=318df923:22:37)
    at listen (http://localhost:1420/node_modules/.vite/deps/chunk-7FCLUC5I.js?v=318df923:39:14)
    at once (http://localhost:1420/node_modules/.vite/deps/chunk-7FCLUC5I.js?v=318df923:45:10)
    at http://localhost:1420/src/services/brainClient.ts:20:10
    at new Promise (<anonymous>)
    at onceWithTimeout (http://localhost:1420/src/services/brainClient.ts:19:16)
    at getWidgetsOnce (http://localhost:1420/src/services/brainClient.ts:198:10)
    at refresh (http://localhost:1420/src/views/HomeFloatNotes.vue?t=1788078159546:51:30)
    at http://localhost:1420/src/views/HomeFloatNotes.vue?t=1788078159546:59:14
[ 3152917ms] TypeError: Cannot read properties of undefined (reading 'transformCallback')
    at transformCallback (http://localhost:1420/node_modules/.vite/deps/chunk-G7S6KQDI.js?v=318df923:22:37)
    at listen (http://localhost:1420/node_modules/.vite/deps/chunk-7FCLUC5I.js?v=318df923:39:14)
    at once (http://localhost:1420/node_modules/.vite/deps/chunk-7FCLUC5I.js?v=318df923:45:10)
    at http://localhost:1420/src/services/brainClient.ts:20:10
    at new Promise (<anonymous>)
    at onceWithTimeout (http://localhost:1420/src/services/brainClient.ts:19:16)
    at getWidgetsOnce (http://localhost:1420/src/services/brainClient.ts:198:10)
    at refresh (http://localhost:1420/src/views/HomeFloatNotes.vue?t=1788078159546:51:30)
    at http://localhost:1420/src/views/HomeFloatNotes.vue?t=1788078159546:59:14
[ 3161917ms] TypeError: Cannot read properties of undefined (reading 'transformCallback')
    at transformCallback (http://localhost:1420/node_modules/.vite/deps/chunk-G7S6KQDI.js?v=318df923:22:37)
    at listen (http://localhost:1420/node_modules/.vite/deps/chunk-7FCLUC5I.js?v=318df923:39:14)
    at onBrainEvent (http://localhost:1420/src/services/brainClient.ts:299:10)
    at http://localhost:1420/src/lib/home/home-panel-run.ts:12:12
    at new Promise (<anonymous>)
    at runPanelAction (http://localhost:1420/src/lib/home/home-panel-run.ts:6:18)
    at refresh (http://localhost:1420/src/views/HomeMaterialsStat.vue?t=1788078978195:14:30)
[ 3164915ms] TypeError: Cannot read properties of undefined (reading 'transformCallback')
    at transformCallback (http://localhost:1420/node_modules/.vite/deps/chunk-G7S6KQDI.js?v=318df923:22:37)
    at listen (http://localhost:1420/node_modules/.vite/deps/chunk-7FCLUC5I.js?v=318df923:39:14)
    at once (http://localhost:1420/node_modules/.vite/deps/chunk-7FCLUC5I.js?v=318df923:45:10)
    at http://localhost:1420/src/services/brainClient.ts:20:10
    at new Promise (<anonymous>)
    at onceWithTimeout (http://localhost:1420/src/services/brainClient.ts:19:16)
    at getWidgetsOnce (http://localhost:1420/src/services/brainClient.ts:198:10)
    at refresh (http://localhost:1420/src/views/HomeFloatNotes.vue?t=1788078159546:51:30)
    at http://localhost:1420/src/views/HomeFloatNotes.vue?t=1788078159546:59:14
[ 3176917ms] TypeError: Cannot read properties of undefined (reading 'transformCallback')
    at transformCallback (http://localhost:1420/node_modules/.vite/deps/chunk-G7S6KQDI.js?v=318df923:22:37)
    at listen (http://localhost:1420/node_modules/.vite/deps/chunk-7FCLUC5I.js?v=318df923:39:14)
    at once (http://localhost:1420/node_modules/.vite/deps/chunk-7FCLUC5I.js?v=318df923:45:10)
    at http://localhost:1420/src/services/brainClient.ts:20:10
    at new Promise (<anonymous>)
    at onceWithTimeout (http://localhost:1420/src/services/brainClient.ts:19:16)
    at getWidgetsOnce (http://localhost:1420/src/services/brainClient.ts:198:10)
    at refresh (http://localhost:1420/src/views/HomeFloatNotes.vue?t=1788078159546:51:30)
    at http://localhost:1420/src/views/HomeFloatNotes.vue?t=1788078159546:59:14
[ 3188915ms] TypeError: Cannot read properties of undefined (reading 'transformCallback')
    at transformCallback (http://localhost:1420/node_modules/.vite/deps/chunk-G7S6KQDI.js?v=318df923:22:37)
    at listen (http://localhost:1420/node_modules/.vite/deps/chunk-7FCLUC5I.js?v=318df923:39:14)
    at once (http://localhost:1420/node_modules/.vite/deps/chunk-7FCLUC5I.js?v=318df923:45:10)
    at http://localhost:1420/src/services/brainClient.ts:20:10
    at new Promise (<anonymous>)
    at onceWithTimeout (http://localhost:1420/src/services/brainClient.ts:19:16)
    at getWidgetsOnce (http://localhost:1420/src/services/brainClient.ts:198:10)
    at refresh (http://localhost:1420/src/views/HomeFloatNotes.vue?t=1788078159546:51:30)
    at http://localhost:1420/src/views/HomeFloatNotes.vue?t=1788078159546:59:14
[ 3200917ms] TypeError: Cannot read properties of undefined (reading 'transformCallback')
    at transformCallback (http://localhost:1420/node_modules/.vite/deps/chunk-G7S6KQDI.js?v=318df923:22:37)
    at listen (http://localhost:1420/node_modules/.vite/deps/chunk-7FCLUC5I.js?v=318df923:39:14)
    at once (http://localhost:1420/node_modules/.vite/deps/chunk-7FCLUC5I.js?v=318df923:45:10)
    at http://localhost:1420/src/services/brainClient.ts:20:10
    at new Promise (<anonymous>)
    at onceWithTimeout (http://localhost:1420/src/services/brainClient.ts:19:16)
    at getWidgetsOnce (http://localhost:1420/src/services/brainClient.ts:198:10)
    at refresh (http://localhost:1420/src/views/HomeFloatNotes.vue?t=1788078159546:51:30)
    at http://localhost:1420/src/views/HomeFloatNotes.vue?t=1788078159546:59:14
[ 3212915ms] TypeError: Cannot read properties of undefined (reading 'transformCallback')
    at transformCallback (http://localhost:1420/node_modules/.vite/deps/chunk-G7S6KQDI.js?v=318df923:22:37)
    at listen (http://localhost:1420/node_modules/.vite/deps/chunk-7FCLUC5I.js?v=318df923:39:14)
    at once (http://localhost:1420/node_modules/.vite/deps/chunk-7FCLUC5I.js?v=318df923:45:10)
    at http://localhost:1420/src/services/brainClient.ts:20:10
    at new Promise (<anonymous>)
    at onceWithTimeout (http://localhost:1420/src/services/brainClient.ts:19:16)
    at getWidgetsOnce (http://localhost:1420/src/services/brainClient.ts:198:10)
    at refresh (http://localhost:1420/src/views/HomeFloatNotes.vue?t=1788078159546:51:30)
    at http://localhost:1420/src/views/HomeFloatNotes.vue?t=1788078159546:59:14
[ 3221918ms] TypeError: Cannot read properties of undefined (reading 'transformCallback')
    at transformCallback (http://localhost:1420/node_modules/.vite/deps/chunk-G7S6KQDI.js?v=318df923:22:37)
    at listen (http://localhost:1420/node_modules/.vite/deps/chunk-7FCLUC5I.js?v=318df923:39:14)
    at onBrainEvent (http://localhost:1420/src/services/brainClient.ts:299:10)
    at http://localhost:1420/src/lib/home/home-panel-run.ts:12:12
    at new Promise (<anonymous>)
    at runPanelAction (http://localhost:1420/src/lib/home/home-panel-run.ts:6:18)
    at refresh (http://localhost:1420/src/views/HomeMaterialsStat.vue?t=1788078978195:14:30)
[ 3224918ms] TypeError: Cannot read properties of undefined (reading 'transformCallback')
    at transformCallback (http://localhost:1420/node_modules/.vite/deps/chunk-G7S6KQDI.js?v=318df923:22:37)
    at listen (http://localhost:1420/node_modules/.vite/deps/chunk-7FCLUC5I.js?v=318df923:39:14)
    at once (http://localhost:1420/node_modules/.vite/deps/chunk-7FCLUC5I.js?v=318df923:45:10)
    at http://localhost:1420/src/services/brainClient.ts:20:10
    at new Promise (<anonymous>)
    at onceWithTimeout (http://localhost:1420/src/services/brainClient.ts:19:16)
    at getWidgetsOnce (http://localhost:1420/src/services/brainClient.ts:198:10)
    at refresh (http://localhost:1420/src/views/HomeFloatNotes.vue?t=1788078159546:51:30)
    at http://localhost:1420/src/views/HomeFloatNotes.vue?t=1788078159546:59:14
[ 3236917ms] TypeError: Cannot read properties of undefined (reading 'transformCallback')
    at transformCallback (http://localhost:1420/node_modules/.vite/deps/chunk-G7S6KQDI.js?v=318df923:22:37)
    at listen (http://localhost:1420/node_modules/.vite/deps/chunk-7FCLUC5I.js?v=318df923:39:14)
    at once (http://localhost:1420/node_modules/.vite/deps/chunk-7FCLUC5I.js?v=318df923:45:10)
    at http://localhost:1420/src/services/brainClient.ts:20:10
    at new Promise (<anonymous>)
    at onceWithTimeout (http://localhost:1420/src/services/brainClient.ts:19:16)
    at getWidgetsOnce (http://localhost:1420/src/services/brainClient.ts:198:10)
    at refresh (http://localhost:1420/src/views/HomeFloatNotes.vue?t=1788078159546:51:30)
    at http://localhost:1420/src/views/HomeFloatNotes.vue?t=1788078159546:59:14
[ 3248917ms] TypeError: Cannot read properties of undefined (reading 'transformCallback')
    at transformCallback (http://localhost:1420/node_modules/.vite/deps/chunk-G7S6KQDI.js?v=318df923:22:37)
    at listen (http://localhost:1420/node_modules/.vite/deps/chunk-7FCLUC5I.js?v=318df923:39:14)
    at once (http://localhost:1420/node_modules/.vite/deps/chunk-7FCLUC5I.js?v=318df923:45:10)
    at http://localhost:1420/src/services/brainClient.ts:20:10
    at new Promise (<anonymous>)
    at onceWithTimeout (http://localhost:1420/src/services/brainClient.ts:19:16)
    at getWidgetsOnce (http://localhost:1420/src/services/brainClient.ts:198:10)
    at refresh (http://localhost:1420/src/views/HomeFloatNotes.vue?t=1788078159546:51:30)
    at http://localhost:1420/src/views/HomeFloatNotes.vue?t=1788078159546:59:14
[ 3260917ms] TypeError: Cannot read properties of undefined (reading 'transformCallback')
    at transformCallback (http://localhost:1420/node_modules/.vite/deps/chunk-G7S6KQDI.js?v=318df923:22:37)
    at listen (http://localhost:1420/node_modules/.vite/deps/chunk-7FCLUC5I.js?v=318df923:39:14)
    at once (http://localhost:1420/node_modules/.vite/deps/chunk-7FCLUC5I.js?v=318df923:45:10)
    at http://localhost:1420/src/services/brainClient.ts:20:10
    at new Promise (<anonymous>)
    at onceWithTimeout (http://localhost:1420/src/services/brainClient.ts:19:16)
    at getWidgetsOnce (http://localhost:1420/src/services/brainClient.ts:198:10)
    at refresh (http://localhost:1420/src/views/HomeFloatNotes.vue?t=1788078159546:51:30)
    at http://localhost:1420/src/views/HomeFloatNotes.vue?t=1788078159546:59:14
[ 3272920ms] TypeError: Cannot read properties of undefined (reading 'transformCallback')
    at transformCallback (http://localhost:1420/node_modules/.vite/deps/chunk-G7S6KQDI.js?v=318df923:22:37)
    at listen (http://localhost:1420/node_modules/.vite/deps/chunk-7FCLUC5I.js?v=318df923:39:14)
    at once (http://localhost:1420/node_modules/.vite/deps/chunk-7FCLUC5I.js?v=318df923:45:10)
    at http://localhost:1420/src/services/brainClient.ts:20:10
    at new Promise (<anonymous>)
    at onceWithTimeout (http://localhost:1420/src/services/brainClient.ts:19:16)
    at getWidgetsOnce (http://localhost:1420/src/services/brainClient.ts:198:10)
    at refresh (http://localhost:1420/src/views/HomeFloatNotes.vue?t=1788078159546:51:30)
    at http://localhost:1420/src/views/HomeFloatNotes.vue?t=1788078159546:59:14
[ 3281922ms] TypeError: Cannot read properties of undefined (reading 'transformCallback')
    at transformCallback (http://localhost:1420/node_modules/.vite/deps/chunk-G7S6KQDI.js?v=318df923:22:37)
    at listen (http://localhost:1420/node_modules/.vite/deps/chunk-7FCLUC5I.js?v=318df923:39:14)
    at onBrainEvent (http://localhost:1420/src/services/brainClient.ts:299:10)
    at http://localhost:1420/src/lib/home/home-panel-run.ts:12:12
    at new Promise (<anonymous>)
    at runPanelAction (http://localhost:1420/src/lib/home/home-panel-run.ts:6:18)
    at refresh (http://localhost:1420/src/views/HomeMaterialsStat.vue?t=1788078978195:14:30)
[ 3284917ms] TypeError: Cannot read properties of undefined (reading 'transformCallback')
    at transformCallback (http://localhost:1420/node_modules/.vite/deps/chunk-G7S6KQDI.js?v=318df923:22:37)
    at listen (http://localhost:1420/node_modules/.vite/deps/chunk-7FCLUC5I.js?v=318df923:39:14)
    at once (http://localhost:1420/node_modules/.vite/deps/chunk-7FCLUC5I.js?v=318df923:45:10)
    at http://localhost:1420/src/services/brainClient.ts:20:10
    at new Promise (<anonymous>)
    at onceWithTimeout (http://localhost:1420/src/services/brainClient.ts:19:16)
    at getWidgetsOnce (http://localhost:1420/src/services/brainClient.ts:198:10)
    at refresh (http://localhost:1420/src/views/HomeFloatNotes.vue?t=1788078159546:51:30)
    at http://localhost:1420/src/views/HomeFloatNotes.vue?t=1788078159546:59:14
[ 3296922ms] TypeError: Cannot read properties of undefined (reading 'transformCallback')
    at transformCallback (http://localhost:1420/node_modules/.vite/deps/chunk-G7S6KQDI.js?v=318df923:22:37)
    at listen (http://localhost:1420/node_modules/.vite/deps/chunk-7FCLUC5I.js?v=318df923:39:14)
    at once (http://localhost:1420/node_modules/.vite/deps/chunk-7FCLUC5I.js?v=318df923:45:10)
    at http://localhost:1420/src/services/brainClient.ts:20:10
    at new Promise (<anonymous>)
    at onceWithTimeout (http://localhost:1420/src/services/brainClient.ts:19:16)
    at getWidgetsOnce (http://localhost:1420/src/services/brainClient.ts:198:10)
    at refresh (http://localhost:1420/src/views/HomeFloatNotes.vue?t=1788078159546:51:30)
    at http://localhost:1420/src/views/HomeFloatNotes.vue?t=1788078159546:59:14
[ 3308920ms] TypeError: Cannot read properties of undefined (reading 'transformCallback')
    at transformCallback (http://localhost:1420/node_modules/.vite/deps/chunk-G7S6KQDI.js?v=318df923:22:37)
    at listen (http://localhost:1420/node_modules/.vite/deps/chunk-7FCLUC5I.js?v=318df923:39:14)
    at once (http://localhost:1420/node_modules/.vite/deps/chunk-7FCLUC5I.js?v=318df923:45:10)
    at http://localhost:1420/src/services/brainClient.ts:20:10
    at new Promise (<anonymous>)
    at onceWithTimeout (http://localhost:1420/src/services/brainClient.ts:19:16)
    at getWidgetsOnce (http://localhost:1420/src/services/brainClient.ts:198:10)
    at refresh (http://localhost:1420/src/views/HomeFloatNotes.vue?t=1788078159546:51:30)
    at http://localhost:1420/src/views/HomeFloatNotes.vue?t=1788078159546:59:14
[ 3320919ms] TypeError: Cannot read properties of undefined (reading 'transformCallback')
    at transformCallback (http://localhost:1420/node_modules/.vite/deps/chunk-G7S6KQDI.js?v=318df923:22:37)
    at listen (http://localhost:1420/node_modules/.vite/deps/chunk-7FCLUC5I.js?v=318df923:39:14)
    at once (http://localhost:1420/node_modules/.vite/deps/chunk-7FCLUC5I.js?v=318df923:45:10)
    at http://localhost:1420/src/services/brainClient.ts:20:10
    at new Promise (<anonymous>)
    at onceWithTimeout (http://localhost:1420/src/services/brainClient.ts:19:16)
    at getWidgetsOnce (http://localhost:1420/src/services/brainClient.ts:198:10)
    at refresh (http://localhost:1420/src/views/HomeFloatNotes.vue?t=1788078159546:51:30)
    at http://localhost:1420/src/views/HomeFloatNotes.vue?t=1788078159546:59:14
[ 3332919ms] TypeError: Cannot read properties of undefined (reading 'transformCallback')
    at transformCallback (http://localhost:1420/node_modules/.vite/deps/chunk-G7S6KQDI.js?v=318df923:22:37)
    at listen (http://localhost:1420/node_modules/.vite/deps/chunk-7FCLUC5I.js?v=318df923:39:14)
    at once (http://localhost:1420/node_modules/.vite/deps/chunk-7FCLUC5I.js?v=318df923:45:10)
    at http://localhost:1420/src/services/brainClient.ts:20:10
    at new Promise (<anonymous>)
    at onceWithTimeout (http://localhost:1420/src/services/brainClient.ts:19:16)
    at getWidgetsOnce (http://localhost:1420/src/services/brainClient.ts:198:10)
    at refresh (http://localhost:1420/src/views/HomeFloatNotes.vue?t=1788078159546:51:30)
    at http://localhost:1420/src/views/HomeFloatNotes.vue?t=1788078159546:59:14
[ 3341920ms] TypeError: Cannot read properties of undefined (reading 'transformCallback')
    at transformCallback (http://localhost:1420/node_modules/.vite/deps/chunk-G7S6KQDI.js?v=318df923:22:37)
    at listen (http://localhost:1420/node_modules/.vite/deps/chunk-7FCLUC5I.js?v=318df923:39:14)
    at onBrainEvent (http://localhost:1420/src/services/brainClient.ts:299:10)
    at http://localhost:1420/src/lib/home/home-panel-run.ts:12:12
    at new Promise (<anonymous>)
    at runPanelAction (http://localhost:1420/src/lib/home/home-panel-run.ts:6:18)
    at refresh (http://localhost:1420/src/views/HomeMaterialsStat.vue?t=1788078978195:14:30)
[ 3344921ms] TypeError: Cannot read properties of undefined (reading 'transformCallback')
    at transformCallback (http://localhost:1420/node_modules/.vite/deps/chunk-G7S6KQDI.js?v=318df923:22:37)
    at listen (http://localhost:1420/node_modules/.vite/deps/chunk-7FCLUC5I.js?v=318df923:39:14)
    at once (http://localhost:1420/node_modules/.vite/deps/chunk-7FCLUC5I.js?v=318df923:45:10)
    at http://localhost:1420/src/services/brainClient.ts:20:10
    at new Promise (<anonymous>)
    at onceWithTimeout (http://localhost:1420/src/services/brainClient.ts:19:16)
    at getWidgetsOnce (http://localhost:1420/src/services/brainClient.ts:198:10)
    at refresh (http://localhost:1420/src/views/HomeFloatNotes.vue?t=1788078159546:51:30)
    at http://localhost:1420/src/views/HomeFloatNotes.vue?t=1788078159546:59:14
[ 3356916ms] TypeError: Cannot read properties of undefined (reading 'transformCallback')
    at transformCallback (http://localhost:1420/node_modules/.vite/deps/chunk-G7S6KQDI.js?v=318df923:22:37)
    at listen (http://localhost:1420/node_modules/.vite/deps/chunk-7FCLUC5I.js?v=318df923:39:14)
    at once (http://localhost:1420/node_modules/.vite/deps/chunk-7FCLUC5I.js?v=318df923:45:10)
    at http://localhost:1420/src/services/brainClient.ts:20:10
    at new Promise (<anonymous>)
    at onceWithTimeout (http://localhost:1420/src/services/brainClient.ts:19:16)
    at getWidgetsOnce (http://localhost:1420/src/services/brainClient.ts:198:10)
    at refresh (http://localhost:1420/src/views/HomeFloatNotes.vue?t=1788078159546:51:30)
    at http://localhost:1420/src/views/HomeFloatNotes.vue?t=1788078159546:59:14
[ 3368919ms] TypeError: Cannot read properties of undefined (reading 'transformCallback')
    at transformCallback (http://localhost:1420/node_modules/.vite/deps/chunk-G7S6KQDI.js?v=318df923:22:37)
    at listen (http://localhost:1420/node_modules/.vite/deps/chunk-7FCLUC5I.js?v=318df923:39:14)
    at once (http://localhost:1420/node_modules/.vite/deps/chunk-7FCLUC5I.js?v=318df923:45:10)
    at http://localhost:1420/src/services/brainClient.ts:20:10
    at new Promise (<anonymous>)
    at onceWithTimeout (http://localhost:1420/src/services/brainClient.ts:19:16)
    at getWidgetsOnce (http://localhost:1420/src/services/brainClient.ts:198:10)
    at refresh (http://localhost:1420/src/views/HomeFloatNotes.vue?t=1788078159546:51:30)
    at http://localhost:1420/src/views/HomeFloatNotes.vue?t=1788078159546:59:14
[ 3380920ms] TypeError: Cannot read properties of undefined (reading 'transformCallback')
    at transformCallback (http://localhost:1420/node_modules/.vite/deps/chunk-G7S6KQDI.js?v=318df923:22:37)
    at listen (http://localhost:1420/node_modules/.vite/deps/chunk-7FCLUC5I.js?v=318df923:39:14)
    at once (http://localhost:1420/node_modules/.vite/deps/chunk-7FCLUC5I.js?v=318df923:45:10)
    at http://localhost:1420/src/services/brainClient.ts:20:10
    at new Promise (<anonymous>)
    at onceWithTimeout (http://localhost:1420/src/services/brainClient.ts:19:16)
    at getWidgetsOnce (http://localhost:1420/src/services/brainClient.ts:198:10)
    at refresh (http://localhost:1420/src/views/HomeFloatNotes.vue?t=1788078159546:51:30)
    at http://localhost:1420/src/views/HomeFloatNotes.vue?t=1788078159546:59:14
[ 3392920ms] TypeError: Cannot read properties of undefined (reading 'transformCallback')
    at transformCallback (http://localhost:1420/node_modules/.vite/deps/chunk-G7S6KQDI.js?v=318df923:22:37)
    at listen (http://localhost:1420/node_modules/.vite/deps/chunk-7FCLUC5I.js?v=318df923:39:14)
    at once (http://localhost:1420/node_modules/.vite/deps/chunk-7FCLUC5I.js?v=318df923:45:10)
    at http://localhost:1420/src/services/brainClient.ts:20:10
    at new Promise (<anonymous>)
    at onceWithTimeout (http://localhost:1420/src/services/brainClient.ts:19:16)
    at getWidgetsOnce (http://localhost:1420/src/services/brainClient.ts:198:10)
    at refresh (http://localhost:1420/src/views/HomeFloatNotes.vue?t=1788078159546:51:30)
    at http://localhost:1420/src/views/HomeFloatNotes.vue?t=1788078159546:59:14
[ 3401919ms] TypeError: Cannot read properties of undefined (reading 'transformCallback')
    at transformCallback (http://localhost:1420/node_modules/.vite/deps/chunk-G7S6KQDI.js?v=318df923:22:37)
    at listen (http://localhost:1420/node_modules/.vite/deps/chunk-7FCLUC5I.js?v=318df923:39:14)
    at onBrainEvent (http://localhost:1420/src/services/brainClient.ts:299:10)
    at http://localhost:1420/src/lib/home/home-panel-run.ts:12:12
    at new Promise (<anonymous>)
    at runPanelAction (http://localhost:1420/src/lib/home/home-panel-run.ts:6:18)
    at refresh (http://localhost:1420/src/views/HomeMaterialsStat.vue?t=1788078978195:14:30)
[ 3404920ms] TypeError: Cannot read properties of undefined (reading 'transformCallback')
    at transformCallback (http://localhost:1420/node_modules/.vite/deps/chunk-G7S6KQDI.js?v=318df923:22:37)
    at listen (http://localhost:1420/node_modules/.vite/deps/chunk-7FCLUC5I.js?v=318df923:39:14)
    at once (http://localhost:1420/node_modules/.vite/deps/chunk-7FCLUC5I.js?v=318df923:45:10)
    at http://localhost:1420/src/services/brainClient.ts:20:10
    at new Promise (<anonymous>)
    at onceWithTimeout (http://localhost:1420/src/services/brainClient.ts:19:16)
    at getWidgetsOnce (http://localhost:1420/src/services/brainClient.ts:198:10)
    at refresh (http://localhost:1420/src/views/HomeFloatNotes.vue?t=1788078159546:51:30)
    at http://localhost:1420/src/views/HomeFloatNotes.vue?t=1788078159546:59:14
[ 3416921ms] TypeError: Cannot read properties of undefined (reading 'transformCallback')
    at transformCallback (http://localhost:1420/node_modules/.vite/deps/chunk-G7S6KQDI.js?v=318df923:22:37)
    at listen (http://localhost:1420/node_modules/.vite/deps/chunk-7FCLUC5I.js?v=318df923:39:14)
    at once (http://localhost:1420/node_modules/.vite/deps/chunk-7FCLUC5I.js?v=318df923:45:10)
    at http://localhost:1420/src/services/brainClient.ts:20:10
    at new Promise (<anonymous>)
    at onceWithTimeout (http://localhost:1420/src/services/brainClient.ts:19:16)
    at getWidgetsOnce (http://localhost:1420/src/services/brainClient.ts:198:10)
    at refresh (http://localhost:1420/src/views/HomeFloatNotes.vue?t=1788078159546:51:30)
    at http://localhost:1420/src/views/HomeFloatNotes.vue?t=1788078159546:59:14
[ 3428918ms] TypeError: Cannot read properties of undefined (reading 'transformCallback')
    at transformCallback (http://localhost:1420/node_modules/.vite/deps/chunk-G7S6KQDI.js?v=318df923:22:37)
    at listen (http://localhost:1420/node_modules/.vite/deps/chunk-7FCLUC5I.js?v=318df923:39:14)
    at once (http://localhost:1420/node_modules/.vite/deps/chunk-7FCLUC5I.js?v=318df923:45:10)
    at http://localhost:1420/src/services/brainClient.ts:20:10
    at new Promise (<anonymous>)
    at onceWithTimeout (http://localhost:1420/src/services/brainClient.ts:19:16)
    at getWidgetsOnce (http://localhost:1420/src/services/brainClient.ts:198:10)
    at refresh (http://localhost:1420/src/views/HomeFloatNotes.vue?t=1788078159546:51:30)
    at http://localhost:1420/src/views/HomeFloatNotes.vue?t=1788078159546:59:14
[ 3440919ms] TypeError: Cannot read properties of undefined (reading 'transformCallback')
    at transformCallback (http://localhost:1420/node_modules/.vite/deps/chunk-G7S6KQDI.js?v=318df923:22:37)
    at listen (http://localhost:1420/node_modules/.vite/deps/chunk-7FCLUC5I.js?v=318df923:39:14)
    at once (http://localhost:1420/node_modules/.vite/deps/chunk-7FCLUC5I.js?v=318df923:45:10)
    at http://localhost:1420/src/services/brainClient.ts:20:10
    at new Promise (<anonymous>)
    at onceWithTimeout (http://localhost:1420/src/services/brainClient.ts:19:16)
    at getWidgetsOnce (http://localhost:1420/src/services/brainClient.ts:198:10)
    at refresh (http://localhost:1420/src/views/HomeFloatNotes.vue?t=1788078159546:51:30)
    at http://localhost:1420/src/views/HomeFloatNotes.vue?t=1788078159546:59:14
[ 3452918ms] TypeError: Cannot read properties of undefined (reading 'transformCallback')
    at transformCallback (http://localhost:1420/node_modules/.vite/deps/chunk-G7S6KQDI.js?v=318df923:22:37)
    at listen (http://localhost:1420/node_modules/.vite/deps/chunk-7FCLUC5I.js?v=318df923:39:14)
    at once (http://localhost:1420/node_modules/.vite/deps/chunk-7FCLUC5I.js?v=318df923:45:10)
    at http://localhost:1420/src/services/brainClient.ts:20:10
    at new Promise (<anonymous>)
    at onceWithTimeout (http://localhost:1420/src/services/brainClient.ts:19:16)
    at getWidgetsOnce (http://localhost:1420/src/services/brainClient.ts:198:10)
    at refresh (http://localhost:1420/src/views/HomeFloatNotes.vue?t=1788078159546:51:30)
    at http://localhost:1420/src/views/HomeFloatNotes.vue?t=1788078159546:59:14
[ 3461920ms] TypeError: Cannot read properties of undefined (reading 'transformCallback')
    at transformCallback (http://localhost:1420/node_modules/.vite/deps/chunk-G7S6KQDI.js?v=318df923:22:37)
    at listen (http://localhost:1420/node_modules/.vite/deps/chunk-7FCLUC5I.js?v=318df923:39:14)
    at onBrainEvent (http://localhost:1420/src/services/brainClient.ts:299:10)
    at http://localhost:1420/src/lib/home/home-panel-run.ts:12:12
    at new Promise (<anonymous>)
    at runPanelAction (http://localhost:1420/src/lib/home/home-panel-run.ts:6:18)
    at refresh (http://localhost:1420/src/views/HomeMaterialsStat.vue?t=1788078978195:14:30)
[ 3464918ms] TypeError: Cannot read properties of undefined (reading 'transformCallback')
    at transformCallback (http://localhost:1420/node_modules/.vite/deps/chunk-G7S6KQDI.js?v=318df923:22:37)
    at listen (http://localhost:1420/node_modules/.vite/deps/chunk-7FCLUC5I.js?v=318df923:39:14)
    at once (http://localhost:1420/node_modules/.vite/deps/chunk-7FCLUC5I.js?v=318df923:45:10)
    at http://localhost:1420/src/services/brainClient.ts:20:10
    at new Promise (<anonymous>)
    at onceWithTimeout (http://localhost:1420/src/services/brainClient.ts:19:16)
    at getWidgetsOnce (http://localhost:1420/src/services/brainClient.ts:198:10)
    at refresh (http://localhost:1420/src/views/HomeFloatNotes.vue?t=1788078159546:51:30)
    at http://localhost:1420/src/views/HomeFloatNotes.vue?t=1788078159546:59:14
[ 3476920ms] TypeError: Cannot read properties of undefined (reading 'transformCallback')
    at transformCallback (http://localhost:1420/node_modules/.vite/deps/chunk-G7S6KQDI.js?v=318df923:22:37)
    at listen (http://localhost:1420/node_modules/.vite/deps/chunk-7FCLUC5I.js?v=318df923:39:14)
    at once (http://localhost:1420/node_modules/.vite/deps/chunk-7FCLUC5I.js?v=318df923:45:10)
    at http://localhost:1420/src/services/brainClient.ts:20:10
    at new Promise (<anonymous>)
    at onceWithTimeout (http://localhost:1420/src/services/brainClient.ts:19:16)
    at getWidgetsOnce (http://localhost:1420/src/services/brainClient.ts:198:10)
    at refresh (http://localhost:1420/src/views/HomeFloatNotes.vue?t=1788078159546:51:30)
    at http://localhost:1420/src/views/HomeFloatNotes.vue?t=1788078159546:59:14
[ 3488920ms] TypeError: Cannot read properties of undefined (reading 'transformCallback')
    at transformCallback (http://localhost:1420/node_modules/.vite/deps/chunk-G7S6KQDI.js?v=318df923:22:37)
    at listen (http://localhost:1420/node_modules/.vite/deps/chunk-7FCLUC5I.js?v=318df923:39:14)
    at once (http://localhost:1420/node_modules/.vite/deps/chunk-7FCLUC5I.js?v=318df923:45:10)
    at http://localhost:1420/src/services/brainClient.ts:20:10
    at new Promise (<anonymous>)
    at onceWithTimeout (http://localhost:1420/src/services/brainClient.ts:19:16)
    at getWidgetsOnce (http://localhost:1420/src/services/brainClient.ts:198:10)
    at refresh (http://localhost:1420/src/views/HomeFloatNotes.vue?t=1788078159546:51:30)
    at http://localhost:1420/src/views/HomeFloatNotes.vue?t=1788078159546:59:14
[ 3500918ms] TypeError: Cannot read properties of undefined (reading 'transformCallback')
    at transformCallback (http://localhost:1420/node_modules/.vite/deps/chunk-G7S6KQDI.js?v=318df923:22:37)
    at listen (http://localhost:1420/node_modules/.vite/deps/chunk-7FCLUC5I.js?v=318df923:39:14)
    at once (http://localhost:1420/node_modules/.vite/deps/chunk-7FCLUC5I.js?v=318df923:45:10)
    at http://localhost:1420/src/services/brainClient.ts:20:10
    at new Promise (<anonymous>)
    at onceWithTimeout (http://localhost:1420/src/services/brainClient.ts:19:16)
    at getWidgetsOnce (http://localhost:1420/src/services/brainClient.ts:198:10)
    at refresh (http://localhost:1420/src/views/HomeFloatNotes.vue?t=1788078159546:51:30)
    at http://localhost:1420/src/views/HomeFloatNotes.vue?t=1788078159546:59:14
[ 3512917ms] TypeError: Cannot read properties of undefined (reading 'transformCallback')
    at transformCallback (http://localhost:1420/node_modules/.vite/deps/chunk-G7S6KQDI.js?v=318df923:22:37)
    at listen (http://localhost:1420/node_modules/.vite/deps/chunk-7FCLUC5I.js?v=318df923:39:14)
    at once (http://localhost:1420/node_modules/.vite/deps/chunk-7FCLUC5I.js?v=318df923:45:10)
    at http://localhost:1420/src/services/brainClient.ts:20:10
    at new Promise (<anonymous>)
    at onceWithTimeout (http://localhost:1420/src/services/brainClient.ts:19:16)
    at getWidgetsOnce (http://localhost:1420/src/services/brainClient.ts:198:10)
    at refresh (http://localhost:1420/src/views/HomeFloatNotes.vue?t=1788078159546:51:30)
    at http://localhost:1420/src/views/HomeFloatNotes.vue?t=1788078159546:59:14
[ 3521921ms] TypeError: Cannot read properties of undefined (reading 'transformCallback')
    at transformCallback (http://localhost:1420/node_modules/.vite/deps/chunk-G7S6KQDI.js?v=318df923:22:37)
    at listen (http://localhost:1420/node_modules/.vite/deps/chunk-7FCLUC5I.js?v=318df923:39:14)
    at onBrainEvent (http://localhost:1420/src/services/brainClient.ts:299:10)
    at http://localhost:1420/src/lib/home/home-panel-run.ts:12:12
    at new Promise (<anonymous>)
    at runPanelAction (http://localhost:1420/src/lib/home/home-panel-run.ts:6:18)
    at refresh (http://localhost:1420/src/views/HomeMaterialsStat.vue?t=1788078978195:14:30)
[ 3524920ms] TypeError: Cannot read properties of undefined (reading 'transformCallback')
    at transformCallback (http://localhost:1420/node_modules/.vite/deps/chunk-G7S6KQDI.js?v=318df923:22:37)
    at listen (http://localhost:1420/node_modules/.vite/deps/chunk-7FCLUC5I.js?v=318df923:39:14)
    at once (http://localhost:1420/node_modules/.vite/deps/chunk-7FCLUC5I.js?v=318df923:45:10)
    at http://localhost:1420/src/services/brainClient.ts:20:10
    at new Promise (<anonymous>)
    at onceWithTimeout (http://localhost:1420/src/services/brainClient.ts:19:16)
    at getWidgetsOnce (http://localhost:1420/src/services/brainClient.ts:198:10)
    at refresh (http://localhost:1420/src/views/HomeFloatNotes.vue?t=1788078159546:51:30)
    at http://localhost:1420/src/views/HomeFloatNotes.vue?t=1788078159546:59:14
[ 3536919ms] TypeError: Cannot read properties of undefined (reading 'transformCallback')
    at transformCallback (http://localhost:1420/node_modules/.vite/deps/chunk-G7S6KQDI.js?v=318df923:22:37)
    at listen (http://localhost:1420/node_modules/.vite/deps/chunk-7FCLUC5I.js?v=318df923:39:14)
    at once (http://localhost:1420/node_modules/.vite/deps/chunk-7FCLUC5I.js?v=318df923:45:10)
    at http://localhost:1420/src/services/brainClient.ts:20:10
    at new Promise (<anonymous>)
    at onceWithTimeout (http://localhost:1420/src/services/brainClient.ts:19:16)
    at getWidgetsOnce (http://localhost:1420/src/services/brainClient.ts:198:10)
    at refresh (http://localhost:1420/src/views/HomeFloatNotes.vue?t=1788078159546:51:30)
    at http://localhost:1420/src/views/HomeFloatNotes.vue?t=1788078159546:59:14
[ 3548916ms] TypeError: Cannot read properties of undefined (reading 'transformCallback')
    at transformCallback (http://localhost:1420/node_modules/.vite/deps/chunk-G7S6KQDI.js?v=318df923:22:37)
    at listen (http://localhost:1420/node_modules/.vite/deps/chunk-7FCLUC5I.js?v=318df923:39:14)
    at once (http://localhost:1420/node_modules/.vite/deps/chunk-7FCLUC5I.js?v=318df923:45:10)
    at http://localhost:1420/src/services/brainClient.ts:20:10
    at new Promise (<anonymous>)
    at onceWithTimeout (http://localhost:1420/src/services/brainClient.ts:19:16)
    at getWidgetsOnce (http://localhost:1420/src/services/brainClient.ts:198:10)
    at refresh (http://localhost:1420/src/views/HomeFloatNotes.vue?t=1788078159546:51:30)
    at http://localhost:1420/src/views/HomeFloatNotes.vue?t=1788078159546:59:14
[ 3560916ms] TypeError: Cannot read properties of undefined (reading 'transformCallback')
    at transformCallback (http://localhost:1420/node_modules/.vite/deps/chunk-G7S6KQDI.js?v=318df923:22:37)
    at listen (http://localhost:1420/node_modules/.vite/deps/chunk-7FCLUC5I.js?v=318df923:39:14)
    at once (http://localhost:1420/node_modules/.vite/deps/chunk-7FCLUC5I.js?v=318df923:45:10)
    at http://localhost:1420/src/services/brainClient.ts:20:10
    at new Promise (<anonymous>)
    at onceWithTimeout (http://localhost:1420/src/services/brainClient.ts:19:16)
    at getWidgetsOnce (http://localhost:1420/src/services/brainClient.ts:198:10)
    at refresh (http://localhost:1420/src/views/HomeFloatNotes.vue?t=1788078159546:51:30)
    at http://localhost:1420/src/views/HomeFloatNotes.vue?t=1788078159546:59:14
[ 3572914ms] TypeError: Cannot read properties of undefined (reading 'transformCallback')
    at transformCallback (http://localhost:1420/node_modules/.vite/deps/chunk-G7S6KQDI.js?v=318df923:22:37)
    at listen (http://localhost:1420/node_modules/.vite/deps/chunk-7FCLUC5I.js?v=318df923:39:14)
    at once (http://localhost:1420/node_modules/.vite/deps/chunk-7FCLUC5I.js?v=318df923:45:10)
    at http://localhost:1420/src/services/brainClient.ts:20:10
    at new Promise (<anonymous>)
    at onceWithTimeout (http://localhost:1420/src/services/brainClient.ts:19:16)
    at getWidgetsOnce (http://localhost:1420/src/services/brainClient.ts:198:10)
    at refresh (http://localhost:1420/src/views/HomeFloatNotes.vue?t=1788078159546:51:30)
    at http://localhost:1420/src/views/HomeFloatNotes.vue?t=1788078159546:59:14
[ 3581913ms] TypeError: Cannot read properties of undefined (reading 'transformCallback')
    at transformCallback (http://localhost:1420/node_modules/.vite/deps/chunk-G7S6KQDI.js?v=318df923:22:37)
    at listen (http://localhost:1420/node_modules/.vite/deps/chunk-7FCLUC5I.js?v=318df923:39:14)
    at onBrainEvent (http://localhost:1420/src/services/brainClient.ts:299:10)
    at http://localhost:1420/src/lib/home/home-panel-run.ts:12:12
    at new Promise (<anonymous>)
    at runPanelAction (http://localhost:1420/src/lib/home/home-panel-run.ts:6:18)
    at refresh (http://localhost:1420/src/views/HomeMaterialsStat.vue?t=1788078978195:14:30)
[ 3584914ms] TypeError: Cannot read properties of undefined (reading 'transformCallback')
    at transformCallback (http://localhost:1420/node_modules/.vite/deps/chunk-G7S6KQDI.js?v=318df923:22:37)
    at listen (http://localhost:1420/node_modules/.vite/deps/chunk-7FCLUC5I.js?v=318df923:39:14)
    at once (http://localhost:1420/node_modules/.vite/deps/chunk-7FCLUC5I.js?v=318df923:45:10)
    at http://localhost:1420/src/services/brainClient.ts:20:10
    at new Promise (<anonymous>)
    at onceWithTimeout (http://localhost:1420/src/services/brainClient.ts:19:16)
    at getWidgetsOnce (http://localhost:1420/src/services/brainClient.ts:198:10)
    at refresh (http://localhost:1420/src/views/HomeFloatNotes.vue?t=1788078159546:51:30)
    at http://localhost:1420/src/views/HomeFloatNotes.vue?t=1788078159546:59:14
[ 3596914ms] TypeError: Cannot read properties of undefined (reading 'transformCallback')
    at transformCallback (http://localhost:1420/node_modules/.vite/deps/chunk-G7S6KQDI.js?v=318df923:22:37)
    at listen (http://localhost:1420/node_modules/.vite/deps/chunk-7FCLUC5I.js?v=318df923:39:14)
    at once (http://localhost:1420/node_modules/.vite/deps/chunk-7FCLUC5I.js?v=318df923:45:10)
    at http://localhost:1420/src/services/brainClient.ts:20:10
    at new Promise (<anonymous>)
    at onceWithTimeout (http://localhost:1420/src/services/brainClient.ts:19:16)
    at getWidgetsOnce (http://localhost:1420/src/services/brainClient.ts:198:10)
    at refresh (http://localhost:1420/src/views/HomeFloatNotes.vue?t=1788078159546:51:30)
    at http://localhost:1420/src/views/HomeFloatNotes.vue?t=1788078159546:59:14
[ 3608912ms] TypeError: Cannot read properties of undefined (reading 'transformCallback')
    at transformCallback (http://localhost:1420/node_modules/.vite/deps/chunk-G7S6KQDI.js?v=318df923:22:37)
    at listen (http://localhost:1420/node_modules/.vite/deps/chunk-7FCLUC5I.js?v=318df923:39:14)
    at once (http://localhost:1420/node_modules/.vite/deps/chunk-7FCLUC5I.js?v=318df923:45:10)
    at http://localhost:1420/src/services/brainClient.ts:20:10
    at new Promise (<anonymous>)
    at onceWithTimeout (http://localhost:1420/src/services/brainClient.ts:19:16)
    at getWidgetsOnce (http://localhost:1420/src/services/brainClient.ts:198:10)
    at refresh (http://localhost:1420/src/views/HomeFloatNotes.vue?t=1788078159546:51:30)
    at http://localhost:1420/src/views/HomeFloatNotes.vue?t=1788078159546:59:14
[ 3620911ms] TypeError: Cannot read properties of undefined (reading 'transformCallback')
    at transformCallback (http://localhost:1420/node_modules/.vite/deps/chunk-G7S6KQDI.js?v=318df923:22:37)
    at listen (http://localhost:1420/node_modules/.vite/deps/chunk-7FCLUC5I.js?v=318df923:39:14)
    at once (http://localhost:1420/node_modules/.vite/deps/chunk-7FCLUC5I.js?v=318df923:45:10)
    at http://localhost:1420/src/services/brainClient.ts:20:10
    at new Promise (<anonymous>)
    at onceWithTimeout (http://localhost:1420/src/services/brainClient.ts:19:16)
    at getWidgetsOnce (http://localhost:1420/src/services/brainClient.ts:198:10)
    at refresh (http://localhost:1420/src/views/HomeFloatNotes.vue?t=1788078159546:51:30)
    at http://localhost:1420/src/views/HomeFloatNotes.vue?t=1788078159546:59:14
[ 3632913ms] TypeError: Cannot read properties of undefined (reading 'transformCallback')
    at transformCallback (http://localhost:1420/node_modules/.vite/deps/chunk-G7S6KQDI.js?v=318df923:22:37)
    at listen (http://localhost:1420/node_modules/.vite/deps/chunk-7FCLUC5I.js?v=318df923:39:14)
    at once (http://localhost:1420/node_modules/.vite/deps/chunk-7FCLUC5I.js?v=318df923:45:10)
    at http://localhost:1420/src/services/brainClient.ts:20:10
    at new Promise (<anonymous>)
    at onceWithTimeout (http://localhost:1420/src/services/brainClient.ts:19:16)
    at getWidgetsOnce (http://localhost:1420/src/services/brainClient.ts:198:10)
    at refresh (http://localhost:1420/src/views/HomeFloatNotes.vue?t=1788078159546:51:30)
    at http://localhost:1420/src/views/HomeFloatNotes.vue?t=1788078159546:59:14
[ 3641913ms] TypeError: Cannot read properties of undefined (reading 'transformCallback')
    at transformCallback (http://localhost:1420/node_modules/.vite/deps/chunk-G7S6KQDI.js?v=318df923:22:37)
    at listen (http://localhost:1420/node_modules/.vite/deps/chunk-7FCLUC5I.js?v=318df923:39:14)
    at onBrainEvent (http://localhost:1420/src/services/brainClient.ts:299:10)
    at http://localhost:1420/src/lib/home/home-panel-run.ts:12:12
    at new Promise (<anonymous>)
    at runPanelAction (http://localhost:1420/src/lib/home/home-panel-run.ts:6:18)
    at refresh (http://localhost:1420/src/views/HomeMaterialsStat.vue?t=1788078978195:14:30)
[ 3644912ms] TypeError: Cannot read properties of undefined (reading 'transformCallback')
    at transformCallback (http://localhost:1420/node_modules/.vite/deps/chunk-G7S6KQDI.js?v=318df923:22:37)
    at listen (http://localhost:1420/node_modules/.vite/deps/chunk-7FCLUC5I.js?v=318df923:39:14)
    at once (http://localhost:1420/node_modules/.vite/deps/chunk-7FCLUC5I.js?v=318df923:45:10)
    at http://localhost:1420/src/services/brainClient.ts:20:10
    at new Promise (<anonymous>)
    at onceWithTimeout (http://localhost:1420/src/services/brainClient.ts:19:16)
    at getWidgetsOnce (http://localhost:1420/src/services/brainClient.ts:198:10)
    at refresh (http://localhost:1420/src/views/HomeFloatNotes.vue?t=1788078159546:51:30)
    at http://localhost:1420/src/views/HomeFloatNotes.vue?t=1788078159546:59:14
[ 3656912ms] TypeError: Cannot read properties of undefined (reading 'transformCallback')
    at transformCallback (http://localhost:1420/node_modules/.vite/deps/chunk-G7S6KQDI.js?v=318df923:22:37)
    at listen (http://localhost:1420/node_modules/.vite/deps/chunk-7FCLUC5I.js?v=318df923:39:14)
    at once (http://localhost:1420/node_modules/.vite/deps/chunk-7FCLUC5I.js?v=318df923:45:10)
    at http://localhost:1420/src/services/brainClient.ts:20:10
    at new Promise (<anonymous>)
    at onceWithTimeout (http://localhost:1420/src/services/brainClient.ts:19:16)
    at getWidgetsOnce (http://localhost:1420/src/services/brainClient.ts:198:10)
    at refresh (http://localhost:1420/src/views/HomeFloatNotes.vue?t=1788078159546:51:30)
    at http://localhost:1420/src/views/HomeFloatNotes.vue?t=1788078159546:59:14
[ 3668912ms] TypeError: Cannot read properties of undefined (reading 'transformCallback')
    at transformCallback (http://localhost:1420/node_modules/.vite/deps/chunk-G7S6KQDI.js?v=318df923:22:37)
    at listen (http://localhost:1420/node_modules/.vite/deps/chunk-7FCLUC5I.js?v=318df923:39:14)
    at once (http://localhost:1420/node_modules/.vite/deps/chunk-7FCLUC5I.js?v=318df923:45:10)
    at http://localhost:1420/src/services/brainClient.ts:20:10
    at new Promise (<anonymous>)
    at onceWithTimeout (http://localhost:1420/src/services/brainClient.ts:19:16)
    at getWidgetsOnce (http://localhost:1420/src/services/brainClient.ts:198:10)
    at refresh (http://localhost:1420/src/views/HomeFloatNotes.vue?t=1788078159546:51:30)
    at http://localhost:1420/src/views/HomeFloatNotes.vue?t=1788078159546:59:14
[ 3680912ms] TypeError: Cannot read properties of undefined (reading 'transformCallback')
    at transformCallback (http://localhost:1420/node_modules/.vite/deps/chunk-G7S6KQDI.js?v=318df923:22:37)
    at listen (http://localhost:1420/node_modules/.vite/deps/chunk-7FCLUC5I.js?v=318df923:39:14)
    at once (http://localhost:1420/node_modules/.vite/deps/chunk-7FCLUC5I.js?v=318df923:45:10)
    at http://localhost:1420/src/services/brainClient.ts:20:10
    at new Promise (<anonymous>)
    at onceWithTimeout (http://localhost:1420/src/services/brainClient.ts:19:16)
    at getWidgetsOnce (http://localhost:1420/src/services/brainClient.ts:198:10)
    at refresh (http://localhost:1420/src/views/HomeFloatNotes.vue?t=1788078159546:51:30)
    at http://localhost:1420/src/views/HomeFloatNotes.vue?t=1788078159546:59:14
[ 3692913ms] TypeError: Cannot read properties of undefined (reading 'transformCallback')
    at transformCallback (http://localhost:1420/node_modules/.vite/deps/chunk-G7S6KQDI.js?v=318df923:22:37)
    at listen (http://localhost:1420/node_modules/.vite/deps/chunk-7FCLUC5I.js?v=318df923:39:14)
    at once (http://localhost:1420/node_modules/.vite/deps/chunk-7FCLUC5I.js?v=318df923:45:10)
    at http://localhost:1420/src/services/brainClient.ts:20:10
    at new Promise (<anonymous>)
    at onceWithTimeout (http://localhost:1420/src/services/brainClient.ts:19:16)
    at getWidgetsOnce (http://localhost:1420/src/services/brainClient.ts:198:10)
    at refresh (http://localhost:1420/src/views/HomeFloatNotes.vue?t=1788078159546:51:30)
    at http://localhost:1420/src/views/HomeFloatNotes.vue?t=1788078159546:59:14
[ 3701913ms] TypeError: Cannot read properties of undefined (reading 'transformCallback')
    at transformCallback (http://localhost:1420/node_modules/.vite/deps/chunk-G7S6KQDI.js?v=318df923:22:37)
    at listen (http://localhost:1420/node_modules/.vite/deps/chunk-7FCLUC5I.js?v=318df923:39:14)
    at onBrainEvent (http://localhost:1420/src/services/brainClient.ts:299:10)
    at http://localhost:1420/src/lib/home/home-panel-run.ts:12:12
    at new Promise (<anonymous>)
    at runPanelAction (http://localhost:1420/src/lib/home/home-panel-run.ts:6:18)
    at refresh (http://localhost:1420/src/views/HomeMaterialsStat.vue?t=1788078978195:14:30)
[ 3704913ms] TypeError: Cannot read properties of undefined (reading 'transformCallback')
    at transformCallback (http://localhost:1420/node_modules/.vite/deps/chunk-G7S6KQDI.js?v=318df923:22:37)
    at listen (http://localhost:1420/node_modules/.vite/deps/chunk-7FCLUC5I.js?v=318df923:39:14)
    at once (http://localhost:1420/node_modules/.vite/deps/chunk-7FCLUC5I.js?v=318df923:45:10)
    at http://localhost:1420/src/services/brainClient.ts:20:10
    at new Promise (<anonymous>)
    at onceWithTimeout (http://localhost:1420/src/services/brainClient.ts:19:16)
    at getWidgetsOnce (http://localhost:1420/src/services/brainClient.ts:198:10)
    at refresh (http://localhost:1420/src/views/HomeFloatNotes.vue?t=1788078159546:51:30)
    at http://localhost:1420/src/views/HomeFloatNotes.vue?t=1788078159546:59:14
[ 3716912ms] TypeError: Cannot read properties of undefined (reading 'transformCallback')
    at transformCallback (http://localhost:1420/node_modules/.vite/deps/chunk-G7S6KQDI.js?v=318df923:22:37)
    at listen (http://localhost:1420/node_modules/.vite/deps/chunk-7FCLUC5I.js?v=318df923:39:14)
    at once (http://localhost:1420/node_modules/.vite/deps/chunk-7FCLUC5I.js?v=318df923:45:10)
    at http://localhost:1420/src/services/brainClient.ts:20:10
    at new Promise (<anonymous>)
    at onceWithTimeout (http://localhost:1420/src/services/brainClient.ts:19:16)
    at getWidgetsOnce (http://localhost:1420/src/services/brainClient.ts:198:10)
    at refresh (http://localhost:1420/src/views/HomeFloatNotes.vue?t=1788078159546:51:30)
    at http://localhost:1420/src/views/HomeFloatNotes.vue?t=1788078159546:59:14
[ 3728911ms] TypeError: Cannot read properties of undefined (reading 'transformCallback')
    at transformCallback (http://localhost:1420/node_modules/.vite/deps/chunk-G7S6KQDI.js?v=318df923:22:37)
    at listen (http://localhost:1420/node_modules/.vite/deps/chunk-7FCLUC5I.js?v=318df923:39:14)
    at once (http://localhost:1420/node_modules/.vite/deps/chunk-7FCLUC5I.js?v=318df923:45:10)
    at http://localhost:1420/src/services/brainClient.ts:20:10
    at new Promise (<anonymous>)
    at onceWithTimeout (http://localhost:1420/src/services/brainClient.ts:19:16)
    at getWidgetsOnce (http://localhost:1420/src/services/brainClient.ts:198:10)
    at refresh (http://localhost:1420/src/views/HomeFloatNotes.vue?t=1788078159546:51:30)
    at http://localhost:1420/src/views/HomeFloatNotes.vue?t=1788078159546:59:14
[ 3740912ms] TypeError: Cannot read properties of undefined (reading 'transformCallback')
    at transformCallback (http://localhost:1420/node_modules/.vite/deps/chunk-G7S6KQDI.js?v=318df923:22:37)
    at listen (http://localhost:1420/node_modules/.vite/deps/chunk-7FCLUC5I.js?v=318df923:39:14)
    at once (http://localhost:1420/node_modules/.vite/deps/chunk-7FCLUC5I.js?v=318df923:45:10)
    at http://localhost:1420/src/services/brainClient.ts:20:10
    at new Promise (<anonymous>)
    at onceWithTimeout (http://localhost:1420/src/services/brainClient.ts:19:16)
    at getWidgetsOnce (http://localhost:1420/src/services/brainClient.ts:198:10)
    at refresh (http://localhost:1420/src/views/HomeFloatNotes.vue?t=1788078159546:51:30)
    at http://localhost:1420/src/views/HomeFloatNotes.vue?t=1788078159546:59:14
[ 3752913ms] TypeError: Cannot read properties of undefined (reading 'transformCallback')
    at transformCallback (http://localhost:1420/node_modules/.vite/deps/chunk-G7S6KQDI.js?v=318df923:22:37)
    at listen (http://localhost:1420/node_modules/.vite/deps/chunk-7FCLUC5I.js?v=318df923:39:14)
    at once (http://localhost:1420/node_modules/.vite/deps/chunk-7FCLUC5I.js?v=318df923:45:10)
    at http://localhost:1420/src/services/brainClient.ts:20:10
    at new Promise (<anonymous>)
    at onceWithTimeout (http://localhost:1420/src/services/brainClient.ts:19:16)
    at getWidgetsOnce (http://localhost:1420/src/services/brainClient.ts:198:10)
    at refresh (http://localhost:1420/src/views/HomeFloatNotes.vue?t=1788078159546:51:30)
    at http://localhost:1420/src/views/HomeFloatNotes.vue?t=1788078159546:59:14
[ 3761913ms] TypeError: Cannot read properties of undefined (reading 'transformCallback')
    at transformCallback (http://localhost:1420/node_modules/.vite/deps/chunk-G7S6KQDI.js?v=318df923:22:37)
    at listen (http://localhost:1420/node_modules/.vite/deps/chunk-7FCLUC5I.js?v=318df923:39:14)
    at onBrainEvent (http://localhost:1420/src/services/brainClient.ts:299:10)
    at http://localhost:1420/src/lib/home/home-panel-run.ts:12:12
    at new Promise (<anonymous>)
    at runPanelAction (http://localhost:1420/src/lib/home/home-panel-run.ts:6:18)
    at refresh (http://localhost:1420/src/views/HomeMaterialsStat.vue?t=1788078978195:14:30)
[ 3764913ms] TypeError: Cannot read properties of undefined (reading 'transformCallback')
    at transformCallback (http://localhost:1420/node_modules/.vite/deps/chunk-G7S6KQDI.js?v=318df923:22:37)
    at listen (http://localhost:1420/node_modules/.vite/deps/chunk-7FCLUC5I.js?v=318df923:39:14)
    at once (http://localhost:1420/node_modules/.vite/deps/chunk-7FCLUC5I.js?v=318df923:45:10)
    at http://localhost:1420/src/services/brainClient.ts:20:10
    at new Promise (<anonymous>)
    at onceWithTimeout (http://localhost:1420/src/services/brainClient.ts:19:16)
    at getWidgetsOnce (http://localhost:1420/src/services/brainClient.ts:198:10)
    at refresh (http://localhost:1420/src/views/HomeFloatNotes.vue?t=1788078159546:51:30)
    at http://localhost:1420/src/views/HomeFloatNotes.vue?t=1788078159546:59:14
[ 3776913ms] TypeError: Cannot read properties of undefined (reading 'transformCallback')
    at transformCallback (http://localhost:1420/node_modules/.vite/deps/chunk-G7S6KQDI.js?v=318df923:22:37)
    at listen (http://localhost:1420/node_modules/.vite/deps/chunk-7FCLUC5I.js?v=318df923:39:14)
    at once (http://localhost:1420/node_modules/.vite/deps/chunk-7FCLUC5I.js?v=318df923:45:10)
    at http://localhost:1420/src/services/brainClient.ts:20:10
    at new Promise (<anonymous>)
    at onceWithTimeout (http://localhost:1420/src/services/brainClient.ts:19:16)
    at getWidgetsOnce (http://localhost:1420/src/services/brainClient.ts:198:10)
    at refresh (http://localhost:1420/src/views/HomeFloatNotes.vue?t=1788078159546:51:30)
    at http://localhost:1420/src/views/HomeFloatNotes.vue?t=1788078159546:59:14
[ 3788913ms] TypeError: Cannot read properties of undefined (reading 'transformCallback')
    at transformCallback (http://localhost:1420/node_modules/.vite/deps/chunk-G7S6KQDI.js?v=318df923:22:37)
    at listen (http://localhost:1420/node_modules/.vite/deps/chunk-7FCLUC5I.js?v=318df923:39:14)
    at once (http://localhost:1420/node_modules/.vite/deps/chunk-7FCLUC5I.js?v=318df923:45:10)
    at http://localhost:1420/src/services/brainClient.ts:20:10
    at new Promise (<anonymous>)
    at onceWithTimeout (http://localhost:1420/src/services/brainClient.ts:19:16)
    at getWidgetsOnce (http://localhost:1420/src/services/brainClient.ts:198:10)
    at refresh (http://localhost:1420/src/views/HomeFloatNotes.vue?t=1788078159546:51:30)
    at http://localhost:1420/src/views/HomeFloatNotes.vue?t=1788078159546:59:14
[ 3800913ms] TypeError: Cannot read properties of undefined (reading 'transformCallback')
    at transformCallback (http://localhost:1420/node_modules/.vite/deps/chunk-G7S6KQDI.js?v=318df923:22:37)
    at listen (http://localhost:1420/node_modules/.vite/deps/chunk-7FCLUC5I.js?v=318df923:39:14)
    at once (http://localhost:1420/node_modules/.vite/deps/chunk-7FCLUC5I.js?v=318df923:45:10)
    at http://localhost:1420/src/services/brainClient.ts:20:10
    at new Promise (<anonymous>)
    at onceWithTimeout (http://localhost:1420/src/services/brainClient.ts:19:16)
    at getWidgetsOnce (http://localhost:1420/src/services/brainClient.ts:198:10)
    at refresh (http://localhost:1420/src/views/HomeFloatNotes.vue?t=1788078159546:51:30)
    at http://localhost:1420/src/views/HomeFloatNotes.vue?t=1788078159546:59:14
[ 3812913ms] TypeError: Cannot read properties of undefined (reading 'transformCallback')
    at transformCallback (http://localhost:1420/node_modules/.vite/deps/chunk-G7S6KQDI.js?v=318df923:22:37)
    at listen (http://localhost:1420/node_modules/.vite/deps/chunk-7FCLUC5I.js?v=318df923:39:14)
    at once (http://localhost:1420/node_modules/.vite/deps/chunk-7FCLUC5I.js?v=318df923:45:10)
    at http://localhost:1420/src/services/brainClient.ts:20:10
    at new Promise (<anonymous>)
    at onceWithTimeout (http://localhost:1420/src/services/brainClient.ts:19:16)
    at getWidgetsOnce (http://localhost:1420/src/services/brainClient.ts:198:10)
    at refresh (http://localhost:1420/src/views/HomeFloatNotes.vue?t=1788078159546:51:30)
    at http://localhost:1420/src/views/HomeFloatNotes.vue?t=1788078159546:59:14
[ 3821913ms] TypeError: Cannot read properties of undefined (reading 'transformCallback')
    at transformCallback (http://localhost:1420/node_modules/.vite/deps/chunk-G7S6KQDI.js?v=318df923:22:37)
    at listen (http://localhost:1420/node_modules/.vite/deps/chunk-7FCLUC5I.js?v=318df923:39:14)
    at onBrainEvent (http://localhost:1420/src/services/brainClient.ts:299:10)
    at http://localhost:1420/src/lib/home/home-panel-run.ts:12:12
    at new Promise (<anonymous>)
    at runPanelAction (http://localhost:1420/src/lib/home/home-panel-run.ts:6:18)
    at refresh (http://localhost:1420/src/views/HomeMaterialsStat.vue?t=1788078978195:14:30)
[ 3824913ms] TypeError: Cannot read properties of undefined (reading 'transformCallback')
    at transformCallback (http://localhost:1420/node_modules/.vite/deps/chunk-G7S6KQDI.js?v=318df923:22:37)
    at listen (http://localhost:1420/node_modules/.vite/deps/chunk-7FCLUC5I.js?v=318df923:39:14)
    at once (http://localhost:1420/node_modules/.vite/deps/chunk-7FCLUC5I.js?v=318df923:45:10)
    at http://localhost:1420/src/services/brainClient.ts:20:10
    at new Promise (<anonymous>)
    at onceWithTimeout (http://localhost:1420/src/services/brainClient.ts:19:16)
    at getWidgetsOnce (http://localhost:1420/src/services/brainClient.ts:198:10)
    at refresh (http://localhost:1420/src/views/HomeFloatNotes.vue?t=1788078159546:51:30)
    at http://localhost:1420/src/views/HomeFloatNotes.vue?t=1788078159546:59:14
[ 3836912ms] TypeError: Cannot read properties of undefined (reading 'transformCallback')
    at transformCallback (http://localhost:1420/node_modules/.vite/deps/chunk-G7S6KQDI.js?v=318df923:22:37)
    at listen (http://localhost:1420/node_modules/.vite/deps/chunk-7FCLUC5I.js?v=318df923:39:14)
    at once (http://localhost:1420/node_modules/.vite/deps/chunk-7FCLUC5I.js?v=318df923:45:10)
    at http://localhost:1420/src/services/brainClient.ts:20:10
    at new Promise (<anonymous>)
    at onceWithTimeout (http://localhost:1420/src/services/brainClient.ts:19:16)
    at getWidgetsOnce (http://localhost:1420/src/services/brainClient.ts:198:10)
    at refresh (http://localhost:1420/src/views/HomeFloatNotes.vue?t=1788078159546:51:30)
    at http://localhost:1420/src/views/HomeFloatNotes.vue?t=1788078159546:59:14
[ 3848914ms] TypeError: Cannot read properties of undefined (reading 'transformCallback')
    at transformCallback (http://localhost:1420/node_modules/.vite/deps/chunk-G7S6KQDI.js?v=318df923:22:37)
    at listen (http://localhost:1420/node_modules/.vite/deps/chunk-7FCLUC5I.js?v=318df923:39:14)
    at once (http://localhost:1420/node_modules/.vite/deps/chunk-7FCLUC5I.js?v=318df923:45:10)
    at http://localhost:1420/src/services/brainClient.ts:20:10
    at new Promise (<anonymous>)
    at onceWithTimeout (http://localhost:1420/src/services/brainClient.ts:19:16)
    at getWidgetsOnce (http://localhost:1420/src/services/brainClient.ts:198:10)
    at refresh (http://localhost:1420/src/views/HomeFloatNotes.vue?t=1788078159546:51:30)
    at http://localhost:1420/src/views/HomeFloatNotes.vue?t=1788078159546:59:14
[ 3860913ms] TypeError: Cannot read properties of undefined (reading 'transformCallback')
    at transformCallback (http://localhost:1420/node_modules/.vite/deps/chunk-G7S6KQDI.js?v=318df923:22:37)
    at listen (http://localhost:1420/node_modules/.vite/deps/chunk-7FCLUC5I.js?v=318df923:39:14)
    at once (http://localhost:1420/node_modules/.vite/deps/chunk-7FCLUC5I.js?v=318df923:45:10)
    at http://localhost:1420/src/services/brainClient.ts:20:10
    at new Promise (<anonymous>)
    at onceWithTimeout (http://localhost:1420/src/services/brainClient.ts:19:16)
    at getWidgetsOnce (http://localhost:1420/src/services/brainClient.ts:198:10)
    at refresh (http://localhost:1420/src/views/HomeFloatNotes.vue?t=1788078159546:51:30)
    at http://localhost:1420/src/views/HomeFloatNotes.vue?t=1788078159546:59:14
[ 3872912ms] TypeError: Cannot read properties of undefined (reading 'transformCallback')
    at transformCallback (http://localhost:1420/node_modules/.vite/deps/chunk-G7S6KQDI.js?v=318df923:22:37)
    at listen (http://localhost:1420/node_modules/.vite/deps/chunk-7FCLUC5I.js?v=318df923:39:14)
    at once (http://localhost:1420/node_modules/.vite/deps/chunk-7FCLUC5I.js?v=318df923:45:10)
    at http://localhost:1420/src/services/brainClient.ts:20:10
    at new Promise (<anonymous>)
    at onceWithTimeout (http://localhost:1420/src/services/brainClient.ts:19:16)
    at getWidgetsOnce (http://localhost:1420/src/services/brainClient.ts:198:10)
    at refresh (http://localhost:1420/src/views/HomeFloatNotes.vue?t=1788078159546:51:30)
    at http://localhost:1420/src/views/HomeFloatNotes.vue?t=1788078159546:59:14
[ 3881913ms] TypeError: Cannot read properties of undefined (reading 'transformCallback')
    at transformCallback (http://localhost:1420/node_modules/.vite/deps/chunk-G7S6KQDI.js?v=318df923:22:37)
    at listen (http://localhost:1420/node_modules/.vite/deps/chunk-7FCLUC5I.js?v=318df923:39:14)
    at onBrainEvent (http://localhost:1420/src/services/brainClient.ts:299:10)
    at http://localhost:1420/src/lib/home/home-panel-run.ts:12:12
    at new Promise (<anonymous>)
    at runPanelAction (http://localhost:1420/src/lib/home/home-panel-run.ts:6:18)
    at refresh (http://localhost:1420/src/views/HomeMaterialsStat.vue?t=1788078978195:14:30)
[ 3884914ms] TypeError: Cannot read properties of undefined (reading 'transformCallback')
    at transformCallback (http://localhost:1420/node_modules/.vite/deps/chunk-G7S6KQDI.js?v=318df923:22:37)
    at listen (http://localhost:1420/node_modules/.vite/deps/chunk-7FCLUC5I.js?v=318df923:39:14)
    at once (http://localhost:1420/node_modules/.vite/deps/chunk-7FCLUC5I.js?v=318df923:45:10)
    at http://localhost:1420/src/services/brainClient.ts:20:10
    at new Promise (<anonymous>)
    at onceWithTimeout (http://localhost:1420/src/services/brainClient.ts:19:16)
    at getWidgetsOnce (http://localhost:1420/src/services/brainClient.ts:198:10)
    at refresh (http://localhost:1420/src/views/HomeFloatNotes.vue?t=1788078159546:51:30)
    at http://localhost:1420/src/views/HomeFloatNotes.vue?t=1788078159546:59:14
[ 3896914ms] TypeError: Cannot read properties of undefined (reading 'transformCallback')
    at transformCallback (http://localhost:1420/node_modules/.vite/deps/chunk-G7S6KQDI.js?v=318df923:22:37)
    at listen (http://localhost:1420/node_modules/.vite/deps/chunk-7FCLUC5I.js?v=318df923:39:14)
    at once (http://localhost:1420/node_modules/.vite/deps/chunk-7FCLUC5I.js?v=318df923:45:10)
    at http://localhost:1420/src/services/brainClient.ts:20:10
    at new Promise (<anonymous>)
    at onceWithTimeout (http://localhost:1420/src/services/brainClient.ts:19:16)
    at getWidgetsOnce (http://localhost:1420/src/services/brainClient.ts:198:10)
    at refresh (http://localhost:1420/src/views/HomeFloatNotes.vue?t=1788078159546:51:30)
    at http://localhost:1420/src/views/HomeFloatNotes.vue?t=1788078159546:59:14
[ 3908913ms] TypeError: Cannot read properties of undefined (reading 'transformCallback')
    at transformCallback (http://localhost:1420/node_modules/.vite/deps/chunk-G7S6KQDI.js?v=318df923:22:37)
    at listen (http://localhost:1420/node_modules/.vite/deps/chunk-7FCLUC5I.js?v=318df923:39:14)
    at once (http://localhost:1420/node_modules/.vite/deps/chunk-7FCLUC5I.js?v=318df923:45:10)
    at http://localhost:1420/src/services/brainClient.ts:20:10
    at new Promise (<anonymous>)
    at onceWithTimeout (http://localhost:1420/src/services/brainClient.ts:19:16)
    at getWidgetsOnce (http://localhost:1420/src/services/brainClient.ts:198:10)
    at refresh (http://localhost:1420/src/views/HomeFloatNotes.vue?t=1788078159546:51:30)
    at http://localhost:1420/src/views/HomeFloatNotes.vue?t=1788078159546:59:14
[ 3920913ms] TypeError: Cannot read properties of undefined (reading 'transformCallback')
    at transformCallback (http://localhost:1420/node_modules/.vite/deps/chunk-G7S6KQDI.js?v=318df923:22:37)
    at listen (http://localhost:1420/node_modules/.vite/deps/chunk-7FCLUC5I.js?v=318df923:39:14)
    at once (http://localhost:1420/node_modules/.vite/deps/chunk-7FCLUC5I.js?v=318df923:45:10)
    at http://localhost:1420/src/services/brainClient.ts:20:10
    at new Promise (<anonymous>)
    at onceWithTimeout (http://localhost:1420/src/services/brainClient.ts:19:16)
    at getWidgetsOnce (http://localhost:1420/src/services/brainClient.ts:198:10)
    at refresh (http://localhost:1420/src/views/HomeFloatNotes.vue?t=1788078159546:51:30)
    at http://localhost:1420/src/views/HomeFloatNotes.vue?t=1788078159546:59:14
[ 3932913ms] TypeError: Cannot read properties of undefined (reading 'transformCallback')
    at transformCallback (http://localhost:1420/node_modules/.vite/deps/chunk-G7S6KQDI.js?v=318df923:22:37)
    at listen (http://localhost:1420/node_modules/.vite/deps/chunk-7FCLUC5I.js?v=318df923:39:14)
    at once (http://localhost:1420/node_modules/.vite/deps/chunk-7FCLUC5I.js?v=318df923:45:10)
    at http://localhost:1420/src/services/brainClient.ts:20:10
    at new Promise (<anonymous>)
    at onceWithTimeout (http://localhost:1420/src/services/brainClient.ts:19:16)
    at getWidgetsOnce (http://localhost:1420/src/services/brainClient.ts:198:10)
    at refresh (http://localhost:1420/src/views/HomeFloatNotes.vue?t=1788078159546:51:30)
    at http://localhost:1420/src/views/HomeFloatNotes.vue?t=1788078159546:59:14
[ 3941913ms] TypeError: Cannot read properties of undefined (reading 'transformCallback')
    at transformCallback (http://localhost:1420/node_modules/.vite/deps/chunk-G7S6KQDI.js?v=318df923:22:37)
    at listen (http://localhost:1420/node_modules/.vite/deps/chunk-7FCLUC5I.js?v=318df923:39:14)
    at onBrainEvent (http://localhost:1420/src/services/brainClient.ts:299:10)
    at http://localhost:1420/src/lib/home/home-panel-run.ts:12:12
    at new Promise (<anonymous>)
    at runPanelAction (http://localhost:1420/src/lib/home/home-panel-run.ts:6:18)
    at refresh (http://localhost:1420/src/views/HomeMaterialsStat.vue?t=1788078978195:14:30)
[ 3944913ms] TypeError: Cannot read properties of undefined (reading 'transformCallback')
    at transformCallback (http://localhost:1420/node_modules/.vite/deps/chunk-G7S6KQDI.js?v=318df923:22:37)
    at listen (http://localhost:1420/node_modules/.vite/deps/chunk-7FCLUC5I.js?v=318df923:39:14)
    at once (http://localhost:1420/node_modules/.vite/deps/chunk-7FCLUC5I.js?v=318df923:45:10)
    at http://localhost:1420/src/services/brainClient.ts:20:10
    at new Promise (<anonymous>)
    at onceWithTimeout (http://localhost:1420/src/services/brainClient.ts:19:16)
    at getWidgetsOnce (http://localhost:1420/src/services/brainClient.ts:198:10)
    at refresh (http://localhost:1420/src/views/HomeFloatNotes.vue?t=1788078159546:51:30)
    at http://localhost:1420/src/views/HomeFloatNotes.vue?t=1788078159546:59:14
[ 3956913ms] TypeError: Cannot read properties of undefined (reading 'transformCallback')
    at transformCallback (http://localhost:1420/node_modules/.vite/deps/chunk-G7S6KQDI.js?v=318df923:22:37)
    at listen (http://localhost:1420/node_modules/.vite/deps/chunk-7FCLUC5I.js?v=318df923:39:14)
    at once (http://localhost:1420/node_modules/.vite/deps/chunk-7FCLUC5I.js?v=318df923:45:10)
    at http://localhost:1420/src/services/brainClient.ts:20:10
    at new Promise (<anonymous>)
    at onceWithTimeout (http://localhost:1420/src/services/brainClient.ts:19:16)
    at getWidgetsOnce (http://localhost:1420/src/services/brainClient.ts:198:10)
    at refresh (http://localhost:1420/src/views/HomeFloatNotes.vue?t=1788078159546:51:30)
    at http://localhost:1420/src/views/HomeFloatNotes.vue?t=1788078159546:59:14
[ 3968913ms] TypeError: Cannot read properties of undefined (reading 'transformCallback')
    at transformCallback (http://localhost:1420/node_modules/.vite/deps/chunk-G7S6KQDI.js?v=318df923:22:37)
    at listen (http://localhost:1420/node_modules/.vite/deps/chunk-7FCLUC5I.js?v=318df923:39:14)
    at once (http://localhost:1420/node_modules/.vite/deps/chunk-7FCLUC5I.js?v=318df923:45:10)
    at http://localhost:1420/src/services/brainClient.ts:20:10
    at new Promise (<anonymous>)
    at onceWithTimeout (http://localhost:1420/src/services/brainClient.ts:19:16)
    at getWidgetsOnce (http://localhost:1420/src/services/brainClient.ts:198:10)
    at refresh (http://localhost:1420/src/views/HomeFloatNotes.vue?t=1788078159546:51:30)
    at http://localhost:1420/src/views/HomeFloatNotes.vue?t=1788078159546:59:14
[ 3980914ms] TypeError: Cannot read properties of undefined (reading 'transformCallback')
    at transformCallback (http://localhost:1420/node_modules/.vite/deps/chunk-G7S6KQDI.js?v=318df923:22:37)
    at listen (http://localhost:1420/node_modules/.vite/deps/chunk-7FCLUC5I.js?v=318df923:39:14)
    at once (http://localhost:1420/node_modules/.vite/deps/chunk-7FCLUC5I.js?v=318df923:45:10)
    at http://localhost:1420/src/services/brainClient.ts:20:10
    at new Promise (<anonymous>)
    at onceWithTimeout (http://localhost:1420/src/services/brainClient.ts:19:16)
    at getWidgetsOnce (http://localhost:1420/src/services/brainClient.ts:198:10)
    at refresh (http://localhost:1420/src/views/HomeFloatNotes.vue?t=1788078159546:51:30)
    at http://localhost:1420/src/views/HomeFloatNotes.vue?t=1788078159546:59:14
[ 3992914ms] TypeError: Cannot read properties of undefined (reading 'transformCallback')
    at transformCallback (http://localhost:1420/node_modules/.vite/deps/chunk-G7S6KQDI.js?v=318df923:22:37)
    at listen (http://localhost:1420/node_modules/.vite/deps/chunk-7FCLUC5I.js?v=318df923:39:14)
    at once (http://localhost:1420/node_modules/.vite/deps/chunk-7FCLUC5I.js?v=318df923:45:10)
    at http://localhost:1420/src/services/brainClient.ts:20:10
    at new Promise (<anonymous>)
    at onceWithTimeout (http://localhost:1420/src/services/brainClient.ts:19:16)
    at getWidgetsOnce (http://localhost:1420/src/services/brainClient.ts:198:10)
    at refresh (http://localhost:1420/src/views/HomeFloatNotes.vue?t=1788078159546:51:30)
    at http://localhost:1420/src/views/HomeFloatNotes.vue?t=1788078159546:59:14
[ 4001915ms] TypeError: Cannot read properties of undefined (reading 'transformCallback')
    at transformCallback (http://localhost:1420/node_modules/.vite/deps/chunk-G7S6KQDI.js?v=318df923:22:37)
    at listen (http://localhost:1420/node_modules/.vite/deps/chunk-7FCLUC5I.js?v=318df923:39:14)
    at onBrainEvent (http://localhost:1420/src/services/brainClient.ts:299:10)
    at http://localhost:1420/src/lib/home/home-panel-run.ts:12:12
    at new Promise (<anonymous>)
    at runPanelAction (http://localhost:1420/src/lib/home/home-panel-run.ts:6:18)
    at refresh (http://localhost:1420/src/views/HomeMaterialsStat.vue?t=1788078978195:14:30)
[ 4004914ms] TypeError: Cannot read properties of undefined (reading 'transformCallback')
    at transformCallback (http://localhost:1420/node_modules/.vite/deps/chunk-G7S6KQDI.js?v=318df923:22:37)
    at listen (http://localhost:1420/node_modules/.vite/deps/chunk-7FCLUC5I.js?v=318df923:39:14)
    at once (http://localhost:1420/node_modules/.vite/deps/chunk-7FCLUC5I.js?v=318df923:45:10)
    at http://localhost:1420/src/services/brainClient.ts:20:10
    at new Promise (<anonymous>)
    at onceWithTimeout (http://localhost:1420/src/services/brainClient.ts:19:16)
    at getWidgetsOnce (http://localhost:1420/src/services/brainClient.ts:198:10)
    at refresh (http://localhost:1420/src/views/HomeFloatNotes.vue?t=1788078159546:51:30)
    at http://localhost:1420/src/views/HomeFloatNotes.vue?t=1788078159546:59:14
[ 4016913ms] TypeError: Cannot read properties of undefined (reading 'transformCallback')
    at transformCallback (http://localhost:1420/node_modules/.vite/deps/chunk-G7S6KQDI.js?v=318df923:22:37)
    at listen (http://localhost:1420/node_modules/.vite/deps/chunk-7FCLUC5I.js?v=318df923:39:14)
    at once (http://localhost:1420/node_modules/.vite/deps/chunk-7FCLUC5I.js?v=318df923:45:10)
    at http://localhost:1420/src/services/brainClient.ts:20:10
    at new Promise (<anonymous>)
    at onceWithTimeout (http://localhost:1420/src/services/brainClient.ts:19:16)
    at getWidgetsOnce (http://localhost:1420/src/services/brainClient.ts:198:10)
    at refresh (http://localhost:1420/src/views/HomeFloatNotes.vue?t=1788078159546:51:30)
    at http://localhost:1420/src/views/HomeFloatNotes.vue?t=1788078159546:59:14
[ 4028914ms] TypeError: Cannot read properties of undefined (reading 'transformCallback')
    at transformCallback (http://localhost:1420/node_modules/.vite/deps/chunk-G7S6KQDI.js?v=318df923:22:37)
    at listen (http://localhost:1420/node_modules/.vite/deps/chunk-7FCLUC5I.js?v=318df923:39:14)
    at once (http://localhost:1420/node_modules/.vite/deps/chunk-7FCLUC5I.js?v=318df923:45:10)
    at http://localhost:1420/src/services/brainClient.ts:20:10
    at new Promise (<anonymous>)
    at onceWithTimeout (http://localhost:1420/src/services/brainClient.ts:19:16)
    at getWidgetsOnce (http://localhost:1420/src/services/brainClient.ts:198:10)
    at refresh (http://localhost:1420/src/views/HomeFloatNotes.vue?t=1788078159546:51:30)
    at http://localhost:1420/src/views/HomeFloatNotes.vue?t=1788078159546:59:14
[ 4040913ms] TypeError: Cannot read properties of undefined (reading 'transformCallback')
    at transformCallback (http://localhost:1420/node_modules/.vite/deps/chunk-G7S6KQDI.js?v=318df923:22:37)
    at listen (http://localhost:1420/node_modules/.vite/deps/chunk-7FCLUC5I.js?v=318df923:39:14)
    at once (http://localhost:1420/node_modules/.vite/deps/chunk-7FCLUC5I.js?v=318df923:45:10)
    at http://localhost:1420/src/services/brainClient.ts:20:10
    at new Promise (<anonymous>)
    at onceWithTimeout (http://localhost:1420/src/services/brainClient.ts:19:16)
    at getWidgetsOnce (http://localhost:1420/src/services/brainClient.ts:198:10)
    at refresh (http://localhost:1420/src/views/HomeFloatNotes.vue?t=1788078159546:51:30)
    at http://localhost:1420/src/views/HomeFloatNotes.vue?t=1788078159546:59:14
[ 4052914ms] TypeError: Cannot read properties of undefined (reading 'transformCallback')
    at transformCallback (http://localhost:1420/node_modules/.vite/deps/chunk-G7S6KQDI.js?v=318df923:22:37)
    at listen (http://localhost:1420/node_modules/.vite/deps/chunk-7FCLUC5I.js?v=318df923:39:14)
    at once (http://localhost:1420/node_modules/.vite/deps/chunk-7FCLUC5I.js?v=318df923:45:10)
    at http://localhost:1420/src/services/brainClient.ts:20:10
    at new Promise (<anonymous>)
    at onceWithTimeout (http://localhost:1420/src/services/brainClient.ts:19:16)
    at getWidgetsOnce (http://localhost:1420/src/services/brainClient.ts:198:10)
    at refresh (http://localhost:1420/src/views/HomeFloatNotes.vue?t=1788078159546:51:30)
    at http://localhost:1420/src/views/HomeFloatNotes.vue?t=1788078159546:59:14
[ 4061915ms] TypeError: Cannot read properties of undefined (reading 'transformCallback')
    at transformCallback (http://localhost:1420/node_modules/.vite/deps/chunk-G7S6KQDI.js?v=318df923:22:37)
    at listen (http://localhost:1420/node_modules/.vite/deps/chunk-7FCLUC5I.js?v=318df923:39:14)
    at onBrainEvent (http://localhost:1420/src/services/brainClient.ts:299:10)
    at http://localhost:1420/src/lib/home/home-panel-run.ts:12:12
    at new Promise (<anonymous>)
    at runPanelAction (http://localhost:1420/src/lib/home/home-panel-run.ts:6:18)
    at refresh (http://localhost:1420/src/views/HomeMaterialsStat.vue?t=1788078978195:14:30)
[ 4064914ms] TypeError: Cannot read properties of undefined (reading 'transformCallback')
    at transformCallback (http://localhost:1420/node_modules/.vite/deps/chunk-G7S6KQDI.js?v=318df923:22:37)
    at listen (http://localhost:1420/node_modules/.vite/deps/chunk-7FCLUC5I.js?v=318df923:39:14)
    at once (http://localhost:1420/node_modules/.vite/deps/chunk-7FCLUC5I.js?v=318df923:45:10)
    at http://localhost:1420/src/services/brainClient.ts:20:10
    at new Promise (<anonymous>)
    at onceWithTimeout (http://localhost:1420/src/services/brainClient.ts:19:16)
    at getWidgetsOnce (http://localhost:1420/src/services/brainClient.ts:198:10)
    at refresh (http://localhost:1420/src/views/HomeFloatNotes.vue?t=1788078159546:51:30)
    at http://localhost:1420/src/views/HomeFloatNotes.vue?t=1788078159546:59:14
[ 4076914ms] TypeError: Cannot read properties of undefined (reading 'transformCallback')
    at transformCallback (http://localhost:1420/node_modules/.vite/deps/chunk-G7S6KQDI.js?v=318df923:22:37)
    at listen (http://localhost:1420/node_modules/.vite/deps/chunk-7FCLUC5I.js?v=318df923:39:14)
    at once (http://localhost:1420/node_modules/.vite/deps/chunk-7FCLUC5I.js?v=318df923:45:10)
    at http://localhost:1420/src/services/brainClient.ts:20:10
    at new Promise (<anonymous>)
    at onceWithTimeout (http://localhost:1420/src/services/brainClient.ts:19:16)
    at getWidgetsOnce (http://localhost:1420/src/services/brainClient.ts:198:10)
    at refresh (http://localhost:1420/src/views/HomeFloatNotes.vue?t=1788078159546:51:30)
    at http://localhost:1420/src/views/HomeFloatNotes.vue?t=1788078159546:59:14
[ 4088914ms] TypeError: Cannot read properties of undefined (reading 'transformCallback')
    at transformCallback (http://localhost:1420/node_modules/.vite/deps/chunk-G7S6KQDI.js?v=318df923:22:37)
    at listen (http://localhost:1420/node_modules/.vite/deps/chunk-7FCLUC5I.js?v=318df923:39:14)
    at once (http://localhost:1420/node_modules/.vite/deps/chunk-7FCLUC5I.js?v=318df923:45:10)
    at http://localhost:1420/src/services/brainClient.ts:20:10
    at new Promise (<anonymous>)
    at onceWithTimeout (http://localhost:1420/src/services/brainClient.ts:19:16)
    at getWidgetsOnce (http://localhost:1420/src/services/brainClient.ts:198:10)
    at refresh (http://localhost:1420/src/views/HomeFloatNotes.vue?t=1788078159546:51:30)
    at http://localhost:1420/src/views/HomeFloatNotes.vue?t=1788078159546:59:14
[ 4100917ms] TypeError: Cannot read properties of undefined (reading 'transformCallback')
    at transformCallback (http://localhost:1420/node_modules/.vite/deps/chunk-G7S6KQDI.js?v=318df923:22:37)
    at listen (http://localhost:1420/node_modules/.vite/deps/chunk-7FCLUC5I.js?v=318df923:39:14)
    at once (http://localhost:1420/node_modules/.vite/deps/chunk-7FCLUC5I.js?v=318df923:45:10)
    at http://localhost:1420/src/services/brainClient.ts:20:10
    at new Promise (<anonymous>)
    at onceWithTimeout (http://localhost:1420/src/services/brainClient.ts:19:16)
    at getWidgetsOnce (http://localhost:1420/src/services/brainClient.ts:198:10)
    at refresh (http://localhost:1420/src/views/HomeFloatNotes.vue?t=1788078159546:51:30)
    at http://localhost:1420/src/views/HomeFloatNotes.vue?t=1788078159546:59:14
[ 4112914ms] TypeError: Cannot read properties of undefined (reading 'transformCallback')
    at transformCallback (http://localhost:1420/node_modules/.vite/deps/chunk-G7S6KQDI.js?v=318df923:22:37)
    at listen (http://localhost:1420/node_modules/.vite/deps/chunk-7FCLUC5I.js?v=318df923:39:14)
    at once (http://localhost:1420/node_modules/.vite/deps/chunk-7FCLUC5I.js?v=318df923:45:10)
    at http://localhost:1420/src/services/brainClient.ts:20:10
    at new Promise (<anonymous>)
    at onceWithTimeout (http://localhost:1420/src/services/brainClient.ts:19:16)
    at getWidgetsOnce (http://localhost:1420/src/services/brainClient.ts:198:10)
    at refresh (http://localhost:1420/src/views/HomeFloatNotes.vue?t=1788078159546:51:30)
    at http://localhost:1420/src/views/HomeFloatNotes.vue?t=1788078159546:59:14
[ 4121915ms] TypeError: Cannot read properties of undefined (reading 'transformCallback')
    at transformCallback (http://localhost:1420/node_modules/.vite/deps/chunk-G7S6KQDI.js?v=318df923:22:37)
    at listen (http://localhost:1420/node_modules/.vite/deps/chunk-7FCLUC5I.js?v=318df923:39:14)
    at onBrainEvent (http://localhost:1420/src/services/brainClient.ts:299:10)
    at http://localhost:1420/src/lib/home/home-panel-run.ts:12:12
    at new Promise (<anonymous>)
    at runPanelAction (http://localhost:1420/src/lib/home/home-panel-run.ts:6:18)
    at refresh (http://localhost:1420/src/views/HomeMaterialsStat.vue?t=1788078978195:14:30)
[ 4124915ms] TypeError: Cannot read properties of undefined (reading 'transformCallback')
    at transformCallback (http://localhost:1420/node_modules/.vite/deps/chunk-G7S6KQDI.js?v=318df923:22:37)
    at listen (http://localhost:1420/node_modules/.vite/deps/chunk-7FCLUC5I.js?v=318df923:39:14)
    at once (http://localhost:1420/node_modules/.vite/deps/chunk-7FCLUC5I.js?v=318df923:45:10)
    at http://localhost:1420/src/services/brainClient.ts:20:10
    at new Promise (<anonymous>)
    at onceWithTimeout (http://localhost:1420/src/services/brainClient.ts:19:16)
    at getWidgetsOnce (http://localhost:1420/src/services/brainClient.ts:198:10)
    at refresh (http://localhost:1420/src/views/HomeFloatNotes.vue?t=1788078159546:51:30)
    at http://localhost:1420/src/views/HomeFloatNotes.vue?t=1788078159546:59:14
[ 4136915ms] TypeError: Cannot read properties of undefined (reading 'transformCallback')
    at transformCallback (http://localhost:1420/node_modules/.vite/deps/chunk-G7S6KQDI.js?v=318df923:22:37)
    at listen (http://localhost:1420/node_modules/.vite/deps/chunk-7FCLUC5I.js?v=318df923:39:14)
    at once (http://localhost:1420/node_modules/.vite/deps/chunk-7FCLUC5I.js?v=318df923:45:10)
    at http://localhost:1420/src/services/brainClient.ts:20:10
    at new Promise (<anonymous>)
    at onceWithTimeout (http://localhost:1420/src/services/brainClient.ts:19:16)
    at getWidgetsOnce (http://localhost:1420/src/services/brainClient.ts:198:10)
    at refresh (http://localhost:1420/src/views/HomeFloatNotes.vue?t=1788078159546:51:30)
    at http://localhost:1420/src/views/HomeFloatNotes.vue?t=1788078159546:59:14
[ 4148917ms] TypeError: Cannot read properties of undefined (reading 'transformCallback')
    at transformCallback (http://localhost:1420/node_modules/.vite/deps/chunk-G7S6KQDI.js?v=318df923:22:37)
    at listen (http://localhost:1420/node_modules/.vite/deps/chunk-7FCLUC5I.js?v=318df923:39:14)
    at once (http://localhost:1420/node_modules/.vite/deps/chunk-7FCLUC5I.js?v=318df923:45:10)
    at http://localhost:1420/src/services/brainClient.ts:20:10
    at new Promise (<anonymous>)
    at onceWithTimeout (http://localhost:1420/src/services/brainClient.ts:19:16)
    at getWidgetsOnce (http://localhost:1420/src/services/brainClient.ts:198:10)
    at refresh (http://localhost:1420/src/views/HomeFloatNotes.vue?t=1788078159546:51:30)
    at http://localhost:1420/src/views/HomeFloatNotes.vue?t=1788078159546:59:14
[ 4160915ms] TypeError: Cannot read properties of undefined (reading 'transformCallback')
    at transformCallback (http://localhost:1420/node_modules/.vite/deps/chunk-G7S6KQDI.js?v=318df923:22:37)
    at listen (http://localhost:1420/node_modules/.vite/deps/chunk-7FCLUC5I.js?v=318df923:39:14)
    at once (http://localhost:1420/node_modules/.vite/deps/chunk-7FCLUC5I.js?v=318df923:45:10)
    at http://localhost:1420/src/services/brainClient.ts:20:10
    at new Promise (<anonymous>)
    at onceWithTimeout (http://localhost:1420/src/services/brainClient.ts:19:16)
    at getWidgetsOnce (http://localhost:1420/src/services/brainClient.ts:198:10)
    at refresh (http://localhost:1420/src/views/HomeFloatNotes.vue?t=1788078159546:51:30)
    at http://localhost:1420/src/views/HomeFloatNotes.vue?t=1788078159546:59:14
[ 4172917ms] TypeError: Cannot read properties of undefined (reading 'transformCallback')
    at transformCallback (http://localhost:1420/node_modules/.vite/deps/chunk-G7S6KQDI.js?v=318df923:22:37)
    at listen (http://localhost:1420/node_modules/.vite/deps/chunk-7FCLUC5I.js?v=318df923:39:14)
    at once (http://localhost:1420/node_modules/.vite/deps/chunk-7FCLUC5I.js?v=318df923:45:10)
    at http://localhost:1420/src/services/brainClient.ts:20:10
    at new Promise (<anonymous>)
    at onceWithTimeout (http://localhost:1420/src/services/brainClient.ts:19:16)
    at getWidgetsOnce (http://localhost:1420/src/services/brainClient.ts:198:10)
    at refresh (http://localhost:1420/src/views/HomeFloatNotes.vue?t=1788078159546:51:30)
    at http://localhost:1420/src/views/HomeFloatNotes.vue?t=1788078159546:59:14
[ 4181916ms] TypeError: Cannot read properties of undefined (reading 'transformCallback')
    at transformCallback (http://localhost:1420/node_modules/.vite/deps/chunk-G7S6KQDI.js?v=318df923:22:37)
    at listen (http://localhost:1420/node_modules/.vite/deps/chunk-7FCLUC5I.js?v=318df923:39:14)
    at onBrainEvent (http://localhost:1420/src/services/brainClient.ts:299:10)
    at http://localhost:1420/src/lib/home/home-panel-run.ts:12:12
    at new Promise (<anonymous>)
    at runPanelAction (http://localhost:1420/src/lib/home/home-panel-run.ts:6:18)
    at refresh (http://localhost:1420/src/views/HomeMaterialsStat.vue?t=1788078978195:14:30)
[ 4184914ms] TypeError: Cannot read properties of undefined (reading 'transformCallback')
    at transformCallback (http://localhost:1420/node_modules/.vite/deps/chunk-G7S6KQDI.js?v=318df923:22:37)
    at listen (http://localhost:1420/node_modules/.vite/deps/chunk-7FCLUC5I.js?v=318df923:39:14)
    at once (http://localhost:1420/node_modules/.vite/deps/chunk-7FCLUC5I.js?v=318df923:45:10)
    at http://localhost:1420/src/services/brainClient.ts:20:10
    at new Promise (<anonymous>)
    at onceWithTimeout (http://localhost:1420/src/services/brainClient.ts:19:16)
    at getWidgetsOnce (http://localhost:1420/src/services/brainClient.ts:198:10)
    at refresh (http://localhost:1420/src/views/HomeFloatNotes.vue?t=1788078159546:51:30)
    at http://localhost:1420/src/views/HomeFloatNotes.vue?t=1788078159546:59:14
[ 4196915ms] TypeError: Cannot read properties of undefined (reading 'transformCallback')
    at transformCallback (http://localhost:1420/node_modules/.vite/deps/chunk-G7S6KQDI.js?v=318df923:22:37)
    at listen (http://localhost:1420/node_modules/.vite/deps/chunk-7FCLUC5I.js?v=318df923:39:14)
    at once (http://localhost:1420/node_modules/.vite/deps/chunk-7FCLUC5I.js?v=318df923:45:10)
    at http://localhost:1420/src/services/brainClient.ts:20:10
    at new Promise (<anonymous>)
    at onceWithTimeout (http://localhost:1420/src/services/brainClient.ts:19:16)
    at getWidgetsOnce (http://localhost:1420/src/services/brainClient.ts:198:10)
    at refresh (http://localhost:1420/src/views/HomeFloatNotes.vue?t=1788078159546:51:30)
    at http://localhost:1420/src/views/HomeFloatNotes.vue?t=1788078159546:59:14
[ 4208916ms] TypeError: Cannot read properties of undefined (reading 'transformCallback')
    at transformCallback (http://localhost:1420/node_modules/.vite/deps/chunk-G7S6KQDI.js?v=318df923:22:37)
    at listen (http://localhost:1420/node_modules/.vite/deps/chunk-7FCLUC5I.js?v=318df923:39:14)
    at once (http://localhost:1420/node_modules/.vite/deps/chunk-7FCLUC5I.js?v=318df923:45:10)
    at http://localhost:1420/src/services/brainClient.ts:20:10
    at new Promise (<anonymous>)
    at onceWithTimeout (http://localhost:1420/src/services/brainClient.ts:19:16)
    at getWidgetsOnce (http://localhost:1420/src/services/brainClient.ts:198:10)
    at refresh (http://localhost:1420/src/views/HomeFloatNotes.vue?t=1788078159546:51:30)
    at http://localhost:1420/src/views/HomeFloatNotes.vue?t=1788078159546:59:14
[ 4220916ms] TypeError: Cannot read properties of undefined (reading 'transformCallback')
    at transformCallback (http://localhost:1420/node_modules/.vite/deps/chunk-G7S6KQDI.js?v=318df923:22:37)
    at listen (http://localhost:1420/node_modules/.vite/deps/chunk-7FCLUC5I.js?v=318df923:39:14)
    at once (http://localhost:1420/node_modules/.vite/deps/chunk-7FCLUC5I.js?v=318df923:45:10)
    at http://localhost:1420/src/services/brainClient.ts:20:10
    at new Promise (<anonymous>)
    at onceWithTimeout (http://localhost:1420/src/services/brainClient.ts:19:16)
    at getWidgetsOnce (http://localhost:1420/src/services/brainClient.ts:198:10)
    at refresh (http://localhost:1420/src/views/HomeFloatNotes.vue?t=1788078159546:51:30)
    at http://localhost:1420/src/views/HomeFloatNotes.vue?t=1788078159546:59:14
[ 4232916ms] TypeError: Cannot read properties of undefined (reading 'transformCallback')
    at transformCallback (http://localhost:1420/node_modules/.vite/deps/chunk-G7S6KQDI.js?v=318df923:22:37)
    at listen (http://localhost:1420/node_modules/.vite/deps/chunk-7FCLUC5I.js?v=318df923:39:14)
    at once (http://localhost:1420/node_modules/.vite/deps/chunk-7FCLUC5I.js?v=318df923:45:10)
    at http://localhost:1420/src/services/brainClient.ts:20:10
    at new Promise (<anonymous>)
    at onceWithTimeout (http://localhost:1420/src/services/brainClient.ts:19:16)
    at getWidgetsOnce (http://localhost:1420/src/services/brainClient.ts:198:10)
    at refresh (http://localhost:1420/src/views/HomeFloatNotes.vue?t=1788078159546:51:30)
    at http://localhost:1420/src/views/HomeFloatNotes.vue?t=1788078159546:59:14
[ 4241917ms] TypeError: Cannot read properties of undefined (reading 'transformCallback')
    at transformCallback (http://localhost:1420/node_modules/.vite/deps/chunk-G7S6KQDI.js?v=318df923:22:37)
    at listen (http://localhost:1420/node_modules/.vite/deps/chunk-7FCLUC5I.js?v=318df923:39:14)
    at onBrainEvent (http://localhost:1420/src/services/brainClient.ts:299:10)
    at http://localhost:1420/src/lib/home/home-panel-run.ts:12:12
    at new Promise (<anonymous>)
    at runPanelAction (http://localhost:1420/src/lib/home/home-panel-run.ts:6:18)
    at refresh (http://localhost:1420/src/views/HomeMaterialsStat.vue?t=1788078978195:14:30)
[ 4244916ms] TypeError: Cannot read properties of undefined (reading 'transformCallback')
    at transformCallback (http://localhost:1420/node_modules/.vite/deps/chunk-G7S6KQDI.js?v=318df923:22:37)
    at listen (http://localhost:1420/node_modules/.vite/deps/chunk-7FCLUC5I.js?v=318df923:39:14)
    at once (http://localhost:1420/node_modules/.vite/deps/chunk-7FCLUC5I.js?v=318df923:45:10)
    at http://localhost:1420/src/services/brainClient.ts:20:10
    at new Promise (<anonymous>)
    at onceWithTimeout (http://localhost:1420/src/services/brainClient.ts:19:16)
    at getWidgetsOnce (http://localhost:1420/src/services/brainClient.ts:198:10)
    at refresh (http://localhost:1420/src/views/HomeFloatNotes.vue?t=1788078159546:51:30)
    at http://localhost:1420/src/views/HomeFloatNotes.vue?t=1788078159546:59:14
[ 4256916ms] TypeError: Cannot read properties of undefined (reading 'transformCallback')
    at transformCallback (http://localhost:1420/node_modules/.vite/deps/chunk-G7S6KQDI.js?v=318df923:22:37)
    at listen (http://localhost:1420/node_modules/.vite/deps/chunk-7FCLUC5I.js?v=318df923:39:14)
    at once (http://localhost:1420/node_modules/.vite/deps/chunk-7FCLUC5I.js?v=318df923:45:10)
    at http://localhost:1420/src/services/brainClient.ts:20:10
    at new Promise (<anonymous>)
    at onceWithTimeout (http://localhost:1420/src/services/brainClient.ts:19:16)
    at getWidgetsOnce (http://localhost:1420/src/services/brainClient.ts:198:10)
    at refresh (http://localhost:1420/src/views/HomeFloatNotes.vue?t=1788078159546:51:30)
    at http://localhost:1420/src/views/HomeFloatNotes.vue?t=1788078159546:59:14
[ 4268917ms] TypeError: Cannot read properties of undefined (reading 'transformCallback')
    at transformCallback (http://localhost:1420/node_modules/.vite/deps/chunk-G7S6KQDI.js?v=318df923:22:37)
    at listen (http://localhost:1420/node_modules/.vite/deps/chunk-7FCLUC5I.js?v=318df923:39:14)
    at once (http://localhost:1420/node_modules/.vite/deps/chunk-7FCLUC5I.js?v=318df923:45:10)
    at http://localhost:1420/src/services/brainClient.ts:20:10
    at new Promise (<anonymous>)
    at onceWithTimeout (http://localhost:1420/src/services/brainClient.ts:19:16)
    at getWidgetsOnce (http://localhost:1420/src/services/brainClient.ts:198:10)
    at refresh (http://localhost:1420/src/views/HomeFloatNotes.vue?t=1788078159546:51:30)
    at http://localhost:1420/src/views/HomeFloatNotes.vue?t=1788078159546:59:14
[ 4280916ms] TypeError: Cannot read properties of undefined (reading 'transformCallback')
    at transformCallback (http://localhost:1420/node_modules/.vite/deps/chunk-G7S6KQDI.js?v=318df923:22:37)
    at listen (http://localhost:1420/node_modules/.vite/deps/chunk-7FCLUC5I.js?v=318df923:39:14)
    at once (http://localhost:1420/node_modules/.vite/deps/chunk-7FCLUC5I.js?v=318df923:45:10)
    at http://localhost:1420/src/services/brainClient.ts:20:10
    at new Promise (<anonymous>)
    at onceWithTimeout (http://localhost:1420/src/services/brainClient.ts:19:16)
    at getWidgetsOnce (http://localhost:1420/src/services/brainClient.ts:198:10)
    at refresh (http://localhost:1420/src/views/HomeFloatNotes.vue?t=1788078159546:51:30)
    at http://localhost:1420/src/views/HomeFloatNotes.vue?t=1788078159546:59:14
[ 4292916ms] TypeError: Cannot read properties of undefined (reading 'transformCallback')
    at transformCallback (http://localhost:1420/node_modules/.vite/deps/chunk-G7S6KQDI.js?v=318df923:22:37)
    at listen (http://localhost:1420/node_modules/.vite/deps/chunk-7FCLUC5I.js?v=318df923:39:14)
    at once (http://localhost:1420/node_modules/.vite/deps/chunk-7FCLUC5I.js?v=318df923:45:10)
    at http://localhost:1420/src/services/brainClient.ts:20:10
    at new Promise (<anonymous>)
    at onceWithTimeout (http://localhost:1420/src/services/brainClient.ts:19:16)
    at getWidgetsOnce (http://localhost:1420/src/services/brainClient.ts:198:10)
    at refresh (http://localhost:1420/src/views/HomeFloatNotes.vue?t=1788078159546:51:30)
    at http://localhost:1420/src/views/HomeFloatNotes.vue?t=1788078159546:59:14
[ 4301917ms] TypeError: Cannot read properties of undefined (reading 'transformCallback')
    at transformCallback (http://localhost:1420/node_modules/.vite/deps/chunk-G7S6KQDI.js?v=318df923:22:37)
    at listen (http://localhost:1420/node_modules/.vite/deps/chunk-7FCLUC5I.js?v=318df923:39:14)
    at onBrainEvent (http://localhost:1420/src/services/brainClient.ts:299:10)
    at http://localhost:1420/src/lib/home/home-panel-run.ts:12:12
    at new Promise (<anonymous>)
    at runPanelAction (http://localhost:1420/src/lib/home/home-panel-run.ts:6:18)
    at refresh (http://localhost:1420/src/views/HomeMaterialsStat.vue?t=1788078978195:14:30)
[ 4304916ms] TypeError: Cannot read properties of undefined (reading 'transformCallback')
    at transformCallback (http://localhost:1420/node_modules/.vite/deps/chunk-G7S6KQDI.js?v=318df923:22:37)
    at listen (http://localhost:1420/node_modules/.vite/deps/chunk-7FCLUC5I.js?v=318df923:39:14)
    at once (http://localhost:1420/node_modules/.vite/deps/chunk-7FCLUC5I.js?v=318df923:45:10)
    at http://localhost:1420/src/services/brainClient.ts:20:10
    at new Promise (<anonymous>)
    at onceWithTimeout (http://localhost:1420/src/services/brainClient.ts:19:16)
    at getWidgetsOnce (http://localhost:1420/src/services/brainClient.ts:198:10)
    at refresh (http://localhost:1420/src/views/HomeFloatNotes.vue?t=1788078159546:51:30)
    at http://localhost:1420/src/views/HomeFloatNotes.vue?t=1788078159546:59:14
[ 4316915ms] TypeError: Cannot read properties of undefined (reading 'transformCallback')
    at transformCallback (http://localhost:1420/node_modules/.vite/deps/chunk-G7S6KQDI.js?v=318df923:22:37)
    at listen (http://localhost:1420/node_modules/.vite/deps/chunk-7FCLUC5I.js?v=318df923:39:14)
    at once (http://localhost:1420/node_modules/.vite/deps/chunk-7FCLUC5I.js?v=318df923:45:10)
    at http://localhost:1420/src/services/brainClient.ts:20:10
    at new Promise (<anonymous>)
    at onceWithTimeout (http://localhost:1420/src/services/brainClient.ts:19:16)
    at getWidgetsOnce (http://localhost:1420/src/services/brainClient.ts:198:10)
    at refresh (http://localhost:1420/src/views/HomeFloatNotes.vue?t=1788078159546:51:30)
    at http://localhost:1420/src/views/HomeFloatNotes.vue?t=1788078159546:59:14
[ 4328915ms] TypeError: Cannot read properties of undefined (reading 'transformCallback')
    at transformCallback (http://localhost:1420/node_modules/.vite/deps/chunk-G7S6KQDI.js?v=318df923:22:37)
    at listen (http://localhost:1420/node_modules/.vite/deps/chunk-7FCLUC5I.js?v=318df923:39:14)
    at once (http://localhost:1420/node_modules/.vite/deps/chunk-7FCLUC5I.js?v=318df923:45:10)
    at http://localhost:1420/src/services/brainClient.ts:20:10
    at new Promise (<anonymous>)
    at onceWithTimeout (http://localhost:1420/src/services/brainClient.ts:19:16)
    at getWidgetsOnce (http://localhost:1420/src/services/brainClient.ts:198:10)
    at refresh (http://localhost:1420/src/views/HomeFloatNotes.vue?t=1788078159546:51:30)
    at http://localhost:1420/src/views/HomeFloatNotes.vue?t=1788078159546:59:14
[ 4340916ms] TypeError: Cannot read properties of undefined (reading 'transformCallback')
    at transformCallback (http://localhost:1420/node_modules/.vite/deps/chunk-G7S6KQDI.js?v=318df923:22:37)
    at listen (http://localhost:1420/node_modules/.vite/deps/chunk-7FCLUC5I.js?v=318df923:39:14)
    at once (http://localhost:1420/node_modules/.vite/deps/chunk-7FCLUC5I.js?v=318df923:45:10)
    at http://localhost:1420/src/services/brainClient.ts:20:10
    at new Promise (<anonymous>)
    at onceWithTimeout (http://localhost:1420/src/services/brainClient.ts:19:16)
    at getWidgetsOnce (http://localhost:1420/src/services/brainClient.ts:198:10)
    at refresh (http://localhost:1420/src/views/HomeFloatNotes.vue?t=1788078159546:51:30)
    at http://localhost:1420/src/views/HomeFloatNotes.vue?t=1788078159546:59:14
[ 4352916ms] TypeError: Cannot read properties of undefined (reading 'transformCallback')
    at transformCallback (http://localhost:1420/node_modules/.vite/deps/chunk-G7S6KQDI.js?v=318df923:22:37)
    at listen (http://localhost:1420/node_modules/.vite/deps/chunk-7FCLUC5I.js?v=318df923:39:14)
    at once (http://localhost:1420/node_modules/.vite/deps/chunk-7FCLUC5I.js?v=318df923:45:10)
    at http://localhost:1420/src/services/brainClient.ts:20:10
    at new Promise (<anonymous>)
    at onceWithTimeout (http://localhost:1420/src/services/brainClient.ts:19:16)
    at getWidgetsOnce (http://localhost:1420/src/services/brainClient.ts:198:10)
    at refresh (http://localhost:1420/src/views/HomeFloatNotes.vue?t=1788078159546:51:30)
    at http://localhost:1420/src/views/HomeFloatNotes.vue?t=1788078159546:59:14
[ 4361918ms] TypeError: Cannot read properties of undefined (reading 'transformCallback')
    at transformCallback (http://localhost:1420/node_modules/.vite/deps/chunk-G7S6KQDI.js?v=318df923:22:37)
    at listen (http://localhost:1420/node_modules/.vite/deps/chunk-7FCLUC5I.js?v=318df923:39:14)
    at onBrainEvent (http://localhost:1420/src/services/brainClient.ts:299:10)
    at http://localhost:1420/src/lib/home/home-panel-run.ts:12:12
    at new Promise (<anonymous>)
    at runPanelAction (http://localhost:1420/src/lib/home/home-panel-run.ts:6:18)
    at refresh (http://localhost:1420/src/views/HomeMaterialsStat.vue?t=1788078978195:14:30)
[ 4364916ms] TypeError: Cannot read properties of undefined (reading 'transformCallback')
    at transformCallback (http://localhost:1420/node_modules/.vite/deps/chunk-G7S6KQDI.js?v=318df923:22:37)
    at listen (http://localhost:1420/node_modules/.vite/deps/chunk-7FCLUC5I.js?v=318df923:39:14)
    at once (http://localhost:1420/node_modules/.vite/deps/chunk-7FCLUC5I.js?v=318df923:45:10)
    at http://localhost:1420/src/services/brainClient.ts:20:10
    at new Promise (<anonymous>)
    at onceWithTimeout (http://localhost:1420/src/services/brainClient.ts:19:16)
    at getWidgetsOnce (http://localhost:1420/src/services/brainClient.ts:198:10)
    at refresh (http://localhost:1420/src/views/HomeFloatNotes.vue?t=1788078159546:51:30)
    at http://localhost:1420/src/views/HomeFloatNotes.vue?t=1788078159546:59:14
[ 4376916ms] TypeError: Cannot read properties of undefined (reading 'transformCallback')
    at transformCallback (http://localhost:1420/node_modules/.vite/deps/chunk-G7S6KQDI.js?v=318df923:22:37)
    at listen (http://localhost:1420/node_modules/.vite/deps/chunk-7FCLUC5I.js?v=318df923:39:14)
    at once (http://localhost:1420/node_modules/.vite/deps/chunk-7FCLUC5I.js?v=318df923:45:10)
    at http://localhost:1420/src/services/brainClient.ts:20:10
    at new Promise (<anonymous>)
    at onceWithTimeout (http://localhost:1420/src/services/brainClient.ts:19:16)
    at getWidgetsOnce (http://localhost:1420/src/services/brainClient.ts:198:10)
    at refresh (http://localhost:1420/src/views/HomeFloatNotes.vue?t=1788078159546:51:30)
    at http://localhost:1420/src/views/HomeFloatNotes.vue?t=1788078159546:59:14
[ 4388916ms] TypeError: Cannot read properties of undefined (reading 'transformCallback')
    at transformCallback (http://localhost:1420/node_modules/.vite/deps/chunk-G7S6KQDI.js?v=318df923:22:37)
    at listen (http://localhost:1420/node_modules/.vite/deps/chunk-7FCLUC5I.js?v=318df923:39:14)
    at once (http://localhost:1420/node_modules/.vite/deps/chunk-7FCLUC5I.js?v=318df923:45:10)
    at http://localhost:1420/src/services/brainClient.ts:20:10
    at new Promise (<anonymous>)
    at onceWithTimeout (http://localhost:1420/src/services/brainClient.ts:19:16)
    at getWidgetsOnce (http://localhost:1420/src/services/brainClient.ts:198:10)
    at refresh (http://localhost:1420/src/views/HomeFloatNotes.vue?t=1788078159546:51:30)
    at http://localhost:1420/src/views/HomeFloatNotes.vue?t=1788078159546:59:14
[ 4400919ms] TypeError: Cannot read properties of undefined (reading 'transformCallback')
    at transformCallback (http://localhost:1420/node_modules/.vite/deps/chunk-G7S6KQDI.js?v=318df923:22:37)
    at listen (http://localhost:1420/node_modules/.vite/deps/chunk-7FCLUC5I.js?v=318df923:39:14)
    at once (http://localhost:1420/node_modules/.vite/deps/chunk-7FCLUC5I.js?v=318df923:45:10)
    at http://localhost:1420/src/services/brainClient.ts:20:10
    at new Promise (<anonymous>)
    at onceWithTimeout (http://localhost:1420/src/services/brainClient.ts:19:16)
    at getWidgetsOnce (http://localhost:1420/src/services/brainClient.ts:198:10)
    at refresh (http://localhost:1420/src/views/HomeFloatNotes.vue?t=1788078159546:51:30)
    at http://localhost:1420/src/views/HomeFloatNotes.vue?t=1788078159546:59:14
[ 4412916ms] TypeError: Cannot read properties of undefined (reading 'transformCallback')
    at transformCallback (http://localhost:1420/node_modules/.vite/deps/chunk-G7S6KQDI.js?v=318df923:22:37)
    at listen (http://localhost:1420/node_modules/.vite/deps/chunk-7FCLUC5I.js?v=318df923:39:14)
    at once (http://localhost:1420/node_modules/.vite/deps/chunk-7FCLUC5I.js?v=318df923:45:10)
    at http://localhost:1420/src/services/brainClient.ts:20:10
    at new Promise (<anonymous>)
    at onceWithTimeout (http://localhost:1420/src/services/brainClient.ts:19:16)
    at getWidgetsOnce (http://localhost:1420/src/services/brainClient.ts:198:10)
    at refresh (http://localhost:1420/src/views/HomeFloatNotes.vue?t=1788078159546:51:30)
    at http://localhost:1420/src/views/HomeFloatNotes.vue?t=1788078159546:59:14
[ 4421917ms] TypeError: Cannot read properties of undefined (reading 'transformCallback')
    at transformCallback (http://localhost:1420/node_modules/.vite/deps/chunk-G7S6KQDI.js?v=318df923:22:37)
    at listen (http://localhost:1420/node_modules/.vite/deps/chunk-7FCLUC5I.js?v=318df923:39:14)
    at onBrainEvent (http://localhost:1420/src/services/brainClient.ts:299:10)
    at http://localhost:1420/src/lib/home/home-panel-run.ts:12:12
    at new Promise (<anonymous>)
    at runPanelAction (http://localhost:1420/src/lib/home/home-panel-run.ts:6:18)
    at refresh (http://localhost:1420/src/views/HomeMaterialsStat.vue?t=1788078978195:14:30)
[ 4424917ms] TypeError: Cannot read properties of undefined (reading 'transformCallback')
    at transformCallback (http://localhost:1420/node_modules/.vite/deps/chunk-G7S6KQDI.js?v=318df923:22:37)
    at listen (http://localhost:1420/node_modules/.vite/deps/chunk-7FCLUC5I.js?v=318df923:39:14)
    at once (http://localhost:1420/node_modules/.vite/deps/chunk-7FCLUC5I.js?v=318df923:45:10)
    at http://localhost:1420/src/services/brainClient.ts:20:10
    at new Promise (<anonymous>)
    at onceWithTimeout (http://localhost:1420/src/services/brainClient.ts:19:16)
    at getWidgetsOnce (http://localhost:1420/src/services/brainClient.ts:198:10)
    at refresh (http://localhost:1420/src/views/HomeFloatNotes.vue?t=1788078159546:51:30)
    at http://localhost:1420/src/views/HomeFloatNotes.vue?t=1788078159546:59:14
[ 4436916ms] TypeError: Cannot read properties of undefined (reading 'transformCallback')
    at transformCallback (http://localhost:1420/node_modules/.vite/deps/chunk-G7S6KQDI.js?v=318df923:22:37)
    at listen (http://localhost:1420/node_modules/.vite/deps/chunk-7FCLUC5I.js?v=318df923:39:14)
    at once (http://localhost:1420/node_modules/.vite/deps/chunk-7FCLUC5I.js?v=318df923:45:10)
    at http://localhost:1420/src/services/brainClient.ts:20:10
    at new Promise (<anonymous>)
    at onceWithTimeout (http://localhost:1420/src/services/brainClient.ts:19:16)
    at getWidgetsOnce (http://localhost:1420/src/services/brainClient.ts:198:10)
    at refresh (http://localhost:1420/src/views/HomeFloatNotes.vue?t=1788078159546:51:30)
    at http://localhost:1420/src/views/HomeFloatNotes.vue?t=1788078159546:59:14
[ 4448917ms] TypeError: Cannot read properties of undefined (reading 'transformCallback')
    at transformCallback (http://localhost:1420/node_modules/.vite/deps/chunk-G7S6KQDI.js?v=318df923:22:37)
    at listen (http://localhost:1420/node_modules/.vite/deps/chunk-7FCLUC5I.js?v=318df923:39:14)
    at once (http://localhost:1420/node_modules/.vite/deps/chunk-7FCLUC5I.js?v=318df923:45:10)
    at http://localhost:1420/src/services/brainClient.ts:20:10
    at new Promise (<anonymous>)
    at onceWithTimeout (http://localhost:1420/src/services/brainClient.ts:19:16)
    at getWidgetsOnce (http://localhost:1420/src/services/brainClient.ts:198:10)
    at refresh (http://localhost:1420/src/views/HomeFloatNotes.vue?t=1788078159546:51:30)
    at http://localhost:1420/src/views/HomeFloatNotes.vue?t=1788078159546:59:14
[ 4460916ms] TypeError: Cannot read properties of undefined (reading 'transformCallback')
    at transformCallback (http://localhost:1420/node_modules/.vite/deps/chunk-G7S6KQDI.js?v=318df923:22:37)
    at listen (http://localhost:1420/node_modules/.vite/deps/chunk-7FCLUC5I.js?v=318df923:39:14)
    at once (http://localhost:1420/node_modules/.vite/deps/chunk-7FCLUC5I.js?v=318df923:45:10)
    at http://localhost:1420/src/services/brainClient.ts:20:10
    at new Promise (<anonymous>)
    at onceWithTimeout (http://localhost:1420/src/services/brainClient.ts:19:16)
    at getWidgetsOnce (http://localhost:1420/src/services/brainClient.ts:198:10)
    at refresh (http://localhost:1420/src/views/HomeFloatNotes.vue?t=1788078159546:51:30)
    at http://localhost:1420/src/views/HomeFloatNotes.vue?t=1788078159546:59:14
[ 4472919ms] TypeError: Cannot read properties of undefined (reading 'transformCallback')
    at transformCallback (http://localhost:1420/node_modules/.vite/deps/chunk-G7S6KQDI.js?v=318df923:22:37)
    at listen (http://localhost:1420/node_modules/.vite/deps/chunk-7FCLUC5I.js?v=318df923:39:14)
    at once (http://localhost:1420/node_modules/.vite/deps/chunk-7FCLUC5I.js?v=318df923:45:10)
    at http://localhost:1420/src/services/brainClient.ts:20:10
    at new Promise (<anonymous>)
    at onceWithTimeout (http://localhost:1420/src/services/brainClient.ts:19:16)
    at getWidgetsOnce (http://localhost:1420/src/services/brainClient.ts:198:10)
    at refresh (http://localhost:1420/src/views/HomeFloatNotes.vue?t=1788078159546:51:30)
    at http://localhost:1420/src/views/HomeFloatNotes.vue?t=1788078159546:59:14
[ 4481916ms] TypeError: Cannot read properties of undefined (reading 'transformCallback')
    at transformCallback (http://localhost:1420/node_modules/.vite/deps/chunk-G7S6KQDI.js?v=318df923:22:37)
    at listen (http://localhost:1420/node_modules/.vite/deps/chunk-7FCLUC5I.js?v=318df923:39:14)
    at onBrainEvent (http://localhost:1420/src/services/brainClient.ts:299:10)
    at http://localhost:1420/src/lib/home/home-panel-run.ts:12:12
    at new Promise (<anonymous>)
    at runPanelAction (http://localhost:1420/src/lib/home/home-panel-run.ts:6:18)
    at refresh (http://localhost:1420/src/views/HomeMaterialsStat.vue?t=1788078978195:14:30)
[ 4484916ms] TypeError: Cannot read properties of undefined (reading 'transformCallback')
    at transformCallback (http://localhost:1420/node_modules/.vite/deps/chunk-G7S6KQDI.js?v=318df923:22:37)
    at listen (http://localhost:1420/node_modules/.vite/deps/chunk-7FCLUC5I.js?v=318df923:39:14)
    at once (http://localhost:1420/node_modules/.vite/deps/chunk-7FCLUC5I.js?v=318df923:45:10)
    at http://localhost:1420/src/services/brainClient.ts:20:10
    at new Promise (<anonymous>)
    at onceWithTimeout (http://localhost:1420/src/services/brainClient.ts:19:16)
    at getWidgetsOnce (http://localhost:1420/src/services/brainClient.ts:198:10)
    at refresh (http://localhost:1420/src/views/HomeFloatNotes.vue?t=1788078159546:51:30)
    at http://localhost:1420/src/views/HomeFloatNotes.vue?t=1788078159546:59:14
[ 4496924ms] TypeError: Cannot read properties of undefined (reading 'transformCallback')
    at transformCallback (http://localhost:1420/node_modules/.vite/deps/chunk-G7S6KQDI.js?v=318df923:22:37)
    at listen (http://localhost:1420/node_modules/.vite/deps/chunk-7FCLUC5I.js?v=318df923:39:14)
    at once (http://localhost:1420/node_modules/.vite/deps/chunk-7FCLUC5I.js?v=318df923:45:10)
    at http://localhost:1420/src/services/brainClient.ts:20:10
    at new Promise (<anonymous>)
    at onceWithTimeout (http://localhost:1420/src/services/brainClient.ts:19:16)
    at getWidgetsOnce (http://localhost:1420/src/services/brainClient.ts:198:10)
    at refresh (http://localhost:1420/src/views/HomeFloatNotes.vue?t=1788078159546:51:30)
    at http://localhost:1420/src/views/HomeFloatNotes.vue?t=1788078159546:59:14
[ 4508928ms] TypeError: Cannot read properties of undefined (reading 'transformCallback')
    at transformCallback (http://localhost:1420/node_modules/.vite/deps/chunk-G7S6KQDI.js?v=318df923:22:37)
    at listen (http://localhost:1420/node_modules/.vite/deps/chunk-7FCLUC5I.js?v=318df923:39:14)
    at once (http://localhost:1420/node_modules/.vite/deps/chunk-7FCLUC5I.js?v=318df923:45:10)
    at http://localhost:1420/src/services/brainClient.ts:20:10
    at new Promise (<anonymous>)
    at onceWithTimeout (http://localhost:1420/src/services/brainClient.ts:19:16)
    at getWidgetsOnce (http://localhost:1420/src/services/brainClient.ts:198:10)
    at refresh (http://localhost:1420/src/views/HomeFloatNotes.vue?t=1788078159546:51:30)
    at http://localhost:1420/src/views/HomeFloatNotes.vue?t=1788078159546:59:14
[ 4520932ms] TypeError: Cannot read properties of undefined (reading 'transformCallback')
    at transformCallback (http://localhost:1420/node_modules/.vite/deps/chunk-G7S6KQDI.js?v=318df923:22:37)
    at listen (http://localhost:1420/node_modules/.vite/deps/chunk-7FCLUC5I.js?v=318df923:39:14)
    at once (http://localhost:1420/node_modules/.vite/deps/chunk-7FCLUC5I.js?v=318df923:45:10)
    at http://localhost:1420/src/services/brainClient.ts:20:10
    at new Promise (<anonymous>)
    at onceWithTimeout (http://localhost:1420/src/services/brainClient.ts:19:16)
    at getWidgetsOnce (http://localhost:1420/src/services/brainClient.ts:198:10)
    at refresh (http://localhost:1420/src/views/HomeFloatNotes.vue?t=1788078159546:51:30)
    at http://localhost:1420/src/views/HomeFloatNotes.vue?t=1788078159546:59:14
[ 4532934ms] TypeError: Cannot read properties of undefined (reading 'transformCallback')
    at transformCallback (http://localhost:1420/node_modules/.vite/deps/chunk-G7S6KQDI.js?v=318df923:22:37)
    at listen (http://localhost:1420/node_modules/.vite/deps/chunk-7FCLUC5I.js?v=318df923:39:14)
    at once (http://localhost:1420/node_modules/.vite/deps/chunk-7FCLUC5I.js?v=318df923:45:10)
    at http://localhost:1420/src/services/brainClient.ts:20:10
    at new Promise (<anonymous>)
    at onceWithTimeout (http://localhost:1420/src/services/brainClient.ts:19:16)
    at getWidgetsOnce (http://localhost:1420/src/services/brainClient.ts:198:10)
    at refresh (http://localhost:1420/src/views/HomeFloatNotes.vue?t=1788078159546:51:30)
    at http://localhost:1420/src/views/HomeFloatNotes.vue?t=1788078159546:59:14
[ 4541933ms] TypeError: Cannot read properties of undefined (reading 'transformCallback')
    at transformCallback (http://localhost:1420/node_modules/.vite/deps/chunk-G7S6KQDI.js?v=318df923:22:37)
    at listen (http://localhost:1420/node_modules/.vite/deps/chunk-7FCLUC5I.js?v=318df923:39:14)
    at onBrainEvent (http://localhost:1420/src/services/brainClient.ts:299:10)
    at http://localhost:1420/src/lib/home/home-panel-run.ts:12:12
    at new Promise (<anonymous>)
    at runPanelAction (http://localhost:1420/src/lib/home/home-panel-run.ts:6:18)
    at refresh (http://localhost:1420/src/views/HomeMaterialsStat.vue?t=1788078978195:14:30)
[ 4544933ms] TypeError: Cannot read properties of undefined (reading 'transformCallback')
    at transformCallback (http://localhost:1420/node_modules/.vite/deps/chunk-G7S6KQDI.js?v=318df923:22:37)
    at listen (http://localhost:1420/node_modules/.vite/deps/chunk-7FCLUC5I.js?v=318df923:39:14)
    at once (http://localhost:1420/node_modules/.vite/deps/chunk-7FCLUC5I.js?v=318df923:45:10)
    at http://localhost:1420/src/services/brainClient.ts:20:10
    at new Promise (<anonymous>)
    at onceWithTimeout (http://localhost:1420/src/services/brainClient.ts:19:16)
    at getWidgetsOnce (http://localhost:1420/src/services/brainClient.ts:198:10)
    at refresh (http://localhost:1420/src/views/HomeFloatNotes.vue?t=1788078159546:51:30)
    at http://localhost:1420/src/views/HomeFloatNotes.vue?t=1788078159546:59:14
[ 4556932ms] TypeError: Cannot read properties of undefined (reading 'transformCallback')
    at transformCallback (http://localhost:1420/node_modules/.vite/deps/chunk-G7S6KQDI.js?v=318df923:22:37)
    at listen (http://localhost:1420/node_modules/.vite/deps/chunk-7FCLUC5I.js?v=318df923:39:14)
    at once (http://localhost:1420/node_modules/.vite/deps/chunk-7FCLUC5I.js?v=318df923:45:10)
    at http://localhost:1420/src/services/brainClient.ts:20:10
    at new Promise (<anonymous>)
    at onceWithTimeout (http://localhost:1420/src/services/brainClient.ts:19:16)
    at getWidgetsOnce (http://localhost:1420/src/services/brainClient.ts:198:10)
    at refresh (http://localhost:1420/src/views/HomeFloatNotes.vue?t=1788078159546:51:30)
    at http://localhost:1420/src/views/HomeFloatNotes.vue?t=1788078159546:59:14
[ 4568933ms] TypeError: Cannot read properties of undefined (reading 'transformCallback')
    at transformCallback (http://localhost:1420/node_modules/.vite/deps/chunk-G7S6KQDI.js?v=318df923:22:37)
    at listen (http://localhost:1420/node_modules/.vite/deps/chunk-7FCLUC5I.js?v=318df923:39:14)
    at once (http://localhost:1420/node_modules/.vite/deps/chunk-7FCLUC5I.js?v=318df923:45:10)
    at http://localhost:1420/src/services/brainClient.ts:20:10
    at new Promise (<anonymous>)
    at onceWithTimeout (http://localhost:1420/src/services/brainClient.ts:19:16)
    at getWidgetsOnce (http://localhost:1420/src/services/brainClient.ts:198:10)
    at refresh (http://localhost:1420/src/views/HomeFloatNotes.vue?t=1788078159546:51:30)
    at http://localhost:1420/src/views/HomeFloatNotes.vue?t=1788078159546:59:14
[ 4580934ms] TypeError: Cannot read properties of undefined (reading 'transformCallback')
    at transformCallback (http://localhost:1420/node_modules/.vite/deps/chunk-G7S6KQDI.js?v=318df923:22:37)
    at listen (http://localhost:1420/node_modules/.vite/deps/chunk-7FCLUC5I.js?v=318df923:39:14)
    at once (http://localhost:1420/node_modules/.vite/deps/chunk-7FCLUC5I.js?v=318df923:45:10)
    at http://localhost:1420/src/services/brainClient.ts:20:10
    at new Promise (<anonymous>)
    at onceWithTimeout (http://localhost:1420/src/services/brainClient.ts:19:16)
    at getWidgetsOnce (http://localhost:1420/src/services/brainClient.ts:198:10)
    at refresh (http://localhost:1420/src/views/HomeFloatNotes.vue?t=1788078159546:51:30)
    at http://localhost:1420/src/views/HomeFloatNotes.vue?t=1788078159546:59:14
[ 4592934ms] TypeError: Cannot read properties of undefined (reading 'transformCallback')
    at transformCallback (http://localhost:1420/node_modules/.vite/deps/chunk-G7S6KQDI.js?v=318df923:22:37)
    at listen (http://localhost:1420/node_modules/.vite/deps/chunk-7FCLUC5I.js?v=318df923:39:14)
    at once (http://localhost:1420/node_modules/.vite/deps/chunk-7FCLUC5I.js?v=318df923:45:10)
    at http://localhost:1420/src/services/brainClient.ts:20:10
    at new Promise (<anonymous>)
    at onceWithTimeout (http://localhost:1420/src/services/brainClient.ts:19:16)
    at getWidgetsOnce (http://localhost:1420/src/services/brainClient.ts:198:10)
    at refresh (http://localhost:1420/src/views/HomeFloatNotes.vue?t=1788078159546:51:30)
    at http://localhost:1420/src/views/HomeFloatNotes.vue?t=1788078159546:59:14
[ 4601932ms] TypeError: Cannot read properties of undefined (reading 'transformCallback')
    at transformCallback (http://localhost:1420/node_modules/.vite/deps/chunk-G7S6KQDI.js?v=318df923:22:37)
    at listen (http://localhost:1420/node_modules/.vite/deps/chunk-7FCLUC5I.js?v=318df923:39:14)
    at onBrainEvent (http://localhost:1420/src/services/brainClient.ts:299:10)
    at http://localhost:1420/src/lib/home/home-panel-run.ts:12:12
    at new Promise (<anonymous>)
    at runPanelAction (http://localhost:1420/src/lib/home/home-panel-run.ts:6:18)
    at refresh (http://localhost:1420/src/views/HomeMaterialsStat.vue?t=1788078978195:14:30)
[ 4604934ms] TypeError: Cannot read properties of undefined (reading 'transformCallback')
    at transformCallback (http://localhost:1420/node_modules/.vite/deps/chunk-G7S6KQDI.js?v=318df923:22:37)
    at listen (http://localhost:1420/node_modules/.vite/deps/chunk-7FCLUC5I.js?v=318df923:39:14)
    at once (http://localhost:1420/node_modules/.vite/deps/chunk-7FCLUC5I.js?v=318df923:45:10)
    at http://localhost:1420/src/services/brainClient.ts:20:10
    at new Promise (<anonymous>)
    at onceWithTimeout (http://localhost:1420/src/services/brainClient.ts:19:16)
    at getWidgetsOnce (http://localhost:1420/src/services/brainClient.ts:198:10)
    at refresh (http://localhost:1420/src/views/HomeFloatNotes.vue?t=1788078159546:51:30)
    at http://localhost:1420/src/views/HomeFloatNotes.vue?t=1788078159546:59:14
[ 4616934ms] TypeError: Cannot read properties of undefined (reading 'transformCallback')
    at transformCallback (http://localhost:1420/node_modules/.vite/deps/chunk-G7S6KQDI.js?v=318df923:22:37)
    at listen (http://localhost:1420/node_modules/.vite/deps/chunk-7FCLUC5I.js?v=318df923:39:14)
    at once (http://localhost:1420/node_modules/.vite/deps/chunk-7FCLUC5I.js?v=318df923:45:10)
    at http://localhost:1420/src/services/brainClient.ts:20:10
    at new Promise (<anonymous>)
    at onceWithTimeout (http://localhost:1420/src/services/brainClient.ts:19:16)
    at getWidgetsOnce (http://localhost:1420/src/services/brainClient.ts:198:10)
    at refresh (http://localhost:1420/src/views/HomeFloatNotes.vue?t=1788078159546:51:30)
    at http://localhost:1420/src/views/HomeFloatNotes.vue?t=1788078159546:59:14
[ 4628934ms] TypeError: Cannot read properties of undefined (reading 'transformCallback')
    at transformCallback (http://localhost:1420/node_modules/.vite/deps/chunk-G7S6KQDI.js?v=318df923:22:37)
    at listen (http://localhost:1420/node_modules/.vite/deps/chunk-7FCLUC5I.js?v=318df923:39:14)
    at once (http://localhost:1420/node_modules/.vite/deps/chunk-7FCLUC5I.js?v=318df923:45:10)
    at http://localhost:1420/src/services/brainClient.ts:20:10
    at new Promise (<anonymous>)
    at onceWithTimeout (http://localhost:1420/src/services/brainClient.ts:19:16)
    at getWidgetsOnce (http://localhost:1420/src/services/brainClient.ts:198:10)
    at refresh (http://localhost:1420/src/views/HomeFloatNotes.vue?t=1788078159546:51:30)
    at http://localhost:1420/src/views/HomeFloatNotes.vue?t=1788078159546:59:14
[ 4640936ms] TypeError: Cannot read properties of undefined (reading 'transformCallback')
    at transformCallback (http://localhost:1420/node_modules/.vite/deps/chunk-G7S6KQDI.js?v=318df923:22:37)
    at listen (http://localhost:1420/node_modules/.vite/deps/chunk-7FCLUC5I.js?v=318df923:39:14)
    at once (http://localhost:1420/node_modules/.vite/deps/chunk-7FCLUC5I.js?v=318df923:45:10)
    at http://localhost:1420/src/services/brainClient.ts:20:10
    at new Promise (<anonymous>)
    at onceWithTimeout (http://localhost:1420/src/services/brainClient.ts:19:16)
    at getWidgetsOnce (http://localhost:1420/src/services/brainClient.ts:198:10)
    at refresh (http://localhost:1420/src/views/HomeFloatNotes.vue?t=1788078159546:51:30)
    at http://localhost:1420/src/views/HomeFloatNotes.vue?t=1788078159546:59:14
[ 4652936ms] TypeError: Cannot read properties of undefined (reading 'transformCallback')
    at transformCallback (http://localhost:1420/node_modules/.vite/deps/chunk-G7S6KQDI.js?v=318df923:22:37)
    at listen (http://localhost:1420/node_modules/.vite/deps/chunk-7FCLUC5I.js?v=318df923:39:14)
    at once (http://localhost:1420/node_modules/.vite/deps/chunk-7FCLUC5I.js?v=318df923:45:10)
    at http://localhost:1420/src/services/brainClient.ts:20:10
    at new Promise (<anonymous>)
    at onceWithTimeout (http://localhost:1420/src/services/brainClient.ts:19:16)
    at getWidgetsOnce (http://localhost:1420/src/services/brainClient.ts:198:10)
    at refresh (http://localhost:1420/src/views/HomeFloatNotes.vue?t=1788078159546:51:30)
    at http://localhost:1420/src/views/HomeFloatNotes.vue?t=1788078159546:59:14
[ 4661934ms] TypeError: Cannot read properties of undefined (reading 'transformCallback')
    at transformCallback (http://localhost:1420/node_modules/.vite/deps/chunk-G7S6KQDI.js?v=318df923:22:37)
    at listen (http://localhost:1420/node_modules/.vite/deps/chunk-7FCLUC5I.js?v=318df923:39:14)
    at onBrainEvent (http://localhost:1420/src/services/brainClient.ts:299:10)
    at http://localhost:1420/src/lib/home/home-panel-run.ts:12:12
    at new Promise (<anonymous>)
    at runPanelAction (http://localhost:1420/src/lib/home/home-panel-run.ts:6:18)
    at refresh (http://localhost:1420/src/views/HomeMaterialsStat.vue?t=1788078978195:14:30)
[ 4664934ms] TypeError: Cannot read properties of undefined (reading 'transformCallback')
    at transformCallback (http://localhost:1420/node_modules/.vite/deps/chunk-G7S6KQDI.js?v=318df923:22:37)
    at listen (http://localhost:1420/node_modules/.vite/deps/chunk-7FCLUC5I.js?v=318df923:39:14)
    at once (http://localhost:1420/node_modules/.vite/deps/chunk-7FCLUC5I.js?v=318df923:45:10)
    at http://localhost:1420/src/services/brainClient.ts:20:10
    at new Promise (<anonymous>)
    at onceWithTimeout (http://localhost:1420/src/services/brainClient.ts:19:16)
    at getWidgetsOnce (http://localhost:1420/src/services/brainClient.ts:198:10)
    at refresh (http://localhost:1420/src/views/HomeFloatNotes.vue?t=1788078159546:51:30)
    at http://localhost:1420/src/views/HomeFloatNotes.vue?t=1788078159546:59:14
[ 4676938ms] TypeError: Cannot read properties of undefined (reading 'transformCallback')
    at transformCallback (http://localhost:1420/node_modules/.vite/deps/chunk-G7S6KQDI.js?v=318df923:22:37)
    at listen (http://localhost:1420/node_modules/.vite/deps/chunk-7FCLUC5I.js?v=318df923:39:14)
    at once (http://localhost:1420/node_modules/.vite/deps/chunk-7FCLUC5I.js?v=318df923:45:10)
    at http://localhost:1420/src/services/brainClient.ts:20:10
    at new Promise (<anonymous>)
    at onceWithTimeout (http://localhost:1420/src/services/brainClient.ts:19:16)
    at getWidgetsOnce (http://localhost:1420/src/services/brainClient.ts:198:10)
    at refresh (http://localhost:1420/src/views/HomeFloatNotes.vue?t=1788078159546:51:30)
    at http://localhost:1420/src/views/HomeFloatNotes.vue?t=1788078159546:59:14
[ 4688937ms] TypeError: Cannot read properties of undefined (reading 'transformCallback')
    at transformCallback (http://localhost:1420/node_modules/.vite/deps/chunk-G7S6KQDI.js?v=318df923:22:37)
    at listen (http://localhost:1420/node_modules/.vite/deps/chunk-7FCLUC5I.js?v=318df923:39:14)
    at once (http://localhost:1420/node_modules/.vite/deps/chunk-7FCLUC5I.js?v=318df923:45:10)
    at http://localhost:1420/src/services/brainClient.ts:20:10
    at new Promise (<anonymous>)
    at onceWithTimeout (http://localhost:1420/src/services/brainClient.ts:19:16)
    at getWidgetsOnce (http://localhost:1420/src/services/brainClient.ts:198:10)
    at refresh (http://localhost:1420/src/views/HomeFloatNotes.vue?t=1788078159546:51:30)
    at http://localhost:1420/src/views/HomeFloatNotes.vue?t=1788078159546:59:14
[ 4700935ms] TypeError: Cannot read properties of undefined (reading 'transformCallback')
    at transformCallback (http://localhost:1420/node_modules/.vite/deps/chunk-G7S6KQDI.js?v=318df923:22:37)
    at listen (http://localhost:1420/node_modules/.vite/deps/chunk-7FCLUC5I.js?v=318df923:39:14)
    at once (http://localhost:1420/node_modules/.vite/deps/chunk-7FCLUC5I.js?v=318df923:45:10)
    at http://localhost:1420/src/services/brainClient.ts:20:10
    at new Promise (<anonymous>)
    at onceWithTimeout (http://localhost:1420/src/services/brainClient.ts:19:16)
    at getWidgetsOnce (http://localhost:1420/src/services/brainClient.ts:198:10)
    at refresh (http://localhost:1420/src/views/HomeFloatNotes.vue?t=1788078159546:51:30)
    at http://localhost:1420/src/views/HomeFloatNotes.vue?t=1788078159546:59:14
[ 4712934ms] TypeError: Cannot read properties of undefined (reading 'transformCallback')
    at transformCallback (http://localhost:1420/node_modules/.vite/deps/chunk-G7S6KQDI.js?v=318df923:22:37)
    at listen (http://localhost:1420/node_modules/.vite/deps/chunk-7FCLUC5I.js?v=318df923:39:14)
    at once (http://localhost:1420/node_modules/.vite/deps/chunk-7FCLUC5I.js?v=318df923:45:10)
    at http://localhost:1420/src/services/brainClient.ts:20:10
    at new Promise (<anonymous>)
    at onceWithTimeout (http://localhost:1420/src/services/brainClient.ts:19:16)
    at getWidgetsOnce (http://localhost:1420/src/services/brainClient.ts:198:10)
    at refresh (http://localhost:1420/src/views/HomeFloatNotes.vue?t=1788078159546:51:30)
    at http://localhost:1420/src/views/HomeFloatNotes.vue?t=1788078159546:59:14
[ 4721937ms] TypeError: Cannot read properties of undefined (reading 'transformCallback')
    at transformCallback (http://localhost:1420/node_modules/.vite/deps/chunk-G7S6KQDI.js?v=318df923:22:37)
    at listen (http://localhost:1420/node_modules/.vite/deps/chunk-7FCLUC5I.js?v=318df923:39:14)
    at onBrainEvent (http://localhost:1420/src/services/brainClient.ts:299:10)
    at http://localhost:1420/src/lib/home/home-panel-run.ts:12:12
    at new Promise (<anonymous>)
    at runPanelAction (http://localhost:1420/src/lib/home/home-panel-run.ts:6:18)
    at refresh (http://localhost:1420/src/views/HomeMaterialsStat.vue?t=1788078978195:14:30)
[ 4724935ms] TypeError: Cannot read properties of undefined (reading 'transformCallback')
    at transformCallback (http://localhost:1420/node_modules/.vite/deps/chunk-G7S6KQDI.js?v=318df923:22:37)
    at listen (http://localhost:1420/node_modules/.vite/deps/chunk-7FCLUC5I.js?v=318df923:39:14)
    at once (http://localhost:1420/node_modules/.vite/deps/chunk-7FCLUC5I.js?v=318df923:45:10)
    at http://localhost:1420/src/services/brainClient.ts:20:10
    at new Promise (<anonymous>)
    at onceWithTimeout (http://localhost:1420/src/services/brainClient.ts:19:16)
    at getWidgetsOnce (http://localhost:1420/src/services/brainClient.ts:198:10)
    at refresh (http://localhost:1420/src/views/HomeFloatNotes.vue?t=1788078159546:51:30)
    at http://localhost:1420/src/views/HomeFloatNotes.vue?t=1788078159546:59:14
[ 4736936ms] TypeError: Cannot read properties of undefined (reading 'transformCallback')
    at transformCallback (http://localhost:1420/node_modules/.vite/deps/chunk-G7S6KQDI.js?v=318df923:22:37)
    at listen (http://localhost:1420/node_modules/.vite/deps/chunk-7FCLUC5I.js?v=318df923:39:14)
    at once (http://localhost:1420/node_modules/.vite/deps/chunk-7FCLUC5I.js?v=318df923:45:10)
    at http://localhost:1420/src/services/brainClient.ts:20:10
    at new Promise (<anonymous>)
    at onceWithTimeout (http://localhost:1420/src/services/brainClient.ts:19:16)
    at getWidgetsOnce (http://localhost:1420/src/services/brainClient.ts:198:10)
    at refresh (http://localhost:1420/src/views/HomeFloatNotes.vue?t=1788078159546:51:30)
    at http://localhost:1420/src/views/HomeFloatNotes.vue?t=1788078159546:59:14
[ 4748935ms] TypeError: Cannot read properties of undefined (reading 'transformCallback')
    at transformCallback (http://localhost:1420/node_modules/.vite/deps/chunk-G7S6KQDI.js?v=318df923:22:37)
    at listen (http://localhost:1420/node_modules/.vite/deps/chunk-7FCLUC5I.js?v=318df923:39:14)
    at once (http://localhost:1420/node_modules/.vite/deps/chunk-7FCLUC5I.js?v=318df923:45:10)
    at http://localhost:1420/src/services/brainClient.ts:20:10
    at new Promise (<anonymous>)
    at onceWithTimeout (http://localhost:1420/src/services/brainClient.ts:19:16)
    at getWidgetsOnce (http://localhost:1420/src/services/brainClient.ts:198:10)
    at refresh (http://localhost:1420/src/views/HomeFloatNotes.vue?t=1788078159546:51:30)
    at http://localhost:1420/src/views/HomeFloatNotes.vue?t=1788078159546:59:14
[ 4760937ms] TypeError: Cannot read properties of undefined (reading 'transformCallback')
    at transformCallback (http://localhost:1420/node_modules/.vite/deps/chunk-G7S6KQDI.js?v=318df923:22:37)
    at listen (http://localhost:1420/node_modules/.vite/deps/chunk-7FCLUC5I.js?v=318df923:39:14)
    at once (http://localhost:1420/node_modules/.vite/deps/chunk-7FCLUC5I.js?v=318df923:45:10)
    at http://localhost:1420/src/services/brainClient.ts:20:10
    at new Promise (<anonymous>)
    at onceWithTimeout (http://localhost:1420/src/services/brainClient.ts:19:16)
    at getWidgetsOnce (http://localhost:1420/src/services/brainClient.ts:198:10)
    at refresh (http://localhost:1420/src/views/HomeFloatNotes.vue?t=1788078159546:51:30)
    at http://localhost:1420/src/views/HomeFloatNotes.vue?t=1788078159546:59:14
[ 4772936ms] TypeError: Cannot read properties of undefined (reading 'transformCallback')
    at transformCallback (http://localhost:1420/node_modules/.vite/deps/chunk-G7S6KQDI.js?v=318df923:22:37)
    at listen (http://localhost:1420/node_modules/.vite/deps/chunk-7FCLUC5I.js?v=318df923:39:14)
    at once (http://localhost:1420/node_modules/.vite/deps/chunk-7FCLUC5I.js?v=318df923:45:10)
    at http://localhost:1420/src/services/brainClient.ts:20:10
    at new Promise (<anonymous>)
    at onceWithTimeout (http://localhost:1420/src/services/brainClient.ts:19:16)
    at getWidgetsOnce (http://localhost:1420/src/services/brainClient.ts:198:10)
    at refresh (http://localhost:1420/src/views/HomeFloatNotes.vue?t=1788078159546:51:30)
    at http://localhost:1420/src/views/HomeFloatNotes.vue?t=1788078159546:59:14
[ 4781936ms] TypeError: Cannot read properties of undefined (reading 'transformCallback')
    at transformCallback (http://localhost:1420/node_modules/.vite/deps/chunk-G7S6KQDI.js?v=318df923:22:37)
    at listen (http://localhost:1420/node_modules/.vite/deps/chunk-7FCLUC5I.js?v=318df923:39:14)
    at onBrainEvent (http://localhost:1420/src/services/brainClient.ts:299:10)
    at http://localhost:1420/src/lib/home/home-panel-run.ts:12:12
    at new Promise (<anonymous>)
    at runPanelAction (http://localhost:1420/src/lib/home/home-panel-run.ts:6:18)
    at refresh (http://localhost:1420/src/views/HomeMaterialsStat.vue?t=1788078978195:14:30)
[ 4784935ms] TypeError: Cannot read properties of undefined (reading 'transformCallback')
    at transformCallback (http://localhost:1420/node_modules/.vite/deps/chunk-G7S6KQDI.js?v=318df923:22:37)
    at listen (http://localhost:1420/node_modules/.vite/deps/chunk-7FCLUC5I.js?v=318df923:39:14)
    at once (http://localhost:1420/node_modules/.vite/deps/chunk-7FCLUC5I.js?v=318df923:45:10)
    at http://localhost:1420/src/services/brainClient.ts:20:10
    at new Promise (<anonymous>)
    at onceWithTimeout (http://localhost:1420/src/services/brainClient.ts:19:16)
    at getWidgetsOnce (http://localhost:1420/src/services/brainClient.ts:198:10)
    at refresh (http://localhost:1420/src/views/HomeFloatNotes.vue?t=1788078159546:51:30)
    at http://localhost:1420/src/views/HomeFloatNotes.vue?t=1788078159546:59:14
[ 4796934ms] TypeError: Cannot read properties of undefined (reading 'transformCallback')
    at transformCallback (http://localhost:1420/node_modules/.vite/deps/chunk-G7S6KQDI.js?v=318df923:22:37)
    at listen (http://localhost:1420/node_modules/.vite/deps/chunk-7FCLUC5I.js?v=318df923:39:14)
    at once (http://localhost:1420/node_modules/.vite/deps/chunk-7FCLUC5I.js?v=318df923:45:10)
    at http://localhost:1420/src/services/brainClient.ts:20:10
    at new Promise (<anonymous>)
    at onceWithTimeout (http://localhost:1420/src/services/brainClient.ts:19:16)
    at getWidgetsOnce (http://localhost:1420/src/services/brainClient.ts:198:10)
    at refresh (http://localhost:1420/src/views/HomeFloatNotes.vue?t=1788078159546:51:30)
    at http://localhost:1420/src/views/HomeFloatNotes.vue?t=1788078159546:59:14
[ 4808937ms] TypeError: Cannot read properties of undefined (reading 'transformCallback')
    at transformCallback (http://localhost:1420/node_modules/.vite/deps/chunk-G7S6KQDI.js?v=318df923:22:37)
    at listen (http://localhost:1420/node_modules/.vite/deps/chunk-7FCLUC5I.js?v=318df923:39:14)
    at once (http://localhost:1420/node_modules/.vite/deps/chunk-7FCLUC5I.js?v=318df923:45:10)
    at http://localhost:1420/src/services/brainClient.ts:20:10
    at new Promise (<anonymous>)
    at onceWithTimeout (http://localhost:1420/src/services/brainClient.ts:19:16)
    at getWidgetsOnce (http://localhost:1420/src/services/brainClient.ts:198:10)
    at refresh (http://localhost:1420/src/views/HomeFloatNotes.vue?t=1788078159546:51:30)
    at http://localhost:1420/src/views/HomeFloatNotes.vue?t=1788078159546:59:14
[ 4820937ms] TypeError: Cannot read properties of undefined (reading 'transformCallback')
    at transformCallback (http://localhost:1420/node_modules/.vite/deps/chunk-G7S6KQDI.js?v=318df923:22:37)
    at listen (http://localhost:1420/node_modules/.vite/deps/chunk-7FCLUC5I.js?v=318df923:39:14)
    at once (http://localhost:1420/node_modules/.vite/deps/chunk-7FCLUC5I.js?v=318df923:45:10)
    at http://localhost:1420/src/services/brainClient.ts:20:10
    at new Promise (<anonymous>)
    at onceWithTimeout (http://localhost:1420/src/services/brainClient.ts:19:16)
    at getWidgetsOnce (http://localhost:1420/src/services/brainClient.ts:198:10)
    at refresh (http://localhost:1420/src/views/HomeFloatNotes.vue?t=1788078159546:51:30)
    at http://localhost:1420/src/views/HomeFloatNotes.vue?t=1788078159546:59:14
[ 4832938ms] TypeError: Cannot read properties of undefined (reading 'transformCallback')
    at transformCallback (http://localhost:1420/node_modules/.vite/deps/chunk-G7S6KQDI.js?v=318df923:22:37)
    at listen (http://localhost:1420/node_modules/.vite/deps/chunk-7FCLUC5I.js?v=318df923:39:14)
    at once (http://localhost:1420/node_modules/.vite/deps/chunk-7FCLUC5I.js?v=318df923:45:10)
    at http://localhost:1420/src/services/brainClient.ts:20:10
    at new Promise (<anonymous>)
    at onceWithTimeout (http://localhost:1420/src/services/brainClient.ts:19:16)
    at getWidgetsOnce (http://localhost:1420/src/services/brainClient.ts:198:10)
    at refresh (http://localhost:1420/src/views/HomeFloatNotes.vue?t=1788078159546:51:30)
    at http://localhost:1420/src/views/HomeFloatNotes.vue?t=1788078159546:59:14
[ 4841934ms] TypeError: Cannot read properties of undefined (reading 'transformCallback')
    at transformCallback (http://localhost:1420/node_modules/.vite/deps/chunk-G7S6KQDI.js?v=318df923:22:37)
    at listen (http://localhost:1420/node_modules/.vite/deps/chunk-7FCLUC5I.js?v=318df923:39:14)
    at onBrainEvent (http://localhost:1420/src/services/brainClient.ts:299:10)
    at http://localhost:1420/src/lib/home/home-panel-run.ts:12:12
    at new Promise (<anonymous>)
    at runPanelAction (http://localhost:1420/src/lib/home/home-panel-run.ts:6:18)
    at refresh (http://localhost:1420/src/views/HomeMaterialsStat.vue?t=1788078978195:14:30)
[ 4844936ms] TypeError: Cannot read properties of undefined (reading 'transformCallback')
    at transformCallback (http://localhost:1420/node_modules/.vite/deps/chunk-G7S6KQDI.js?v=318df923:22:37)
    at listen (http://localhost:1420/node_modules/.vite/deps/chunk-7FCLUC5I.js?v=318df923:39:14)
    at once (http://localhost:1420/node_modules/.vite/deps/chunk-7FCLUC5I.js?v=318df923:45:10)
    at http://localhost:1420/src/services/brainClient.ts:20:10
    at new Promise (<anonymous>)
    at onceWithTimeout (http://localhost:1420/src/services/brainClient.ts:19:16)
    at getWidgetsOnce (http://localhost:1420/src/services/brainClient.ts:198:10)
    at refresh (http://localhost:1420/src/views/HomeFloatNotes.vue?t=1788078159546:51:30)
    at http://localhost:1420/src/views/HomeFloatNotes.vue?t=1788078159546:59:14
[ 4856935ms] TypeError: Cannot read properties of undefined (reading 'transformCallback')
    at transformCallback (http://localhost:1420/node_modules/.vite/deps/chunk-G7S6KQDI.js?v=318df923:22:37)
    at listen (http://localhost:1420/node_modules/.vite/deps/chunk-7FCLUC5I.js?v=318df923:39:14)
    at once (http://localhost:1420/node_modules/.vite/deps/chunk-7FCLUC5I.js?v=318df923:45:10)
    at http://localhost:1420/src/services/brainClient.ts:20:10
    at new Promise (<anonymous>)
    at onceWithTimeout (http://localhost:1420/src/services/brainClient.ts:19:16)
    at getWidgetsOnce (http://localhost:1420/src/services/brainClient.ts:198:10)
    at refresh (http://localhost:1420/src/views/HomeFloatNotes.vue?t=1788078159546:51:30)
    at http://localhost:1420/src/views/HomeFloatNotes.vue?t=1788078159546:59:14
[ 4868936ms] TypeError: Cannot read properties of undefined (reading 'transformCallback')
    at transformCallback (http://localhost:1420/node_modules/.vite/deps/chunk-G7S6KQDI.js?v=318df923:22:37)
    at listen (http://localhost:1420/node_modules/.vite/deps/chunk-7FCLUC5I.js?v=318df923:39:14)
    at once (http://localhost:1420/node_modules/.vite/deps/chunk-7FCLUC5I.js?v=318df923:45:10)
    at http://localhost:1420/src/services/brainClient.ts:20:10
    at new Promise (<anonymous>)
    at onceWithTimeout (http://localhost:1420/src/services/brainClient.ts:19:16)
    at getWidgetsOnce (http://localhost:1420/src/services/brainClient.ts:198:10)
    at refresh (http://localhost:1420/src/views/HomeFloatNotes.vue?t=1788078159546:51:30)
    at http://localhost:1420/src/views/HomeFloatNotes.vue?t=1788078159546:59:14
[ 4880937ms] TypeError: Cannot read properties of undefined (reading 'transformCallback')
    at transformCallback (http://localhost:1420/node_modules/.vite/deps/chunk-G7S6KQDI.js?v=318df923:22:37)
    at listen (http://localhost:1420/node_modules/.vite/deps/chunk-7FCLUC5I.js?v=318df923:39:14)
    at once (http://localhost:1420/node_modules/.vite/deps/chunk-7FCLUC5I.js?v=318df923:45:10)
    at http://localhost:1420/src/services/brainClient.ts:20:10
    at new Promise (<anonymous>)
    at onceWithTimeout (http://localhost:1420/src/services/brainClient.ts:19:16)
    at getWidgetsOnce (http://localhost:1420/src/services/brainClient.ts:198:10)
    at refresh (http://localhost:1420/src/views/HomeFloatNotes.vue?t=1788078159546:51:30)
    at http://localhost:1420/src/views/HomeFloatNotes.vue?t=1788078159546:59:14
[ 4892937ms] TypeError: Cannot read properties of undefined (reading 'transformCallback')
    at transformCallback (http://localhost:1420/node_modules/.vite/deps/chunk-G7S6KQDI.js?v=318df923:22:37)
    at listen (http://localhost:1420/node_modules/.vite/deps/chunk-7FCLUC5I.js?v=318df923:39:14)
    at once (http://localhost:1420/node_modules/.vite/deps/chunk-7FCLUC5I.js?v=318df923:45:10)
    at http://localhost:1420/src/services/brainClient.ts:20:10
    at new Promise (<anonymous>)
    at onceWithTimeout (http://localhost:1420/src/services/brainClient.ts:19:16)
    at getWidgetsOnce (http://localhost:1420/src/services/brainClient.ts:198:10)
    at refresh (http://localhost:1420/src/views/HomeFloatNotes.vue?t=1788078159546:51:30)
    at http://localhost:1420/src/views/HomeFloatNotes.vue?t=1788078159546:59:14
[ 4901937ms] TypeError: Cannot read properties of undefined (reading 'transformCallback')
    at transformCallback (http://localhost:1420/node_modules/.vite/deps/chunk-G7S6KQDI.js?v=318df923:22:37)
    at listen (http://localhost:1420/node_modules/.vite/deps/chunk-7FCLUC5I.js?v=318df923:39:14)
    at onBrainEvent (http://localhost:1420/src/services/brainClient.ts:299:10)
    at http://localhost:1420/src/lib/home/home-panel-run.ts:12:12
    at new Promise (<anonymous>)
    at runPanelAction (http://localhost:1420/src/lib/home/home-panel-run.ts:6:18)
    at refresh (http://localhost:1420/src/views/HomeMaterialsStat.vue?t=1788078978195:14:30)
[ 4904937ms] TypeError: Cannot read properties of undefined (reading 'transformCallback')
    at transformCallback (http://localhost:1420/node_modules/.vite/deps/chunk-G7S6KQDI.js?v=318df923:22:37)
    at listen (http://localhost:1420/node_modules/.vite/deps/chunk-7FCLUC5I.js?v=318df923:39:14)
    at once (http://localhost:1420/node_modules/.vite/deps/chunk-7FCLUC5I.js?v=318df923:45:10)
    at http://localhost:1420/src/services/brainClient.ts:20:10
    at new Promise (<anonymous>)
    at onceWithTimeout (http://localhost:1420/src/services/brainClient.ts:19:16)
    at getWidgetsOnce (http://localhost:1420/src/services/brainClient.ts:198:10)
    at refresh (http://localhost:1420/src/views/HomeFloatNotes.vue?t=1788078159546:51:30)
    at http://localhost:1420/src/views/HomeFloatNotes.vue?t=1788078159546:59:14
[ 4916938ms] TypeError: Cannot read properties of undefined (reading 'transformCallback')
    at transformCallback (http://localhost:1420/node_modules/.vite/deps/chunk-G7S6KQDI.js?v=318df923:22:37)
    at listen (http://localhost:1420/node_modules/.vite/deps/chunk-7FCLUC5I.js?v=318df923:39:14)
    at once (http://localhost:1420/node_modules/.vite/deps/chunk-7FCLUC5I.js?v=318df923:45:10)
    at http://localhost:1420/src/services/brainClient.ts:20:10
    at new Promise (<anonymous>)
    at onceWithTimeout (http://localhost:1420/src/services/brainClient.ts:19:16)
    at getWidgetsOnce (http://localhost:1420/src/services/brainClient.ts:198:10)
    at refresh (http://localhost:1420/src/views/HomeFloatNotes.vue?t=1788078159546:51:30)
    at http://localhost:1420/src/views/HomeFloatNotes.vue?t=1788078159546:59:14
[ 4928935ms] TypeError: Cannot read properties of undefined (reading 'transformCallback')
    at transformCallback (http://localhost:1420/node_modules/.vite/deps/chunk-G7S6KQDI.js?v=318df923:22:37)
    at listen (http://localhost:1420/node_modules/.vite/deps/chunk-7FCLUC5I.js?v=318df923:39:14)
    at once (http://localhost:1420/node_modules/.vite/deps/chunk-7FCLUC5I.js?v=318df923:45:10)
    at http://localhost:1420/src/services/brainClient.ts:20:10
    at new Promise (<anonymous>)
    at onceWithTimeout (http://localhost:1420/src/services/brainClient.ts:19:16)
    at getWidgetsOnce (http://localhost:1420/src/services/brainClient.ts:198:10)
    at refresh (http://localhost:1420/src/views/HomeFloatNotes.vue?t=1788078159546:51:30)
    at http://localhost:1420/src/views/HomeFloatNotes.vue?t=1788078159546:59:14
[ 4940937ms] TypeError: Cannot read properties of undefined (reading 'transformCallback')
    at transformCallback (http://localhost:1420/node_modules/.vite/deps/chunk-G7S6KQDI.js?v=318df923:22:37)
    at listen (http://localhost:1420/node_modules/.vite/deps/chunk-7FCLUC5I.js?v=318df923:39:14)
    at once (http://localhost:1420/node_modules/.vite/deps/chunk-7FCLUC5I.js?v=318df923:45:10)
    at http://localhost:1420/src/services/brainClient.ts:20:10
    at new Promise (<anonymous>)
    at onceWithTimeout (http://localhost:1420/src/services/brainClient.ts:19:16)
    at getWidgetsOnce (http://localhost:1420/src/services/brainClient.ts:198:10)
    at refresh (http://localhost:1420/src/views/HomeFloatNotes.vue?t=1788078159546:51:30)
    at http://localhost:1420/src/views/HomeFloatNotes.vue?t=1788078159546:59:14
[ 4952935ms] TypeError: Cannot read properties of undefined (reading 'transformCallback')
    at transformCallback (http://localhost:1420/node_modules/.vite/deps/chunk-G7S6KQDI.js?v=318df923:22:37)
    at listen (http://localhost:1420/node_modules/.vite/deps/chunk-7FCLUC5I.js?v=318df923:39:14)
    at once (http://localhost:1420/node_modules/.vite/deps/chunk-7FCLUC5I.js?v=318df923:45:10)
    at http://localhost:1420/src/services/brainClient.ts:20:10
    at new Promise (<anonymous>)
    at onceWithTimeout (http://localhost:1420/src/services/brainClient.ts:19:16)
    at getWidgetsOnce (http://localhost:1420/src/services/brainClient.ts:198:10)
    at refresh (http://localhost:1420/src/views/HomeFloatNotes.vue?t=1788078159546:51:30)
    at http://localhost:1420/src/views/HomeFloatNotes.vue?t=1788078159546:59:14
[ 4961935ms] TypeError: Cannot read properties of undefined (reading 'transformCallback')
    at transformCallback (http://localhost:1420/node_modules/.vite/deps/chunk-G7S6KQDI.js?v=318df923:22:37)
    at listen (http://localhost:1420/node_modules/.vite/deps/chunk-7FCLUC5I.js?v=318df923:39:14)
    at onBrainEvent (http://localhost:1420/src/services/brainClient.ts:299:10)
    at http://localhost:1420/src/lib/home/home-panel-run.ts:12:12
    at new Promise (<anonymous>)
    at runPanelAction (http://localhost:1420/src/lib/home/home-panel-run.ts:6:18)
    at refresh (http://localhost:1420/src/views/HomeMaterialsStat.vue?t=1788078978195:14:30)
[ 4964937ms] TypeError: Cannot read properties of undefined (reading 'transformCallback')
    at transformCallback (http://localhost:1420/node_modules/.vite/deps/chunk-G7S6KQDI.js?v=318df923:22:37)
    at listen (http://localhost:1420/node_modules/.vite/deps/chunk-7FCLUC5I.js?v=318df923:39:14)
    at once (http://localhost:1420/node_modules/.vite/deps/chunk-7FCLUC5I.js?v=318df923:45:10)
    at http://localhost:1420/src/services/brainClient.ts:20:10
    at new Promise (<anonymous>)
    at onceWithTimeout (http://localhost:1420/src/services/brainClient.ts:19:16)
    at getWidgetsOnce (http://localhost:1420/src/services/brainClient.ts:198:10)
    at refresh (http://localhost:1420/src/views/HomeFloatNotes.vue?t=1788078159546:51:30)
    at http://localhost:1420/src/views/HomeFloatNotes.vue?t=1788078159546:59:14
[ 4976937ms] TypeError: Cannot read properties of undefined (reading 'transformCallback')
    at transformCallback (http://localhost:1420/node_modules/.vite/deps/chunk-G7S6KQDI.js?v=318df923:22:37)
    at listen (http://localhost:1420/node_modules/.vite/deps/chunk-7FCLUC5I.js?v=318df923:39:14)
    at once (http://localhost:1420/node_modules/.vite/deps/chunk-7FCLUC5I.js?v=318df923:45:10)
    at http://localhost:1420/src/services/brainClient.ts:20:10
    at new Promise (<anonymous>)
    at onceWithTimeout (http://localhost:1420/src/services/brainClient.ts:19:16)
    at getWidgetsOnce (http://localhost:1420/src/services/brainClient.ts:198:10)
    at refresh (http://localhost:1420/src/views/HomeFloatNotes.vue?t=1788078159546:51:30)
    at http://localhost:1420/src/views/HomeFloatNotes.vue?t=1788078159546:59:14
[ 4988937ms] TypeError: Cannot read properties of undefined (reading 'transformCallback')
    at transformCallback (http://localhost:1420/node_modules/.vite/deps/chunk-G7S6KQDI.js?v=318df923:22:37)
    at listen (http://localhost:1420/node_modules/.vite/deps/chunk-7FCLUC5I.js?v=318df923:39:14)
    at once (http://localhost:1420/node_modules/.vite/deps/chunk-7FCLUC5I.js?v=318df923:45:10)
    at http://localhost:1420/src/services/brainClient.ts:20:10
    at new Promise (<anonymous>)
    at onceWithTimeout (http://localhost:1420/src/services/brainClient.ts:19:16)
    at getWidgetsOnce (http://localhost:1420/src/services/brainClient.ts:198:10)
    at refresh (http://localhost:1420/src/views/HomeFloatNotes.vue?t=1788078159546:51:30)
    at http://localhost:1420/src/views/HomeFloatNotes.vue?t=1788078159546:59:14
[ 5000938ms] TypeError: Cannot read properties of undefined (reading 'transformCallback')
    at transformCallback (http://localhost:1420/node_modules/.vite/deps/chunk-G7S6KQDI.js?v=318df923:22:37)
    at listen (http://localhost:1420/node_modules/.vite/deps/chunk-7FCLUC5I.js?v=318df923:39:14)
    at once (http://localhost:1420/node_modules/.vite/deps/chunk-7FCLUC5I.js?v=318df923:45:10)
    at http://localhost:1420/src/services/brainClient.ts:20:10
    at new Promise (<anonymous>)
    at onceWithTimeout (http://localhost:1420/src/services/brainClient.ts:19:16)
    at getWidgetsOnce (http://localhost:1420/src/services/brainClient.ts:198:10)
    at refresh (http://localhost:1420/src/views/HomeFloatNotes.vue?t=1788078159546:51:30)
    at http://localhost:1420/src/views/HomeFloatNotes.vue?t=1788078159546:59:14
[ 5012937ms] TypeError: Cannot read properties of undefined (reading 'transformCallback')
    at transformCallback (http://localhost:1420/node_modules/.vite/deps/chunk-G7S6KQDI.js?v=318df923:22:37)
    at listen (http://localhost:1420/node_modules/.vite/deps/chunk-7FCLUC5I.js?v=318df923:39:14)
    at once (http://localhost:1420/node_modules/.vite/deps/chunk-7FCLUC5I.js?v=318df923:45:10)
    at http://localhost:1420/src/services/brainClient.ts:20:10
    at new Promise (<anonymous>)
    at onceWithTimeout (http://localhost:1420/src/services/brainClient.ts:19:16)
    at getWidgetsOnce (http://localhost:1420/src/services/brainClient.ts:198:10)
    at refresh (http://localhost:1420/src/views/HomeFloatNotes.vue?t=1788078159546:51:30)
    at http://localhost:1420/src/views/HomeFloatNotes.vue?t=1788078159546:59:14
[ 5021936ms] TypeError: Cannot read properties of undefined (reading 'transformCallback')
    at transformCallback (http://localhost:1420/node_modules/.vite/deps/chunk-G7S6KQDI.js?v=318df923:22:37)
    at listen (http://localhost:1420/node_modules/.vite/deps/chunk-7FCLUC5I.js?v=318df923:39:14)
    at onBrainEvent (http://localhost:1420/src/services/brainClient.ts:299:10)
    at http://localhost:1420/src/lib/home/home-panel-run.ts:12:12
    at new Promise (<anonymous>)
    at runPanelAction (http://localhost:1420/src/lib/home/home-panel-run.ts:6:18)
    at refresh (http://localhost:1420/src/views/HomeMaterialsStat.vue?t=1788078978195:14:30)
[ 5024935ms] TypeError: Cannot read properties of undefined (reading 'transformCallback')
    at transformCallback (http://localhost:1420/node_modules/.vite/deps/chunk-G7S6KQDI.js?v=318df923:22:37)
    at listen (http://localhost:1420/node_modules/.vite/deps/chunk-7FCLUC5I.js?v=318df923:39:14)
    at once (http://localhost:1420/node_modules/.vite/deps/chunk-7FCLUC5I.js?v=318df923:45:10)
    at http://localhost:1420/src/services/brainClient.ts:20:10
    at new Promise (<anonymous>)
    at onceWithTimeout (http://localhost:1420/src/services/brainClient.ts:19:16)
    at getWidgetsOnce (http://localhost:1420/src/services/brainClient.ts:198:10)
    at refresh (http://localhost:1420/src/views/HomeFloatNotes.vue?t=1788078159546:51:30)
    at http://localhost:1420/src/views/HomeFloatNotes.vue?t=1788078159546:59:14
[ 5036935ms] TypeError: Cannot read properties of undefined (reading 'transformCallback')
    at transformCallback (http://localhost:1420/node_modules/.vite/deps/chunk-G7S6KQDI.js?v=318df923:22:37)
    at listen (http://localhost:1420/node_modules/.vite/deps/chunk-7FCLUC5I.js?v=318df923:39:14)
    at once (http://localhost:1420/node_modules/.vite/deps/chunk-7FCLUC5I.js?v=318df923:45:10)
    at http://localhost:1420/src/services/brainClient.ts:20:10
    at new Promise (<anonymous>)
    at onceWithTimeout (http://localhost:1420/src/services/brainClient.ts:19:16)
    at getWidgetsOnce (http://localhost:1420/src/services/brainClient.ts:198:10)
    at refresh (http://localhost:1420/src/views/HomeFloatNotes.vue?t=1788078159546:51:30)
    at http://localhost:1420/src/views/HomeFloatNotes.vue?t=1788078159546:59:14
[ 5048937ms] TypeError: Cannot read properties of undefined (reading 'transformCallback')
    at transformCallback (http://localhost:1420/node_modules/.vite/deps/chunk-G7S6KQDI.js?v=318df923:22:37)
    at listen (http://localhost:1420/node_modules/.vite/deps/chunk-7FCLUC5I.js?v=318df923:39:14)
    at once (http://localhost:1420/node_modules/.vite/deps/chunk-7FCLUC5I.js?v=318df923:45:10)
    at http://localhost:1420/src/services/brainClient.ts:20:10
    at new Promise (<anonymous>)
    at onceWithTimeout (http://localhost:1420/src/services/brainClient.ts:19:16)
    at getWidgetsOnce (http://localhost:1420/src/services/brainClient.ts:198:10)
    at refresh (http://localhost:1420/src/views/HomeFloatNotes.vue?t=1788078159546:51:30)
    at http://localhost:1420/src/views/HomeFloatNotes.vue?t=1788078159546:59:14
[ 5060936ms] TypeError: Cannot read properties of undefined (reading 'transformCallback')
    at transformCallback (http://localhost:1420/node_modules/.vite/deps/chunk-G7S6KQDI.js?v=318df923:22:37)
    at listen (http://localhost:1420/node_modules/.vite/deps/chunk-7FCLUC5I.js?v=318df923:39:14)
    at once (http://localhost:1420/node_modules/.vite/deps/chunk-7FCLUC5I.js?v=318df923:45:10)
    at http://localhost:1420/src/services/brainClient.ts:20:10
    at new Promise (<anonymous>)
    at onceWithTimeout (http://localhost:1420/src/services/brainClient.ts:19:16)
    at getWidgetsOnce (http://localhost:1420/src/services/brainClient.ts:198:10)
    at refresh (http://localhost:1420/src/views/HomeFloatNotes.vue?t=1788078159546:51:30)
    at http://localhost:1420/src/views/HomeFloatNotes.vue?t=1788078159546:59:14
[ 5072935ms] TypeError: Cannot read properties of undefined (reading 'transformCallback')
    at transformCallback (http://localhost:1420/node_modules/.vite/deps/chunk-G7S6KQDI.js?v=318df923:22:37)
    at listen (http://localhost:1420/node_modules/.vite/deps/chunk-7FCLUC5I.js?v=318df923:39:14)
    at once (http://localhost:1420/node_modules/.vite/deps/chunk-7FCLUC5I.js?v=318df923:45:10)
    at http://localhost:1420/src/services/brainClient.ts:20:10
    at new Promise (<anonymous>)
    at onceWithTimeout (http://localhost:1420/src/services/brainClient.ts:19:16)
    at getWidgetsOnce (http://localhost:1420/src/services/brainClient.ts:198:10)
    at refresh (http://localhost:1420/src/views/HomeFloatNotes.vue?t=1788078159546:51:30)
    at http://localhost:1420/src/views/HomeFloatNotes.vue?t=1788078159546:59:14
[ 5081937ms] TypeError: Cannot read properties of undefined (reading 'transformCallback')
    at transformCallback (http://localhost:1420/node_modules/.vite/deps/chunk-G7S6KQDI.js?v=318df923:22:37)
    at listen (http://localhost:1420/node_modules/.vite/deps/chunk-7FCLUC5I.js?v=318df923:39:14)
    at onBrainEvent (http://localhost:1420/src/services/brainClient.ts:299:10)
    at http://localhost:1420/src/lib/home/home-panel-run.ts:12:12
    at new Promise (<anonymous>)
    at runPanelAction (http://localhost:1420/src/lib/home/home-panel-run.ts:6:18)
    at refresh (http://localhost:1420/src/views/HomeMaterialsStat.vue?t=1788078978195:14:30)
[ 5084935ms] TypeError: Cannot read properties of undefined (reading 'transformCallback')
    at transformCallback (http://localhost:1420/node_modules/.vite/deps/chunk-G7S6KQDI.js?v=318df923:22:37)
    at listen (http://localhost:1420/node_modules/.vite/deps/chunk-7FCLUC5I.js?v=318df923:39:14)
    at once (http://localhost:1420/node_modules/.vite/deps/chunk-7FCLUC5I.js?v=318df923:45:10)
    at http://localhost:1420/src/services/brainClient.ts:20:10
    at new Promise (<anonymous>)
    at onceWithTimeout (http://localhost:1420/src/services/brainClient.ts:19:16)
    at getWidgetsOnce (http://localhost:1420/src/services/brainClient.ts:198:10)
    at refresh (http://localhost:1420/src/views/HomeFloatNotes.vue?t=1788078159546:51:30)
    at http://localhost:1420/src/views/HomeFloatNotes.vue?t=1788078159546:59:14
[ 5096936ms] TypeError: Cannot read properties of undefined (reading 'transformCallback')
    at transformCallback (http://localhost:1420/node_modules/.vite/deps/chunk-G7S6KQDI.js?v=318df923:22:37)
    at listen (http://localhost:1420/node_modules/.vite/deps/chunk-7FCLUC5I.js?v=318df923:39:14)
    at once (http://localhost:1420/node_modules/.vite/deps/chunk-7FCLUC5I.js?v=318df923:45:10)
    at http://localhost:1420/src/services/brainClient.ts:20:10
    at new Promise (<anonymous>)
    at onceWithTimeout (http://localhost:1420/src/services/brainClient.ts:19:16)
    at getWidgetsOnce (http://localhost:1420/src/services/brainClient.ts:198:10)
    at refresh (http://localhost:1420/src/views/HomeFloatNotes.vue?t=1788078159546:51:30)
    at http://localhost:1420/src/views/HomeFloatNotes.vue?t=1788078159546:59:14
[ 5108936ms] TypeError: Cannot read properties of undefined (reading 'transformCallback')
    at transformCallback (http://localhost:1420/node_modules/.vite/deps/chunk-G7S6KQDI.js?v=318df923:22:37)
    at listen (http://localhost:1420/node_modules/.vite/deps/chunk-7FCLUC5I.js?v=318df923:39:14)
    at once (http://localhost:1420/node_modules/.vite/deps/chunk-7FCLUC5I.js?v=318df923:45:10)
    at http://localhost:1420/src/services/brainClient.ts:20:10
    at new Promise (<anonymous>)
    at onceWithTimeout (http://localhost:1420/src/services/brainClient.ts:19:16)
    at getWidgetsOnce (http://localhost:1420/src/services/brainClient.ts:198:10)
    at refresh (http://localhost:1420/src/views/HomeFloatNotes.vue?t=1788078159546:51:30)
    at http://localhost:1420/src/views/HomeFloatNotes.vue?t=1788078159546:59:14
[ 5120936ms] TypeError: Cannot read properties of undefined (reading 'transformCallback')
    at transformCallback (http://localhost:1420/node_modules/.vite/deps/chunk-G7S6KQDI.js?v=318df923:22:37)
    at listen (http://localhost:1420/node_modules/.vite/deps/chunk-7FCLUC5I.js?v=318df923:39:14)
    at once (http://localhost:1420/node_modules/.vite/deps/chunk-7FCLUC5I.js?v=318df923:45:10)
    at http://localhost:1420/src/services/brainClient.ts:20:10
    at new Promise (<anonymous>)
    at onceWithTimeout (http://localhost:1420/src/services/brainClient.ts:19:16)
    at getWidgetsOnce (http://localhost:1420/src/services/brainClient.ts:198:10)
    at refresh (http://localhost:1420/src/views/HomeFloatNotes.vue?t=1788078159546:51:30)
    at http://localhost:1420/src/views/HomeFloatNotes.vue?t=1788078159546:59:14
[ 5132936ms] TypeError: Cannot read properties of undefined (reading 'transformCallback')
    at transformCallback (http://localhost:1420/node_modules/.vite/deps/chunk-G7S6KQDI.js?v=318df923:22:37)
    at listen (http://localhost:1420/node_modules/.vite/deps/chunk-7FCLUC5I.js?v=318df923:39:14)
    at once (http://localhost:1420/node_modules/.vite/deps/chunk-7FCLUC5I.js?v=318df923:45:10)
    at http://localhost:1420/src/services/brainClient.ts:20:10
    at new Promise (<anonymous>)
    at onceWithTimeout (http://localhost:1420/src/services/brainClient.ts:19:16)
    at getWidgetsOnce (http://localhost:1420/src/services/brainClient.ts:198:10)
    at refresh (http://localhost:1420/src/views/HomeFloatNotes.vue?t=1788078159546:51:30)
    at http://localhost:1420/src/views/HomeFloatNotes.vue?t=1788078159546:59:14
[ 5141936ms] TypeError: Cannot read properties of undefined (reading 'transformCallback')
    at transformCallback (http://localhost:1420/node_modules/.vite/deps/chunk-G7S6KQDI.js?v=318df923:22:37)
    at listen (http://localhost:1420/node_modules/.vite/deps/chunk-7FCLUC5I.js?v=318df923:39:14)
    at onBrainEvent (http://localhost:1420/src/services/brainClient.ts:299:10)
    at http://localhost:1420/src/lib/home/home-panel-run.ts:12:12
    at new Promise (<anonymous>)
    at runPanelAction (http://localhost:1420/src/lib/home/home-panel-run.ts:6:18)
    at refresh (http://localhost:1420/src/views/HomeMaterialsStat.vue?t=1788078978195:14:30)
[ 5144936ms] TypeError: Cannot read properties of undefined (reading 'transformCallback')
    at transformCallback (http://localhost:1420/node_modules/.vite/deps/chunk-G7S6KQDI.js?v=318df923:22:37)
    at listen (http://localhost:1420/node_modules/.vite/deps/chunk-7FCLUC5I.js?v=318df923:39:14)
    at once (http://localhost:1420/node_modules/.vite/deps/chunk-7FCLUC5I.js?v=318df923:45:10)
    at http://localhost:1420/src/services/brainClient.ts:20:10
    at new Promise (<anonymous>)
    at onceWithTimeout (http://localhost:1420/src/services/brainClient.ts:19:16)
    at getWidgetsOnce (http://localhost:1420/src/services/brainClient.ts:198:10)
    at refresh (http://localhost:1420/src/views/HomeFloatNotes.vue?t=1788078159546:51:30)
    at http://localhost:1420/src/views/HomeFloatNotes.vue?t=1788078159546:59:14
[ 5156936ms] TypeError: Cannot read properties of undefined (reading 'transformCallback')
    at transformCallback (http://localhost:1420/node_modules/.vite/deps/chunk-G7S6KQDI.js?v=318df923:22:37)
    at listen (http://localhost:1420/node_modules/.vite/deps/chunk-7FCLUC5I.js?v=318df923:39:14)
    at once (http://localhost:1420/node_modules/.vite/deps/chunk-7FCLUC5I.js?v=318df923:45:10)
    at http://localhost:1420/src/services/brainClient.ts:20:10
    at new Promise (<anonymous>)
    at onceWithTimeout (http://localhost:1420/src/services/brainClient.ts:19:16)
    at getWidgetsOnce (http://localhost:1420/src/services/brainClient.ts:198:10)
    at refresh (http://localhost:1420/src/views/HomeFloatNotes.vue?t=1788078159546:51:30)
    at http://localhost:1420/src/views/HomeFloatNotes.vue?t=1788078159546:59:14
[ 5168936ms] TypeError: Cannot read properties of undefined (reading 'transformCallback')
    at transformCallback (http://localhost:1420/node_modules/.vite/deps/chunk-G7S6KQDI.js?v=318df923:22:37)
    at listen (http://localhost:1420/node_modules/.vite/deps/chunk-7FCLUC5I.js?v=318df923:39:14)
    at once (http://localhost:1420/node_modules/.vite/deps/chunk-7FCLUC5I.js?v=318df923:45:10)
    at http://localhost:1420/src/services/brainClient.ts:20:10
    at new Promise (<anonymous>)
    at onceWithTimeout (http://localhost:1420/src/services/brainClient.ts:19:16)
    at getWidgetsOnce (http://localhost:1420/src/services/brainClient.ts:198:10)
    at refresh (http://localhost:1420/src/views/HomeFloatNotes.vue?t=1788078159546:51:30)
    at http://localhost:1420/src/views/HomeFloatNotes.vue?t=1788078159546:59:14
[ 5180938ms] TypeError: Cannot read properties of undefined (reading 'transformCallback')
    at transformCallback (http://localhost:1420/node_modules/.vite/deps/chunk-G7S6KQDI.js?v=318df923:22:37)
    at listen (http://localhost:1420/node_modules/.vite/deps/chunk-7FCLUC5I.js?v=318df923:39:14)
    at once (http://localhost:1420/node_modules/.vite/deps/chunk-7FCLUC5I.js?v=318df923:45:10)
    at http://localhost:1420/src/services/brainClient.ts:20:10
    at new Promise (<anonymous>)
    at onceWithTimeout (http://localhost:1420/src/services/brainClient.ts:19:16)
    at getWidgetsOnce (http://localhost:1420/src/services/brainClient.ts:198:10)
    at refresh (http://localhost:1420/src/views/HomeFloatNotes.vue?t=1788078159546:51:30)
    at http://localhost:1420/src/views/HomeFloatNotes.vue?t=1788078159546:59:14
[ 5192936ms] TypeError: Cannot read properties of undefined (reading 'transformCallback')
    at transformCallback (http://localhost:1420/node_modules/.vite/deps/chunk-G7S6KQDI.js?v=318df923:22:37)
    at listen (http://localhost:1420/node_modules/.vite/deps/chunk-7FCLUC5I.js?v=318df923:39:14)
    at once (http://localhost:1420/node_modules/.vite/deps/chunk-7FCLUC5I.js?v=318df923:45:10)
    at http://localhost:1420/src/services/brainClient.ts:20:10
    at new Promise (<anonymous>)
    at onceWithTimeout (http://localhost:1420/src/services/brainClient.ts:19:16)
    at getWidgetsOnce (http://localhost:1420/src/services/brainClient.ts:198:10)
    at refresh (http://localhost:1420/src/views/HomeFloatNotes.vue?t=1788078159546:51:30)
    at http://localhost:1420/src/views/HomeFloatNotes.vue?t=1788078159546:59:14
[ 5201937ms] TypeError: Cannot read properties of undefined (reading 'transformCallback')
    at transformCallback (http://localhost:1420/node_modules/.vite/deps/chunk-G7S6KQDI.js?v=318df923:22:37)
    at listen (http://localhost:1420/node_modules/.vite/deps/chunk-7FCLUC5I.js?v=318df923:39:14)
    at onBrainEvent (http://localhost:1420/src/services/brainClient.ts:299:10)
    at http://localhost:1420/src/lib/home/home-panel-run.ts:12:12
    at new Promise (<anonymous>)
    at runPanelAction (http://localhost:1420/src/lib/home/home-panel-run.ts:6:18)
    at refresh (http://localhost:1420/src/views/HomeMaterialsStat.vue?t=1788078978195:14:30)
[ 5204936ms] TypeError: Cannot read properties of undefined (reading 'transformCallback')
    at transformCallback (http://localhost:1420/node_modules/.vite/deps/chunk-G7S6KQDI.js?v=318df923:22:37)
    at listen (http://localhost:1420/node_modules/.vite/deps/chunk-7FCLUC5I.js?v=318df923:39:14)
    at once (http://localhost:1420/node_modules/.vite/deps/chunk-7FCLUC5I.js?v=318df923:45:10)
    at http://localhost:1420/src/services/brainClient.ts:20:10
    at new Promise (<anonymous>)
    at onceWithTimeout (http://localhost:1420/src/services/brainClient.ts:19:16)
    at getWidgetsOnce (http://localhost:1420/src/services/brainClient.ts:198:10)
    at refresh (http://localhost:1420/src/views/HomeFloatNotes.vue?t=1788078159546:51:30)
    at http://localhost:1420/src/views/HomeFloatNotes.vue?t=1788078159546:59:14
[ 5216937ms] TypeError: Cannot read properties of undefined (reading 'transformCallback')
    at transformCallback (http://localhost:1420/node_modules/.vite/deps/chunk-G7S6KQDI.js?v=318df923:22:37)
    at listen (http://localhost:1420/node_modules/.vite/deps/chunk-7FCLUC5I.js?v=318df923:39:14)
    at once (http://localhost:1420/node_modules/.vite/deps/chunk-7FCLUC5I.js?v=318df923:45:10)
    at http://localhost:1420/src/services/brainClient.ts:20:10
    at new Promise (<anonymous>)
    at onceWithTimeout (http://localhost:1420/src/services/brainClient.ts:19:16)
    at getWidgetsOnce (http://localhost:1420/src/services/brainClient.ts:198:10)
    at refresh (http://localhost:1420/src/views/HomeFloatNotes.vue?t=1788078159546:51:30)
    at http://localhost:1420/src/views/HomeFloatNotes.vue?t=1788078159546:59:14
[ 5228937ms] TypeError: Cannot read properties of undefined (reading 'transformCallback')
    at transformCallback (http://localhost:1420/node_modules/.vite/deps/chunk-G7S6KQDI.js?v=318df923:22:37)
    at listen (http://localhost:1420/node_modules/.vite/deps/chunk-7FCLUC5I.js?v=318df923:39:14)
    at once (http://localhost:1420/node_modules/.vite/deps/chunk-7FCLUC5I.js?v=318df923:45:10)
    at http://localhost:1420/src/services/brainClient.ts:20:10
    at new Promise (<anonymous>)
    at onceWithTimeout (http://localhost:1420/src/services/brainClient.ts:19:16)
    at getWidgetsOnce (http://localhost:1420/src/services/brainClient.ts:198:10)
    at refresh (http://localhost:1420/src/views/HomeFloatNotes.vue?t=1788078159546:51:30)
    at http://localhost:1420/src/views/HomeFloatNotes.vue?t=1788078159546:59:14
[ 5240937ms] TypeError: Cannot read properties of undefined (reading 'transformCallback')
    at transformCallback (http://localhost:1420/node_modules/.vite/deps/chunk-G7S6KQDI.js?v=318df923:22:37)
    at listen (http://localhost:1420/node_modules/.vite/deps/chunk-7FCLUC5I.js?v=318df923:39:14)
    at once (http://localhost:1420/node_modules/.vite/deps/chunk-7FCLUC5I.js?v=318df923:45:10)
    at http://localhost:1420/src/services/brainClient.ts:20:10
    at new Promise (<anonymous>)
    at onceWithTimeout (http://localhost:1420/src/services/brainClient.ts:19:16)
    at getWidgetsOnce (http://localhost:1420/src/services/brainClient.ts:198:10)
    at refresh (http://localhost:1420/src/views/HomeFloatNotes.vue?t=1788078159546:51:30)
    at http://localhost:1420/src/views/HomeFloatNotes.vue?t=1788078159546:59:14
[ 5252936ms] TypeError: Cannot read properties of undefined (reading 'transformCallback')
    at transformCallback (http://localhost:1420/node_modules/.vite/deps/chunk-G7S6KQDI.js?v=318df923:22:37)
    at listen (http://localhost:1420/node_modules/.vite/deps/chunk-7FCLUC5I.js?v=318df923:39:14)
    at once (http://localhost:1420/node_modules/.vite/deps/chunk-7FCLUC5I.js?v=318df923:45:10)
    at http://localhost:1420/src/services/brainClient.ts:20:10
    at new Promise (<anonymous>)
    at onceWithTimeout (http://localhost:1420/src/services/brainClient.ts:19:16)
    at getWidgetsOnce (http://localhost:1420/src/services/brainClient.ts:198:10)
    at refresh (http://localhost:1420/src/views/HomeFloatNotes.vue?t=1788078159546:51:30)
    at http://localhost:1420/src/views/HomeFloatNotes.vue?t=1788078159546:59:14
[ 5261938ms] TypeError: Cannot read properties of undefined (reading 'transformCallback')
    at transformCallback (http://localhost:1420/node_modules/.vite/deps/chunk-G7S6KQDI.js?v=318df923:22:37)
    at listen (http://localhost:1420/node_modules/.vite/deps/chunk-7FCLUC5I.js?v=318df923:39:14)
    at onBrainEvent (http://localhost:1420/src/services/brainClient.ts:299:10)
    at http://localhost:1420/src/lib/home/home-panel-run.ts:12:12
    at new Promise (<anonymous>)
    at runPanelAction (http://localhost:1420/src/lib/home/home-panel-run.ts:6:18)
    at refresh (http://localhost:1420/src/views/HomeMaterialsStat.vue?t=1788078978195:14:30)
[ 5264937ms] TypeError: Cannot read properties of undefined (reading 'transformCallback')
    at transformCallback (http://localhost:1420/node_modules/.vite/deps/chunk-G7S6KQDI.js?v=318df923:22:37)
    at listen (http://localhost:1420/node_modules/.vite/deps/chunk-7FCLUC5I.js?v=318df923:39:14)
    at once (http://localhost:1420/node_modules/.vite/deps/chunk-7FCLUC5I.js?v=318df923:45:10)
    at http://localhost:1420/src/services/brainClient.ts:20:10
    at new Promise (<anonymous>)
    at onceWithTimeout (http://localhost:1420/src/services/brainClient.ts:19:16)
    at getWidgetsOnce (http://localhost:1420/src/services/brainClient.ts:198:10)
    at refresh (http://localhost:1420/src/views/HomeFloatNotes.vue?t=1788078159546:51:30)
    at http://localhost:1420/src/views/HomeFloatNotes.vue?t=1788078159546:59:14
[ 5276937ms] TypeError: Cannot read properties of undefined (reading 'transformCallback')
    at transformCallback (http://localhost:1420/node_modules/.vite/deps/chunk-G7S6KQDI.js?v=318df923:22:37)
    at listen (http://localhost:1420/node_modules/.vite/deps/chunk-7FCLUC5I.js?v=318df923:39:14)
    at once (http://localhost:1420/node_modules/.vite/deps/chunk-7FCLUC5I.js?v=318df923:45:10)
    at http://localhost:1420/src/services/brainClient.ts:20:10
    at new Promise (<anonymous>)
    at onceWithTimeout (http://localhost:1420/src/services/brainClient.ts:19:16)
    at getWidgetsOnce (http://localhost:1420/src/services/brainClient.ts:198:10)
    at refresh (http://localhost:1420/src/views/HomeFloatNotes.vue?t=1788078159546:51:30)
    at http://localhost:1420/src/views/HomeFloatNotes.vue?t=1788078159546:59:14
[ 5288937ms] TypeError: Cannot read properties of undefined (reading 'transformCallback')
    at transformCallback (http://localhost:1420/node_modules/.vite/deps/chunk-G7S6KQDI.js?v=318df923:22:37)
    at listen (http://localhost:1420/node_modules/.vite/deps/chunk-7FCLUC5I.js?v=318df923:39:14)
    at once (http://localhost:1420/node_modules/.vite/deps/chunk-7FCLUC5I.js?v=318df923:45:10)
    at http://localhost:1420/src/services/brainClient.ts:20:10
    at new Promise (<anonymous>)
    at onceWithTimeout (http://localhost:1420/src/services/brainClient.ts:19:16)
    at getWidgetsOnce (http://localhost:1420/src/services/brainClient.ts:198:10)
    at refresh (http://localhost:1420/src/views/HomeFloatNotes.vue?t=1788078159546:51:30)
    at http://localhost:1420/src/views/HomeFloatNotes.vue?t=1788078159546:59:14
[ 5300937ms] TypeError: Cannot read properties of undefined (reading 'transformCallback')
    at transformCallback (http://localhost:1420/node_modules/.vite/deps/chunk-G7S6KQDI.js?v=318df923:22:37)
    at listen (http://localhost:1420/node_modules/.vite/deps/chunk-7FCLUC5I.js?v=318df923:39:14)
    at once (http://localhost:1420/node_modules/.vite/deps/chunk-7FCLUC5I.js?v=318df923:45:10)
    at http://localhost:1420/src/services/brainClient.ts:20:10
    at new Promise (<anonymous>)
    at onceWithTimeout (http://localhost:1420/src/services/brainClient.ts:19:16)
    at getWidgetsOnce (http://localhost:1420/src/services/brainClient.ts:198:10)
    at refresh (http://localhost:1420/src/views/HomeFloatNotes.vue?t=1788078159546:51:30)
    at http://localhost:1420/src/views/HomeFloatNotes.vue?t=1788078159546:59:14
[ 5312937ms] TypeError: Cannot read properties of undefined (reading 'transformCallback')
    at transformCallback (http://localhost:1420/node_modules/.vite/deps/chunk-G7S6KQDI.js?v=318df923:22:37)
    at listen (http://localhost:1420/node_modules/.vite/deps/chunk-7FCLUC5I.js?v=318df923:39:14)
    at once (http://localhost:1420/node_modules/.vite/deps/chunk-7FCLUC5I.js?v=318df923:45:10)
    at http://localhost:1420/src/services/brainClient.ts:20:10
    at new Promise (<anonymous>)
    at onceWithTimeout (http://localhost:1420/src/services/brainClient.ts:19:16)
    at getWidgetsOnce (http://localhost:1420/src/services/brainClient.ts:198:10)
    at refresh (http://localhost:1420/src/views/HomeFloatNotes.vue?t=1788078159546:51:30)
    at http://localhost:1420/src/views/HomeFloatNotes.vue?t=1788078159546:59:14
[ 5321938ms] TypeError: Cannot read properties of undefined (reading 'transformCallback')
    at transformCallback (http://localhost:1420/node_modules/.vite/deps/chunk-G7S6KQDI.js?v=318df923:22:37)
    at listen (http://localhost:1420/node_modules/.vite/deps/chunk-7FCLUC5I.js?v=318df923:39:14)
    at onBrainEvent (http://localhost:1420/src/services/brainClient.ts:299:10)
    at http://localhost:1420/src/lib/home/home-panel-run.ts:12:12
    at new Promise (<anonymous>)
    at runPanelAction (http://localhost:1420/src/lib/home/home-panel-run.ts:6:18)
    at refresh (http://localhost:1420/src/views/HomeMaterialsStat.vue?t=1788078978195:14:30)
[ 5324939ms] TypeError: Cannot read properties of undefined (reading 'transformCallback')
    at transformCallback (http://localhost:1420/node_modules/.vite/deps/chunk-G7S6KQDI.js?v=318df923:22:37)
    at listen (http://localhost:1420/node_modules/.vite/deps/chunk-7FCLUC5I.js?v=318df923:39:14)
    at once (http://localhost:1420/node_modules/.vite/deps/chunk-7FCLUC5I.js?v=318df923:45:10)
    at http://localhost:1420/src/services/brainClient.ts:20:10
    at new Promise (<anonymous>)
    at onceWithTimeout (http://localhost:1420/src/services/brainClient.ts:19:16)
    at getWidgetsOnce (http://localhost:1420/src/services/brainClient.ts:198:10)
    at refresh (http://localhost:1420/src/views/HomeFloatNotes.vue?t=1788078159546:51:30)
    at http://localhost:1420/src/views/HomeFloatNotes.vue?t=1788078159546:59:14
[ 5336937ms] TypeError: Cannot read properties of undefined (reading 'transformCallback')
    at transformCallback (http://localhost:1420/node_modules/.vite/deps/chunk-G7S6KQDI.js?v=318df923:22:37)
    at listen (http://localhost:1420/node_modules/.vite/deps/chunk-7FCLUC5I.js?v=318df923:39:14)
    at once (http://localhost:1420/node_modules/.vite/deps/chunk-7FCLUC5I.js?v=318df923:45:10)
    at http://localhost:1420/src/services/brainClient.ts:20:10
    at new Promise (<anonymous>)
    at onceWithTimeout (http://localhost:1420/src/services/brainClient.ts:19:16)
    at getWidgetsOnce (http://localhost:1420/src/services/brainClient.ts:198:10)
    at refresh (http://localhost:1420/src/views/HomeFloatNotes.vue?t=1788078159546:51:30)
    at http://localhost:1420/src/views/HomeFloatNotes.vue?t=1788078159546:59:14
[ 5348938ms] TypeError: Cannot read properties of undefined (reading 'transformCallback')
    at transformCallback (http://localhost:1420/node_modules/.vite/deps/chunk-G7S6KQDI.js?v=318df923:22:37)
    at listen (http://localhost:1420/node_modules/.vite/deps/chunk-7FCLUC5I.js?v=318df923:39:14)
    at once (http://localhost:1420/node_modules/.vite/deps/chunk-7FCLUC5I.js?v=318df923:45:10)
    at http://localhost:1420/src/services/brainClient.ts:20:10
    at new Promise (<anonymous>)
    at onceWithTimeout (http://localhost:1420/src/services/brainClient.ts:19:16)
    at getWidgetsOnce (http://localhost:1420/src/services/brainClient.ts:198:10)
    at refresh (http://localhost:1420/src/views/HomeFloatNotes.vue?t=1788078159546:51:30)
    at http://localhost:1420/src/views/HomeFloatNotes.vue?t=1788078159546:59:14
[ 5360937ms] TypeError: Cannot read properties of undefined (reading 'transformCallback')
    at transformCallback (http://localhost:1420/node_modules/.vite/deps/chunk-G7S6KQDI.js?v=318df923:22:37)
    at listen (http://localhost:1420/node_modules/.vite/deps/chunk-7FCLUC5I.js?v=318df923:39:14)
    at once (http://localhost:1420/node_modules/.vite/deps/chunk-7FCLUC5I.js?v=318df923:45:10)
    at http://localhost:1420/src/services/brainClient.ts:20:10
    at new Promise (<anonymous>)
    at onceWithTimeout (http://localhost:1420/src/services/brainClient.ts:19:16)
    at getWidgetsOnce (http://localhost:1420/src/services/brainClient.ts:198:10)
    at refresh (http://localhost:1420/src/views/HomeFloatNotes.vue?t=1788078159546:51:30)
    at http://localhost:1420/src/views/HomeFloatNotes.vue?t=1788078159546:59:14
[ 5372938ms] TypeError: Cannot read properties of undefined (reading 'transformCallback')
    at transformCallback (http://localhost:1420/node_modules/.vite/deps/chunk-G7S6KQDI.js?v=318df923:22:37)
    at listen (http://localhost:1420/node_modules/.vite/deps/chunk-7FCLUC5I.js?v=318df923:39:14)
    at once (http://localhost:1420/node_modules/.vite/deps/chunk-7FCLUC5I.js?v=318df923:45:10)
    at http://localhost:1420/src/services/brainClient.ts:20:10
    at new Promise (<anonymous>)
    at onceWithTimeout (http://localhost:1420/src/services/brainClient.ts:19:16)
    at getWidgetsOnce (http://localhost:1420/src/services/brainClient.ts:198:10)
    at refresh (http://localhost:1420/src/views/HomeFloatNotes.vue?t=1788078159546:51:30)
    at http://localhost:1420/src/views/HomeFloatNotes.vue?t=1788078159546:59:14
[ 5381939ms] TypeError: Cannot read properties of undefined (reading 'transformCallback')
    at transformCallback (http://localhost:1420/node_modules/.vite/deps/chunk-G7S6KQDI.js?v=318df923:22:37)
    at listen (http://localhost:1420/node_modules/.vite/deps/chunk-7FCLUC5I.js?v=318df923:39:14)
    at onBrainEvent (http://localhost:1420/src/services/brainClient.ts:299:10)
    at http://localhost:1420/src/lib/home/home-panel-run.ts:12:12
    at new Promise (<anonymous>)
    at runPanelAction (http://localhost:1420/src/lib/home/home-panel-run.ts:6:18)
    at refresh (http://localhost:1420/src/views/HomeMaterialsStat.vue?t=1788078978195:14:30)
[ 5384939ms] TypeError: Cannot read properties of undefined (reading 'transformCallback')
    at transformCallback (http://localhost:1420/node_modules/.vite/deps/chunk-G7S6KQDI.js?v=318df923:22:37)
    at listen (http://localhost:1420/node_modules/.vite/deps/chunk-7FCLUC5I.js?v=318df923:39:14)
    at once (http://localhost:1420/node_modules/.vite/deps/chunk-7FCLUC5I.js?v=318df923:45:10)
    at http://localhost:1420/src/services/brainClient.ts:20:10
    at new Promise (<anonymous>)
    at onceWithTimeout (http://localhost:1420/src/services/brainClient.ts:19:16)
    at getWidgetsOnce (http://localhost:1420/src/services/brainClient.ts:198:10)
    at refresh (http://localhost:1420/src/views/HomeFloatNotes.vue?t=1788078159546:51:30)
    at http://localhost:1420/src/views/HomeFloatNotes.vue?t=1788078159546:59:14
[ 5396938ms] TypeError: Cannot read properties of undefined (reading 'transformCallback')
    at transformCallback (http://localhost:1420/node_modules/.vite/deps/chunk-G7S6KQDI.js?v=318df923:22:37)
    at listen (http://localhost:1420/node_modules/.vite/deps/chunk-7FCLUC5I.js?v=318df923:39:14)
    at once (http://localhost:1420/node_modules/.vite/deps/chunk-7FCLUC5I.js?v=318df923:45:10)
    at http://localhost:1420/src/services/brainClient.ts:20:10
    at new Promise (<anonymous>)
    at onceWithTimeout (http://localhost:1420/src/services/brainClient.ts:19:16)
    at getWidgetsOnce (http://localhost:1420/src/services/brainClient.ts:198:10)
    at refresh (http://localhost:1420/src/views/HomeFloatNotes.vue?t=1788078159546:51:30)
    at http://localhost:1420/src/views/HomeFloatNotes.vue?t=1788078159546:59:14
[ 5408941ms] TypeError: Cannot read properties of undefined (reading 'transformCallback')
    at transformCallback (http://localhost:1420/node_modules/.vite/deps/chunk-G7S6KQDI.js?v=318df923:22:37)
    at listen (http://localhost:1420/node_modules/.vite/deps/chunk-7FCLUC5I.js?v=318df923:39:14)
    at once (http://localhost:1420/node_modules/.vite/deps/chunk-7FCLUC5I.js?v=318df923:45:10)
    at http://localhost:1420/src/services/brainClient.ts:20:10
    at new Promise (<anonymous>)
    at onceWithTimeout (http://localhost:1420/src/services/brainClient.ts:19:16)
    at getWidgetsOnce (http://localhost:1420/src/services/brainClient.ts:198:10)
    at refresh (http://localhost:1420/src/views/HomeFloatNotes.vue?t=1788078159546:51:30)
    at http://localhost:1420/src/views/HomeFloatNotes.vue?t=1788078159546:59:14
[ 5420940ms] TypeError: Cannot read properties of undefined (reading 'transformCallback')
    at transformCallback (http://localhost:1420/node_modules/.vite/deps/chunk-G7S6KQDI.js?v=318df923:22:37)
    at listen (http://localhost:1420/node_modules/.vite/deps/chunk-7FCLUC5I.js?v=318df923:39:14)
    at once (http://localhost:1420/node_modules/.vite/deps/chunk-7FCLUC5I.js?v=318df923:45:10)
    at http://localhost:1420/src/services/brainClient.ts:20:10
    at new Promise (<anonymous>)
    at onceWithTimeout (http://localhost:1420/src/services/brainClient.ts:19:16)
    at getWidgetsOnce (http://localhost:1420/src/services/brainClient.ts:198:10)
    at refresh (http://localhost:1420/src/views/HomeFloatNotes.vue?t=1788078159546:51:30)
    at http://localhost:1420/src/views/HomeFloatNotes.vue?t=1788078159546:59:14
[ 5432945ms] TypeError: Cannot read properties of undefined (reading 'transformCallback')
    at transformCallback (http://localhost:1420/node_modules/.vite/deps/chunk-G7S6KQDI.js?v=318df923:22:37)
    at listen (http://localhost:1420/node_modules/.vite/deps/chunk-7FCLUC5I.js?v=318df923:39:14)
    at once (http://localhost:1420/node_modules/.vite/deps/chunk-7FCLUC5I.js?v=318df923:45:10)
    at http://localhost:1420/src/services/brainClient.ts:20:10
    at new Promise (<anonymous>)
    at onceWithTimeout (http://localhost:1420/src/services/brainClient.ts:19:16)
    at getWidgetsOnce (http://localhost:1420/src/services/brainClient.ts:198:10)
    at refresh (http://localhost:1420/src/views/HomeFloatNotes.vue?t=1788078159546:51:30)
    at http://localhost:1420/src/views/HomeFloatNotes.vue?t=1788078159546:59:14
[ 5441950ms] TypeError: Cannot read properties of undefined (reading 'transformCallback')
    at transformCallback (http://localhost:1420/node_modules/.vite/deps/chunk-G7S6KQDI.js?v=318df923:22:37)
    at listen (http://localhost:1420/node_modules/.vite/deps/chunk-7FCLUC5I.js?v=318df923:39:14)
    at onBrainEvent (http://localhost:1420/src/services/brainClient.ts:299:10)
    at http://localhost:1420/src/lib/home/home-panel-run.ts:12:12
    at new Promise (<anonymous>)
    at runPanelAction (http://localhost:1420/src/lib/home/home-panel-run.ts:6:18)
    at refresh (http://localhost:1420/src/views/HomeMaterialsStat.vue?t=1788078978195:14:30)
[ 5444946ms] TypeError: Cannot read properties of undefined (reading 'transformCallback')
    at transformCallback (http://localhost:1420/node_modules/.vite/deps/chunk-G7S6KQDI.js?v=318df923:22:37)
    at listen (http://localhost:1420/node_modules/.vite/deps/chunk-7FCLUC5I.js?v=318df923:39:14)
    at once (http://localhost:1420/node_modules/.vite/deps/chunk-7FCLUC5I.js?v=318df923:45:10)
    at http://localhost:1420/src/services/brainClient.ts:20:10
    at new Promise (<anonymous>)
    at onceWithTimeout (http://localhost:1420/src/services/brainClient.ts:19:16)
    at getWidgetsOnce (http://localhost:1420/src/services/brainClient.ts:198:10)
    at refresh (http://localhost:1420/src/views/HomeFloatNotes.vue?t=1788078159546:51:30)
    at http://localhost:1420/src/views/HomeFloatNotes.vue?t=1788078159546:59:14
[ 5456946ms] TypeError: Cannot read properties of undefined (reading 'transformCallback')
    at transformCallback (http://localhost:1420/node_modules/.vite/deps/chunk-G7S6KQDI.js?v=318df923:22:37)
    at listen (http://localhost:1420/node_modules/.vite/deps/chunk-7FCLUC5I.js?v=318df923:39:14)
    at once (http://localhost:1420/node_modules/.vite/deps/chunk-7FCLUC5I.js?v=318df923:45:10)
    at http://localhost:1420/src/services/brainClient.ts:20:10
    at new Promise (<anonymous>)
    at onceWithTimeout (http://localhost:1420/src/services/brainClient.ts:19:16)
    at getWidgetsOnce (http://localhost:1420/src/services/brainClient.ts:198:10)
    at refresh (http://localhost:1420/src/views/HomeFloatNotes.vue?t=1788078159546:51:30)
    at http://localhost:1420/src/views/HomeFloatNotes.vue?t=1788078159546:59:14
[ 5468947ms] TypeError: Cannot read properties of undefined (reading 'transformCallback')
    at transformCallback (http://localhost:1420/node_modules/.vite/deps/chunk-G7S6KQDI.js?v=318df923:22:37)
    at listen (http://localhost:1420/node_modules/.vite/deps/chunk-7FCLUC5I.js?v=318df923:39:14)
    at once (http://localhost:1420/node_modules/.vite/deps/chunk-7FCLUC5I.js?v=318df923:45:10)
    at http://localhost:1420/src/services/brainClient.ts:20:10
    at new Promise (<anonymous>)
    at onceWithTimeout (http://localhost:1420/src/services/brainClient.ts:19:16)
    at getWidgetsOnce (http://localhost:1420/src/services/brainClient.ts:198:10)
    at refresh (http://localhost:1420/src/views/HomeFloatNotes.vue?t=1788078159546:51:30)
    at http://localhost:1420/src/views/HomeFloatNotes.vue?t=1788078159546:59:14
[ 5480948ms] TypeError: Cannot read properties of undefined (reading 'transformCallback')
    at transformCallback (http://localhost:1420/node_modules/.vite/deps/chunk-G7S6KQDI.js?v=318df923:22:37)
    at listen (http://localhost:1420/node_modules/.vite/deps/chunk-7FCLUC5I.js?v=318df923:39:14)
    at once (http://localhost:1420/node_modules/.vite/deps/chunk-7FCLUC5I.js?v=318df923:45:10)
    at http://localhost:1420/src/services/brainClient.ts:20:10
    at new Promise (<anonymous>)
    at onceWithTimeout (http://localhost:1420/src/services/brainClient.ts:19:16)
    at getWidgetsOnce (http://localhost:1420/src/services/brainClient.ts:198:10)
    at refresh (http://localhost:1420/src/views/HomeFloatNotes.vue?t=1788078159546:51:30)
    at http://localhost:1420/src/views/HomeFloatNotes.vue?t=1788078159546:59:14
[ 5492948ms] TypeError: Cannot read properties of undefined (reading 'transformCallback')
    at transformCallback (http://localhost:1420/node_modules/.vite/deps/chunk-G7S6KQDI.js?v=318df923:22:37)
    at listen (http://localhost:1420/node_modules/.vite/deps/chunk-7FCLUC5I.js?v=318df923:39:14)
    at once (http://localhost:1420/node_modules/.vite/deps/chunk-7FCLUC5I.js?v=318df923:45:10)
    at http://localhost:1420/src/services/brainClient.ts:20:10
    at new Promise (<anonymous>)
    at onceWithTimeout (http://localhost:1420/src/services/brainClient.ts:19:16)
    at getWidgetsOnce (http://localhost:1420/src/services/brainClient.ts:198:10)
    at refresh (http://localhost:1420/src/views/HomeFloatNotes.vue?t=1788078159546:51:30)
    at http://localhost:1420/src/views/HomeFloatNotes.vue?t=1788078159546:59:14
[ 5501949ms] TypeError: Cannot read properties of undefined (reading 'transformCallback')
    at transformCallback (http://localhost:1420/node_modules/.vite/deps/chunk-G7S6KQDI.js?v=318df923:22:37)
    at listen (http://localhost:1420/node_modules/.vite/deps/chunk-7FCLUC5I.js?v=318df923:39:14)
    at onBrainEvent (http://localhost:1420/src/services/brainClient.ts:299:10)
    at http://localhost:1420/src/lib/home/home-panel-run.ts:12:12
    at new Promise (<anonymous>)
    at runPanelAction (http://localhost:1420/src/lib/home/home-panel-run.ts:6:18)
    at refresh (http://localhost:1420/src/views/HomeMaterialsStat.vue?t=1788078978195:14:30)
[ 5504950ms] TypeError: Cannot read properties of undefined (reading 'transformCallback')
    at transformCallback (http://localhost:1420/node_modules/.vite/deps/chunk-G7S6KQDI.js?v=318df923:22:37)
    at listen (http://localhost:1420/node_modules/.vite/deps/chunk-7FCLUC5I.js?v=318df923:39:14)
    at once (http://localhost:1420/node_modules/.vite/deps/chunk-7FCLUC5I.js?v=318df923:45:10)
    at http://localhost:1420/src/services/brainClient.ts:20:10
    at new Promise (<anonymous>)
    at onceWithTimeout (http://localhost:1420/src/services/brainClient.ts:19:16)
    at getWidgetsOnce (http://localhost:1420/src/services/brainClient.ts:198:10)
    at refresh (http://localhost:1420/src/views/HomeFloatNotes.vue?t=1788078159546:51:30)
    at http://localhost:1420/src/views/HomeFloatNotes.vue?t=1788078159546:59:14
[ 5516950ms] TypeError: Cannot read properties of undefined (reading 'transformCallback')
    at transformCallback (http://localhost:1420/node_modules/.vite/deps/chunk-G7S6KQDI.js?v=318df923:22:37)
    at listen (http://localhost:1420/node_modules/.vite/deps/chunk-7FCLUC5I.js?v=318df923:39:14)
    at once (http://localhost:1420/node_modules/.vite/deps/chunk-7FCLUC5I.js?v=318df923:45:10)
    at http://localhost:1420/src/services/brainClient.ts:20:10
    at new Promise (<anonymous>)
    at onceWithTimeout (http://localhost:1420/src/services/brainClient.ts:19:16)
    at getWidgetsOnce (http://localhost:1420/src/services/brainClient.ts:198:10)
    at refresh (http://localhost:1420/src/views/HomeFloatNotes.vue?t=1788078159546:51:30)
    at http://localhost:1420/src/views/HomeFloatNotes.vue?t=1788078159546:59:14
[ 5528949ms] TypeError: Cannot read properties of undefined (reading 'transformCallback')
    at transformCallback (http://localhost:1420/node_modules/.vite/deps/chunk-G7S6KQDI.js?v=318df923:22:37)
    at listen (http://localhost:1420/node_modules/.vite/deps/chunk-7FCLUC5I.js?v=318df923:39:14)
    at once (http://localhost:1420/node_modules/.vite/deps/chunk-7FCLUC5I.js?v=318df923:45:10)
    at http://localhost:1420/src/services/brainClient.ts:20:10
    at new Promise (<anonymous>)
    at onceWithTimeout (http://localhost:1420/src/services/brainClient.ts:19:16)
    at getWidgetsOnce (http://localhost:1420/src/services/brainClient.ts:198:10)
    at refresh (http://localhost:1420/src/views/HomeFloatNotes.vue?t=1788078159546:51:30)
    at http://localhost:1420/src/views/HomeFloatNotes.vue?t=1788078159546:59:14
[ 5540949ms] TypeError: Cannot read properties of undefined (reading 'transformCallback')
    at transformCallback (http://localhost:1420/node_modules/.vite/deps/chunk-G7S6KQDI.js?v=318df923:22:37)
    at listen (http://localhost:1420/node_modules/.vite/deps/chunk-7FCLUC5I.js?v=318df923:39:14)
    at once (http://localhost:1420/node_modules/.vite/deps/chunk-7FCLUC5I.js?v=318df923:45:10)
    at http://localhost:1420/src/services/brainClient.ts:20:10
    at new Promise (<anonymous>)
    at onceWithTimeout (http://localhost:1420/src/services/brainClient.ts:19:16)
    at getWidgetsOnce (http://localhost:1420/src/services/brainClient.ts:198:10)
    at refresh (http://localhost:1420/src/views/HomeFloatNotes.vue?t=1788078159546:51:30)
    at http://localhost:1420/src/views/HomeFloatNotes.vue?t=1788078159546:59:14
[ 5552949ms] TypeError: Cannot read properties of undefined (reading 'transformCallback')
    at transformCallback (http://localhost:1420/node_modules/.vite/deps/chunk-G7S6KQDI.js?v=318df923:22:37)
    at listen (http://localhost:1420/node_modules/.vite/deps/chunk-7FCLUC5I.js?v=318df923:39:14)
    at once (http://localhost:1420/node_modules/.vite/deps/chunk-7FCLUC5I.js?v=318df923:45:10)
    at http://localhost:1420/src/services/brainClient.ts:20:10
    at new Promise (<anonymous>)
    at onceWithTimeout (http://localhost:1420/src/services/brainClient.ts:19:16)
    at getWidgetsOnce (http://localhost:1420/src/services/brainClient.ts:198:10)
    at refresh (http://localhost:1420/src/views/HomeFloatNotes.vue?t=1788078159546:51:30)
    at http://localhost:1420/src/views/HomeFloatNotes.vue?t=1788078159546:59:14
[ 5561950ms] TypeError: Cannot read properties of undefined (reading 'transformCallback')
    at transformCallback (http://localhost:1420/node_modules/.vite/deps/chunk-G7S6KQDI.js?v=318df923:22:37)
    at listen (http://localhost:1420/node_modules/.vite/deps/chunk-7FCLUC5I.js?v=318df923:39:14)
    at onBrainEvent (http://localhost:1420/src/services/brainClient.ts:299:10)
    at http://localhost:1420/src/lib/home/home-panel-run.ts:12:12
    at new Promise (<anonymous>)
    at runPanelAction (http://localhost:1420/src/lib/home/home-panel-run.ts:6:18)
    at refresh (http://localhost:1420/src/views/HomeMaterialsStat.vue?t=1788078978195:14:30)
[ 5564950ms] TypeError: Cannot read properties of undefined (reading 'transformCallback')
    at transformCallback (http://localhost:1420/node_modules/.vite/deps/chunk-G7S6KQDI.js?v=318df923:22:37)
    at listen (http://localhost:1420/node_modules/.vite/deps/chunk-7FCLUC5I.js?v=318df923:39:14)
    at once (http://localhost:1420/node_modules/.vite/deps/chunk-7FCLUC5I.js?v=318df923:45:10)
    at http://localhost:1420/src/services/brainClient.ts:20:10
    at new Promise (<anonymous>)
    at onceWithTimeout (http://localhost:1420/src/services/brainClient.ts:19:16)
    at getWidgetsOnce (http://localhost:1420/src/services/brainClient.ts:198:10)
    at refresh (http://localhost:1420/src/views/HomeFloatNotes.vue?t=1788078159546:51:30)
    at http://localhost:1420/src/views/HomeFloatNotes.vue?t=1788078159546:59:14
[ 5576949ms] TypeError: Cannot read properties of undefined (reading 'transformCallback')
    at transformCallback (http://localhost:1420/node_modules/.vite/deps/chunk-G7S6KQDI.js?v=318df923:22:37)
    at listen (http://localhost:1420/node_modules/.vite/deps/chunk-7FCLUC5I.js?v=318df923:39:14)
    at once (http://localhost:1420/node_modules/.vite/deps/chunk-7FCLUC5I.js?v=318df923:45:10)
    at http://localhost:1420/src/services/brainClient.ts:20:10
    at new Promise (<anonymous>)
    at onceWithTimeout (http://localhost:1420/src/services/brainClient.ts:19:16)
    at getWidgetsOnce (http://localhost:1420/src/services/brainClient.ts:198:10)
    at refresh (http://localhost:1420/src/views/HomeFloatNotes.vue?t=1788078159546:51:30)
    at http://localhost:1420/src/views/HomeFloatNotes.vue?t=1788078159546:59:14
[ 5588950ms] TypeError: Cannot read properties of undefined (reading 'transformCallback')
    at transformCallback (http://localhost:1420/node_modules/.vite/deps/chunk-G7S6KQDI.js?v=318df923:22:37)
    at listen (http://localhost:1420/node_modules/.vite/deps/chunk-7FCLUC5I.js?v=318df923:39:14)
    at once (http://localhost:1420/node_modules/.vite/deps/chunk-7FCLUC5I.js?v=318df923:45:10)
    at http://localhost:1420/src/services/brainClient.ts:20:10
    at new Promise (<anonymous>)
    at onceWithTimeout (http://localhost:1420/src/services/brainClient.ts:19:16)
    at getWidgetsOnce (http://localhost:1420/src/services/brainClient.ts:198:10)
    at refresh (http://localhost:1420/src/views/HomeFloatNotes.vue?t=1788078159546:51:30)
    at http://localhost:1420/src/views/HomeFloatNotes.vue?t=1788078159546:59:14
[ 5600950ms] TypeError: Cannot read properties of undefined (reading 'transformCallback')
    at transformCallback (http://localhost:1420/node_modules/.vite/deps/chunk-G7S6KQDI.js?v=318df923:22:37)
    at listen (http://localhost:1420/node_modules/.vite/deps/chunk-7FCLUC5I.js?v=318df923:39:14)
    at once (http://localhost:1420/node_modules/.vite/deps/chunk-7FCLUC5I.js?v=318df923:45:10)
    at http://localhost:1420/src/services/brainClient.ts:20:10
    at new Promise (<anonymous>)
    at onceWithTimeout (http://localhost:1420/src/services/brainClient.ts:19:16)
    at getWidgetsOnce (http://localhost:1420/src/services/brainClient.ts:198:10)
    at refresh (http://localhost:1420/src/views/HomeFloatNotes.vue?t=1788078159546:51:30)
    at http://localhost:1420/src/views/HomeFloatNotes.vue?t=1788078159546:59:14
[ 5612951ms] TypeError: Cannot read properties of undefined (reading 'transformCallback')
    at transformCallback (http://localhost:1420/node_modules/.vite/deps/chunk-G7S6KQDI.js?v=318df923:22:37)
    at listen (http://localhost:1420/node_modules/.vite/deps/chunk-7FCLUC5I.js?v=318df923:39:14)
    at once (http://localhost:1420/node_modules/.vite/deps/chunk-7FCLUC5I.js?v=318df923:45:10)
    at http://localhost:1420/src/services/brainClient.ts:20:10
    at new Promise (<anonymous>)
    at onceWithTimeout (http://localhost:1420/src/services/brainClient.ts:19:16)
    at getWidgetsOnce (http://localhost:1420/src/services/brainClient.ts:198:10)
    at refresh (http://localhost:1420/src/views/HomeFloatNotes.vue?t=1788078159546:51:30)
    at http://localhost:1420/src/views/HomeFloatNotes.vue?t=1788078159546:59:14
[ 5621949ms] TypeError: Cannot read properties of undefined (reading 'transformCallback')
    at transformCallback (http://localhost:1420/node_modules/.vite/deps/chunk-G7S6KQDI.js?v=318df923:22:37)
    at listen (http://localhost:1420/node_modules/.vite/deps/chunk-7FCLUC5I.js?v=318df923:39:14)
    at onBrainEvent (http://localhost:1420/src/services/brainClient.ts:299:10)
    at http://localhost:1420/src/lib/home/home-panel-run.ts:12:12
    at new Promise (<anonymous>)
    at runPanelAction (http://localhost:1420/src/lib/home/home-panel-run.ts:6:18)
    at refresh (http://localhost:1420/src/views/HomeMaterialsStat.vue?t=1788078978195:14:30)
[ 5624951ms] TypeError: Cannot read properties of undefined (reading 'transformCallback')
    at transformCallback (http://localhost:1420/node_modules/.vite/deps/chunk-G7S6KQDI.js?v=318df923:22:37)
    at listen (http://localhost:1420/node_modules/.vite/deps/chunk-7FCLUC5I.js?v=318df923:39:14)
    at once (http://localhost:1420/node_modules/.vite/deps/chunk-7FCLUC5I.js?v=318df923:45:10)
    at http://localhost:1420/src/services/brainClient.ts:20:10
    at new Promise (<anonymous>)
    at onceWithTimeout (http://localhost:1420/src/services/brainClient.ts:19:16)
    at getWidgetsOnce (http://localhost:1420/src/services/brainClient.ts:198:10)
    at refresh (http://localhost:1420/src/views/HomeFloatNotes.vue?t=1788078159546:51:30)
    at http://localhost:1420/src/views/HomeFloatNotes.vue?t=1788078159546:59:14
[ 5636950ms] TypeError: Cannot read properties of undefined (reading 'transformCallback')
    at transformCallback (http://localhost:1420/node_modules/.vite/deps/chunk-G7S6KQDI.js?v=318df923:22:37)
    at listen (http://localhost:1420/node_modules/.vite/deps/chunk-7FCLUC5I.js?v=318df923:39:14)
    at once (http://localhost:1420/node_modules/.vite/deps/chunk-7FCLUC5I.js?v=318df923:45:10)
    at http://localhost:1420/src/services/brainClient.ts:20:10
    at new Promise (<anonymous>)
    at onceWithTimeout (http://localhost:1420/src/services/brainClient.ts:19:16)
    at getWidgetsOnce (http://localhost:1420/src/services/brainClient.ts:198:10)
    at refresh (http://localhost:1420/src/views/HomeFloatNotes.vue?t=1788078159546:51:30)
    at http://localhost:1420/src/views/HomeFloatNotes.vue?t=1788078159546:59:14
[ 5648953ms] TypeError: Cannot read properties of undefined (reading 'transformCallback')
    at transformCallback (http://localhost:1420/node_modules/.vite/deps/chunk-G7S6KQDI.js?v=318df923:22:37)
    at listen (http://localhost:1420/node_modules/.vite/deps/chunk-7FCLUC5I.js?v=318df923:39:14)
    at once (http://localhost:1420/node_modules/.vite/deps/chunk-7FCLUC5I.js?v=318df923:45:10)
    at http://localhost:1420/src/services/brainClient.ts:20:10
    at new Promise (<anonymous>)
    at onceWithTimeout (http://localhost:1420/src/services/brainClient.ts:19:16)
    at getWidgetsOnce (http://localhost:1420/src/services/brainClient.ts:198:10)
    at refresh (http://localhost:1420/src/views/HomeFloatNotes.vue?t=1788078159546:51:30)
    at http://localhost:1420/src/views/HomeFloatNotes.vue?t=1788078159546:59:14
[ 5660951ms] TypeError: Cannot read properties of undefined (reading 'transformCallback')
    at transformCallback (http://localhost:1420/node_modules/.vite/deps/chunk-G7S6KQDI.js?v=318df923:22:37)
    at listen (http://localhost:1420/node_modules/.vite/deps/chunk-7FCLUC5I.js?v=318df923:39:14)
    at once (http://localhost:1420/node_modules/.vite/deps/chunk-7FCLUC5I.js?v=318df923:45:10)
    at http://localhost:1420/src/services/brainClient.ts:20:10
    at new Promise (<anonymous>)
    at onceWithTimeout (http://localhost:1420/src/services/brainClient.ts:19:16)
    at getWidgetsOnce (http://localhost:1420/src/services/brainClient.ts:198:10)
    at refresh (http://localhost:1420/src/views/HomeFloatNotes.vue?t=1788078159546:51:30)
    at http://localhost:1420/src/views/HomeFloatNotes.vue?t=1788078159546:59:14
[ 5672951ms] TypeError: Cannot read properties of undefined (reading 'transformCallback')
    at transformCallback (http://localhost:1420/node_modules/.vite/deps/chunk-G7S6KQDI.js?v=318df923:22:37)
    at listen (http://localhost:1420/node_modules/.vite/deps/chunk-7FCLUC5I.js?v=318df923:39:14)
    at once (http://localhost:1420/node_modules/.vite/deps/chunk-7FCLUC5I.js?v=318df923:45:10)
    at http://localhost:1420/src/services/brainClient.ts:20:10
    at new Promise (<anonymous>)
    at onceWithTimeout (http://localhost:1420/src/services/brainClient.ts:19:16)
    at getWidgetsOnce (http://localhost:1420/src/services/brainClient.ts:198:10)
    at refresh (http://localhost:1420/src/views/HomeFloatNotes.vue?t=1788078159546:51:30)
    at http://localhost:1420/src/views/HomeFloatNotes.vue?t=1788078159546:59:14
[ 5681951ms] TypeError: Cannot read properties of undefined (reading 'transformCallback')
    at transformCallback (http://localhost:1420/node_modules/.vite/deps/chunk-G7S6KQDI.js?v=318df923:22:37)
    at listen (http://localhost:1420/node_modules/.vite/deps/chunk-7FCLUC5I.js?v=318df923:39:14)
    at onBrainEvent (http://localhost:1420/src/services/brainClient.ts:299:10)
    at http://localhost:1420/src/lib/home/home-panel-run.ts:12:12
    at new Promise (<anonymous>)
    at runPanelAction (http://localhost:1420/src/lib/home/home-panel-run.ts:6:18)
    at refresh (http://localhost:1420/src/views/HomeMaterialsStat.vue?t=1788078978195:14:30)
[ 5684951ms] TypeError: Cannot read properties of undefined (reading 'transformCallback')
    at transformCallback (http://localhost:1420/node_modules/.vite/deps/chunk-G7S6KQDI.js?v=318df923:22:37)
    at listen (http://localhost:1420/node_modules/.vite/deps/chunk-7FCLUC5I.js?v=318df923:39:14)
    at once (http://localhost:1420/node_modules/.vite/deps/chunk-7FCLUC5I.js?v=318df923:45:10)
    at http://localhost:1420/src/services/brainClient.ts:20:10
    at new Promise (<anonymous>)
    at onceWithTimeout (http://localhost:1420/src/services/brainClient.ts:19:16)
    at getWidgetsOnce (http://localhost:1420/src/services/brainClient.ts:198:10)
    at refresh (http://localhost:1420/src/views/HomeFloatNotes.vue?t=1788078159546:51:30)
    at http://localhost:1420/src/views/HomeFloatNotes.vue?t=1788078159546:59:14
[ 5696951ms] TypeError: Cannot read properties of undefined (reading 'transformCallback')
    at transformCallback (http://localhost:1420/node_modules/.vite/deps/chunk-G7S6KQDI.js?v=318df923:22:37)
    at listen (http://localhost:1420/node_modules/.vite/deps/chunk-7FCLUC5I.js?v=318df923:39:14)
    at once (http://localhost:1420/node_modules/.vite/deps/chunk-7FCLUC5I.js?v=318df923:45:10)
    at http://localhost:1420/src/services/brainClient.ts:20:10
    at new Promise (<anonymous>)
    at onceWithTimeout (http://localhost:1420/src/services/brainClient.ts:19:16)
    at getWidgetsOnce (http://localhost:1420/src/services/brainClient.ts:198:10)
    at refresh (http://localhost:1420/src/views/HomeFloatNotes.vue?t=1788078159546:51:30)
    at http://localhost:1420/src/views/HomeFloatNotes.vue?t=1788078159546:59:14
[ 5708952ms] TypeError: Cannot read properties of undefined (reading 'transformCallback')
    at transformCallback (http://localhost:1420/node_modules/.vite/deps/chunk-G7S6KQDI.js?v=318df923:22:37)
    at listen (http://localhost:1420/node_modules/.vite/deps/chunk-7FCLUC5I.js?v=318df923:39:14)
    at once (http://localhost:1420/node_modules/.vite/deps/chunk-7FCLUC5I.js?v=318df923:45:10)
    at http://localhost:1420/src/services/brainClient.ts:20:10
    at new Promise (<anonymous>)
    at onceWithTimeout (http://localhost:1420/src/services/brainClient.ts:19:16)
    at getWidgetsOnce (http://localhost:1420/src/services/brainClient.ts:198:10)
    at refresh (http://localhost:1420/src/views/HomeFloatNotes.vue?t=1788078159546:51:30)
    at http://localhost:1420/src/views/HomeFloatNotes.vue?t=1788078159546:59:14
[ 5720952ms] TypeError: Cannot read properties of undefined (reading 'transformCallback')
    at transformCallback (http://localhost:1420/node_modules/.vite/deps/chunk-G7S6KQDI.js?v=318df923:22:37)
    at listen (http://localhost:1420/node_modules/.vite/deps/chunk-7FCLUC5I.js?v=318df923:39:14)
    at once (http://localhost:1420/node_modules/.vite/deps/chunk-7FCLUC5I.js?v=318df923:45:10)
    at http://localhost:1420/src/services/brainClient.ts:20:10
    at new Promise (<anonymous>)
    at onceWithTimeout (http://localhost:1420/src/services/brainClient.ts:19:16)
    at getWidgetsOnce (http://localhost:1420/src/services/brainClient.ts:198:10)
    at refresh (http://localhost:1420/src/views/HomeFloatNotes.vue?t=1788078159546:51:30)
    at http://localhost:1420/src/views/HomeFloatNotes.vue?t=1788078159546:59:14
[ 5732952ms] TypeError: Cannot read properties of undefined (reading 'transformCallback')
    at transformCallback (http://localhost:1420/node_modules/.vite/deps/chunk-G7S6KQDI.js?v=318df923:22:37)
    at listen (http://localhost:1420/node_modules/.vite/deps/chunk-7FCLUC5I.js?v=318df923:39:14)
    at once (http://localhost:1420/node_modules/.vite/deps/chunk-7FCLUC5I.js?v=318df923:45:10)
    at http://localhost:1420/src/services/brainClient.ts:20:10
    at new Promise (<anonymous>)
    at onceWithTimeout (http://localhost:1420/src/services/brainClient.ts:19:16)
    at getWidgetsOnce (http://localhost:1420/src/services/brainClient.ts:198:10)
    at refresh (http://localhost:1420/src/views/HomeFloatNotes.vue?t=1788078159546:51:30)
    at http://localhost:1420/src/views/HomeFloatNotes.vue?t=1788078159546:59:14
[ 5741951ms] TypeError: Cannot read properties of undefined (reading 'transformCallback')
    at transformCallback (http://localhost:1420/node_modules/.vite/deps/chunk-G7S6KQDI.js?v=318df923:22:37)
    at listen (http://localhost:1420/node_modules/.vite/deps/chunk-7FCLUC5I.js?v=318df923:39:14)
    at onBrainEvent (http://localhost:1420/src/services/brainClient.ts:299:10)
    at http://localhost:1420/src/lib/home/home-panel-run.ts:12:12
    at new Promise (<anonymous>)
    at runPanelAction (http://localhost:1420/src/lib/home/home-panel-run.ts:6:18)
    at refresh (http://localhost:1420/src/views/HomeMaterialsStat.vue?t=1788078978195:14:30)
[ 5744950ms] TypeError: Cannot read properties of undefined (reading 'transformCallback')
    at transformCallback (http://localhost:1420/node_modules/.vite/deps/chunk-G7S6KQDI.js?v=318df923:22:37)
    at listen (http://localhost:1420/node_modules/.vite/deps/chunk-7FCLUC5I.js?v=318df923:39:14)
    at once (http://localhost:1420/node_modules/.vite/deps/chunk-7FCLUC5I.js?v=318df923:45:10)
    at http://localhost:1420/src/services/brainClient.ts:20:10
    at new Promise (<anonymous>)
    at onceWithTimeout (http://localhost:1420/src/services/brainClient.ts:19:16)
    at getWidgetsOnce (http://localhost:1420/src/services/brainClient.ts:198:10)
    at refresh (http://localhost:1420/src/views/HomeFloatNotes.vue?t=1788078159546:51:30)
    at http://localhost:1420/src/views/HomeFloatNotes.vue?t=1788078159546:59:14
[ 5756951ms] TypeError: Cannot read properties of undefined (reading 'transformCallback')
    at transformCallback (http://localhost:1420/node_modules/.vite/deps/chunk-G7S6KQDI.js?v=318df923:22:37)
    at listen (http://localhost:1420/node_modules/.vite/deps/chunk-7FCLUC5I.js?v=318df923:39:14)
    at once (http://localhost:1420/node_modules/.vite/deps/chunk-7FCLUC5I.js?v=318df923:45:10)
    at http://localhost:1420/src/services/brainClient.ts:20:10
    at new Promise (<anonymous>)
    at onceWithTimeout (http://localhost:1420/src/services/brainClient.ts:19:16)
    at getWidgetsOnce (http://localhost:1420/src/services/brainClient.ts:198:10)
    at refresh (http://localhost:1420/src/views/HomeFloatNotes.vue?t=1788078159546:51:30)
    at http://localhost:1420/src/views/HomeFloatNotes.vue?t=1788078159546:59:14
[ 5768951ms] TypeError: Cannot read properties of undefined (reading 'transformCallback')
    at transformCallback (http://localhost:1420/node_modules/.vite/deps/chunk-G7S6KQDI.js?v=318df923:22:37)
    at listen (http://localhost:1420/node_modules/.vite/deps/chunk-7FCLUC5I.js?v=318df923:39:14)
    at once (http://localhost:1420/node_modules/.vite/deps/chunk-7FCLUC5I.js?v=318df923:45:10)
    at http://localhost:1420/src/services/brainClient.ts:20:10
    at new Promise (<anonymous>)
    at onceWithTimeout (http://localhost:1420/src/services/brainClient.ts:19:16)
    at getWidgetsOnce (http://localhost:1420/src/services/brainClient.ts:198:10)
    at refresh (http://localhost:1420/src/views/HomeFloatNotes.vue?t=1788078159546:51:30)
    at http://localhost:1420/src/views/HomeFloatNotes.vue?t=1788078159546:59:14
[ 5780952ms] TypeError: Cannot read properties of undefined (reading 'transformCallback')
    at transformCallback (http://localhost:1420/node_modules/.vite/deps/chunk-G7S6KQDI.js?v=318df923:22:37)
    at listen (http://localhost:1420/node_modules/.vite/deps/chunk-7FCLUC5I.js?v=318df923:39:14)
    at once (http://localhost:1420/node_modules/.vite/deps/chunk-7FCLUC5I.js?v=318df923:45:10)
    at http://localhost:1420/src/services/brainClient.ts:20:10
    at new Promise (<anonymous>)
    at onceWithTimeout (http://localhost:1420/src/services/brainClient.ts:19:16)
    at getWidgetsOnce (http://localhost:1420/src/services/brainClient.ts:198:10)
    at refresh (http://localhost:1420/src/views/HomeFloatNotes.vue?t=1788078159546:51:30)
    at http://localhost:1420/src/views/HomeFloatNotes.vue?t=1788078159546:59:14
[ 5792952ms] TypeError: Cannot read properties of undefined (reading 'transformCallback')
    at transformCallback (http://localhost:1420/node_modules/.vite/deps/chunk-G7S6KQDI.js?v=318df923:22:37)
    at listen (http://localhost:1420/node_modules/.vite/deps/chunk-7FCLUC5I.js?v=318df923:39:14)
    at once (http://localhost:1420/node_modules/.vite/deps/chunk-7FCLUC5I.js?v=318df923:45:10)
    at http://localhost:1420/src/services/brainClient.ts:20:10
    at new Promise (<anonymous>)
    at onceWithTimeout (http://localhost:1420/src/services/brainClient.ts:19:16)
    at getWidgetsOnce (http://localhost:1420/src/services/brainClient.ts:198:10)
    at refresh (http://localhost:1420/src/views/HomeFloatNotes.vue?t=1788078159546:51:30)
    at http://localhost:1420/src/views/HomeFloatNotes.vue?t=1788078159546:59:14
[ 5801951ms] TypeError: Cannot read properties of undefined (reading 'transformCallback')
    at transformCallback (http://localhost:1420/node_modules/.vite/deps/chunk-G7S6KQDI.js?v=318df923:22:37)
    at listen (http://localhost:1420/node_modules/.vite/deps/chunk-7FCLUC5I.js?v=318df923:39:14)
    at onBrainEvent (http://localhost:1420/src/services/brainClient.ts:299:10)
    at http://localhost:1420/src/lib/home/home-panel-run.ts:12:12
    at new Promise (<anonymous>)
    at runPanelAction (http://localhost:1420/src/lib/home/home-panel-run.ts:6:18)
    at refresh (http://localhost:1420/src/views/HomeMaterialsStat.vue?t=1788078978195:14:30)
[ 5804952ms] TypeError: Cannot read properties of undefined (reading 'transformCallback')
    at transformCallback (http://localhost:1420/node_modules/.vite/deps/chunk-G7S6KQDI.js?v=318df923:22:37)
    at listen (http://localhost:1420/node_modules/.vite/deps/chunk-7FCLUC5I.js?v=318df923:39:14)
    at once (http://localhost:1420/node_modules/.vite/deps/chunk-7FCLUC5I.js?v=318df923:45:10)
    at http://localhost:1420/src/services/brainClient.ts:20:10
    at new Promise (<anonymous>)
    at onceWithTimeout (http://localhost:1420/src/services/brainClient.ts:19:16)
    at getWidgetsOnce (http://localhost:1420/src/services/brainClient.ts:198:10)
    at refresh (http://localhost:1420/src/views/HomeFloatNotes.vue?t=1788078159546:51:30)
    at http://localhost:1420/src/views/HomeFloatNotes.vue?t=1788078159546:59:14
[ 5816951ms] TypeError: Cannot read properties of undefined (reading 'transformCallback')
    at transformCallback (http://localhost:1420/node_modules/.vite/deps/chunk-G7S6KQDI.js?v=318df923:22:37)
    at listen (http://localhost:1420/node_modules/.vite/deps/chunk-7FCLUC5I.js?v=318df923:39:14)
    at once (http://localhost:1420/node_modules/.vite/deps/chunk-7FCLUC5I.js?v=318df923:45:10)
    at http://localhost:1420/src/services/brainClient.ts:20:10
    at new Promise (<anonymous>)
    at onceWithTimeout (http://localhost:1420/src/services/brainClient.ts:19:16)
    at getWidgetsOnce (http://localhost:1420/src/services/brainClient.ts:198:10)
    at refresh (http://localhost:1420/src/views/HomeFloatNotes.vue?t=1788078159546:51:30)
    at http://localhost:1420/src/views/HomeFloatNotes.vue?t=1788078159546:59:14
[ 5828953ms] TypeError: Cannot read properties of undefined (reading 'transformCallback')
    at transformCallback (http://localhost:1420/node_modules/.vite/deps/chunk-G7S6KQDI.js?v=318df923:22:37)
    at listen (http://localhost:1420/node_modules/.vite/deps/chunk-7FCLUC5I.js?v=318df923:39:14)
    at once (http://localhost:1420/node_modules/.vite/deps/chunk-7FCLUC5I.js?v=318df923:45:10)
    at http://localhost:1420/src/services/brainClient.ts:20:10
    at new Promise (<anonymous>)
    at onceWithTimeout (http://localhost:1420/src/services/brainClient.ts:19:16)
    at getWidgetsOnce (http://localhost:1420/src/services/brainClient.ts:198:10)
    at refresh (http://localhost:1420/src/views/HomeFloatNotes.vue?t=1788078159546:51:30)
    at http://localhost:1420/src/views/HomeFloatNotes.vue?t=1788078159546:59:14
[ 5840953ms] TypeError: Cannot read properties of undefined (reading 'transformCallback')
    at transformCallback (http://localhost:1420/node_modules/.vite/deps/chunk-G7S6KQDI.js?v=318df923:22:37)
    at listen (http://localhost:1420/node_modules/.vite/deps/chunk-7FCLUC5I.js?v=318df923:39:14)
    at once (http://localhost:1420/node_modules/.vite/deps/chunk-7FCLUC5I.js?v=318df923:45:10)
    at http://localhost:1420/src/services/brainClient.ts:20:10
    at new Promise (<anonymous>)
    at onceWithTimeout (http://localhost:1420/src/services/brainClient.ts:19:16)
    at getWidgetsOnce (http://localhost:1420/src/services/brainClient.ts:198:10)
    at refresh (http://localhost:1420/src/views/HomeFloatNotes.vue?t=1788078159546:51:30)
    at http://localhost:1420/src/views/HomeFloatNotes.vue?t=1788078159546:59:14
[ 5852953ms] TypeError: Cannot read properties of undefined (reading 'transformCallback')
    at transformCallback (http://localhost:1420/node_modules/.vite/deps/chunk-G7S6KQDI.js?v=318df923:22:37)
    at listen (http://localhost:1420/node_modules/.vite/deps/chunk-7FCLUC5I.js?v=318df923:39:14)
    at once (http://localhost:1420/node_modules/.vite/deps/chunk-7FCLUC5I.js?v=318df923:45:10)
    at http://localhost:1420/src/services/brainClient.ts:20:10
    at new Promise (<anonymous>)
    at onceWithTimeout (http://localhost:1420/src/services/brainClient.ts:19:16)
    at getWidgetsOnce (http://localhost:1420/src/services/brainClient.ts:198:10)
    at refresh (http://localhost:1420/src/views/HomeFloatNotes.vue?t=1788078159546:51:30)
    at http://localhost:1420/src/views/HomeFloatNotes.vue?t=1788078159546:59:14
[ 5861951ms] TypeError: Cannot read properties of undefined (reading 'transformCallback')
    at transformCallback (http://localhost:1420/node_modules/.vite/deps/chunk-G7S6KQDI.js?v=318df923:22:37)
    at listen (http://localhost:1420/node_modules/.vite/deps/chunk-7FCLUC5I.js?v=318df923:39:14)
    at onBrainEvent (http://localhost:1420/src/services/brainClient.ts:299:10)
    at http://localhost:1420/src/lib/home/home-panel-run.ts:12:12
    at new Promise (<anonymous>)
    at runPanelAction (http://localhost:1420/src/lib/home/home-panel-run.ts:6:18)
    at refresh (http://localhost:1420/src/views/HomeMaterialsStat.vue?t=1788078978195:14:30)
[ 5864954ms] TypeError: Cannot read properties of undefined (reading 'transformCallback')
    at transformCallback (http://localhost:1420/node_modules/.vite/deps/chunk-G7S6KQDI.js?v=318df923:22:37)
    at listen (http://localhost:1420/node_modules/.vite/deps/chunk-7FCLUC5I.js?v=318df923:39:14)
    at once (http://localhost:1420/node_modules/.vite/deps/chunk-7FCLUC5I.js?v=318df923:45:10)
    at http://localhost:1420/src/services/brainClient.ts:20:10
    at new Promise (<anonymous>)
    at onceWithTimeout (http://localhost:1420/src/services/brainClient.ts:19:16)
    at getWidgetsOnce (http://localhost:1420/src/services/brainClient.ts:198:10)
    at refresh (http://localhost:1420/src/views/HomeFloatNotes.vue?t=1788078159546:51:30)
    at http://localhost:1420/src/views/HomeFloatNotes.vue?t=1788078159546:59:14
[ 5876952ms] TypeError: Cannot read properties of undefined (reading 'transformCallback')
    at transformCallback (http://localhost:1420/node_modules/.vite/deps/chunk-G7S6KQDI.js?v=318df923:22:37)
    at listen (http://localhost:1420/node_modules/.vite/deps/chunk-7FCLUC5I.js?v=318df923:39:14)
    at once (http://localhost:1420/node_modules/.vite/deps/chunk-7FCLUC5I.js?v=318df923:45:10)
    at http://localhost:1420/src/services/brainClient.ts:20:10
    at new Promise (<anonymous>)
    at onceWithTimeout (http://localhost:1420/src/services/brainClient.ts:19:16)
    at getWidgetsOnce (http://localhost:1420/src/services/brainClient.ts:198:10)
    at refresh (http://localhost:1420/src/views/HomeFloatNotes.vue?t=1788078159546:51:30)
    at http://localhost:1420/src/views/HomeFloatNotes.vue?t=1788078159546:59:14
[ 5888951ms] TypeError: Cannot read properties of undefined (reading 'transformCallback')
    at transformCallback (http://localhost:1420/node_modules/.vite/deps/chunk-G7S6KQDI.js?v=318df923:22:37)
    at listen (http://localhost:1420/node_modules/.vite/deps/chunk-7FCLUC5I.js?v=318df923:39:14)
    at once (http://localhost:1420/node_modules/.vite/deps/chunk-7FCLUC5I.js?v=318df923:45:10)
    at http://localhost:1420/src/services/brainClient.ts:20:10
    at new Promise (<anonymous>)
    at onceWithTimeout (http://localhost:1420/src/services/brainClient.ts:19:16)
    at getWidgetsOnce (http://localhost:1420/src/services/brainClient.ts:198:10)
    at refresh (http://localhost:1420/src/views/HomeFloatNotes.vue?t=1788078159546:51:30)
    at http://localhost:1420/src/views/HomeFloatNotes.vue?t=1788078159546:59:14
[ 5900951ms] TypeError: Cannot read properties of undefined (reading 'transformCallback')
    at transformCallback (http://localhost:1420/node_modules/.vite/deps/chunk-G7S6KQDI.js?v=318df923:22:37)
    at listen (http://localhost:1420/node_modules/.vite/deps/chunk-7FCLUC5I.js?v=318df923:39:14)
    at once (http://localhost:1420/node_modules/.vite/deps/chunk-7FCLUC5I.js?v=318df923:45:10)
    at http://localhost:1420/src/services/brainClient.ts:20:10
    at new Promise (<anonymous>)
    at onceWithTimeout (http://localhost:1420/src/services/brainClient.ts:19:16)
    at getWidgetsOnce (http://localhost:1420/src/services/brainClient.ts:198:10)
    at refresh (http://localhost:1420/src/views/HomeFloatNotes.vue?t=1788078159546:51:30)
    at http://localhost:1420/src/views/HomeFloatNotes.vue?t=1788078159546:59:14
[ 5912953ms] TypeError: Cannot read properties of undefined (reading 'transformCallback')
    at transformCallback (http://localhost:1420/node_modules/.vite/deps/chunk-G7S6KQDI.js?v=318df923:22:37)
    at listen (http://localhost:1420/node_modules/.vite/deps/chunk-7FCLUC5I.js?v=318df923:39:14)
    at once (http://localhost:1420/node_modules/.vite/deps/chunk-7FCLUC5I.js?v=318df923:45:10)
    at http://localhost:1420/src/services/brainClient.ts:20:10
    at new Promise (<anonymous>)
    at onceWithTimeout (http://localhost:1420/src/services/brainClient.ts:19:16)
    at getWidgetsOnce (http://localhost:1420/src/services/brainClient.ts:198:10)
    at refresh (http://localhost:1420/src/views/HomeFloatNotes.vue?t=1788078159546:51:30)
    at http://localhost:1420/src/views/HomeFloatNotes.vue?t=1788078159546:59:14
[ 5921954ms] TypeError: Cannot read properties of undefined (reading 'transformCallback')
    at transformCallback (http://localhost:1420/node_modules/.vite/deps/chunk-G7S6KQDI.js?v=318df923:22:37)
    at listen (http://localhost:1420/node_modules/.vite/deps/chunk-7FCLUC5I.js?v=318df923:39:14)
    at onBrainEvent (http://localhost:1420/src/services/brainClient.ts:299:10)
    at http://localhost:1420/src/lib/home/home-panel-run.ts:12:12
    at new Promise (<anonymous>)
    at runPanelAction (http://localhost:1420/src/lib/home/home-panel-run.ts:6:18)
    at refresh (http://localhost:1420/src/views/HomeMaterialsStat.vue?t=1788078978195:14:30)
[ 5924953ms] TypeError: Cannot read properties of undefined (reading 'transformCallback')
    at transformCallback (http://localhost:1420/node_modules/.vite/deps/chunk-G7S6KQDI.js?v=318df923:22:37)
    at listen (http://localhost:1420/node_modules/.vite/deps/chunk-7FCLUC5I.js?v=318df923:39:14)
    at once (http://localhost:1420/node_modules/.vite/deps/chunk-7FCLUC5I.js?v=318df923:45:10)
    at http://localhost:1420/src/services/brainClient.ts:20:10
    at new Promise (<anonymous>)
    at onceWithTimeout (http://localhost:1420/src/services/brainClient.ts:19:16)
    at getWidgetsOnce (http://localhost:1420/src/services/brainClient.ts:198:10)
    at refresh (http://localhost:1420/src/views/HomeFloatNotes.vue?t=1788078159546:51:30)
    at http://localhost:1420/src/views/HomeFloatNotes.vue?t=1788078159546:59:14
[ 5936952ms] TypeError: Cannot read properties of undefined (reading 'transformCallback')
    at transformCallback (http://localhost:1420/node_modules/.vite/deps/chunk-G7S6KQDI.js?v=318df923:22:37)
    at listen (http://localhost:1420/node_modules/.vite/deps/chunk-7FCLUC5I.js?v=318df923:39:14)
    at once (http://localhost:1420/node_modules/.vite/deps/chunk-7FCLUC5I.js?v=318df923:45:10)
    at http://localhost:1420/src/services/brainClient.ts:20:10
    at new Promise (<anonymous>)
    at onceWithTimeout (http://localhost:1420/src/services/brainClient.ts:19:16)
    at getWidgetsOnce (http://localhost:1420/src/services/brainClient.ts:198:10)
    at refresh (http://localhost:1420/src/views/HomeFloatNotes.vue?t=1788078159546:51:30)
    at http://localhost:1420/src/views/HomeFloatNotes.vue?t=1788078159546:59:14
[ 5948953ms] TypeError: Cannot read properties of undefined (reading 'transformCallback')
    at transformCallback (http://localhost:1420/node_modules/.vite/deps/chunk-G7S6KQDI.js?v=318df923:22:37)
    at listen (http://localhost:1420/node_modules/.vite/deps/chunk-7FCLUC5I.js?v=318df923:39:14)
    at once (http://localhost:1420/node_modules/.vite/deps/chunk-7FCLUC5I.js?v=318df923:45:10)
    at http://localhost:1420/src/services/brainClient.ts:20:10
    at new Promise (<anonymous>)
    at onceWithTimeout (http://localhost:1420/src/services/brainClient.ts:19:16)
    at getWidgetsOnce (http://localhost:1420/src/services/brainClient.ts:198:10)
    at refresh (http://localhost:1420/src/views/HomeFloatNotes.vue?t=1788078159546:51:30)
    at http://localhost:1420/src/views/HomeFloatNotes.vue?t=1788078159546:59:14
[ 5960953ms] TypeError: Cannot read properties of undefined (reading 'transformCallback')
    at transformCallback (http://localhost:1420/node_modules/.vite/deps/chunk-G7S6KQDI.js?v=318df923:22:37)
    at listen (http://localhost:1420/node_modules/.vite/deps/chunk-7FCLUC5I.js?v=318df923:39:14)
    at once (http://localhost:1420/node_modules/.vite/deps/chunk-7FCLUC5I.js?v=318df923:45:10)
    at http://localhost:1420/src/services/brainClient.ts:20:10
    at new Promise (<anonymous>)
    at onceWithTimeout (http://localhost:1420/src/services/brainClient.ts:19:16)
    at getWidgetsOnce (http://localhost:1420/src/services/brainClient.ts:198:10)
    at refresh (http://localhost:1420/src/views/HomeFloatNotes.vue?t=1788078159546:51:30)
    at http://localhost:1420/src/views/HomeFloatNotes.vue?t=1788078159546:59:14
[ 5972954ms] TypeError: Cannot read properties of undefined (reading 'transformCallback')
    at transformCallback (http://localhost:1420/node_modules/.vite/deps/chunk-G7S6KQDI.js?v=318df923:22:37)
    at listen (http://localhost:1420/node_modules/.vite/deps/chunk-7FCLUC5I.js?v=318df923:39:14)
    at once (http://localhost:1420/node_modules/.vite/deps/chunk-7FCLUC5I.js?v=318df923:45:10)
    at http://localhost:1420/src/services/brainClient.ts:20:10
    at new Promise (<anonymous>)
    at onceWithTimeout (http://localhost:1420/src/services/brainClient.ts:19:16)
    at getWidgetsOnce (http://localhost:1420/src/services/brainClient.ts:198:10)
    at refresh (http://localhost:1420/src/views/HomeFloatNotes.vue?t=1788078159546:51:30)
    at http://localhost:1420/src/views/HomeFloatNotes.vue?t=1788078159546:59:14
[ 5981951ms] TypeError: Cannot read properties of undefined (reading 'transformCallback')
    at transformCallback (http://localhost:1420/node_modules/.vite/deps/chunk-G7S6KQDI.js?v=318df923:22:37)
    at listen (http://localhost:1420/node_modules/.vite/deps/chunk-7FCLUC5I.js?v=318df923:39:14)
    at onBrainEvent (http://localhost:1420/src/services/brainClient.ts:299:10)
    at http://localhost:1420/src/lib/home/home-panel-run.ts:12:12
    at new Promise (<anonymous>)
    at runPanelAction (http://localhost:1420/src/lib/home/home-panel-run.ts:6:18)
    at refresh (http://localhost:1420/src/views/HomeMaterialsStat.vue?t=1788078978195:14:30)
[ 5984953ms] TypeError: Cannot read properties of undefined (reading 'transformCallback')
    at transformCallback (http://localhost:1420/node_modules/.vite/deps/chunk-G7S6KQDI.js?v=318df923:22:37)
    at listen (http://localhost:1420/node_modules/.vite/deps/chunk-7FCLUC5I.js?v=318df923:39:14)
    at once (http://localhost:1420/node_modules/.vite/deps/chunk-7FCLUC5I.js?v=318df923:45:10)
    at http://localhost:1420/src/services/brainClient.ts:20:10
    at new Promise (<anonymous>)
    at onceWithTimeout (http://localhost:1420/src/services/brainClient.ts:19:16)
    at getWidgetsOnce (http://localhost:1420/src/services/brainClient.ts:198:10)
    at refresh (http://localhost:1420/src/views/HomeFloatNotes.vue?t=1788078159546:51:30)
    at http://localhost:1420/src/views/HomeFloatNotes.vue?t=1788078159546:59:14
[ 5996952ms] TypeError: Cannot read properties of undefined (reading 'transformCallback')
    at transformCallback (http://localhost:1420/node_modules/.vite/deps/chunk-G7S6KQDI.js?v=318df923:22:37)
    at listen (http://localhost:1420/node_modules/.vite/deps/chunk-7FCLUC5I.js?v=318df923:39:14)
    at once (http://localhost:1420/node_modules/.vite/deps/chunk-7FCLUC5I.js?v=318df923:45:10)
    at http://localhost:1420/src/services/brainClient.ts:20:10
    at new Promise (<anonymous>)
    at onceWithTimeout (http://localhost:1420/src/services/brainClient.ts:19:16)
    at getWidgetsOnce (http://localhost:1420/src/services/brainClient.ts:198:10)
    at refresh (http://localhost:1420/src/views/HomeFloatNotes.vue?t=1788078159546:51:30)
    at http://localhost:1420/src/views/HomeFloatNotes.vue?t=1788078159546:59:14
[ 6008954ms] TypeError: Cannot read properties of undefined (reading 'transformCallback')
    at transformCallback (http://localhost:1420/node_modules/.vite/deps/chunk-G7S6KQDI.js?v=318df923:22:37)
    at listen (http://localhost:1420/node_modules/.vite/deps/chunk-7FCLUC5I.js?v=318df923:39:14)
    at once (http://localhost:1420/node_modules/.vite/deps/chunk-7FCLUC5I.js?v=318df923:45:10)
    at http://localhost:1420/src/services/brainClient.ts:20:10
    at new Promise (<anonymous>)
    at onceWithTimeout (http://localhost:1420/src/services/brainClient.ts:19:16)
    at getWidgetsOnce (http://localhost:1420/src/services/brainClient.ts:198:10)
    at refresh (http://localhost:1420/src/views/HomeFloatNotes.vue?t=1788078159546:51:30)
    at http://localhost:1420/src/views/HomeFloatNotes.vue?t=1788078159546:59:14
[ 6020954ms] TypeError: Cannot read properties of undefined (reading 'transformCallback')
    at transformCallback (http://localhost:1420/node_modules/.vite/deps/chunk-G7S6KQDI.js?v=318df923:22:37)
    at listen (http://localhost:1420/node_modules/.vite/deps/chunk-7FCLUC5I.js?v=318df923:39:14)
    at once (http://localhost:1420/node_modules/.vite/deps/chunk-7FCLUC5I.js?v=318df923:45:10)
    at http://localhost:1420/src/services/brainClient.ts:20:10
    at new Promise (<anonymous>)
    at onceWithTimeout (http://localhost:1420/src/services/brainClient.ts:19:16)
    at getWidgetsOnce (http://localhost:1420/src/services/brainClient.ts:198:10)
    at refresh (http://localhost:1420/src/views/HomeFloatNotes.vue?t=1788078159546:51:30)
    at http://localhost:1420/src/views/HomeFloatNotes.vue?t=1788078159546:59:14
[ 6032954ms] TypeError: Cannot read properties of undefined (reading 'transformCallback')
    at transformCallback (http://localhost:1420/node_modules/.vite/deps/chunk-G7S6KQDI.js?v=318df923:22:37)
    at listen (http://localhost:1420/node_modules/.vite/deps/chunk-7FCLUC5I.js?v=318df923:39:14)
    at once (http://localhost:1420/node_modules/.vite/deps/chunk-7FCLUC5I.js?v=318df923:45:10)
    at http://localhost:1420/src/services/brainClient.ts:20:10
    at new Promise (<anonymous>)
    at onceWithTimeout (http://localhost:1420/src/services/brainClient.ts:19:16)
    at getWidgetsOnce (http://localhost:1420/src/services/brainClient.ts:198:10)
    at refresh (http://localhost:1420/src/views/HomeFloatNotes.vue?t=1788078159546:51:30)
    at http://localhost:1420/src/views/HomeFloatNotes.vue?t=1788078159546:59:14
[ 6041957ms] TypeError: Cannot read properties of undefined (reading 'transformCallback')
    at transformCallback (http://localhost:1420/node_modules/.vite/deps/chunk-G7S6KQDI.js?v=318df923:22:37)
    at listen (http://localhost:1420/node_modules/.vite/deps/chunk-7FCLUC5I.js?v=318df923:39:14)
    at onBrainEvent (http://localhost:1420/src/services/brainClient.ts:299:10)
    at http://localhost:1420/src/lib/home/home-panel-run.ts:12:12
    at new Promise (<anonymous>)
    at runPanelAction (http://localhost:1420/src/lib/home/home-panel-run.ts:6:18)
    at refresh (http://localhost:1420/src/views/HomeMaterialsStat.vue?t=1788078978195:14:30)
[ 6044952ms] TypeError: Cannot read properties of undefined (reading 'transformCallback')
    at transformCallback (http://localhost:1420/node_modules/.vite/deps/chunk-G7S6KQDI.js?v=318df923:22:37)
    at listen (http://localhost:1420/node_modules/.vite/deps/chunk-7FCLUC5I.js?v=318df923:39:14)
    at once (http://localhost:1420/node_modules/.vite/deps/chunk-7FCLUC5I.js?v=318df923:45:10)
    at http://localhost:1420/src/services/brainClient.ts:20:10
    at new Promise (<anonymous>)
    at onceWithTimeout (http://localhost:1420/src/services/brainClient.ts:19:16)
    at getWidgetsOnce (http://localhost:1420/src/services/brainClient.ts:198:10)
    at refresh (http://localhost:1420/src/views/HomeFloatNotes.vue?t=1788078159546:51:30)
    at http://localhost:1420/src/views/HomeFloatNotes.vue?t=1788078159546:59:14
[ 6056955ms] TypeError: Cannot read properties of undefined (reading 'transformCallback')
    at transformCallback (http://localhost:1420/node_modules/.vite/deps/chunk-G7S6KQDI.js?v=318df923:22:37)
    at listen (http://localhost:1420/node_modules/.vite/deps/chunk-7FCLUC5I.js?v=318df923:39:14)
    at once (http://localhost:1420/node_modules/.vite/deps/chunk-7FCLUC5I.js?v=318df923:45:10)
    at http://localhost:1420/src/services/brainClient.ts:20:10
    at new Promise (<anonymous>)
    at onceWithTimeout (http://localhost:1420/src/services/brainClient.ts:19:16)
    at getWidgetsOnce (http://localhost:1420/src/services/brainClient.ts:198:10)
    at refresh (http://localhost:1420/src/views/HomeFloatNotes.vue?t=1788078159546:51:30)
    at http://localhost:1420/src/views/HomeFloatNotes.vue?t=1788078159546:59:14
[ 6068953ms] TypeError: Cannot read properties of undefined (reading 'transformCallback')
    at transformCallback (http://localhost:1420/node_modules/.vite/deps/chunk-G7S6KQDI.js?v=318df923:22:37)
    at listen (http://localhost:1420/node_modules/.vite/deps/chunk-7FCLUC5I.js?v=318df923:39:14)
    at once (http://localhost:1420/node_modules/.vite/deps/chunk-7FCLUC5I.js?v=318df923:45:10)
    at http://localhost:1420/src/services/brainClient.ts:20:10
    at new Promise (<anonymous>)
    at onceWithTimeout (http://localhost:1420/src/services/brainClient.ts:19:16)
    at getWidgetsOnce (http://localhost:1420/src/services/brainClient.ts:198:10)
    at refresh (http://localhost:1420/src/views/HomeFloatNotes.vue?t=1788078159546:51:30)
    at http://localhost:1420/src/views/HomeFloatNotes.vue?t=1788078159546:59:14
[ 6080955ms] TypeError: Cannot read properties of undefined (reading 'transformCallback')
    at transformCallback (http://localhost:1420/node_modules/.vite/deps/chunk-G7S6KQDI.js?v=318df923:22:37)
    at listen (http://localhost:1420/node_modules/.vite/deps/chunk-7FCLUC5I.js?v=318df923:39:14)
    at once (http://localhost:1420/node_modules/.vite/deps/chunk-7FCLUC5I.js?v=318df923:45:10)
    at http://localhost:1420/src/services/brainClient.ts:20:10
    at new Promise (<anonymous>)
    at onceWithTimeout (http://localhost:1420/src/services/brainClient.ts:19:16)
    at getWidgetsOnce (http://localhost:1420/src/services/brainClient.ts:198:10)
    at refresh (http://localhost:1420/src/views/HomeFloatNotes.vue?t=1788078159546:51:30)
    at http://localhost:1420/src/views/HomeFloatNotes.vue?t=1788078159546:59:14
[ 6092954ms] TypeError: Cannot read properties of undefined (reading 'transformCallback')
    at transformCallback (http://localhost:1420/node_modules/.vite/deps/chunk-G7S6KQDI.js?v=318df923:22:37)
    at listen (http://localhost:1420/node_modules/.vite/deps/chunk-7FCLUC5I.js?v=318df923:39:14)
    at once (http://localhost:1420/node_modules/.vite/deps/chunk-7FCLUC5I.js?v=318df923:45:10)
    at http://localhost:1420/src/services/brainClient.ts:20:10
    at new Promise (<anonymous>)
    at onceWithTimeout (http://localhost:1420/src/services/brainClient.ts:19:16)
    at getWidgetsOnce (http://localhost:1420/src/services/brainClient.ts:198:10)
    at refresh (http://localhost:1420/src/views/HomeFloatNotes.vue?t=1788078159546:51:30)
    at http://localhost:1420/src/views/HomeFloatNotes.vue?t=1788078159546:59:14
[ 6101953ms] TypeError: Cannot read properties of undefined (reading 'transformCallback')
    at transformCallback (http://localhost:1420/node_modules/.vite/deps/chunk-G7S6KQDI.js?v=318df923:22:37)
    at listen (http://localhost:1420/node_modules/.vite/deps/chunk-7FCLUC5I.js?v=318df923:39:14)
    at onBrainEvent (http://localhost:1420/src/services/brainClient.ts:299:10)
    at http://localhost:1420/src/lib/home/home-panel-run.ts:12:12
    at new Promise (<anonymous>)
    at runPanelAction (http://localhost:1420/src/lib/home/home-panel-run.ts:6:18)
    at refresh (http://localhost:1420/src/views/HomeMaterialsStat.vue?t=1788078978195:14:30)
[ 6104954ms] TypeError: Cannot read properties of undefined (reading 'transformCallback')
    at transformCallback (http://localhost:1420/node_modules/.vite/deps/chunk-G7S6KQDI.js?v=318df923:22:37)
    at listen (http://localhost:1420/node_modules/.vite/deps/chunk-7FCLUC5I.js?v=318df923:39:14)
    at once (http://localhost:1420/node_modules/.vite/deps/chunk-7FCLUC5I.js?v=318df923:45:10)
    at http://localhost:1420/src/services/brainClient.ts:20:10
    at new Promise (<anonymous>)
    at onceWithTimeout (http://localhost:1420/src/services/brainClient.ts:19:16)
    at getWidgetsOnce (http://localhost:1420/src/services/brainClient.ts:198:10)
    at refresh (http://localhost:1420/src/views/HomeFloatNotes.vue?t=1788078159546:51:30)
    at http://localhost:1420/src/views/HomeFloatNotes.vue?t=1788078159546:59:14
[ 6116957ms] TypeError: Cannot read properties of undefined (reading 'transformCallback')
    at transformCallback (http://localhost:1420/node_modules/.vite/deps/chunk-G7S6KQDI.js?v=318df923:22:37)
    at listen (http://localhost:1420/node_modules/.vite/deps/chunk-7FCLUC5I.js?v=318df923:39:14)
    at once (http://localhost:1420/node_modules/.vite/deps/chunk-7FCLUC5I.js?v=318df923:45:10)
    at http://localhost:1420/src/services/brainClient.ts:20:10
    at new Promise (<anonymous>)
    at onceWithTimeout (http://localhost:1420/src/services/brainClient.ts:19:16)
    at getWidgetsOnce (http://localhost:1420/src/services/brainClient.ts:198:10)
    at refresh (http://localhost:1420/src/views/HomeFloatNotes.vue?t=1788078159546:51:30)
    at http://localhost:1420/src/views/HomeFloatNotes.vue?t=1788078159546:59:14
[ 6128956ms] TypeError: Cannot read properties of undefined (reading 'transformCallback')
    at transformCallback (http://localhost:1420/node_modules/.vite/deps/chunk-G7S6KQDI.js?v=318df923:22:37)
    at listen (http://localhost:1420/node_modules/.vite/deps/chunk-7FCLUC5I.js?v=318df923:39:14)
    at once (http://localhost:1420/node_modules/.vite/deps/chunk-7FCLUC5I.js?v=318df923:45:10)
    at http://localhost:1420/src/services/brainClient.ts:20:10
    at new Promise (<anonymous>)
    at onceWithTimeout (http://localhost:1420/src/services/brainClient.ts:19:16)
    at getWidgetsOnce (http://localhost:1420/src/services/brainClient.ts:198:10)
    at refresh (http://localhost:1420/src/views/HomeFloatNotes.vue?t=1788078159546:51:30)
    at http://localhost:1420/src/views/HomeFloatNotes.vue?t=1788078159546:59:14
[ 6140953ms] TypeError: Cannot read properties of undefined (reading 'transformCallback')
    at transformCallback (http://localhost:1420/node_modules/.vite/deps/chunk-G7S6KQDI.js?v=318df923:22:37)
    at listen (http://localhost:1420/node_modules/.vite/deps/chunk-7FCLUC5I.js?v=318df923:39:14)
    at once (http://localhost:1420/node_modules/.vite/deps/chunk-7FCLUC5I.js?v=318df923:45:10)
    at http://localhost:1420/src/services/brainClient.ts:20:10
    at new Promise (<anonymous>)
    at onceWithTimeout (http://localhost:1420/src/services/brainClient.ts:19:16)
    at getWidgetsOnce (http://localhost:1420/src/services/brainClient.ts:198:10)
    at refresh (http://localhost:1420/src/views/HomeFloatNotes.vue?t=1788078159546:51:30)
    at http://localhost:1420/src/views/HomeFloatNotes.vue?t=1788078159546:59:14
[ 6152956ms] TypeError: Cannot read properties of undefined (reading 'transformCallback')
    at transformCallback (http://localhost:1420/node_modules/.vite/deps/chunk-G7S6KQDI.js?v=318df923:22:37)
    at listen (http://localhost:1420/node_modules/.vite/deps/chunk-7FCLUC5I.js?v=318df923:39:14)
    at once (http://localhost:1420/node_modules/.vite/deps/chunk-7FCLUC5I.js?v=318df923:45:10)
    at http://localhost:1420/src/services/brainClient.ts:20:10
    at new Promise (<anonymous>)
    at onceWithTimeout (http://localhost:1420/src/services/brainClient.ts:19:16)
    at getWidgetsOnce (http://localhost:1420/src/services/brainClient.ts:198:10)
    at refresh (http://localhost:1420/src/views/HomeFloatNotes.vue?t=1788078159546:51:30)
    at http://localhost:1420/src/views/HomeFloatNotes.vue?t=1788078159546:59:14
[ 6161954ms] TypeError: Cannot read properties of undefined (reading 'transformCallback')
    at transformCallback (http://localhost:1420/node_modules/.vite/deps/chunk-G7S6KQDI.js?v=318df923:22:37)
    at listen (http://localhost:1420/node_modules/.vite/deps/chunk-7FCLUC5I.js?v=318df923:39:14)
    at onBrainEvent (http://localhost:1420/src/services/brainClient.ts:299:10)
    at http://localhost:1420/src/lib/home/home-panel-run.ts:12:12
    at new Promise (<anonymous>)
    at runPanelAction (http://localhost:1420/src/lib/home/home-panel-run.ts:6:18)
    at refresh (http://localhost:1420/src/views/HomeMaterialsStat.vue?t=1788078978195:14:30)
[ 6164956ms] TypeError: Cannot read properties of undefined (reading 'transformCallback')
    at transformCallback (http://localhost:1420/node_modules/.vite/deps/chunk-G7S6KQDI.js?v=318df923:22:37)
    at listen (http://localhost:1420/node_modules/.vite/deps/chunk-7FCLUC5I.js?v=318df923:39:14)
    at once (http://localhost:1420/node_modules/.vite/deps/chunk-7FCLUC5I.js?v=318df923:45:10)
    at http://localhost:1420/src/services/brainClient.ts:20:10
    at new Promise (<anonymous>)
    at onceWithTimeout (http://localhost:1420/src/services/brainClient.ts:19:16)
    at getWidgetsOnce (http://localhost:1420/src/services/brainClient.ts:198:10)
    at refresh (http://localhost:1420/src/views/HomeFloatNotes.vue?t=1788078159546:51:30)
    at http://localhost:1420/src/views/HomeFloatNotes.vue?t=1788078159546:59:14
[ 6176954ms] TypeError: Cannot read properties of undefined (reading 'transformCallback')
    at transformCallback (http://localhost:1420/node_modules/.vite/deps/chunk-G7S6KQDI.js?v=318df923:22:37)
    at listen (http://localhost:1420/node_modules/.vite/deps/chunk-7FCLUC5I.js?v=318df923:39:14)
    at once (http://localhost:1420/node_modules/.vite/deps/chunk-7FCLUC5I.js?v=318df923:45:10)
    at http://localhost:1420/src/services/brainClient.ts:20:10
    at new Promise (<anonymous>)
    at onceWithTimeout (http://localhost:1420/src/services/brainClient.ts:19:16)
    at getWidgetsOnce (http://localhost:1420/src/services/brainClient.ts:198:10)
    at refresh (http://localhost:1420/src/views/HomeFloatNotes.vue?t=1788078159546:51:30)
    at http://localhost:1420/src/views/HomeFloatNotes.vue?t=1788078159546:59:14
[ 6188956ms] TypeError: Cannot read properties of undefined (reading 'transformCallback')
    at transformCallback (http://localhost:1420/node_modules/.vite/deps/chunk-G7S6KQDI.js?v=318df923:22:37)
    at listen (http://localhost:1420/node_modules/.vite/deps/chunk-7FCLUC5I.js?v=318df923:39:14)
    at once (http://localhost:1420/node_modules/.vite/deps/chunk-7FCLUC5I.js?v=318df923:45:10)
    at http://localhost:1420/src/services/brainClient.ts:20:10
    at new Promise (<anonymous>)
    at onceWithTimeout (http://localhost:1420/src/services/brainClient.ts:19:16)
    at getWidgetsOnce (http://localhost:1420/src/services/brainClient.ts:198:10)
    at refresh (http://localhost:1420/src/views/HomeFloatNotes.vue?t=1788078159546:51:30)
    at http://localhost:1420/src/views/HomeFloatNotes.vue?t=1788078159546:59:14
[ 6200956ms] TypeError: Cannot read properties of undefined (reading 'transformCallback')
    at transformCallback (http://localhost:1420/node_modules/.vite/deps/chunk-G7S6KQDI.js?v=318df923:22:37)
    at listen (http://localhost:1420/node_modules/.vite/deps/chunk-7FCLUC5I.js?v=318df923:39:14)
    at once (http://localhost:1420/node_modules/.vite/deps/chunk-7FCLUC5I.js?v=318df923:45:10)
    at http://localhost:1420/src/services/brainClient.ts:20:10
    at new Promise (<anonymous>)
    at onceWithTimeout (http://localhost:1420/src/services/brainClient.ts:19:16)
    at getWidgetsOnce (http://localhost:1420/src/services/brainClient.ts:198:10)
    at refresh (http://localhost:1420/src/views/HomeFloatNotes.vue?t=1788078159546:51:30)
    at http://localhost:1420/src/views/HomeFloatNotes.vue?t=1788078159546:59:14
[ 6212957ms] TypeError: Cannot read properties of undefined (reading 'transformCallback')
    at transformCallback (http://localhost:1420/node_modules/.vite/deps/chunk-G7S6KQDI.js?v=318df923:22:37)
    at listen (http://localhost:1420/node_modules/.vite/deps/chunk-7FCLUC5I.js?v=318df923:39:14)
    at once (http://localhost:1420/node_modules/.vite/deps/chunk-7FCLUC5I.js?v=318df923:45:10)
    at http://localhost:1420/src/services/brainClient.ts:20:10
    at new Promise (<anonymous>)
    at onceWithTimeout (http://localhost:1420/src/services/brainClient.ts:19:16)
    at getWidgetsOnce (http://localhost:1420/src/services/brainClient.ts:198:10)
    at refresh (http://localhost:1420/src/views/HomeFloatNotes.vue?t=1788078159546:51:30)
    at http://localhost:1420/src/views/HomeFloatNotes.vue?t=1788078159546:59:14
[ 6221955ms] TypeError: Cannot read properties of undefined (reading 'transformCallback')
    at transformCallback (http://localhost:1420/node_modules/.vite/deps/chunk-G7S6KQDI.js?v=318df923:22:37)
    at listen (http://localhost:1420/node_modules/.vite/deps/chunk-7FCLUC5I.js?v=318df923:39:14)
    at onBrainEvent (http://localhost:1420/src/services/brainClient.ts:299:10)
    at http://localhost:1420/src/lib/home/home-panel-run.ts:12:12
    at new Promise (<anonymous>)
    at runPanelAction (http://localhost:1420/src/lib/home/home-panel-run.ts:6:18)
    at refresh (http://localhost:1420/src/views/HomeMaterialsStat.vue?t=1788078978195:14:30)
[ 6224957ms] TypeError: Cannot read properties of undefined (reading 'transformCallback')
    at transformCallback (http://localhost:1420/node_modules/.vite/deps/chunk-G7S6KQDI.js?v=318df923:22:37)
    at listen (http://localhost:1420/node_modules/.vite/deps/chunk-7FCLUC5I.js?v=318df923:39:14)
    at once (http://localhost:1420/node_modules/.vite/deps/chunk-7FCLUC5I.js?v=318df923:45:10)
    at http://localhost:1420/src/services/brainClient.ts:20:10
    at new Promise (<anonymous>)
    at onceWithTimeout (http://localhost:1420/src/services/brainClient.ts:19:16)
    at getWidgetsOnce (http://localhost:1420/src/services/brainClient.ts:198:10)
    at refresh (http://localhost:1420/src/views/HomeFloatNotes.vue?t=1788078159546:51:30)
    at http://localhost:1420/src/views/HomeFloatNotes.vue?t=1788078159546:59:14
[ 6236955ms] TypeError: Cannot read properties of undefined (reading 'transformCallback')
    at transformCallback (http://localhost:1420/node_modules/.vite/deps/chunk-G7S6KQDI.js?v=318df923:22:37)
    at listen (http://localhost:1420/node_modules/.vite/deps/chunk-7FCLUC5I.js?v=318df923:39:14)
    at once (http://localhost:1420/node_modules/.vite/deps/chunk-7FCLUC5I.js?v=318df923:45:10)
    at http://localhost:1420/src/services/brainClient.ts:20:10
    at new Promise (<anonymous>)
    at onceWithTimeout (http://localhost:1420/src/services/brainClient.ts:19:16)
    at getWidgetsOnce (http://localhost:1420/src/services/brainClient.ts:198:10)
    at refresh (http://localhost:1420/src/views/HomeFloatNotes.vue?t=1788078159546:51:30)
    at http://localhost:1420/src/views/HomeFloatNotes.vue?t=1788078159546:59:14
[ 6248955ms] TypeError: Cannot read properties of undefined (reading 'transformCallback')
    at transformCallback (http://localhost:1420/node_modules/.vite/deps/chunk-G7S6KQDI.js?v=318df923:22:37)
    at listen (http://localhost:1420/node_modules/.vite/deps/chunk-7FCLUC5I.js?v=318df923:39:14)
    at once (http://localhost:1420/node_modules/.vite/deps/chunk-7FCLUC5I.js?v=318df923:45:10)
    at http://localhost:1420/src/services/brainClient.ts:20:10
    at new Promise (<anonymous>)
    at onceWithTimeout (http://localhost:1420/src/services/brainClient.ts:19:16)
    at getWidgetsOnce (http://localhost:1420/src/services/brainClient.ts:198:10)
    at refresh (http://localhost:1420/src/views/HomeFloatNotes.vue?t=1788078159546:51:30)
    at http://localhost:1420/src/views/HomeFloatNotes.vue?t=1788078159546:59:14
[ 6260957ms] TypeError: Cannot read properties of undefined (reading 'transformCallback')
    at transformCallback (http://localhost:1420/node_modules/.vite/deps/chunk-G7S6KQDI.js?v=318df923:22:37)
    at listen (http://localhost:1420/node_modules/.vite/deps/chunk-7FCLUC5I.js?v=318df923:39:14)
    at once (http://localhost:1420/node_modules/.vite/deps/chunk-7FCLUC5I.js?v=318df923:45:10)
    at http://localhost:1420/src/services/brainClient.ts:20:10
    at new Promise (<anonymous>)
    at onceWithTimeout (http://localhost:1420/src/services/brainClient.ts:19:16)
    at getWidgetsOnce (http://localhost:1420/src/services/brainClient.ts:198:10)
    at refresh (http://localhost:1420/src/views/HomeFloatNotes.vue?t=1788078159546:51:30)
    at http://localhost:1420/src/views/HomeFloatNotes.vue?t=1788078159546:59:14
[ 6272955ms] TypeError: Cannot read properties of undefined (reading 'transformCallback')
    at transformCallback (http://localhost:1420/node_modules/.vite/deps/chunk-G7S6KQDI.js?v=318df923:22:37)
    at listen (http://localhost:1420/node_modules/.vite/deps/chunk-7FCLUC5I.js?v=318df923:39:14)
    at once (http://localhost:1420/node_modules/.vite/deps/chunk-7FCLUC5I.js?v=318df923:45:10)
    at http://localhost:1420/src/services/brainClient.ts:20:10
    at new Promise (<anonymous>)
    at onceWithTimeout (http://localhost:1420/src/services/brainClient.ts:19:16)
    at getWidgetsOnce (http://localhost:1420/src/services/brainClient.ts:198:10)
    at refresh (http://localhost:1420/src/views/HomeFloatNotes.vue?t=1788078159546:51:30)
    at http://localhost:1420/src/views/HomeFloatNotes.vue?t=1788078159546:59:14
[ 6281957ms] TypeError: Cannot read properties of undefined (reading 'transformCallback')
    at transformCallback (http://localhost:1420/node_modules/.vite/deps/chunk-G7S6KQDI.js?v=318df923:22:37)
    at listen (http://localhost:1420/node_modules/.vite/deps/chunk-7FCLUC5I.js?v=318df923:39:14)
    at onBrainEvent (http://localhost:1420/src/services/brainClient.ts:299:10)
    at http://localhost:1420/src/lib/home/home-panel-run.ts:12:12
    at new Promise (<anonymous>)
    at runPanelAction (http://localhost:1420/src/lib/home/home-panel-run.ts:6:18)
    at refresh (http://localhost:1420/src/views/HomeMaterialsStat.vue?t=1788078978195:14:30)
[ 6284956ms] TypeError: Cannot read properties of undefined (reading 'transformCallback')
    at transformCallback (http://localhost:1420/node_modules/.vite/deps/chunk-G7S6KQDI.js?v=318df923:22:37)
    at listen (http://localhost:1420/node_modules/.vite/deps/chunk-7FCLUC5I.js?v=318df923:39:14)
    at once (http://localhost:1420/node_modules/.vite/deps/chunk-7FCLUC5I.js?v=318df923:45:10)
    at http://localhost:1420/src/services/brainClient.ts:20:10
    at new Promise (<anonymous>)
    at onceWithTimeout (http://localhost:1420/src/services/brainClient.ts:19:16)
    at getWidgetsOnce (http://localhost:1420/src/services/brainClient.ts:198:10)
    at refresh (http://localhost:1420/src/views/HomeFloatNotes.vue?t=1788078159546:51:30)
    at http://localhost:1420/src/views/HomeFloatNotes.vue?t=1788078159546:59:14
[ 6296955ms] TypeError: Cannot read properties of undefined (reading 'transformCallback')
    at transformCallback (http://localhost:1420/node_modules/.vite/deps/chunk-G7S6KQDI.js?v=318df923:22:37)
    at listen (http://localhost:1420/node_modules/.vite/deps/chunk-7FCLUC5I.js?v=318df923:39:14)
    at once (http://localhost:1420/node_modules/.vite/deps/chunk-7FCLUC5I.js?v=318df923:45:10)
    at http://localhost:1420/src/services/brainClient.ts:20:10
    at new Promise (<anonymous>)
    at onceWithTimeout (http://localhost:1420/src/services/brainClient.ts:19:16)
    at getWidgetsOnce (http://localhost:1420/src/services/brainClient.ts:198:10)
    at refresh (http://localhost:1420/src/views/HomeFloatNotes.vue?t=1788078159546:51:30)
    at http://localhost:1420/src/views/HomeFloatNotes.vue?t=1788078159546:59:14
[ 6308956ms] TypeError: Cannot read properties of undefined (reading 'transformCallback')
    at transformCallback (http://localhost:1420/node_modules/.vite/deps/chunk-G7S6KQDI.js?v=318df923:22:37)
    at listen (http://localhost:1420/node_modules/.vite/deps/chunk-7FCLUC5I.js?v=318df923:39:14)
    at once (http://localhost:1420/node_modules/.vite/deps/chunk-7FCLUC5I.js?v=318df923:45:10)
    at http://localhost:1420/src/services/brainClient.ts:20:10
    at new Promise (<anonymous>)
    at onceWithTimeout (http://localhost:1420/src/services/brainClient.ts:19:16)
    at getWidgetsOnce (http://localhost:1420/src/services/brainClient.ts:198:10)
    at refresh (http://localhost:1420/src/views/HomeFloatNotes.vue?t=1788078159546:51:30)
    at http://localhost:1420/src/views/HomeFloatNotes.vue?t=1788078159546:59:14
[ 6320954ms] TypeError: Cannot read properties of undefined (reading 'transformCallback')
    at transformCallback (http://localhost:1420/node_modules/.vite/deps/chunk-G7S6KQDI.js?v=318df923:22:37)
    at listen (http://localhost:1420/node_modules/.vite/deps/chunk-7FCLUC5I.js?v=318df923:39:14)
    at once (http://localhost:1420/node_modules/.vite/deps/chunk-7FCLUC5I.js?v=318df923:45:10)
    at http://localhost:1420/src/services/brainClient.ts:20:10
    at new Promise (<anonymous>)
    at onceWithTimeout (http://localhost:1420/src/services/brainClient.ts:19:16)
    at getWidgetsOnce (http://localhost:1420/src/services/brainClient.ts:198:10)
    at refresh (http://localhost:1420/src/views/HomeFloatNotes.vue?t=1788078159546:51:30)
    at http://localhost:1420/src/views/HomeFloatNotes.vue?t=1788078159546:59:14
[ 6332951ms] TypeError: Cannot read properties of undefined (reading 'transformCallback')
    at transformCallback (http://localhost:1420/node_modules/.vite/deps/chunk-G7S6KQDI.js?v=318df923:22:37)
    at listen (http://localhost:1420/node_modules/.vite/deps/chunk-7FCLUC5I.js?v=318df923:39:14)
    at once (http://localhost:1420/node_modules/.vite/deps/chunk-7FCLUC5I.js?v=318df923:45:10)
    at http://localhost:1420/src/services/brainClient.ts:20:10
    at new Promise (<anonymous>)
    at onceWithTimeout (http://localhost:1420/src/services/brainClient.ts:19:16)
    at getWidgetsOnce (http://localhost:1420/src/services/brainClient.ts:198:10)
    at refresh (http://localhost:1420/src/views/HomeFloatNotes.vue?t=1788078159546:51:30)
    at http://localhost:1420/src/views/HomeFloatNotes.vue?t=1788078159546:59:14
[ 6341949ms] TypeError: Cannot read properties of undefined (reading 'transformCallback')
    at transformCallback (http://localhost:1420/node_modules/.vite/deps/chunk-G7S6KQDI.js?v=318df923:22:37)
    at listen (http://localhost:1420/node_modules/.vite/deps/chunk-7FCLUC5I.js?v=318df923:39:14)
    at onBrainEvent (http://localhost:1420/src/services/brainClient.ts:299:10)
    at http://localhost:1420/src/lib/home/home-panel-run.ts:12:12
    at new Promise (<anonymous>)
    at runPanelAction (http://localhost:1420/src/lib/home/home-panel-run.ts:6:18)
    at refresh (http://localhost:1420/src/views/HomeMaterialsStat.vue?t=1788078978195:14:30)
[ 6344947ms] TypeError: Cannot read properties of undefined (reading 'transformCallback')
    at transformCallback (http://localhost:1420/node_modules/.vite/deps/chunk-G7S6KQDI.js?v=318df923:22:37)
    at listen (http://localhost:1420/node_modules/.vite/deps/chunk-7FCLUC5I.js?v=318df923:39:14)
    at once (http://localhost:1420/node_modules/.vite/deps/chunk-7FCLUC5I.js?v=318df923:45:10)
    at http://localhost:1420/src/services/brainClient.ts:20:10
    at new Promise (<anonymous>)
    at onceWithTimeout (http://localhost:1420/src/services/brainClient.ts:19:16)
    at getWidgetsOnce (http://localhost:1420/src/services/brainClient.ts:198:10)
    at refresh (http://localhost:1420/src/views/HomeFloatNotes.vue?t=1788078159546:51:30)
    at http://localhost:1420/src/views/HomeFloatNotes.vue?t=1788078159546:59:14
[ 6356949ms] TypeError: Cannot read properties of undefined (reading 'transformCallback')
    at transformCallback (http://localhost:1420/node_modules/.vite/deps/chunk-G7S6KQDI.js?v=318df923:22:37)
    at listen (http://localhost:1420/node_modules/.vite/deps/chunk-7FCLUC5I.js?v=318df923:39:14)
    at once (http://localhost:1420/node_modules/.vite/deps/chunk-7FCLUC5I.js?v=318df923:45:10)
    at http://localhost:1420/src/services/brainClient.ts:20:10
    at new Promise (<anonymous>)
    at onceWithTimeout (http://localhost:1420/src/services/brainClient.ts:19:16)
    at getWidgetsOnce (http://localhost:1420/src/services/brainClient.ts:198:10)
    at refresh (http://localhost:1420/src/views/HomeFloatNotes.vue?t=1788078159546:51:30)
    at http://localhost:1420/src/views/HomeFloatNotes.vue?t=1788078159546:59:14
[ 6368946ms] TypeError: Cannot read properties of undefined (reading 'transformCallback')
    at transformCallback (http://localhost:1420/node_modules/.vite/deps/chunk-G7S6KQDI.js?v=318df923:22:37)
    at listen (http://localhost:1420/node_modules/.vite/deps/chunk-7FCLUC5I.js?v=318df923:39:14)
    at once (http://localhost:1420/node_modules/.vite/deps/chunk-7FCLUC5I.js?v=318df923:45:10)
    at http://localhost:1420/src/services/brainClient.ts:20:10
    at new Promise (<anonymous>)
    at onceWithTimeout (http://localhost:1420/src/services/brainClient.ts:19:16)
    at getWidgetsOnce (http://localhost:1420/src/services/brainClient.ts:198:10)
    at refresh (http://localhost:1420/src/views/HomeFloatNotes.vue?t=1788078159546:51:30)
    at http://localhost:1420/src/views/HomeFloatNotes.vue?t=1788078159546:59:14
[ 6380947ms] TypeError: Cannot read properties of undefined (reading 'transformCallback')
    at transformCallback (http://localhost:1420/node_modules/.vite/deps/chunk-G7S6KQDI.js?v=318df923:22:37)
    at listen (http://localhost:1420/node_modules/.vite/deps/chunk-7FCLUC5I.js?v=318df923:39:14)
    at once (http://localhost:1420/node_modules/.vite/deps/chunk-7FCLUC5I.js?v=318df923:45:10)
    at http://localhost:1420/src/services/brainClient.ts:20:10
    at new Promise (<anonymous>)
    at onceWithTimeout (http://localhost:1420/src/services/brainClient.ts:19:16)
    at getWidgetsOnce (http://localhost:1420/src/services/brainClient.ts:198:10)
    at refresh (http://localhost:1420/src/views/HomeFloatNotes.vue?t=1788078159546:51:30)
    at http://localhost:1420/src/views/HomeFloatNotes.vue?t=1788078159546:59:14
[ 6392947ms] TypeError: Cannot read properties of undefined (reading 'transformCallback')
    at transformCallback (http://localhost:1420/node_modules/.vite/deps/chunk-G7S6KQDI.js?v=318df923:22:37)
    at listen (http://localhost:1420/node_modules/.vite/deps/chunk-7FCLUC5I.js?v=318df923:39:14)
    at once (http://localhost:1420/node_modules/.vite/deps/chunk-7FCLUC5I.js?v=318df923:45:10)
    at http://localhost:1420/src/services/brainClient.ts:20:10
    at new Promise (<anonymous>)
    at onceWithTimeout (http://localhost:1420/src/services/brainClient.ts:19:16)
    at getWidgetsOnce (http://localhost:1420/src/services/brainClient.ts:198:10)
    at refresh (http://localhost:1420/src/views/HomeFloatNotes.vue?t=1788078159546:51:30)
    at http://localhost:1420/src/views/HomeFloatNotes.vue?t=1788078159546:59:14
[ 6401946ms] TypeError: Cannot read properties of undefined (reading 'transformCallback')
    at transformCallback (http://localhost:1420/node_modules/.vite/deps/chunk-G7S6KQDI.js?v=318df923:22:37)
    at listen (http://localhost:1420/node_modules/.vite/deps/chunk-7FCLUC5I.js?v=318df923:39:14)
    at onBrainEvent (http://localhost:1420/src/services/brainClient.ts:299:10)
    at http://localhost:1420/src/lib/home/home-panel-run.ts:12:12
    at new Promise (<anonymous>)
    at runPanelAction (http://localhost:1420/src/lib/home/home-panel-run.ts:6:18)
    at refresh (http://localhost:1420/src/views/HomeMaterialsStat.vue?t=1788078978195:14:30)
[ 6404946ms] TypeError: Cannot read properties of undefined (reading 'transformCallback')
    at transformCallback (http://localhost:1420/node_modules/.vite/deps/chunk-G7S6KQDI.js?v=318df923:22:37)
    at listen (http://localhost:1420/node_modules/.vite/deps/chunk-7FCLUC5I.js?v=318df923:39:14)
    at once (http://localhost:1420/node_modules/.vite/deps/chunk-7FCLUC5I.js?v=318df923:45:10)
    at http://localhost:1420/src/services/brainClient.ts:20:10
    at new Promise (<anonymous>)
    at onceWithTimeout (http://localhost:1420/src/services/brainClient.ts:19:16)
    at getWidgetsOnce (http://localhost:1420/src/services/brainClient.ts:198:10)
    at refresh (http://localhost:1420/src/views/HomeFloatNotes.vue?t=1788078159546:51:30)
    at http://localhost:1420/src/views/HomeFloatNotes.vue?t=1788078159546:59:14
[ 6416945ms] TypeError: Cannot read properties of undefined (reading 'transformCallback')
    at transformCallback (http://localhost:1420/node_modules/.vite/deps/chunk-G7S6KQDI.js?v=318df923:22:37)
    at listen (http://localhost:1420/node_modules/.vite/deps/chunk-7FCLUC5I.js?v=318df923:39:14)
    at once (http://localhost:1420/node_modules/.vite/deps/chunk-7FCLUC5I.js?v=318df923:45:10)
    at http://localhost:1420/src/services/brainClient.ts:20:10
    at new Promise (<anonymous>)
    at onceWithTimeout (http://localhost:1420/src/services/brainClient.ts:19:16)
    at getWidgetsOnce (http://localhost:1420/src/services/brainClient.ts:198:10)
    at refresh (http://localhost:1420/src/views/HomeFloatNotes.vue?t=1788078159546:51:30)
    at http://localhost:1420/src/views/HomeFloatNotes.vue?t=1788078159546:59:14
[ 6428946ms] TypeError: Cannot read properties of undefined (reading 'transformCallback')
    at transformCallback (http://localhost:1420/node_modules/.vite/deps/chunk-G7S6KQDI.js?v=318df923:22:37)
    at listen (http://localhost:1420/node_modules/.vite/deps/chunk-7FCLUC5I.js?v=318df923:39:14)
    at once (http://localhost:1420/node_modules/.vite/deps/chunk-7FCLUC5I.js?v=318df923:45:10)
    at http://localhost:1420/src/services/brainClient.ts:20:10
    at new Promise (<anonymous>)
    at onceWithTimeout (http://localhost:1420/src/services/brainClient.ts:19:16)
    at getWidgetsOnce (http://localhost:1420/src/services/brainClient.ts:198:10)
    at refresh (http://localhost:1420/src/views/HomeFloatNotes.vue?t=1788078159546:51:30)
    at http://localhost:1420/src/views/HomeFloatNotes.vue?t=1788078159546:59:14
[ 6440945ms] TypeError: Cannot read properties of undefined (reading 'transformCallback')
    at transformCallback (http://localhost:1420/node_modules/.vite/deps/chunk-G7S6KQDI.js?v=318df923:22:37)
    at listen (http://localhost:1420/node_modules/.vite/deps/chunk-7FCLUC5I.js?v=318df923:39:14)
    at once (http://localhost:1420/node_modules/.vite/deps/chunk-7FCLUC5I.js?v=318df923:45:10)
    at http://localhost:1420/src/services/brainClient.ts:20:10
    at new Promise (<anonymous>)
    at onceWithTimeout (http://localhost:1420/src/services/brainClient.ts:19:16)
    at getWidgetsOnce (http://localhost:1420/src/services/brainClient.ts:198:10)
    at refresh (http://localhost:1420/src/views/HomeFloatNotes.vue?t=1788078159546:51:30)
    at http://localhost:1420/src/views/HomeFloatNotes.vue?t=1788078159546:59:14
[ 6452944ms] TypeError: Cannot read properties of undefined (reading 'transformCallback')
    at transformCallback (http://localhost:1420/node_modules/.vite/deps/chunk-G7S6KQDI.js?v=318df923:22:37)
    at listen (http://localhost:1420/node_modules/.vite/deps/chunk-7FCLUC5I.js?v=318df923:39:14)
    at once (http://localhost:1420/node_modules/.vite/deps/chunk-7FCLUC5I.js?v=318df923:45:10)
    at http://localhost:1420/src/services/brainClient.ts:20:10
    at new Promise (<anonymous>)
    at onceWithTimeout (http://localhost:1420/src/services/brainClient.ts:19:16)
    at getWidgetsOnce (http://localhost:1420/src/services/brainClient.ts:198:10)
    at refresh (http://localhost:1420/src/views/HomeFloatNotes.vue?t=1788078159546:51:30)
    at http://localhost:1420/src/views/HomeFloatNotes.vue?t=1788078159546:59:14
[ 6461945ms] TypeError: Cannot read properties of undefined (reading 'transformCallback')
    at transformCallback (http://localhost:1420/node_modules/.vite/deps/chunk-G7S6KQDI.js?v=318df923:22:37)
    at listen (http://localhost:1420/node_modules/.vite/deps/chunk-7FCLUC5I.js?v=318df923:39:14)
    at onBrainEvent (http://localhost:1420/src/services/brainClient.ts:299:10)
    at http://localhost:1420/src/lib/home/home-panel-run.ts:12:12
    at new Promise (<anonymous>)
    at runPanelAction (http://localhost:1420/src/lib/home/home-panel-run.ts:6:18)
    at refresh (http://localhost:1420/src/views/HomeMaterialsStat.vue?t=1788078978195:14:30)
[ 6464945ms] TypeError: Cannot read properties of undefined (reading 'transformCallback')
    at transformCallback (http://localhost:1420/node_modules/.vite/deps/chunk-G7S6KQDI.js?v=318df923:22:37)
    at listen (http://localhost:1420/node_modules/.vite/deps/chunk-7FCLUC5I.js?v=318df923:39:14)
    at once (http://localhost:1420/node_modules/.vite/deps/chunk-7FCLUC5I.js?v=318df923:45:10)
    at http://localhost:1420/src/services/brainClient.ts:20:10
    at new Promise (<anonymous>)
    at onceWithTimeout (http://localhost:1420/src/services/brainClient.ts:19:16)
    at getWidgetsOnce (http://localhost:1420/src/services/brainClient.ts:198:10)
    at refresh (http://localhost:1420/src/views/HomeFloatNotes.vue?t=1788078159546:51:30)
    at http://localhost:1420/src/views/HomeFloatNotes.vue?t=1788078159546:59:14
[ 6476945ms] TypeError: Cannot read properties of undefined (reading 'transformCallback')
    at transformCallback (http://localhost:1420/node_modules/.vite/deps/chunk-G7S6KQDI.js?v=318df923:22:37)
    at listen (http://localhost:1420/node_modules/.vite/deps/chunk-7FCLUC5I.js?v=318df923:39:14)
    at once (http://localhost:1420/node_modules/.vite/deps/chunk-7FCLUC5I.js?v=318df923:45:10)
    at http://localhost:1420/src/services/brainClient.ts:20:10
    at new Promise (<anonymous>)
    at onceWithTimeout (http://localhost:1420/src/services/brainClient.ts:19:16)
    at getWidgetsOnce (http://localhost:1420/src/services/brainClient.ts:198:10)
    at refresh (http://localhost:1420/src/views/HomeFloatNotes.vue?t=1788078159546:51:30)
    at http://localhost:1420/src/views/HomeFloatNotes.vue?t=1788078159546:59:14
[ 6488945ms] TypeError: Cannot read properties of undefined (reading 'transformCallback')
    at transformCallback (http://localhost:1420/node_modules/.vite/deps/chunk-G7S6KQDI.js?v=318df923:22:37)
    at listen (http://localhost:1420/node_modules/.vite/deps/chunk-7FCLUC5I.js?v=318df923:39:14)
    at once (http://localhost:1420/node_modules/.vite/deps/chunk-7FCLUC5I.js?v=318df923:45:10)
    at http://localhost:1420/src/services/brainClient.ts:20:10
    at new Promise (<anonymous>)
    at onceWithTimeout (http://localhost:1420/src/services/brainClient.ts:19:16)
    at getWidgetsOnce (http://localhost:1420/src/services/brainClient.ts:198:10)
    at refresh (http://localhost:1420/src/views/HomeFloatNotes.vue?t=1788078159546:51:30)
    at http://localhost:1420/src/views/HomeFloatNotes.vue?t=1788078159546:59:14
[ 6500946ms] TypeError: Cannot read properties of undefined (reading 'transformCallback')
    at transformCallback (http://localhost:1420/node_modules/.vite/deps/chunk-G7S6KQDI.js?v=318df923:22:37)
    at listen (http://localhost:1420/node_modules/.vite/deps/chunk-7FCLUC5I.js?v=318df923:39:14)
    at once (http://localhost:1420/node_modules/.vite/deps/chunk-7FCLUC5I.js?v=318df923:45:10)
    at http://localhost:1420/src/services/brainClient.ts:20:10
    at new Promise (<anonymous>)
    at onceWithTimeout (http://localhost:1420/src/services/brainClient.ts:19:16)
    at getWidgetsOnce (http://localhost:1420/src/services/brainClient.ts:198:10)
    at refresh (http://localhost:1420/src/views/HomeFloatNotes.vue?t=1788078159546:51:30)
    at http://localhost:1420/src/views/HomeFloatNotes.vue?t=1788078159546:59:14
[ 6512946ms] TypeError: Cannot read properties of undefined (reading 'transformCallback')
    at transformCallback (http://localhost:1420/node_modules/.vite/deps/chunk-G7S6KQDI.js?v=318df923:22:37)
    at listen (http://localhost:1420/node_modules/.vite/deps/chunk-7FCLUC5I.js?v=318df923:39:14)
    at once (http://localhost:1420/node_modules/.vite/deps/chunk-7FCLUC5I.js?v=318df923:45:10)
    at http://localhost:1420/src/services/brainClient.ts:20:10
    at new Promise (<anonymous>)
    at onceWithTimeout (http://localhost:1420/src/services/brainClient.ts:19:16)
    at getWidgetsOnce (http://localhost:1420/src/services/brainClient.ts:198:10)
    at refresh (http://localhost:1420/src/views/HomeFloatNotes.vue?t=1788078159546:51:30)
    at http://localhost:1420/src/views/HomeFloatNotes.vue?t=1788078159546:59:14
[ 6521946ms] TypeError: Cannot read properties of undefined (reading 'transformCallback')
    at transformCallback (http://localhost:1420/node_modules/.vite/deps/chunk-G7S6KQDI.js?v=318df923:22:37)
    at listen (http://localhost:1420/node_modules/.vite/deps/chunk-7FCLUC5I.js?v=318df923:39:14)
    at onBrainEvent (http://localhost:1420/src/services/brainClient.ts:299:10)
    at http://localhost:1420/src/lib/home/home-panel-run.ts:12:12
    at new Promise (<anonymous>)
    at runPanelAction (http://localhost:1420/src/lib/home/home-panel-run.ts:6:18)
    at refresh (http://localhost:1420/src/views/HomeMaterialsStat.vue?t=1788078978195:14:30)
[ 6524945ms] TypeError: Cannot read properties of undefined (reading 'transformCallback')
    at transformCallback (http://localhost:1420/node_modules/.vite/deps/chunk-G7S6KQDI.js?v=318df923:22:37)
    at listen (http://localhost:1420/node_modules/.vite/deps/chunk-7FCLUC5I.js?v=318df923:39:14)
    at once (http://localhost:1420/node_modules/.vite/deps/chunk-7FCLUC5I.js?v=318df923:45:10)
    at http://localhost:1420/src/services/brainClient.ts:20:10
    at new Promise (<anonymous>)
    at onceWithTimeout (http://localhost:1420/src/services/brainClient.ts:19:16)
    at getWidgetsOnce (http://localhost:1420/src/services/brainClient.ts:198:10)
    at refresh (http://localhost:1420/src/views/HomeFloatNotes.vue?t=1788078159546:51:30)
    at http://localhost:1420/src/views/HomeFloatNotes.vue?t=1788078159546:59:14
[ 6536945ms] TypeError: Cannot read properties of undefined (reading 'transformCallback')
    at transformCallback (http://localhost:1420/node_modules/.vite/deps/chunk-G7S6KQDI.js?v=318df923:22:37)
    at listen (http://localhost:1420/node_modules/.vite/deps/chunk-7FCLUC5I.js?v=318df923:39:14)
    at once (http://localhost:1420/node_modules/.vite/deps/chunk-7FCLUC5I.js?v=318df923:45:10)
    at http://localhost:1420/src/services/brainClient.ts:20:10
    at new Promise (<anonymous>)
    at onceWithTimeout (http://localhost:1420/src/services/brainClient.ts:19:16)
    at getWidgetsOnce (http://localhost:1420/src/services/brainClient.ts:198:10)
    at refresh (http://localhost:1420/src/views/HomeFloatNotes.vue?t=1788078159546:51:30)
    at http://localhost:1420/src/views/HomeFloatNotes.vue?t=1788078159546:59:14
[ 6548946ms] TypeError: Cannot read properties of undefined (reading 'transformCallback')
    at transformCallback (http://localhost:1420/node_modules/.vite/deps/chunk-G7S6KQDI.js?v=318df923:22:37)
    at listen (http://localhost:1420/node_modules/.vite/deps/chunk-7FCLUC5I.js?v=318df923:39:14)
    at once (http://localhost:1420/node_modules/.vite/deps/chunk-7FCLUC5I.js?v=318df923:45:10)
    at http://localhost:1420/src/services/brainClient.ts:20:10
    at new Promise (<anonymous>)
    at onceWithTimeout (http://localhost:1420/src/services/brainClient.ts:19:16)
    at getWidgetsOnce (http://localhost:1420/src/services/brainClient.ts:198:10)
    at refresh (http://localhost:1420/src/views/HomeFloatNotes.vue?t=1788078159546:51:30)
    at http://localhost:1420/src/views/HomeFloatNotes.vue?t=1788078159546:59:14
[ 6560946ms] TypeError: Cannot read properties of undefined (reading 'transformCallback')
    at transformCallback (http://localhost:1420/node_modules/.vite/deps/chunk-G7S6KQDI.js?v=318df923:22:37)
    at listen (http://localhost:1420/node_modules/.vite/deps/chunk-7FCLUC5I.js?v=318df923:39:14)
    at once (http://localhost:1420/node_modules/.vite/deps/chunk-7FCLUC5I.js?v=318df923:45:10)
    at http://localhost:1420/src/services/brainClient.ts:20:10
    at new Promise (<anonymous>)
    at onceWithTimeout (http://localhost:1420/src/services/brainClient.ts:19:16)
    at getWidgetsOnce (http://localhost:1420/src/services/brainClient.ts:198:10)
    at refresh (http://localhost:1420/src/views/HomeFloatNotes.vue?t=1788078159546:51:30)
    at http://localhost:1420/src/views/HomeFloatNotes.vue?t=1788078159546:59:14
[ 6572945ms] TypeError: Cannot read properties of undefined (reading 'transformCallback')
    at transformCallback (http://localhost:1420/node_modules/.vite/deps/chunk-G7S6KQDI.js?v=318df923:22:37)
    at listen (http://localhost:1420/node_modules/.vite/deps/chunk-7FCLUC5I.js?v=318df923:39:14)
    at once (http://localhost:1420/node_modules/.vite/deps/chunk-7FCLUC5I.js?v=318df923:45:10)
    at http://localhost:1420/src/services/brainClient.ts:20:10
    at new Promise (<anonymous>)
    at onceWithTimeout (http://localhost:1420/src/services/brainClient.ts:19:16)
    at getWidgetsOnce (http://localhost:1420/src/services/brainClient.ts:198:10)
    at refresh (http://localhost:1420/src/views/HomeFloatNotes.vue?t=1788078159546:51:30)
    at http://localhost:1420/src/views/HomeFloatNotes.vue?t=1788078159546:59:14
[ 6581945ms] TypeError: Cannot read properties of undefined (reading 'transformCallback')
    at transformCallback (http://localhost:1420/node_modules/.vite/deps/chunk-G7S6KQDI.js?v=318df923:22:37)
    at listen (http://localhost:1420/node_modules/.vite/deps/chunk-7FCLUC5I.js?v=318df923:39:14)
    at onBrainEvent (http://localhost:1420/src/services/brainClient.ts:299:10)
    at http://localhost:1420/src/lib/home/home-panel-run.ts:12:12
    at new Promise (<anonymous>)
    at runPanelAction (http://localhost:1420/src/lib/home/home-panel-run.ts:6:18)
    at refresh (http://localhost:1420/src/views/HomeMaterialsStat.vue?t=1788078978195:14:30)
[ 6584946ms] TypeError: Cannot read properties of undefined (reading 'transformCallback')
    at transformCallback (http://localhost:1420/node_modules/.vite/deps/chunk-G7S6KQDI.js?v=318df923:22:37)
    at listen (http://localhost:1420/node_modules/.vite/deps/chunk-7FCLUC5I.js?v=318df923:39:14)
    at once (http://localhost:1420/node_modules/.vite/deps/chunk-7FCLUC5I.js?v=318df923:45:10)
    at http://localhost:1420/src/services/brainClient.ts:20:10
    at new Promise (<anonymous>)
    at onceWithTimeout (http://localhost:1420/src/services/brainClient.ts:19:16)
    at getWidgetsOnce (http://localhost:1420/src/services/brainClient.ts:198:10)
    at refresh (http://localhost:1420/src/views/HomeFloatNotes.vue?t=1788078159546:51:30)
    at http://localhost:1420/src/views/HomeFloatNotes.vue?t=1788078159546:59:14
[ 6596948ms] TypeError: Cannot read properties of undefined (reading 'transformCallback')
    at transformCallback (http://localhost:1420/node_modules/.vite/deps/chunk-G7S6KQDI.js?v=318df923:22:37)
    at listen (http://localhost:1420/node_modules/.vite/deps/chunk-7FCLUC5I.js?v=318df923:39:14)
    at once (http://localhost:1420/node_modules/.vite/deps/chunk-7FCLUC5I.js?v=318df923:45:10)
    at http://localhost:1420/src/services/brainClient.ts:20:10
    at new Promise (<anonymous>)
    at onceWithTimeout (http://localhost:1420/src/services/brainClient.ts:19:16)
    at getWidgetsOnce (http://localhost:1420/src/services/brainClient.ts:198:10)
    at refresh (http://localhost:1420/src/views/HomeFloatNotes.vue?t=1788078159546:51:30)
    at http://localhost:1420/src/views/HomeFloatNotes.vue?t=1788078159546:59:14
[ 6608946ms] TypeError: Cannot read properties of undefined (reading 'transformCallback')
    at transformCallback (http://localhost:1420/node_modules/.vite/deps/chunk-G7S6KQDI.js?v=318df923:22:37)
    at listen (http://localhost:1420/node_modules/.vite/deps/chunk-7FCLUC5I.js?v=318df923:39:14)
    at once (http://localhost:1420/node_modules/.vite/deps/chunk-7FCLUC5I.js?v=318df923:45:10)
    at http://localhost:1420/src/services/brainClient.ts:20:10
    at new Promise (<anonymous>)
    at onceWithTimeout (http://localhost:1420/src/services/brainClient.ts:19:16)
    at getWidgetsOnce (http://localhost:1420/src/services/brainClient.ts:198:10)
    at refresh (http://localhost:1420/src/views/HomeFloatNotes.vue?t=1788078159546:51:30)
    at http://localhost:1420/src/views/HomeFloatNotes.vue?t=1788078159546:59:14
[ 6620945ms] TypeError: Cannot read properties of undefined (reading 'transformCallback')
    at transformCallback (http://localhost:1420/node_modules/.vite/deps/chunk-G7S6KQDI.js?v=318df923:22:37)
    at listen (http://localhost:1420/node_modules/.vite/deps/chunk-7FCLUC5I.js?v=318df923:39:14)
    at once (http://localhost:1420/node_modules/.vite/deps/chunk-7FCLUC5I.js?v=318df923:45:10)
    at http://localhost:1420/src/services/brainClient.ts:20:10
    at new Promise (<anonymous>)
    at onceWithTimeout (http://localhost:1420/src/services/brainClient.ts:19:16)
    at getWidgetsOnce (http://localhost:1420/src/services/brainClient.ts:198:10)
    at refresh (http://localhost:1420/src/views/HomeFloatNotes.vue?t=1788078159546:51:30)
    at http://localhost:1420/src/views/HomeFloatNotes.vue?t=1788078159546:59:14
[ 6632947ms] TypeError: Cannot read properties of undefined (reading 'transformCallback')
    at transformCallback (http://localhost:1420/node_modules/.vite/deps/chunk-G7S6KQDI.js?v=318df923:22:37)
    at listen (http://localhost:1420/node_modules/.vite/deps/chunk-7FCLUC5I.js?v=318df923:39:14)
    at once (http://localhost:1420/node_modules/.vite/deps/chunk-7FCLUC5I.js?v=318df923:45:10)
    at http://localhost:1420/src/services/brainClient.ts:20:10
    at new Promise (<anonymous>)
    at onceWithTimeout (http://localhost:1420/src/services/brainClient.ts:19:16)
    at getWidgetsOnce (http://localhost:1420/src/services/brainClient.ts:198:10)
    at refresh (http://localhost:1420/src/views/HomeFloatNotes.vue?t=1788078159546:51:30)
    at http://localhost:1420/src/views/HomeFloatNotes.vue?t=1788078159546:59:14
[ 6641947ms] TypeError: Cannot read properties of undefined (reading 'transformCallback')
    at transformCallback (http://localhost:1420/node_modules/.vite/deps/chunk-G7S6KQDI.js?v=318df923:22:37)
    at listen (http://localhost:1420/node_modules/.vite/deps/chunk-7FCLUC5I.js?v=318df923:39:14)
    at onBrainEvent (http://localhost:1420/src/services/brainClient.ts:299:10)
    at http://localhost:1420/src/lib/home/home-panel-run.ts:12:12
    at new Promise (<anonymous>)
    at runPanelAction (http://localhost:1420/src/lib/home/home-panel-run.ts:6:18)
    at refresh (http://localhost:1420/src/views/HomeMaterialsStat.vue?t=1788078978195:14:30)
[ 6644948ms] TypeError: Cannot read properties of undefined (reading 'transformCallback')
    at transformCallback (http://localhost:1420/node_modules/.vite/deps/chunk-G7S6KQDI.js?v=318df923:22:37)
    at listen (http://localhost:1420/node_modules/.vite/deps/chunk-7FCLUC5I.js?v=318df923:39:14)
    at once (http://localhost:1420/node_modules/.vite/deps/chunk-7FCLUC5I.js?v=318df923:45:10)
    at http://localhost:1420/src/services/brainClient.ts:20:10
    at new Promise (<anonymous>)
    at onceWithTimeout (http://localhost:1420/src/services/brainClient.ts:19:16)
    at getWidgetsOnce (http://localhost:1420/src/services/brainClient.ts:198:10)
    at refresh (http://localhost:1420/src/views/HomeFloatNotes.vue?t=1788078159546:51:30)
    at http://localhost:1420/src/views/HomeFloatNotes.vue?t=1788078159546:59:14
[ 6656946ms] TypeError: Cannot read properties of undefined (reading 'transformCallback')
    at transformCallback (http://localhost:1420/node_modules/.vite/deps/chunk-G7S6KQDI.js?v=318df923:22:37)
    at listen (http://localhost:1420/node_modules/.vite/deps/chunk-7FCLUC5I.js?v=318df923:39:14)
    at once (http://localhost:1420/node_modules/.vite/deps/chunk-7FCLUC5I.js?v=318df923:45:10)
    at http://localhost:1420/src/services/brainClient.ts:20:10
    at new Promise (<anonymous>)
    at onceWithTimeout (http://localhost:1420/src/services/brainClient.ts:19:16)
    at getWidgetsOnce (http://localhost:1420/src/services/brainClient.ts:198:10)
    at refresh (http://localhost:1420/src/views/HomeFloatNotes.vue?t=1788078159546:51:30)
    at http://localhost:1420/src/views/HomeFloatNotes.vue?t=1788078159546:59:14
[ 6668949ms] TypeError: Cannot read properties of undefined (reading 'transformCallback')
    at transformCallback (http://localhost:1420/node_modules/.vite/deps/chunk-G7S6KQDI.js?v=318df923:22:37)
    at listen (http://localhost:1420/node_modules/.vite/deps/chunk-7FCLUC5I.js?v=318df923:39:14)
    at once (http://localhost:1420/node_modules/.vite/deps/chunk-7FCLUC5I.js?v=318df923:45:10)
    at http://localhost:1420/src/services/brainClient.ts:20:10
    at new Promise (<anonymous>)
    at onceWithTimeout (http://localhost:1420/src/services/brainClient.ts:19:16)
    at getWidgetsOnce (http://localhost:1420/src/services/brainClient.ts:198:10)
    at refresh (http://localhost:1420/src/views/HomeFloatNotes.vue?t=1788078159546:51:30)
    at http://localhost:1420/src/views/HomeFloatNotes.vue?t=1788078159546:59:14
[ 6680948ms] TypeError: Cannot read properties of undefined (reading 'transformCallback')
    at transformCallback (http://localhost:1420/node_modules/.vite/deps/chunk-G7S6KQDI.js?v=318df923:22:37)
    at listen (http://localhost:1420/node_modules/.vite/deps/chunk-7FCLUC5I.js?v=318df923:39:14)
    at once (http://localhost:1420/node_modules/.vite/deps/chunk-7FCLUC5I.js?v=318df923:45:10)
    at http://localhost:1420/src/services/brainClient.ts:20:10
    at new Promise (<anonymous>)
    at onceWithTimeout (http://localhost:1420/src/services/brainClient.ts:19:16)
    at getWidgetsOnce (http://localhost:1420/src/services/brainClient.ts:198:10)
    at refresh (http://localhost:1420/src/views/HomeFloatNotes.vue?t=1788078159546:51:30)
    at http://localhost:1420/src/views/HomeFloatNotes.vue?t=1788078159546:59:14
[ 6692946ms] TypeError: Cannot read properties of undefined (reading 'transformCallback')
    at transformCallback (http://localhost:1420/node_modules/.vite/deps/chunk-G7S6KQDI.js?v=318df923:22:37)
    at listen (http://localhost:1420/node_modules/.vite/deps/chunk-7FCLUC5I.js?v=318df923:39:14)
    at once (http://localhost:1420/node_modules/.vite/deps/chunk-7FCLUC5I.js?v=318df923:45:10)
    at http://localhost:1420/src/services/brainClient.ts:20:10
    at new Promise (<anonymous>)
    at onceWithTimeout (http://localhost:1420/src/services/brainClient.ts:19:16)
    at getWidgetsOnce (http://localhost:1420/src/services/brainClient.ts:198:10)
    at refresh (http://localhost:1420/src/views/HomeFloatNotes.vue?t=1788078159546:51:30)
    at http://localhost:1420/src/views/HomeFloatNotes.vue?t=1788078159546:59:14
[ 6701947ms] TypeError: Cannot read properties of undefined (reading 'transformCallback')
    at transformCallback (http://localhost:1420/node_modules/.vite/deps/chunk-G7S6KQDI.js?v=318df923:22:37)
    at listen (http://localhost:1420/node_modules/.vite/deps/chunk-7FCLUC5I.js?v=318df923:39:14)
    at onBrainEvent (http://localhost:1420/src/services/brainClient.ts:299:10)
    at http://localhost:1420/src/lib/home/home-panel-run.ts:12:12
    at new Promise (<anonymous>)
    at runPanelAction (http://localhost:1420/src/lib/home/home-panel-run.ts:6:18)
    at refresh (http://localhost:1420/src/views/HomeMaterialsStat.vue?t=1788078978195:14:30)
[ 6704947ms] TypeError: Cannot read properties of undefined (reading 'transformCallback')
    at transformCallback (http://localhost:1420/node_modules/.vite/deps/chunk-G7S6KQDI.js?v=318df923:22:37)
    at listen (http://localhost:1420/node_modules/.vite/deps/chunk-7FCLUC5I.js?v=318df923:39:14)
    at once (http://localhost:1420/node_modules/.vite/deps/chunk-7FCLUC5I.js?v=318df923:45:10)
    at http://localhost:1420/src/services/brainClient.ts:20:10
    at new Promise (<anonymous>)
    at onceWithTimeout (http://localhost:1420/src/services/brainClient.ts:19:16)
    at getWidgetsOnce (http://localhost:1420/src/services/brainClient.ts:198:10)
    at refresh (http://localhost:1420/src/views/HomeFloatNotes.vue?t=1788078159546:51:30)
    at http://localhost:1420/src/views/HomeFloatNotes.vue?t=1788078159546:59:14
[ 6716946ms] TypeError: Cannot read properties of undefined (reading 'transformCallback')
    at transformCallback (http://localhost:1420/node_modules/.vite/deps/chunk-G7S6KQDI.js?v=318df923:22:37)
    at listen (http://localhost:1420/node_modules/.vite/deps/chunk-7FCLUC5I.js?v=318df923:39:14)
    at once (http://localhost:1420/node_modules/.vite/deps/chunk-7FCLUC5I.js?v=318df923:45:10)
    at http://localhost:1420/src/services/brainClient.ts:20:10
    at new Promise (<anonymous>)
    at onceWithTimeout (http://localhost:1420/src/services/brainClient.ts:19:16)
    at getWidgetsOnce (http://localhost:1420/src/services/brainClient.ts:198:10)
    at refresh (http://localhost:1420/src/views/HomeFloatNotes.vue?t=1788078159546:51:30)
    at http://localhost:1420/src/views/HomeFloatNotes.vue?t=1788078159546:59:14
[ 6728947ms] TypeError: Cannot read properties of undefined (reading 'transformCallback')
    at transformCallback (http://localhost:1420/node_modules/.vite/deps/chunk-G7S6KQDI.js?v=318df923:22:37)
    at listen (http://localhost:1420/node_modules/.vite/deps/chunk-7FCLUC5I.js?v=318df923:39:14)
    at once (http://localhost:1420/node_modules/.vite/deps/chunk-7FCLUC5I.js?v=318df923:45:10)
    at http://localhost:1420/src/services/brainClient.ts:20:10
    at new Promise (<anonymous>)
    at onceWithTimeout (http://localhost:1420/src/services/brainClient.ts:19:16)
    at getWidgetsOnce (http://localhost:1420/src/services/brainClient.ts:198:10)
    at refresh (http://localhost:1420/src/views/HomeFloatNotes.vue?t=1788078159546:51:30)
    at http://localhost:1420/src/views/HomeFloatNotes.vue?t=1788078159546:59:14
[ 6740948ms] TypeError: Cannot read properties of undefined (reading 'transformCallback')
    at transformCallback (http://localhost:1420/node_modules/.vite/deps/chunk-G7S6KQDI.js?v=318df923:22:37)
    at listen (http://localhost:1420/node_modules/.vite/deps/chunk-7FCLUC5I.js?v=318df923:39:14)
    at once (http://localhost:1420/node_modules/.vite/deps/chunk-7FCLUC5I.js?v=318df923:45:10)
    at http://localhost:1420/src/services/brainClient.ts:20:10
    at new Promise (<anonymous>)
    at onceWithTimeout (http://localhost:1420/src/services/brainClient.ts:19:16)
    at getWidgetsOnce (http://localhost:1420/src/services/brainClient.ts:198:10)
    at refresh (http://localhost:1420/src/views/HomeFloatNotes.vue?t=1788078159546:51:30)
    at http://localhost:1420/src/views/HomeFloatNotes.vue?t=1788078159546:59:14
[ 6752947ms] TypeError: Cannot read properties of undefined (reading 'transformCallback')
    at transformCallback (http://localhost:1420/node_modules/.vite/deps/chunk-G7S6KQDI.js?v=318df923:22:37)
    at listen (http://localhost:1420/node_modules/.vite/deps/chunk-7FCLUC5I.js?v=318df923:39:14)
    at once (http://localhost:1420/node_modules/.vite/deps/chunk-7FCLUC5I.js?v=318df923:45:10)
    at http://localhost:1420/src/services/brainClient.ts:20:10
    at new Promise (<anonymous>)
    at onceWithTimeout (http://localhost:1420/src/services/brainClient.ts:19:16)
    at getWidgetsOnce (http://localhost:1420/src/services/brainClient.ts:198:10)
    at refresh (http://localhost:1420/src/views/HomeFloatNotes.vue?t=1788078159546:51:30)
    at http://localhost:1420/src/views/HomeFloatNotes.vue?t=1788078159546:59:14
[ 6761946ms] TypeError: Cannot read properties of undefined (reading 'transformCallback')
    at transformCallback (http://localhost:1420/node_modules/.vite/deps/chunk-G7S6KQDI.js?v=318df923:22:37)
    at listen (http://localhost:1420/node_modules/.vite/deps/chunk-7FCLUC5I.js?v=318df923:39:14)
    at onBrainEvent (http://localhost:1420/src/services/brainClient.ts:299:10)
    at http://localhost:1420/src/lib/home/home-panel-run.ts:12:12
    at new Promise (<anonymous>)
    at runPanelAction (http://localhost:1420/src/lib/home/home-panel-run.ts:6:18)
    at refresh (http://localhost:1420/src/views/HomeMaterialsStat.vue?t=1788078978195:14:30)
[ 6764947ms] TypeError: Cannot read properties of undefined (reading 'transformCallback')
    at transformCallback (http://localhost:1420/node_modules/.vite/deps/chunk-G7S6KQDI.js?v=318df923:22:37)
    at listen (http://localhost:1420/node_modules/.vite/deps/chunk-7FCLUC5I.js?v=318df923:39:14)
    at once (http://localhost:1420/node_modules/.vite/deps/chunk-7FCLUC5I.js?v=318df923:45:10)
    at http://localhost:1420/src/services/brainClient.ts:20:10
    at new Promise (<anonymous>)
    at onceWithTimeout (http://localhost:1420/src/services/brainClient.ts:19:16)
    at getWidgetsOnce (http://localhost:1420/src/services/brainClient.ts:198:10)
    at refresh (http://localhost:1420/src/views/HomeFloatNotes.vue?t=1788078159546:51:30)
    at http://localhost:1420/src/views/HomeFloatNotes.vue?t=1788078159546:59:14
[ 6776947ms] TypeError: Cannot read properties of undefined (reading 'transformCallback')
    at transformCallback (http://localhost:1420/node_modules/.vite/deps/chunk-G7S6KQDI.js?v=318df923:22:37)
    at listen (http://localhost:1420/node_modules/.vite/deps/chunk-7FCLUC5I.js?v=318df923:39:14)
    at once (http://localhost:1420/node_modules/.vite/deps/chunk-7FCLUC5I.js?v=318df923:45:10)
    at http://localhost:1420/src/services/brainClient.ts:20:10
    at new Promise (<anonymous>)
    at onceWithTimeout (http://localhost:1420/src/services/brainClient.ts:19:16)
    at getWidgetsOnce (http://localhost:1420/src/services/brainClient.ts:198:10)
    at refresh (http://localhost:1420/src/views/HomeFloatNotes.vue?t=1788078159546:51:30)
    at http://localhost:1420/src/views/HomeFloatNotes.vue?t=1788078159546:59:14
[ 6788946ms] TypeError: Cannot read properties of undefined (reading 'transformCallback')
    at transformCallback (http://localhost:1420/node_modules/.vite/deps/chunk-G7S6KQDI.js?v=318df923:22:37)
    at listen (http://localhost:1420/node_modules/.vite/deps/chunk-7FCLUC5I.js?v=318df923:39:14)
    at once (http://localhost:1420/node_modules/.vite/deps/chunk-7FCLUC5I.js?v=318df923:45:10)
    at http://localhost:1420/src/services/brainClient.ts:20:10
    at new Promise (<anonymous>)
    at onceWithTimeout (http://localhost:1420/src/services/brainClient.ts:19:16)
    at getWidgetsOnce (http://localhost:1420/src/services/brainClient.ts:198:10)
    at refresh (http://localhost:1420/src/views/HomeFloatNotes.vue?t=1788078159546:51:30)
    at http://localhost:1420/src/views/HomeFloatNotes.vue?t=1788078159546:59:14
[ 6800948ms] TypeError: Cannot read properties of undefined (reading 'transformCallback')
    at transformCallback (http://localhost:1420/node_modules/.vite/deps/chunk-G7S6KQDI.js?v=318df923:22:37)
    at listen (http://localhost:1420/node_modules/.vite/deps/chunk-7FCLUC5I.js?v=318df923:39:14)
    at once (http://localhost:1420/node_modules/.vite/deps/chunk-7FCLUC5I.js?v=318df923:45:10)
    at http://localhost:1420/src/services/brainClient.ts:20:10
    at new Promise (<anonymous>)
    at onceWithTimeout (http://localhost:1420/src/services/brainClient.ts:19:16)
    at getWidgetsOnce (http://localhost:1420/src/services/brainClient.ts:198:10)
    at refresh (http://localhost:1420/src/views/HomeFloatNotes.vue?t=1788078159546:51:30)
    at http://localhost:1420/src/views/HomeFloatNotes.vue?t=1788078159546:59:14
[ 6812947ms] TypeError: Cannot read properties of undefined (reading 'transformCallback')
    at transformCallback (http://localhost:1420/node_modules/.vite/deps/chunk-G7S6KQDI.js?v=318df923:22:37)
    at listen (http://localhost:1420/node_modules/.vite/deps/chunk-7FCLUC5I.js?v=318df923:39:14)
    at once (http://localhost:1420/node_modules/.vite/deps/chunk-7FCLUC5I.js?v=318df923:45:10)
    at http://localhost:1420/src/services/brainClient.ts:20:10
    at new Promise (<anonymous>)
    at onceWithTimeout (http://localhost:1420/src/services/brainClient.ts:19:16)
    at getWidgetsOnce (http://localhost:1420/src/services/brainClient.ts:198:10)
    at refresh (http://localhost:1420/src/views/HomeFloatNotes.vue?t=1788078159546:51:30)
    at http://localhost:1420/src/views/HomeFloatNotes.vue?t=1788078159546:59:14
[ 6821948ms] TypeError: Cannot read properties of undefined (reading 'transformCallback')
    at transformCallback (http://localhost:1420/node_modules/.vite/deps/chunk-G7S6KQDI.js?v=318df923:22:37)
    at listen (http://localhost:1420/node_modules/.vite/deps/chunk-7FCLUC5I.js?v=318df923:39:14)
    at onBrainEvent (http://localhost:1420/src/services/brainClient.ts:299:10)
    at http://localhost:1420/src/lib/home/home-panel-run.ts:12:12
    at new Promise (<anonymous>)
    at runPanelAction (http://localhost:1420/src/lib/home/home-panel-run.ts:6:18)
    at refresh (http://localhost:1420/src/views/HomeMaterialsStat.vue?t=1788078978195:14:30)
[ 6824947ms] TypeError: Cannot read properties of undefined (reading 'transformCallback')
    at transformCallback (http://localhost:1420/node_modules/.vite/deps/chunk-G7S6KQDI.js?v=318df923:22:37)
    at listen (http://localhost:1420/node_modules/.vite/deps/chunk-7FCLUC5I.js?v=318df923:39:14)
    at once (http://localhost:1420/node_modules/.vite/deps/chunk-7FCLUC5I.js?v=318df923:45:10)
    at http://localhost:1420/src/services/brainClient.ts:20:10
    at new Promise (<anonymous>)
    at onceWithTimeout (http://localhost:1420/src/services/brainClient.ts:19:16)
    at getWidgetsOnce (http://localhost:1420/src/services/brainClient.ts:198:10)
    at refresh (http://localhost:1420/src/views/HomeFloatNotes.vue?t=1788078159546:51:30)
    at http://localhost:1420/src/views/HomeFloatNotes.vue?t=1788078159546:59:14
[ 6836948ms] TypeError: Cannot read properties of undefined (reading 'transformCallback')
    at transformCallback (http://localhost:1420/node_modules/.vite/deps/chunk-G7S6KQDI.js?v=318df923:22:37)
    at listen (http://localhost:1420/node_modules/.vite/deps/chunk-7FCLUC5I.js?v=318df923:39:14)
    at once (http://localhost:1420/node_modules/.vite/deps/chunk-7FCLUC5I.js?v=318df923:45:10)
    at http://localhost:1420/src/services/brainClient.ts:20:10
    at new Promise (<anonymous>)
    at onceWithTimeout (http://localhost:1420/src/services/brainClient.ts:19:16)
    at getWidgetsOnce (http://localhost:1420/src/services/brainClient.ts:198:10)
    at refresh (http://localhost:1420/src/views/HomeFloatNotes.vue?t=1788078159546:51:30)
    at http://localhost:1420/src/views/HomeFloatNotes.vue?t=1788078159546:59:14
[ 6848947ms] TypeError: Cannot read properties of undefined (reading 'transformCallback')
    at transformCallback (http://localhost:1420/node_modules/.vite/deps/chunk-G7S6KQDI.js?v=318df923:22:37)
    at listen (http://localhost:1420/node_modules/.vite/deps/chunk-7FCLUC5I.js?v=318df923:39:14)
    at once (http://localhost:1420/node_modules/.vite/deps/chunk-7FCLUC5I.js?v=318df923:45:10)
    at http://localhost:1420/src/services/brainClient.ts:20:10
    at new Promise (<anonymous>)
    at onceWithTimeout (http://localhost:1420/src/services/brainClient.ts:19:16)
    at getWidgetsOnce (http://localhost:1420/src/services/brainClient.ts:198:10)
    at refresh (http://localhost:1420/src/views/HomeFloatNotes.vue?t=1788078159546:51:30)
    at http://localhost:1420/src/views/HomeFloatNotes.vue?t=1788078159546:59:14
[ 6860948ms] TypeError: Cannot read properties of undefined (reading 'transformCallback')
    at transformCallback (http://localhost:1420/node_modules/.vite/deps/chunk-G7S6KQDI.js?v=318df923:22:37)
    at listen (http://localhost:1420/node_modules/.vite/deps/chunk-7FCLUC5I.js?v=318df923:39:14)
    at once (http://localhost:1420/node_modules/.vite/deps/chunk-7FCLUC5I.js?v=318df923:45:10)
    at http://localhost:1420/src/services/brainClient.ts:20:10
    at new Promise (<anonymous>)
    at onceWithTimeout (http://localhost:1420/src/services/brainClient.ts:19:16)
    at getWidgetsOnce (http://localhost:1420/src/services/brainClient.ts:198:10)
    at refresh (http://localhost:1420/src/views/HomeFloatNotes.vue?t=1788078159546:51:30)
    at http://localhost:1420/src/views/HomeFloatNotes.vue?t=1788078159546:59:14
[ 6872947ms] TypeError: Cannot read properties of undefined (reading 'transformCallback')
    at transformCallback (http://localhost:1420/node_modules/.vite/deps/chunk-G7S6KQDI.js?v=318df923:22:37)
    at listen (http://localhost:1420/node_modules/.vite/deps/chunk-7FCLUC5I.js?v=318df923:39:14)
    at once (http://localhost:1420/node_modules/.vite/deps/chunk-7FCLUC5I.js?v=318df923:45:10)
    at http://localhost:1420/src/services/brainClient.ts:20:10
    at new Promise (<anonymous>)
    at onceWithTimeout (http://localhost:1420/src/services/brainClient.ts:19:16)
    at getWidgetsOnce (http://localhost:1420/src/services/brainClient.ts:198:10)
    at refresh (http://localhost:1420/src/views/HomeFloatNotes.vue?t=1788078159546:51:30)
    at http://localhost:1420/src/views/HomeFloatNotes.vue?t=1788078159546:59:14
[ 6881947ms] TypeError: Cannot read properties of undefined (reading 'transformCallback')
    at transformCallback (http://localhost:1420/node_modules/.vite/deps/chunk-G7S6KQDI.js?v=318df923:22:37)
    at listen (http://localhost:1420/node_modules/.vite/deps/chunk-7FCLUC5I.js?v=318df923:39:14)
    at onBrainEvent (http://localhost:1420/src/services/brainClient.ts:299:10)
    at http://localhost:1420/src/lib/home/home-panel-run.ts:12:12
    at new Promise (<anonymous>)
    at runPanelAction (http://localhost:1420/src/lib/home/home-panel-run.ts:6:18)
    at refresh (http://localhost:1420/src/views/HomeMaterialsStat.vue?t=1788078978195:14:30)
[ 6884947ms] TypeError: Cannot read properties of undefined (reading 'transformCallback')
    at transformCallback (http://localhost:1420/node_modules/.vite/deps/chunk-G7S6KQDI.js?v=318df923:22:37)
    at listen (http://localhost:1420/node_modules/.vite/deps/chunk-7FCLUC5I.js?v=318df923:39:14)
    at once (http://localhost:1420/node_modules/.vite/deps/chunk-7FCLUC5I.js?v=318df923:45:10)
    at http://localhost:1420/src/services/brainClient.ts:20:10
    at new Promise (<anonymous>)
    at onceWithTimeout (http://localhost:1420/src/services/brainClient.ts:19:16)
    at getWidgetsOnce (http://localhost:1420/src/services/brainClient.ts:198:10)
    at refresh (http://localhost:1420/src/views/HomeFloatNotes.vue?t=1788078159546:51:30)
    at http://localhost:1420/src/views/HomeFloatNotes.vue?t=1788078159546:59:14
[ 6896948ms] TypeError: Cannot read properties of undefined (reading 'transformCallback')
    at transformCallback (http://localhost:1420/node_modules/.vite/deps/chunk-G7S6KQDI.js?v=318df923:22:37)
    at listen (http://localhost:1420/node_modules/.vite/deps/chunk-7FCLUC5I.js?v=318df923:39:14)
    at once (http://localhost:1420/node_modules/.vite/deps/chunk-7FCLUC5I.js?v=318df923:45:10)
    at http://localhost:1420/src/services/brainClient.ts:20:10
    at new Promise (<anonymous>)
    at onceWithTimeout (http://localhost:1420/src/services/brainClient.ts:19:16)
    at getWidgetsOnce (http://localhost:1420/src/services/brainClient.ts:198:10)
    at refresh (http://localhost:1420/src/views/HomeFloatNotes.vue?t=1788078159546:51:30)
    at http://localhost:1420/src/views/HomeFloatNotes.vue?t=1788078159546:59:14
[ 6908947ms] TypeError: Cannot read properties of undefined (reading 'transformCallback')
    at transformCallback (http://localhost:1420/node_modules/.vite/deps/chunk-G7S6KQDI.js?v=318df923:22:37)
    at listen (http://localhost:1420/node_modules/.vite/deps/chunk-7FCLUC5I.js?v=318df923:39:14)
    at once (http://localhost:1420/node_modules/.vite/deps/chunk-7FCLUC5I.js?v=318df923:45:10)
    at http://localhost:1420/src/services/brainClient.ts:20:10
    at new Promise (<anonymous>)
    at onceWithTimeout (http://localhost:1420/src/services/brainClient.ts:19:16)
    at getWidgetsOnce (http://localhost:1420/src/services/brainClient.ts:198:10)
    at refresh (http://localhost:1420/src/views/HomeFloatNotes.vue?t=1788078159546:51:30)
    at http://localhost:1420/src/views/HomeFloatNotes.vue?t=1788078159546:59:14
[ 6920947ms] TypeError: Cannot read properties of undefined (reading 'transformCallback')
    at transformCallback (http://localhost:1420/node_modules/.vite/deps/chunk-G7S6KQDI.js?v=318df923:22:37)
    at listen (http://localhost:1420/node_modules/.vite/deps/chunk-7FCLUC5I.js?v=318df923:39:14)
    at once (http://localhost:1420/node_modules/.vite/deps/chunk-7FCLUC5I.js?v=318df923:45:10)
    at http://localhost:1420/src/services/brainClient.ts:20:10
    at new Promise (<anonymous>)
    at onceWithTimeout (http://localhost:1420/src/services/brainClient.ts:19:16)
    at getWidgetsOnce (http://localhost:1420/src/services/brainClient.ts:198:10)
    at refresh (http://localhost:1420/src/views/HomeFloatNotes.vue?t=1788078159546:51:30)
    at http://localhost:1420/src/views/HomeFloatNotes.vue?t=1788078159546:59:14
[ 6932948ms] TypeError: Cannot read properties of undefined (reading 'transformCallback')
    at transformCallback (http://localhost:1420/node_modules/.vite/deps/chunk-G7S6KQDI.js?v=318df923:22:37)
    at listen (http://localhost:1420/node_modules/.vite/deps/chunk-7FCLUC5I.js?v=318df923:39:14)
    at once (http://localhost:1420/node_modules/.vite/deps/chunk-7FCLUC5I.js?v=318df923:45:10)
    at http://localhost:1420/src/services/brainClient.ts:20:10
    at new Promise (<anonymous>)
    at onceWithTimeout (http://localhost:1420/src/services/brainClient.ts:19:16)
    at getWidgetsOnce (http://localhost:1420/src/services/brainClient.ts:198:10)
    at refresh (http://localhost:1420/src/views/HomeFloatNotes.vue?t=1788078159546:51:30)
    at http://localhost:1420/src/views/HomeFloatNotes.vue?t=1788078159546:59:14
[ 6941949ms] TypeError: Cannot read properties of undefined (reading 'transformCallback')
    at transformCallback (http://localhost:1420/node_modules/.vite/deps/chunk-G7S6KQDI.js?v=318df923:22:37)
    at listen (http://localhost:1420/node_modules/.vite/deps/chunk-7FCLUC5I.js?v=318df923:39:14)
    at onBrainEvent (http://localhost:1420/src/services/brainClient.ts:299:10)
    at http://localhost:1420/src/lib/home/home-panel-run.ts:12:12
    at new Promise (<anonymous>)
    at runPanelAction (http://localhost:1420/src/lib/home/home-panel-run.ts:6:18)
    at refresh (http://localhost:1420/src/views/HomeMaterialsStat.vue?t=1788078978195:14:30)
[ 6944948ms] TypeError: Cannot read properties of undefined (reading 'transformCallback')
    at transformCallback (http://localhost:1420/node_modules/.vite/deps/chunk-G7S6KQDI.js?v=318df923:22:37)
    at listen (http://localhost:1420/node_modules/.vite/deps/chunk-7FCLUC5I.js?v=318df923:39:14)
    at once (http://localhost:1420/node_modules/.vite/deps/chunk-7FCLUC5I.js?v=318df923:45:10)
    at http://localhost:1420/src/services/brainClient.ts:20:10
    at new Promise (<anonymous>)
    at onceWithTimeout (http://localhost:1420/src/services/brainClient.ts:19:16)
    at getWidgetsOnce (http://localhost:1420/src/services/brainClient.ts:198:10)
    at refresh (http://localhost:1420/src/views/HomeFloatNotes.vue?t=1788078159546:51:30)
    at http://localhost:1420/src/views/HomeFloatNotes.vue?t=1788078159546:59:14
[ 6956949ms] TypeError: Cannot read properties of undefined (reading 'transformCallback')
    at transformCallback (http://localhost:1420/node_modules/.vite/deps/chunk-G7S6KQDI.js?v=318df923:22:37)
    at listen (http://localhost:1420/node_modules/.vite/deps/chunk-7FCLUC5I.js?v=318df923:39:14)
    at once (http://localhost:1420/node_modules/.vite/deps/chunk-7FCLUC5I.js?v=318df923:45:10)
    at http://localhost:1420/src/services/brainClient.ts:20:10
    at new Promise (<anonymous>)
    at onceWithTimeout (http://localhost:1420/src/services/brainClient.ts:19:16)
    at getWidgetsOnce (http://localhost:1420/src/services/brainClient.ts:198:10)
    at refresh (http://localhost:1420/src/views/HomeFloatNotes.vue?t=1788078159546:51:30)
    at http://localhost:1420/src/views/HomeFloatNotes.vue?t=1788078159546:59:14
[ 6968948ms] TypeError: Cannot read properties of undefined (reading 'transformCallback')
    at transformCallback (http://localhost:1420/node_modules/.vite/deps/chunk-G7S6KQDI.js?v=318df923:22:37)
    at listen (http://localhost:1420/node_modules/.vite/deps/chunk-7FCLUC5I.js?v=318df923:39:14)
    at once (http://localhost:1420/node_modules/.vite/deps/chunk-7FCLUC5I.js?v=318df923:45:10)
    at http://localhost:1420/src/services/brainClient.ts:20:10
    at new Promise (<anonymous>)
    at onceWithTimeout (http://localhost:1420/src/services/brainClient.ts:19:16)
    at getWidgetsOnce (http://localhost:1420/src/services/brainClient.ts:198:10)
    at refresh (http://localhost:1420/src/views/HomeFloatNotes.vue?t=1788078159546:51:30)
    at http://localhost:1420/src/views/HomeFloatNotes.vue?t=1788078159546:59:14
[ 6980948ms] TypeError: Cannot read properties of undefined (reading 'transformCallback')
    at transformCallback (http://localhost:1420/node_modules/.vite/deps/chunk-G7S6KQDI.js?v=318df923:22:37)
    at listen (http://localhost:1420/node_modules/.vite/deps/chunk-7FCLUC5I.js?v=318df923:39:14)
    at once (http://localhost:1420/node_modules/.vite/deps/chunk-7FCLUC5I.js?v=318df923:45:10)
    at http://localhost:1420/src/services/brainClient.ts:20:10
    at new Promise (<anonymous>)
    at onceWithTimeout (http://localhost:1420/src/services/brainClient.ts:19:16)
    at getWidgetsOnce (http://localhost:1420/src/services/brainClient.ts:198:10)
    at refresh (http://localhost:1420/src/views/HomeFloatNotes.vue?t=1788078159546:51:30)
    at http://localhost:1420/src/views/HomeFloatNotes.vue?t=1788078159546:59:14
[ 6992949ms] TypeError: Cannot read properties of undefined (reading 'transformCallback')
    at transformCallback (http://localhost:1420/node_modules/.vite/deps/chunk-G7S6KQDI.js?v=318df923:22:37)
    at listen (http://localhost:1420/node_modules/.vite/deps/chunk-7FCLUC5I.js?v=318df923:39:14)
    at once (http://localhost:1420/node_modules/.vite/deps/chunk-7FCLUC5I.js?v=318df923:45:10)
    at http://localhost:1420/src/services/brainClient.ts:20:10
    at new Promise (<anonymous>)
    at onceWithTimeout (http://localhost:1420/src/services/brainClient.ts:19:16)
    at getWidgetsOnce (http://localhost:1420/src/services/brainClient.ts:198:10)
    at refresh (http://localhost:1420/src/views/HomeFloatNotes.vue?t=1788078159546:51:30)
    at http://localhost:1420/src/views/HomeFloatNotes.vue?t=1788078159546:59:14
[ 7001949ms] TypeError: Cannot read properties of undefined (reading 'transformCallback')
    at transformCallback (http://localhost:1420/node_modules/.vite/deps/chunk-G7S6KQDI.js?v=318df923:22:37)
    at listen (http://localhost:1420/node_modules/.vite/deps/chunk-7FCLUC5I.js?v=318df923:39:14)
    at onBrainEvent (http://localhost:1420/src/services/brainClient.ts:299:10)
    at http://localhost:1420/src/lib/home/home-panel-run.ts:12:12
    at new Promise (<anonymous>)
    at runPanelAction (http://localhost:1420/src/lib/home/home-panel-run.ts:6:18)
    at refresh (http://localhost:1420/src/views/HomeMaterialsStat.vue?t=1788078978195:14:30)
[ 7004948ms] TypeError: Cannot read properties of undefined (reading 'transformCallback')
    at transformCallback (http://localhost:1420/node_modules/.vite/deps/chunk-G7S6KQDI.js?v=318df923:22:37)
    at listen (http://localhost:1420/node_modules/.vite/deps/chunk-7FCLUC5I.js?v=318df923:39:14)
    at once (http://localhost:1420/node_modules/.vite/deps/chunk-7FCLUC5I.js?v=318df923:45:10)
    at http://localhost:1420/src/services/brainClient.ts:20:10
    at new Promise (<anonymous>)
    at onceWithTimeout (http://localhost:1420/src/services/brainClient.ts:19:16)
    at getWidgetsOnce (http://localhost:1420/src/services/brainClient.ts:198:10)
    at refresh (http://localhost:1420/src/views/HomeFloatNotes.vue?t=1788078159546:51:30)
    at http://localhost:1420/src/views/HomeFloatNotes.vue?t=1788078159546:59:14
[ 7016948ms] TypeError: Cannot read properties of undefined (reading 'transformCallback')
    at transformCallback (http://localhost:1420/node_modules/.vite/deps/chunk-G7S6KQDI.js?v=318df923:22:37)
    at listen (http://localhost:1420/node_modules/.vite/deps/chunk-7FCLUC5I.js?v=318df923:39:14)
    at once (http://localhost:1420/node_modules/.vite/deps/chunk-7FCLUC5I.js?v=318df923:45:10)
    at http://localhost:1420/src/services/brainClient.ts:20:10
    at new Promise (<anonymous>)
    at onceWithTimeout (http://localhost:1420/src/services/brainClient.ts:19:16)
    at getWidgetsOnce (http://localhost:1420/src/services/brainClient.ts:198:10)
    at refresh (http://localhost:1420/src/views/HomeFloatNotes.vue?t=1788078159546:51:30)
    at http://localhost:1420/src/views/HomeFloatNotes.vue?t=1788078159546:59:14
[ 7028949ms] TypeError: Cannot read properties of undefined (reading 'transformCallback')
    at transformCallback (http://localhost:1420/node_modules/.vite/deps/chunk-G7S6KQDI.js?v=318df923:22:37)
    at listen (http://localhost:1420/node_modules/.vite/deps/chunk-7FCLUC5I.js?v=318df923:39:14)
    at once (http://localhost:1420/node_modules/.vite/deps/chunk-7FCLUC5I.js?v=318df923:45:10)
    at http://localhost:1420/src/services/brainClient.ts:20:10
    at new Promise (<anonymous>)
    at onceWithTimeout (http://localhost:1420/src/services/brainClient.ts:19:16)
    at getWidgetsOnce (http://localhost:1420/src/services/brainClient.ts:198:10)
    at refresh (http://localhost:1420/src/views/HomeFloatNotes.vue?t=1788078159546:51:30)
    at http://localhost:1420/src/views/HomeFloatNotes.vue?t=1788078159546:59:14
[ 7040949ms] TypeError: Cannot read properties of undefined (reading 'transformCallback')
    at transformCallback (http://localhost:1420/node_modules/.vite/deps/chunk-G7S6KQDI.js?v=318df923:22:37)
    at listen (http://localhost:1420/node_modules/.vite/deps/chunk-7FCLUC5I.js?v=318df923:39:14)
    at once (http://localhost:1420/node_modules/.vite/deps/chunk-7FCLUC5I.js?v=318df923:45:10)
    at http://localhost:1420/src/services/brainClient.ts:20:10
    at new Promise (<anonymous>)
    at onceWithTimeout (http://localhost:1420/src/services/brainClient.ts:19:16)
    at getWidgetsOnce (http://localhost:1420/src/services/brainClient.ts:198:10)
    at refresh (http://localhost:1420/src/views/HomeFloatNotes.vue?t=1788078159546:51:30)
    at http://localhost:1420/src/views/HomeFloatNotes.vue?t=1788078159546:59:14
[ 7052948ms] TypeError: Cannot read properties of undefined (reading 'transformCallback')
    at transformCallback (http://localhost:1420/node_modules/.vite/deps/chunk-G7S6KQDI.js?v=318df923:22:37)
    at listen (http://localhost:1420/node_modules/.vite/deps/chunk-7FCLUC5I.js?v=318df923:39:14)
    at once (http://localhost:1420/node_modules/.vite/deps/chunk-7FCLUC5I.js?v=318df923:45:10)
    at http://localhost:1420/src/services/brainClient.ts:20:10
    at new Promise (<anonymous>)
    at onceWithTimeout (http://localhost:1420/src/services/brainClient.ts:19:16)
    at getWidgetsOnce (http://localhost:1420/src/services/brainClient.ts:198:10)
    at refresh (http://localhost:1420/src/views/HomeFloatNotes.vue?t=1788078159546:51:30)
    at http://localhost:1420/src/views/HomeFloatNotes.vue?t=1788078159546:59:14
[ 7061949ms] TypeError: Cannot read properties of undefined (reading 'transformCallback')
    at transformCallback (http://localhost:1420/node_modules/.vite/deps/chunk-G7S6KQDI.js?v=318df923:22:37)
    at listen (http://localhost:1420/node_modules/.vite/deps/chunk-7FCLUC5I.js?v=318df923:39:14)
    at onBrainEvent (http://localhost:1420/src/services/brainClient.ts:299:10)
    at http://localhost:1420/src/lib/home/home-panel-run.ts:12:12
    at new Promise (<anonymous>)
    at runPanelAction (http://localhost:1420/src/lib/home/home-panel-run.ts:6:18)
    at refresh (http://localhost:1420/src/views/HomeMaterialsStat.vue?t=1788078978195:14:30)
[ 7064949ms] TypeError: Cannot read properties of undefined (reading 'transformCallback')
    at transformCallback (http://localhost:1420/node_modules/.vite/deps/chunk-G7S6KQDI.js?v=318df923:22:37)
    at listen (http://localhost:1420/node_modules/.vite/deps/chunk-7FCLUC5I.js?v=318df923:39:14)
    at once (http://localhost:1420/node_modules/.vite/deps/chunk-7FCLUC5I.js?v=318df923:45:10)
    at http://localhost:1420/src/services/brainClient.ts:20:10
    at new Promise (<anonymous>)
    at onceWithTimeout (http://localhost:1420/src/services/brainClient.ts:19:16)
    at getWidgetsOnce (http://localhost:1420/src/services/brainClient.ts:198:10)
    at refresh (http://localhost:1420/src/views/HomeFloatNotes.vue?t=1788078159546:51:30)
    at http://localhost:1420/src/views/HomeFloatNotes.vue?t=1788078159546:59:14
[ 7076949ms] TypeError: Cannot read properties of undefined (reading 'transformCallback')
    at transformCallback (http://localhost:1420/node_modules/.vite/deps/chunk-G7S6KQDI.js?v=318df923:22:37)
    at listen (http://localhost:1420/node_modules/.vite/deps/chunk-7FCLUC5I.js?v=318df923:39:14)
    at once (http://localhost:1420/node_modules/.vite/deps/chunk-7FCLUC5I.js?v=318df923:45:10)
    at http://localhost:1420/src/services/brainClient.ts:20:10
    at new Promise (<anonymous>)
    at onceWithTimeout (http://localhost:1420/src/services/brainClient.ts:19:16)
    at getWidgetsOnce (http://localhost:1420/src/services/brainClient.ts:198:10)
    at refresh (http://localhost:1420/src/views/HomeFloatNotes.vue?t=1788078159546:51:30)
    at http://localhost:1420/src/views/HomeFloatNotes.vue?t=1788078159546:59:14
[ 7088949ms] TypeError: Cannot read properties of undefined (reading 'transformCallback')
    at transformCallback (http://localhost:1420/node_modules/.vite/deps/chunk-G7S6KQDI.js?v=318df923:22:37)
    at listen (http://localhost:1420/node_modules/.vite/deps/chunk-7FCLUC5I.js?v=318df923:39:14)
    at once (http://localhost:1420/node_modules/.vite/deps/chunk-7FCLUC5I.js?v=318df923:45:10)
    at http://localhost:1420/src/services/brainClient.ts:20:10
    at new Promise (<anonymous>)
    at onceWithTimeout (http://localhost:1420/src/services/brainClient.ts:19:16)
    at getWidgetsOnce (http://localhost:1420/src/services/brainClient.ts:198:10)
    at refresh (http://localhost:1420/src/views/HomeFloatNotes.vue?t=1788078159546:51:30)
    at http://localhost:1420/src/views/HomeFloatNotes.vue?t=1788078159546:59:14
[ 7100950ms] TypeError: Cannot read properties of undefined (reading 'transformCallback')
    at transformCallback (http://localhost:1420/node_modules/.vite/deps/chunk-G7S6KQDI.js?v=318df923:22:37)
    at listen (http://localhost:1420/node_modules/.vite/deps/chunk-7FCLUC5I.js?v=318df923:39:14)
    at once (http://localhost:1420/node_modules/.vite/deps/chunk-7FCLUC5I.js?v=318df923:45:10)
    at http://localhost:1420/src/services/brainClient.ts:20:10
    at new Promise (<anonymous>)
    at onceWithTimeout (http://localhost:1420/src/services/brainClient.ts:19:16)
    at getWidgetsOnce (http://localhost:1420/src/services/brainClient.ts:198:10)
    at refresh (http://localhost:1420/src/views/HomeFloatNotes.vue?t=1788078159546:51:30)
    at http://localhost:1420/src/views/HomeFloatNotes.vue?t=1788078159546:59:14
[ 7112949ms] TypeError: Cannot read properties of undefined (reading 'transformCallback')
    at transformCallback (http://localhost:1420/node_modules/.vite/deps/chunk-G7S6KQDI.js?v=318df923:22:37)
    at listen (http://localhost:1420/node_modules/.vite/deps/chunk-7FCLUC5I.js?v=318df923:39:14)
    at once (http://localhost:1420/node_modules/.vite/deps/chunk-7FCLUC5I.js?v=318df923:45:10)
    at http://localhost:1420/src/services/brainClient.ts:20:10
    at new Promise (<anonymous>)
    at onceWithTimeout (http://localhost:1420/src/services/brainClient.ts:19:16)
    at getWidgetsOnce (http://localhost:1420/src/services/brainClient.ts:198:10)
    at refresh (http://localhost:1420/src/views/HomeFloatNotes.vue?t=1788078159546:51:30)
    at http://localhost:1420/src/views/HomeFloatNotes.vue?t=1788078159546:59:14
[ 7121950ms] TypeError: Cannot read properties of undefined (reading 'transformCallback')
    at transformCallback (http://localhost:1420/node_modules/.vite/deps/chunk-G7S6KQDI.js?v=318df923:22:37)
    at listen (http://localhost:1420/node_modules/.vite/deps/chunk-7FCLUC5I.js?v=318df923:39:14)
    at onBrainEvent (http://localhost:1420/src/services/brainClient.ts:299:10)
    at http://localhost:1420/src/lib/home/home-panel-run.ts:12:12
    at new Promise (<anonymous>)
    at runPanelAction (http://localhost:1420/src/lib/home/home-panel-run.ts:6:18)
    at refresh (http://localhost:1420/src/views/HomeMaterialsStat.vue?t=1788078978195:14:30)
[ 7124949ms] TypeError: Cannot read properties of undefined (reading 'transformCallback')
    at transformCallback (http://localhost:1420/node_modules/.vite/deps/chunk-G7S6KQDI.js?v=318df923:22:37)
    at listen (http://localhost:1420/node_modules/.vite/deps/chunk-7FCLUC5I.js?v=318df923:39:14)
    at once (http://localhost:1420/node_modules/.vite/deps/chunk-7FCLUC5I.js?v=318df923:45:10)
    at http://localhost:1420/src/services/brainClient.ts:20:10
    at new Promise (<anonymous>)
    at onceWithTimeout (http://localhost:1420/src/services/brainClient.ts:19:16)
    at getWidgetsOnce (http://localhost:1420/src/services/brainClient.ts:198:10)
    at refresh (http://localhost:1420/src/views/HomeFloatNotes.vue?t=1788078159546:51:30)
    at http://localhost:1420/src/views/HomeFloatNotes.vue?t=1788078159546:59:14
[ 7136950ms] TypeError: Cannot read properties of undefined (reading 'transformCallback')
    at transformCallback (http://localhost:1420/node_modules/.vite/deps/chunk-G7S6KQDI.js?v=318df923:22:37)
    at listen (http://localhost:1420/node_modules/.vite/deps/chunk-7FCLUC5I.js?v=318df923:39:14)
    at once (http://localhost:1420/node_modules/.vite/deps/chunk-7FCLUC5I.js?v=318df923:45:10)
    at http://localhost:1420/src/services/brainClient.ts:20:10
    at new Promise (<anonymous>)
    at onceWithTimeout (http://localhost:1420/src/services/brainClient.ts:19:16)
    at getWidgetsOnce (http://localhost:1420/src/services/brainClient.ts:198:10)
    at refresh (http://localhost:1420/src/views/HomeFloatNotes.vue?t=1788078159546:51:30)
    at http://localhost:1420/src/views/HomeFloatNotes.vue?t=1788078159546:59:14
[ 7148949ms] TypeError: Cannot read properties of undefined (reading 'transformCallback')
    at transformCallback (http://localhost:1420/node_modules/.vite/deps/chunk-G7S6KQDI.js?v=318df923:22:37)
    at listen (http://localhost:1420/node_modules/.vite/deps/chunk-7FCLUC5I.js?v=318df923:39:14)
    at once (http://localhost:1420/node_modules/.vite/deps/chunk-7FCLUC5I.js?v=318df923:45:10)
    at http://localhost:1420/src/services/brainClient.ts:20:10
    at new Promise (<anonymous>)
    at onceWithTimeout (http://localhost:1420/src/services/brainClient.ts:19:16)
    at getWidgetsOnce (http://localhost:1420/src/services/brainClient.ts:198:10)
    at refresh (http://localhost:1420/src/views/HomeFloatNotes.vue?t=1788078159546:51:30)
    at http://localhost:1420/src/views/HomeFloatNotes.vue?t=1788078159546:59:14
[ 7160950ms] TypeError: Cannot read properties of undefined (reading 'transformCallback')
    at transformCallback (http://localhost:1420/node_modules/.vite/deps/chunk-G7S6KQDI.js?v=318df923:22:37)
    at listen (http://localhost:1420/node_modules/.vite/deps/chunk-7FCLUC5I.js?v=318df923:39:14)
    at once (http://localhost:1420/node_modules/.vite/deps/chunk-7FCLUC5I.js?v=318df923:45:10)
    at http://localhost:1420/src/services/brainClient.ts:20:10
    at new Promise (<anonymous>)
    at onceWithTimeout (http://localhost:1420/src/services/brainClient.ts:19:16)
    at getWidgetsOnce (http://localhost:1420/src/services/brainClient.ts:198:10)
    at refresh (http://localhost:1420/src/views/HomeFloatNotes.vue?t=1788078159546:51:30)
    at http://localhost:1420/src/views/HomeFloatNotes.vue?t=1788078159546:59:14
[ 7172950ms] TypeError: Cannot read properties of undefined (reading 'transformCallback')
    at transformCallback (http://localhost:1420/node_modules/.vite/deps/chunk-G7S6KQDI.js?v=318df923:22:37)
    at listen (http://localhost:1420/node_modules/.vite/deps/chunk-7FCLUC5I.js?v=318df923:39:14)
    at once (http://localhost:1420/node_modules/.vite/deps/chunk-7FCLUC5I.js?v=318df923:45:10)
    at http://localhost:1420/src/services/brainClient.ts:20:10
    at new Promise (<anonymous>)
    at onceWithTimeout (http://localhost:1420/src/services/brainClient.ts:19:16)
    at getWidgetsOnce (http://localhost:1420/src/services/brainClient.ts:198:10)
    at refresh (http://localhost:1420/src/views/HomeFloatNotes.vue?t=1788078159546:51:30)
    at http://localhost:1420/src/views/HomeFloatNotes.vue?t=1788078159546:59:14
[ 7181951ms] TypeError: Cannot read properties of undefined (reading 'transformCallback')
    at transformCallback (http://localhost:1420/node_modules/.vite/deps/chunk-G7S6KQDI.js?v=318df923:22:37)
    at listen (http://localhost:1420/node_modules/.vite/deps/chunk-7FCLUC5I.js?v=318df923:39:14)
    at onBrainEvent (http://localhost:1420/src/services/brainClient.ts:299:10)
    at http://localhost:1420/src/lib/home/home-panel-run.ts:12:12
    at new Promise (<anonymous>)
    at runPanelAction (http://localhost:1420/src/lib/home/home-panel-run.ts:6:18)
    at refresh (http://localhost:1420/src/views/HomeMaterialsStat.vue?t=1788078978195:14:30)
[ 7184950ms] TypeError: Cannot read properties of undefined (reading 'transformCallback')
    at transformCallback (http://localhost:1420/node_modules/.vite/deps/chunk-G7S6KQDI.js?v=318df923:22:37)
    at listen (http://localhost:1420/node_modules/.vite/deps/chunk-7FCLUC5I.js?v=318df923:39:14)
    at once (http://localhost:1420/node_modules/.vite/deps/chunk-7FCLUC5I.js?v=318df923:45:10)
    at http://localhost:1420/src/services/brainClient.ts:20:10
    at new Promise (<anonymous>)
    at onceWithTimeout (http://localhost:1420/src/services/brainClient.ts:19:16)
    at getWidgetsOnce (http://localhost:1420/src/services/brainClient.ts:198:10)
    at refresh (http://localhost:1420/src/views/HomeFloatNotes.vue?t=1788078159546:51:30)
    at http://localhost:1420/src/views/HomeFloatNotes.vue?t=1788078159546:59:14
[ 7196951ms] TypeError: Cannot read properties of undefined (reading 'transformCallback')
    at transformCallback (http://localhost:1420/node_modules/.vite/deps/chunk-G7S6KQDI.js?v=318df923:22:37)
    at listen (http://localhost:1420/node_modules/.vite/deps/chunk-7FCLUC5I.js?v=318df923:39:14)
    at once (http://localhost:1420/node_modules/.vite/deps/chunk-7FCLUC5I.js?v=318df923:45:10)
    at http://localhost:1420/src/services/brainClient.ts:20:10
    at new Promise (<anonymous>)
    at onceWithTimeout (http://localhost:1420/src/services/brainClient.ts:19:16)
    at getWidgetsOnce (http://localhost:1420/src/services/brainClient.ts:198:10)
    at refresh (http://localhost:1420/src/views/HomeFloatNotes.vue?t=1788078159546:51:30)
    at http://localhost:1420/src/views/HomeFloatNotes.vue?t=1788078159546:59:14
[ 7208950ms] TypeError: Cannot read properties of undefined (reading 'transformCallback')
    at transformCallback (http://localhost:1420/node_modules/.vite/deps/chunk-G7S6KQDI.js?v=318df923:22:37)
    at listen (http://localhost:1420/node_modules/.vite/deps/chunk-7FCLUC5I.js?v=318df923:39:14)
    at once (http://localhost:1420/node_modules/.vite/deps/chunk-7FCLUC5I.js?v=318df923:45:10)
    at http://localhost:1420/src/services/brainClient.ts:20:10
    at new Promise (<anonymous>)
    at onceWithTimeout (http://localhost:1420/src/services/brainClient.ts:19:16)
    at getWidgetsOnce (http://localhost:1420/src/services/brainClient.ts:198:10)
    at refresh (http://localhost:1420/src/views/HomeFloatNotes.vue?t=1788078159546:51:30)
    at http://localhost:1420/src/views/HomeFloatNotes.vue?t=1788078159546:59:14
[ 7220950ms] TypeError: Cannot read properties of undefined (reading 'transformCallback')
    at transformCallback (http://localhost:1420/node_modules/.vite/deps/chunk-G7S6KQDI.js?v=318df923:22:37)
    at listen (http://localhost:1420/node_modules/.vite/deps/chunk-7FCLUC5I.js?v=318df923:39:14)
    at once (http://localhost:1420/node_modules/.vite/deps/chunk-7FCLUC5I.js?v=318df923:45:10)
    at http://localhost:1420/src/services/brainClient.ts:20:10
    at new Promise (<anonymous>)
    at onceWithTimeout (http://localhost:1420/src/services/brainClient.ts:19:16)
    at getWidgetsOnce (http://localhost:1420/src/services/brainClient.ts:198:10)
    at refresh (http://localhost:1420/src/views/HomeFloatNotes.vue?t=1788078159546:51:30)
    at http://localhost:1420/src/views/HomeFloatNotes.vue?t=1788078159546:59:14
[ 7232949ms] TypeError: Cannot read properties of undefined (reading 'transformCallback')
    at transformCallback (http://localhost:1420/node_modules/.vite/deps/chunk-G7S6KQDI.js?v=318df923:22:37)
    at listen (http://localhost:1420/node_modules/.vite/deps/chunk-7FCLUC5I.js?v=318df923:39:14)
    at once (http://localhost:1420/node_modules/.vite/deps/chunk-7FCLUC5I.js?v=318df923:45:10)
    at http://localhost:1420/src/services/brainClient.ts:20:10
    at new Promise (<anonymous>)
    at onceWithTimeout (http://localhost:1420/src/services/brainClient.ts:19:16)
    at getWidgetsOnce (http://localhost:1420/src/services/brainClient.ts:198:10)
    at refresh (http://localhost:1420/src/views/HomeFloatNotes.vue?t=1788078159546:51:30)
    at http://localhost:1420/src/views/HomeFloatNotes.vue?t=1788078159546:59:14
[ 7241949ms] TypeError: Cannot read properties of undefined (reading 'transformCallback')
    at transformCallback (http://localhost:1420/node_modules/.vite/deps/chunk-G7S6KQDI.js?v=318df923:22:37)
    at listen (http://localhost:1420/node_modules/.vite/deps/chunk-7FCLUC5I.js?v=318df923:39:14)
    at onBrainEvent (http://localhost:1420/src/services/brainClient.ts:299:10)
    at http://localhost:1420/src/lib/home/home-panel-run.ts:12:12
    at new Promise (<anonymous>)
    at runPanelAction (http://localhost:1420/src/lib/home/home-panel-run.ts:6:18)
    at refresh (http://localhost:1420/src/views/HomeMaterialsStat.vue?t=1788078978195:14:30)
[ 7244950ms] TypeError: Cannot read properties of undefined (reading 'transformCallback')
    at transformCallback (http://localhost:1420/node_modules/.vite/deps/chunk-G7S6KQDI.js?v=318df923:22:37)
    at listen (http://localhost:1420/node_modules/.vite/deps/chunk-7FCLUC5I.js?v=318df923:39:14)
    at once (http://localhost:1420/node_modules/.vite/deps/chunk-7FCLUC5I.js?v=318df923:45:10)
    at http://localhost:1420/src/services/brainClient.ts:20:10
    at new Promise (<anonymous>)
    at onceWithTimeout (http://localhost:1420/src/services/brainClient.ts:19:16)
    at getWidgetsOnce (http://localhost:1420/src/services/brainClient.ts:198:10)
    at refresh (http://localhost:1420/src/views/HomeFloatNotes.vue?t=1788078159546:51:30)
    at http://localhost:1420/src/views/HomeFloatNotes.vue?t=1788078159546:59:14
[ 7256948ms] TypeError: Cannot read properties of undefined (reading 'transformCallback')
    at transformCallback (http://localhost:1420/node_modules/.vite/deps/chunk-G7S6KQDI.js?v=318df923:22:37)
    at listen (http://localhost:1420/node_modules/.vite/deps/chunk-7FCLUC5I.js?v=318df923:39:14)
    at once (http://localhost:1420/node_modules/.vite/deps/chunk-7FCLUC5I.js?v=318df923:45:10)
    at http://localhost:1420/src/services/brainClient.ts:20:10
    at new Promise (<anonymous>)
    at onceWithTimeout (http://localhost:1420/src/services/brainClient.ts:19:16)
    at getWidgetsOnce (http://localhost:1420/src/services/brainClient.ts:198:10)
    at refresh (http://localhost:1420/src/views/HomeFloatNotes.vue?t=1788078159546:51:30)
    at http://localhost:1420/src/views/HomeFloatNotes.vue?t=1788078159546:59:14
[ 7268947ms] TypeError: Cannot read properties of undefined (reading 'transformCallback')
    at transformCallback (http://localhost:1420/node_modules/.vite/deps/chunk-G7S6KQDI.js?v=318df923:22:37)
    at listen (http://localhost:1420/node_modules/.vite/deps/chunk-7FCLUC5I.js?v=318df923:39:14)
    at once (http://localhost:1420/node_modules/.vite/deps/chunk-7FCLUC5I.js?v=318df923:45:10)
    at http://localhost:1420/src/services/brainClient.ts:20:10
    at new Promise (<anonymous>)
    at onceWithTimeout (http://localhost:1420/src/services/brainClient.ts:19:16)
    at getWidgetsOnce (http://localhost:1420/src/services/brainClient.ts:198:10)
    at refresh (http://localhost:1420/src/views/HomeFloatNotes.vue?t=1788078159546:51:30)
    at http://localhost:1420/src/views/HomeFloatNotes.vue?t=1788078159546:59:14
[ 7280948ms] TypeError: Cannot read properties of undefined (reading 'transformCallback')
    at transformCallback (http://localhost:1420/node_modules/.vite/deps/chunk-G7S6KQDI.js?v=318df923:22:37)
    at listen (http://localhost:1420/node_modules/.vite/deps/chunk-7FCLUC5I.js?v=318df923:39:14)
    at once (http://localhost:1420/node_modules/.vite/deps/chunk-7FCLUC5I.js?v=318df923:45:10)
    at http://localhost:1420/src/services/brainClient.ts:20:10
    at new Promise (<anonymous>)
    at onceWithTimeout (http://localhost:1420/src/services/brainClient.ts:19:16)
    at getWidgetsOnce (http://localhost:1420/src/services/brainClient.ts:198:10)
    at refresh (http://localhost:1420/src/views/HomeFloatNotes.vue?t=1788078159546:51:30)
    at http://localhost:1420/src/views/HomeFloatNotes.vue?t=1788078159546:59:14
[ 7292949ms] TypeError: Cannot read properties of undefined (reading 'transformCallback')
    at transformCallback (http://localhost:1420/node_modules/.vite/deps/chunk-G7S6KQDI.js?v=318df923:22:37)
    at listen (http://localhost:1420/node_modules/.vite/deps/chunk-7FCLUC5I.js?v=318df923:39:14)
    at once (http://localhost:1420/node_modules/.vite/deps/chunk-7FCLUC5I.js?v=318df923:45:10)
    at http://localhost:1420/src/services/brainClient.ts:20:10
    at new Promise (<anonymous>)
    at onceWithTimeout (http://localhost:1420/src/services/brainClient.ts:19:16)
    at getWidgetsOnce (http://localhost:1420/src/services/brainClient.ts:198:10)
    at refresh (http://localhost:1420/src/views/HomeFloatNotes.vue?t=1788078159546:51:30)
    at http://localhost:1420/src/views/HomeFloatNotes.vue?t=1788078159546:59:14
[ 7301948ms] TypeError: Cannot read properties of undefined (reading 'transformCallback')
    at transformCallback (http://localhost:1420/node_modules/.vite/deps/chunk-G7S6KQDI.js?v=318df923:22:37)
    at listen (http://localhost:1420/node_modules/.vite/deps/chunk-7FCLUC5I.js?v=318df923:39:14)
    at onBrainEvent (http://localhost:1420/src/services/brainClient.ts:299:10)
    at http://localhost:1420/src/lib/home/home-panel-run.ts:12:12
    at new Promise (<anonymous>)
    at runPanelAction (http://localhost:1420/src/lib/home/home-panel-run.ts:6:18)
    at refresh (http://localhost:1420/src/views/HomeMaterialsStat.vue?t=1788078978195:14:30)
[ 7304948ms] TypeError: Cannot read properties of undefined (reading 'transformCallback')
    at transformCallback (http://localhost:1420/node_modules/.vite/deps/chunk-G7S6KQDI.js?v=318df923:22:37)
    at listen (http://localhost:1420/node_modules/.vite/deps/chunk-7FCLUC5I.js?v=318df923:39:14)
    at once (http://localhost:1420/node_modules/.vite/deps/chunk-7FCLUC5I.js?v=318df923:45:10)
    at http://localhost:1420/src/services/brainClient.ts:20:10
    at new Promise (<anonymous>)
    at onceWithTimeout (http://localhost:1420/src/services/brainClient.ts:19:16)
    at getWidgetsOnce (http://localhost:1420/src/services/brainClient.ts:198:10)
    at refresh (http://localhost:1420/src/views/HomeFloatNotes.vue?t=1788078159546:51:30)
    at http://localhost:1420/src/views/HomeFloatNotes.vue?t=1788078159546:59:14
[ 7316948ms] TypeError: Cannot read properties of undefined (reading 'transformCallback')
    at transformCallback (http://localhost:1420/node_modules/.vite/deps/chunk-G7S6KQDI.js?v=318df923:22:37)
    at listen (http://localhost:1420/node_modules/.vite/deps/chunk-7FCLUC5I.js?v=318df923:39:14)
    at once (http://localhost:1420/node_modules/.vite/deps/chunk-7FCLUC5I.js?v=318df923:45:10)
    at http://localhost:1420/src/services/brainClient.ts:20:10
    at new Promise (<anonymous>)
    at onceWithTimeout (http://localhost:1420/src/services/brainClient.ts:19:16)
    at getWidgetsOnce (http://localhost:1420/src/services/brainClient.ts:198:10)
    at refresh (http://localhost:1420/src/views/HomeFloatNotes.vue?t=1788078159546:51:30)
    at http://localhost:1420/src/views/HomeFloatNotes.vue?t=1788078159546:59:14
[ 7328949ms] TypeError: Cannot read properties of undefined (reading 'transformCallback')
    at transformCallback (http://localhost:1420/node_modules/.vite/deps/chunk-G7S6KQDI.js?v=318df923:22:37)
    at listen (http://localhost:1420/node_modules/.vite/deps/chunk-7FCLUC5I.js?v=318df923:39:14)
    at once (http://localhost:1420/node_modules/.vite/deps/chunk-7FCLUC5I.js?v=318df923:45:10)
    at http://localhost:1420/src/services/brainClient.ts:20:10
    at new Promise (<anonymous>)
    at onceWithTimeout (http://localhost:1420/src/services/brainClient.ts:19:16)
    at getWidgetsOnce (http://localhost:1420/src/services/brainClient.ts:198:10)
    at refresh (http://localhost:1420/src/views/HomeFloatNotes.vue?t=1788078159546:51:30)
    at http://localhost:1420/src/views/HomeFloatNotes.vue?t=1788078159546:59:14
[ 7340950ms] TypeError: Cannot read properties of undefined (reading 'transformCallback')
    at transformCallback (http://localhost:1420/node_modules/.vite/deps/chunk-G7S6KQDI.js?v=318df923:22:37)
    at listen (http://localhost:1420/node_modules/.vite/deps/chunk-7FCLUC5I.js?v=318df923:39:14)
    at once (http://localhost:1420/node_modules/.vite/deps/chunk-7FCLUC5I.js?v=318df923:45:10)
    at http://localhost:1420/src/services/brainClient.ts:20:10
    at new Promise (<anonymous>)
    at onceWithTimeout (http://localhost:1420/src/services/brainClient.ts:19:16)
    at getWidgetsOnce (http://localhost:1420/src/services/brainClient.ts:198:10)
    at refresh (http://localhost:1420/src/views/HomeFloatNotes.vue?t=1788078159546:51:30)
    at http://localhost:1420/src/views/HomeFloatNotes.vue?t=1788078159546:59:14
[ 7352948ms] TypeError: Cannot read properties of undefined (reading 'transformCallback')
    at transformCallback (http://localhost:1420/node_modules/.vite/deps/chunk-G7S6KQDI.js?v=318df923:22:37)
    at listen (http://localhost:1420/node_modules/.vite/deps/chunk-7FCLUC5I.js?v=318df923:39:14)
    at once (http://localhost:1420/node_modules/.vite/deps/chunk-7FCLUC5I.js?v=318df923:45:10)
    at http://localhost:1420/src/services/brainClient.ts:20:10
    at new Promise (<anonymous>)
    at onceWithTimeout (http://localhost:1420/src/services/brainClient.ts:19:16)
    at getWidgetsOnce (http://localhost:1420/src/services/brainClient.ts:198:10)
    at refresh (http://localhost:1420/src/views/HomeFloatNotes.vue?t=1788078159546:51:30)
    at http://localhost:1420/src/views/HomeFloatNotes.vue?t=1788078159546:59:14
[ 7361949ms] TypeError: Cannot read properties of undefined (reading 'transformCallback')
    at transformCallback (http://localhost:1420/node_modules/.vite/deps/chunk-G7S6KQDI.js?v=318df923:22:37)
    at listen (http://localhost:1420/node_modules/.vite/deps/chunk-7FCLUC5I.js?v=318df923:39:14)
    at onBrainEvent (http://localhost:1420/src/services/brainClient.ts:299:10)
    at http://localhost:1420/src/lib/home/home-panel-run.ts:12:12
    at new Promise (<anonymous>)
    at runPanelAction (http://localhost:1420/src/lib/home/home-panel-run.ts:6:18)
    at refresh (http://localhost:1420/src/views/HomeMaterialsStat.vue?t=1788078978195:14:30)
[ 7364948ms] TypeError: Cannot read properties of undefined (reading 'transformCallback')
    at transformCallback (http://localhost:1420/node_modules/.vite/deps/chunk-G7S6KQDI.js?v=318df923:22:37)
    at listen (http://localhost:1420/node_modules/.vite/deps/chunk-7FCLUC5I.js?v=318df923:39:14)
    at once (http://localhost:1420/node_modules/.vite/deps/chunk-7FCLUC5I.js?v=318df923:45:10)
    at http://localhost:1420/src/services/brainClient.ts:20:10
    at new Promise (<anonymous>)
    at onceWithTimeout (http://localhost:1420/src/services/brainClient.ts:19:16)
    at getWidgetsOnce (http://localhost:1420/src/services/brainClient.ts:198:10)
    at refresh (http://localhost:1420/src/views/HomeFloatNotes.vue?t=1788078159546:51:30)
    at http://localhost:1420/src/views/HomeFloatNotes.vue?t=1788078159546:59:14
[ 7376949ms] TypeError: Cannot read properties of undefined (reading 'transformCallback')
    at transformCallback (http://localhost:1420/node_modules/.vite/deps/chunk-G7S6KQDI.js?v=318df923:22:37)
    at listen (http://localhost:1420/node_modules/.vite/deps/chunk-7FCLUC5I.js?v=318df923:39:14)
    at once (http://localhost:1420/node_modules/.vite/deps/chunk-7FCLUC5I.js?v=318df923:45:10)
    at http://localhost:1420/src/services/brainClient.ts:20:10
    at new Promise (<anonymous>)
    at onceWithTimeout (http://localhost:1420/src/services/brainClient.ts:19:16)
    at getWidgetsOnce (http://localhost:1420/src/services/brainClient.ts:198:10)
    at refresh (http://localhost:1420/src/views/HomeFloatNotes.vue?t=1788078159546:51:30)
    at http://localhost:1420/src/views/HomeFloatNotes.vue?t=1788078159546:59:14
[ 7388948ms] TypeError: Cannot read properties of undefined (reading 'transformCallback')
    at transformCallback (http://localhost:1420/node_modules/.vite/deps/chunk-G7S6KQDI.js?v=318df923:22:37)
    at listen (http://localhost:1420/node_modules/.vite/deps/chunk-7FCLUC5I.js?v=318df923:39:14)
    at once (http://localhost:1420/node_modules/.vite/deps/chunk-7FCLUC5I.js?v=318df923:45:10)
    at http://localhost:1420/src/services/brainClient.ts:20:10
    at new Promise (<anonymous>)
    at onceWithTimeout (http://localhost:1420/src/services/brainClient.ts:19:16)
    at getWidgetsOnce (http://localhost:1420/src/services/brainClient.ts:198:10)
    at refresh (http://localhost:1420/src/views/HomeFloatNotes.vue?t=1788078159546:51:30)
    at http://localhost:1420/src/views/HomeFloatNotes.vue?t=1788078159546:59:14
[ 7400949ms] TypeError: Cannot read properties of undefined (reading 'transformCallback')
    at transformCallback (http://localhost:1420/node_modules/.vite/deps/chunk-G7S6KQDI.js?v=318df923:22:37)
    at listen (http://localhost:1420/node_modules/.vite/deps/chunk-7FCLUC5I.js?v=318df923:39:14)
    at once (http://localhost:1420/node_modules/.vite/deps/chunk-7FCLUC5I.js?v=318df923:45:10)
    at http://localhost:1420/src/services/brainClient.ts:20:10
    at new Promise (<anonymous>)
    at onceWithTimeout (http://localhost:1420/src/services/brainClient.ts:19:16)
    at getWidgetsOnce (http://localhost:1420/src/services/brainClient.ts:198:10)
    at refresh (http://localhost:1420/src/views/HomeFloatNotes.vue?t=1788078159546:51:30)
    at http://localhost:1420/src/views/HomeFloatNotes.vue?t=1788078159546:59:14
[ 7412949ms] TypeError: Cannot read properties of undefined (reading 'transformCallback')
    at transformCallback (http://localhost:1420/node_modules/.vite/deps/chunk-G7S6KQDI.js?v=318df923:22:37)
    at listen (http://localhost:1420/node_modules/.vite/deps/chunk-7FCLUC5I.js?v=318df923:39:14)
    at once (http://localhost:1420/node_modules/.vite/deps/chunk-7FCLUC5I.js?v=318df923:45:10)
    at http://localhost:1420/src/services/brainClient.ts:20:10
    at new Promise (<anonymous>)
    at onceWithTimeout (http://localhost:1420/src/services/brainClient.ts:19:16)
    at getWidgetsOnce (http://localhost:1420/src/services/brainClient.ts:198:10)
    at refresh (http://localhost:1420/src/views/HomeFloatNotes.vue?t=1788078159546:51:30)
    at http://localhost:1420/src/views/HomeFloatNotes.vue?t=1788078159546:59:14
[ 7421949ms] TypeError: Cannot read properties of undefined (reading 'transformCallback')
    at transformCallback (http://localhost:1420/node_modules/.vite/deps/chunk-G7S6KQDI.js?v=318df923:22:37)
    at listen (http://localhost:1420/node_modules/.vite/deps/chunk-7FCLUC5I.js?v=318df923:39:14)
    at onBrainEvent (http://localhost:1420/src/services/brainClient.ts:299:10)
    at http://localhost:1420/src/lib/home/home-panel-run.ts:12:12
    at new Promise (<anonymous>)
    at runPanelAction (http://localhost:1420/src/lib/home/home-panel-run.ts:6:18)
    at refresh (http://localhost:1420/src/views/HomeMaterialsStat.vue?t=1788078978195:14:30)
[ 7424949ms] TypeError: Cannot read properties of undefined (reading 'transformCallback')
    at transformCallback (http://localhost:1420/node_modules/.vite/deps/chunk-G7S6KQDI.js?v=318df923:22:37)
    at listen (http://localhost:1420/node_modules/.vite/deps/chunk-7FCLUC5I.js?v=318df923:39:14)
    at once (http://localhost:1420/node_modules/.vite/deps/chunk-7FCLUC5I.js?v=318df923:45:10)
    at http://localhost:1420/src/services/brainClient.ts:20:10
    at new Promise (<anonymous>)
    at onceWithTimeout (http://localhost:1420/src/services/brainClient.ts:19:16)
    at getWidgetsOnce (http://localhost:1420/src/services/brainClient.ts:198:10)
    at refresh (http://localhost:1420/src/views/HomeFloatNotes.vue?t=1788078159546:51:30)
    at http://localhost:1420/src/views/HomeFloatNotes.vue?t=1788078159546:59:14
[ 7436949ms] TypeError: Cannot read properties of undefined (reading 'transformCallback')
    at transformCallback (http://localhost:1420/node_modules/.vite/deps/chunk-G7S6KQDI.js?v=318df923:22:37)
    at listen (http://localhost:1420/node_modules/.vite/deps/chunk-7FCLUC5I.js?v=318df923:39:14)
    at once (http://localhost:1420/node_modules/.vite/deps/chunk-7FCLUC5I.js?v=318df923:45:10)
    at http://localhost:1420/src/services/brainClient.ts:20:10
    at new Promise (<anonymous>)
    at onceWithTimeout (http://localhost:1420/src/services/brainClient.ts:19:16)
    at getWidgetsOnce (http://localhost:1420/src/services/brainClient.ts:198:10)
    at refresh (http://localhost:1420/src/views/HomeFloatNotes.vue?t=1788078159546:51:30)
    at http://localhost:1420/src/views/HomeFloatNotes.vue?t=1788078159546:59:14
[ 7448952ms] TypeError: Cannot read properties of undefined (reading 'transformCallback')
    at transformCallback (http://localhost:1420/node_modules/.vite/deps/chunk-G7S6KQDI.js?v=318df923:22:37)
    at listen (http://localhost:1420/node_modules/.vite/deps/chunk-7FCLUC5I.js?v=318df923:39:14)
    at once (http://localhost:1420/node_modules/.vite/deps/chunk-7FCLUC5I.js?v=318df923:45:10)
    at http://localhost:1420/src/services/brainClient.ts:20:10
    at new Promise (<anonymous>)
    at onceWithTimeout (http://localhost:1420/src/services/brainClient.ts:19:16)
    at getWidgetsOnce (http://localhost:1420/src/services/brainClient.ts:198:10)
    at refresh (http://localhost:1420/src/views/HomeFloatNotes.vue?t=1788078159546:51:30)
    at http://localhost:1420/src/views/HomeFloatNotes.vue?t=1788078159546:59:14
[ 7460950ms] TypeError: Cannot read properties of undefined (reading 'transformCallback')
    at transformCallback (http://localhost:1420/node_modules/.vite/deps/chunk-G7S6KQDI.js?v=318df923:22:37)
    at listen (http://localhost:1420/node_modules/.vite/deps/chunk-7FCLUC5I.js?v=318df923:39:14)
    at once (http://localhost:1420/node_modules/.vite/deps/chunk-7FCLUC5I.js?v=318df923:45:10)
    at http://localhost:1420/src/services/brainClient.ts:20:10
    at new Promise (<anonymous>)
    at onceWithTimeout (http://localhost:1420/src/services/brainClient.ts:19:16)
    at getWidgetsOnce (http://localhost:1420/src/services/brainClient.ts:198:10)
    at refresh (http://localhost:1420/src/views/HomeFloatNotes.vue?t=1788078159546:51:30)
    at http://localhost:1420/src/views/HomeFloatNotes.vue?t=1788078159546:59:14
[ 7472950ms] TypeError: Cannot read properties of undefined (reading 'transformCallback')
    at transformCallback (http://localhost:1420/node_modules/.vite/deps/chunk-G7S6KQDI.js?v=318df923:22:37)
    at listen (http://localhost:1420/node_modules/.vite/deps/chunk-7FCLUC5I.js?v=318df923:39:14)
    at once (http://localhost:1420/node_modules/.vite/deps/chunk-7FCLUC5I.js?v=318df923:45:10)
    at http://localhost:1420/src/services/brainClient.ts:20:10
    at new Promise (<anonymous>)
    at onceWithTimeout (http://localhost:1420/src/services/brainClient.ts:19:16)
    at getWidgetsOnce (http://localhost:1420/src/services/brainClient.ts:198:10)
    at refresh (http://localhost:1420/src/views/HomeFloatNotes.vue?t=1788078159546:51:30)
    at http://localhost:1420/src/views/HomeFloatNotes.vue?t=1788078159546:59:14
[ 7481950ms] TypeError: Cannot read properties of undefined (reading 'transformCallback')
    at transformCallback (http://localhost:1420/node_modules/.vite/deps/chunk-G7S6KQDI.js?v=318df923:22:37)
    at listen (http://localhost:1420/node_modules/.vite/deps/chunk-7FCLUC5I.js?v=318df923:39:14)
    at onBrainEvent (http://localhost:1420/src/services/brainClient.ts:299:10)
    at http://localhost:1420/src/lib/home/home-panel-run.ts:12:12
    at new Promise (<anonymous>)
    at runPanelAction (http://localhost:1420/src/lib/home/home-panel-run.ts:6:18)
    at refresh (http://localhost:1420/src/views/HomeMaterialsStat.vue?t=1788078978195:14:30)
[ 7484951ms] TypeError: Cannot read properties of undefined (reading 'transformCallback')
    at transformCallback (http://localhost:1420/node_modules/.vite/deps/chunk-G7S6KQDI.js?v=318df923:22:37)
    at listen (http://localhost:1420/node_modules/.vite/deps/chunk-7FCLUC5I.js?v=318df923:39:14)
    at once (http://localhost:1420/node_modules/.vite/deps/chunk-7FCLUC5I.js?v=318df923:45:10)
    at http://localhost:1420/src/services/brainClient.ts:20:10
    at new Promise (<anonymous>)
    at onceWithTimeout (http://localhost:1420/src/services/brainClient.ts:19:16)
    at getWidgetsOnce (http://localhost:1420/src/services/brainClient.ts:198:10)
    at refresh (http://localhost:1420/src/views/HomeFloatNotes.vue?t=1788078159546:51:30)
    at http://localhost:1420/src/views/HomeFloatNotes.vue?t=1788078159546:59:14
[ 7496948ms] TypeError: Cannot read properties of undefined (reading 'transformCallback')
    at transformCallback (http://localhost:1420/node_modules/.vite/deps/chunk-G7S6KQDI.js?v=318df923:22:37)
    at listen (http://localhost:1420/node_modules/.vite/deps/chunk-7FCLUC5I.js?v=318df923:39:14)
    at once (http://localhost:1420/node_modules/.vite/deps/chunk-7FCLUC5I.js?v=318df923:45:10)
    at http://localhost:1420/src/services/brainClient.ts:20:10
    at new Promise (<anonymous>)
    at onceWithTimeout (http://localhost:1420/src/services/brainClient.ts:19:16)
    at getWidgetsOnce (http://localhost:1420/src/services/brainClient.ts:198:10)
    at refresh (http://localhost:1420/src/views/HomeFloatNotes.vue?t=1788078159546:51:30)
    at http://localhost:1420/src/views/HomeFloatNotes.vue?t=1788078159546:59:14
[ 7508949ms] TypeError: Cannot read properties of undefined (reading 'transformCallback')
    at transformCallback (http://localhost:1420/node_modules/.vite/deps/chunk-G7S6KQDI.js?v=318df923:22:37)
    at listen (http://localhost:1420/node_modules/.vite/deps/chunk-7FCLUC5I.js?v=318df923:39:14)
    at once (http://localhost:1420/node_modules/.vite/deps/chunk-7FCLUC5I.js?v=318df923:45:10)
    at http://localhost:1420/src/services/brainClient.ts:20:10
    at new Promise (<anonymous>)
    at onceWithTimeout (http://localhost:1420/src/services/brainClient.ts:19:16)
    at getWidgetsOnce (http://localhost:1420/src/services/brainClient.ts:198:10)
    at refresh (http://localhost:1420/src/views/HomeFloatNotes.vue?t=1788078159546:51:30)
    at http://localhost:1420/src/views/HomeFloatNotes.vue?t=1788078159546:59:14
[ 7520949ms] TypeError: Cannot read properties of undefined (reading 'transformCallback')
    at transformCallback (http://localhost:1420/node_modules/.vite/deps/chunk-G7S6KQDI.js?v=318df923:22:37)
    at listen (http://localhost:1420/node_modules/.vite/deps/chunk-7FCLUC5I.js?v=318df923:39:14)
    at once (http://localhost:1420/node_modules/.vite/deps/chunk-7FCLUC5I.js?v=318df923:45:10)
    at http://localhost:1420/src/services/brainClient.ts:20:10
    at new Promise (<anonymous>)
    at onceWithTimeout (http://localhost:1420/src/services/brainClient.ts:19:16)
    at getWidgetsOnce (http://localhost:1420/src/services/brainClient.ts:198:10)
    at refresh (http://localhost:1420/src/views/HomeFloatNotes.vue?t=1788078159546:51:30)
    at http://localhost:1420/src/views/HomeFloatNotes.vue?t=1788078159546:59:14
[ 7532950ms] TypeError: Cannot read properties of undefined (reading 'transformCallback')
    at transformCallback (http://localhost:1420/node_modules/.vite/deps/chunk-G7S6KQDI.js?v=318df923:22:37)
    at listen (http://localhost:1420/node_modules/.vite/deps/chunk-7FCLUC5I.js?v=318df923:39:14)
    at once (http://localhost:1420/node_modules/.vite/deps/chunk-7FCLUC5I.js?v=318df923:45:10)
    at http://localhost:1420/src/services/brainClient.ts:20:10
    at new Promise (<anonymous>)
    at onceWithTimeout (http://localhost:1420/src/services/brainClient.ts:19:16)
    at getWidgetsOnce (http://localhost:1420/src/services/brainClient.ts:198:10)
    at refresh (http://localhost:1420/src/views/HomeFloatNotes.vue?t=1788078159546:51:30)
    at http://localhost:1420/src/views/HomeFloatNotes.vue?t=1788078159546:59:14
[ 7541950ms] TypeError: Cannot read properties of undefined (reading 'transformCallback')
    at transformCallback (http://localhost:1420/node_modules/.vite/deps/chunk-G7S6KQDI.js?v=318df923:22:37)
    at listen (http://localhost:1420/node_modules/.vite/deps/chunk-7FCLUC5I.js?v=318df923:39:14)
    at onBrainEvent (http://localhost:1420/src/services/brainClient.ts:299:10)
    at http://localhost:1420/src/lib/home/home-panel-run.ts:12:12
    at new Promise (<anonymous>)
    at runPanelAction (http://localhost:1420/src/lib/home/home-panel-run.ts:6:18)
    at refresh (http://localhost:1420/src/views/HomeMaterialsStat.vue?t=1788078978195:14:30)
[ 7544948ms] TypeError: Cannot read properties of undefined (reading 'transformCallback')
    at transformCallback (http://localhost:1420/node_modules/.vite/deps/chunk-G7S6KQDI.js?v=318df923:22:37)
    at listen (http://localhost:1420/node_modules/.vite/deps/chunk-7FCLUC5I.js?v=318df923:39:14)
    at once (http://localhost:1420/node_modules/.vite/deps/chunk-7FCLUC5I.js?v=318df923:45:10)
    at http://localhost:1420/src/services/brainClient.ts:20:10
    at new Promise (<anonymous>)
    at onceWithTimeout (http://localhost:1420/src/services/brainClient.ts:19:16)
    at getWidgetsOnce (http://localhost:1420/src/services/brainClient.ts:198:10)
    at refresh (http://localhost:1420/src/views/HomeFloatNotes.vue?t=1788078159546:51:30)
    at http://localhost:1420/src/views/HomeFloatNotes.vue?t=1788078159546:59:14
[ 7556950ms] TypeError: Cannot read properties of undefined (reading 'transformCallback')
    at transformCallback (http://localhost:1420/node_modules/.vite/deps/chunk-G7S6KQDI.js?v=318df923:22:37)
    at listen (http://localhost:1420/node_modules/.vite/deps/chunk-7FCLUC5I.js?v=318df923:39:14)
    at once (http://localhost:1420/node_modules/.vite/deps/chunk-7FCLUC5I.js?v=318df923:45:10)
    at http://localhost:1420/src/services/brainClient.ts:20:10
    at new Promise (<anonymous>)
    at onceWithTimeout (http://localhost:1420/src/services/brainClient.ts:19:16)
    at getWidgetsOnce (http://localhost:1420/src/services/brainClient.ts:198:10)
    at refresh (http://localhost:1420/src/views/HomeFloatNotes.vue?t=1788078159546:51:30)
    at http://localhost:1420/src/views/HomeFloatNotes.vue?t=1788078159546:59:14
[ 7568951ms] TypeError: Cannot read properties of undefined (reading 'transformCallback')
    at transformCallback (http://localhost:1420/node_modules/.vite/deps/chunk-G7S6KQDI.js?v=318df923:22:37)
    at listen (http://localhost:1420/node_modules/.vite/deps/chunk-7FCLUC5I.js?v=318df923:39:14)
    at once (http://localhost:1420/node_modules/.vite/deps/chunk-7FCLUC5I.js?v=318df923:45:10)
    at http://localhost:1420/src/services/brainClient.ts:20:10
    at new Promise (<anonymous>)
    at onceWithTimeout (http://localhost:1420/src/services/brainClient.ts:19:16)
    at getWidgetsOnce (http://localhost:1420/src/services/brainClient.ts:198:10)
    at refresh (http://localhost:1420/src/views/HomeFloatNotes.vue?t=1788078159546:51:30)
    at http://localhost:1420/src/views/HomeFloatNotes.vue?t=1788078159546:59:14
[ 7580949ms] TypeError: Cannot read properties of undefined (reading 'transformCallback')
    at transformCallback (http://localhost:1420/node_modules/.vite/deps/chunk-G7S6KQDI.js?v=318df923:22:37)
    at listen (http://localhost:1420/node_modules/.vite/deps/chunk-7FCLUC5I.js?v=318df923:39:14)
    at once (http://localhost:1420/node_modules/.vite/deps/chunk-7FCLUC5I.js?v=318df923:45:10)
    at http://localhost:1420/src/services/brainClient.ts:20:10
    at new Promise (<anonymous>)
    at onceWithTimeout (http://localhost:1420/src/services/brainClient.ts:19:16)
    at getWidgetsOnce (http://localhost:1420/src/services/brainClient.ts:198:10)
    at refresh (http://localhost:1420/src/views/HomeFloatNotes.vue?t=1788078159546:51:30)
    at http://localhost:1420/src/views/HomeFloatNotes.vue?t=1788078159546:59:14
[ 7592950ms] TypeError: Cannot read properties of undefined (reading 'transformCallback')
    at transformCallback (http://localhost:1420/node_modules/.vite/deps/chunk-G7S6KQDI.js?v=318df923:22:37)
    at listen (http://localhost:1420/node_modules/.vite/deps/chunk-7FCLUC5I.js?v=318df923:39:14)
    at once (http://localhost:1420/node_modules/.vite/deps/chunk-7FCLUC5I.js?v=318df923:45:10)
    at http://localhost:1420/src/services/brainClient.ts:20:10
    at new Promise (<anonymous>)
    at onceWithTimeout (http://localhost:1420/src/services/brainClient.ts:19:16)
    at getWidgetsOnce (http://localhost:1420/src/services/brainClient.ts:198:10)
    at refresh (http://localhost:1420/src/views/HomeFloatNotes.vue?t=1788078159546:51:30)
    at http://localhost:1420/src/views/HomeFloatNotes.vue?t=1788078159546:59:14
[ 7601950ms] TypeError: Cannot read properties of undefined (reading 'transformCallback')
    at transformCallback (http://localhost:1420/node_modules/.vite/deps/chunk-G7S6KQDI.js?v=318df923:22:37)
    at listen (http://localhost:1420/node_modules/.vite/deps/chunk-7FCLUC5I.js?v=318df923:39:14)
    at onBrainEvent (http://localhost:1420/src/services/brainClient.ts:299:10)
    at http://localhost:1420/src/lib/home/home-panel-run.ts:12:12
    at new Promise (<anonymous>)
    at runPanelAction (http://localhost:1420/src/lib/home/home-panel-run.ts:6:18)
    at refresh (http://localhost:1420/src/views/HomeMaterialsStat.vue?t=1788078978195:14:30)
[ 7604951ms] TypeError: Cannot read properties of undefined (reading 'transformCallback')
    at transformCallback (http://localhost:1420/node_modules/.vite/deps/chunk-G7S6KQDI.js?v=318df923:22:37)
    at listen (http://localhost:1420/node_modules/.vite/deps/chunk-7FCLUC5I.js?v=318df923:39:14)
    at once (http://localhost:1420/node_modules/.vite/deps/chunk-7FCLUC5I.js?v=318df923:45:10)
    at http://localhost:1420/src/services/brainClient.ts:20:10
    at new Promise (<anonymous>)
    at onceWithTimeout (http://localhost:1420/src/services/brainClient.ts:19:16)
    at getWidgetsOnce (http://localhost:1420/src/services/brainClient.ts:198:10)
    at refresh (http://localhost:1420/src/views/HomeFloatNotes.vue?t=1788078159546:51:30)
    at http://localhost:1420/src/views/HomeFloatNotes.vue?t=1788078159546:59:14
[ 7616950ms] TypeError: Cannot read properties of undefined (reading 'transformCallback')
    at transformCallback (http://localhost:1420/node_modules/.vite/deps/chunk-G7S6KQDI.js?v=318df923:22:37)
    at listen (http://localhost:1420/node_modules/.vite/deps/chunk-7FCLUC5I.js?v=318df923:39:14)
    at once (http://localhost:1420/node_modules/.vite/deps/chunk-7FCLUC5I.js?v=318df923:45:10)
    at http://localhost:1420/src/services/brainClient.ts:20:10
    at new Promise (<anonymous>)
    at onceWithTimeout (http://localhost:1420/src/services/brainClient.ts:19:16)
    at getWidgetsOnce (http://localhost:1420/src/services/brainClient.ts:198:10)
    at refresh (http://localhost:1420/src/views/HomeFloatNotes.vue?t=1788078159546:51:30)
    at http://localhost:1420/src/views/HomeFloatNotes.vue?t=1788078159546:59:14
[ 7628951ms] TypeError: Cannot read properties of undefined (reading 'transformCallback')
    at transformCallback (http://localhost:1420/node_modules/.vite/deps/chunk-G7S6KQDI.js?v=318df923:22:37)
    at listen (http://localhost:1420/node_modules/.vite/deps/chunk-7FCLUC5I.js?v=318df923:39:14)
    at once (http://localhost:1420/node_modules/.vite/deps/chunk-7FCLUC5I.js?v=318df923:45:10)
    at http://localhost:1420/src/services/brainClient.ts:20:10
    at new Promise (<anonymous>)
    at onceWithTimeout (http://localhost:1420/src/services/brainClient.ts:19:16)
    at getWidgetsOnce (http://localhost:1420/src/services/brainClient.ts:198:10)
    at refresh (http://localhost:1420/src/views/HomeFloatNotes.vue?t=1788078159546:51:30)
    at http://localhost:1420/src/views/HomeFloatNotes.vue?t=1788078159546:59:14
[ 7640950ms] TypeError: Cannot read properties of undefined (reading 'transformCallback')
    at transformCallback (http://localhost:1420/node_modules/.vite/deps/chunk-G7S6KQDI.js?v=318df923:22:37)
    at listen (http://localhost:1420/node_modules/.vite/deps/chunk-7FCLUC5I.js?v=318df923:39:14)
    at once (http://localhost:1420/node_modules/.vite/deps/chunk-7FCLUC5I.js?v=318df923:45:10)
    at http://localhost:1420/src/services/brainClient.ts:20:10
    at new Promise (<anonymous>)
    at onceWithTimeout (http://localhost:1420/src/services/brainClient.ts:19:16)
    at getWidgetsOnce (http://localhost:1420/src/services/brainClient.ts:198:10)
    at refresh (http://localhost:1420/src/views/HomeFloatNotes.vue?t=1788078159546:51:30)
    at http://localhost:1420/src/views/HomeFloatNotes.vue?t=1788078159546:59:14
[ 7652950ms] TypeError: Cannot read properties of undefined (reading 'transformCallback')
    at transformCallback (http://localhost:1420/node_modules/.vite/deps/chunk-G7S6KQDI.js?v=318df923:22:37)
    at listen (http://localhost:1420/node_modules/.vite/deps/chunk-7FCLUC5I.js?v=318df923:39:14)
    at once (http://localhost:1420/node_modules/.vite/deps/chunk-7FCLUC5I.js?v=318df923:45:10)
    at http://localhost:1420/src/services/brainClient.ts:20:10
    at new Promise (<anonymous>)
    at onceWithTimeout (http://localhost:1420/src/services/brainClient.ts:19:16)
    at getWidgetsOnce (http://localhost:1420/src/services/brainClient.ts:198:10)
    at refresh (http://localhost:1420/src/views/HomeFloatNotes.vue?t=1788078159546:51:30)
    at http://localhost:1420/src/views/HomeFloatNotes.vue?t=1788078159546:59:14
[ 7661950ms] TypeError: Cannot read properties of undefined (reading 'transformCallback')
    at transformCallback (http://localhost:1420/node_modules/.vite/deps/chunk-G7S6KQDI.js?v=318df923:22:37)
    at listen (http://localhost:1420/node_modules/.vite/deps/chunk-7FCLUC5I.js?v=318df923:39:14)
    at onBrainEvent (http://localhost:1420/src/services/brainClient.ts:299:10)
    at http://localhost:1420/src/lib/home/home-panel-run.ts:12:12
    at new Promise (<anonymous>)
    at runPanelAction (http://localhost:1420/src/lib/home/home-panel-run.ts:6:18)
    at refresh (http://localhost:1420/src/views/HomeMaterialsStat.vue?t=1788078978195:14:30)
[ 7664951ms] TypeError: Cannot read properties of undefined (reading 'transformCallback')
    at transformCallback (http://localhost:1420/node_modules/.vite/deps/chunk-G7S6KQDI.js?v=318df923:22:37)
    at listen (http://localhost:1420/node_modules/.vite/deps/chunk-7FCLUC5I.js?v=318df923:39:14)
    at once (http://localhost:1420/node_modules/.vite/deps/chunk-7FCLUC5I.js?v=318df923:45:10)
    at http://localhost:1420/src/services/brainClient.ts:20:10
    at new Promise (<anonymous>)
    at onceWithTimeout (http://localhost:1420/src/services/brainClient.ts:19:16)
    at getWidgetsOnce (http://localhost:1420/src/services/brainClient.ts:198:10)
    at refresh (http://localhost:1420/src/views/HomeFloatNotes.vue?t=1788078159546:51:30)
    at http://localhost:1420/src/views/HomeFloatNotes.vue?t=1788078159546:59:14
[ 7676952ms] TypeError: Cannot read properties of undefined (reading 'transformCallback')
    at transformCallback (http://localhost:1420/node_modules/.vite/deps/chunk-G7S6KQDI.js?v=318df923:22:37)
    at listen (http://localhost:1420/node_modules/.vite/deps/chunk-7FCLUC5I.js?v=318df923:39:14)
    at once (http://localhost:1420/node_modules/.vite/deps/chunk-7FCLUC5I.js?v=318df923:45:10)
    at http://localhost:1420/src/services/brainClient.ts:20:10
    at new Promise (<anonymous>)
    at onceWithTimeout (http://localhost:1420/src/services/brainClient.ts:19:16)
    at getWidgetsOnce (http://localhost:1420/src/services/brainClient.ts:198:10)
    at refresh (http://localhost:1420/src/views/HomeFloatNotes.vue?t=1788078159546:51:30)
    at http://localhost:1420/src/views/HomeFloatNotes.vue?t=1788078159546:59:14
[ 7688951ms] TypeError: Cannot read properties of undefined (reading 'transformCallback')
    at transformCallback (http://localhost:1420/node_modules/.vite/deps/chunk-G7S6KQDI.js?v=318df923:22:37)
    at listen (http://localhost:1420/node_modules/.vite/deps/chunk-7FCLUC5I.js?v=318df923:39:14)
    at once (http://localhost:1420/node_modules/.vite/deps/chunk-7FCLUC5I.js?v=318df923:45:10)
    at http://localhost:1420/src/services/brainClient.ts:20:10
    at new Promise (<anonymous>)
    at onceWithTimeout (http://localhost:1420/src/services/brainClient.ts:19:16)
    at getWidgetsOnce (http://localhost:1420/src/services/brainClient.ts:198:10)
    at refresh (http://localhost:1420/src/views/HomeFloatNotes.vue?t=1788078159546:51:30)
    at http://localhost:1420/src/views/HomeFloatNotes.vue?t=1788078159546:59:14
[ 7700950ms] TypeError: Cannot read properties of undefined (reading 'transformCallback')
    at transformCallback (http://localhost:1420/node_modules/.vite/deps/chunk-G7S6KQDI.js?v=318df923:22:37)
    at listen (http://localhost:1420/node_modules/.vite/deps/chunk-7FCLUC5I.js?v=318df923:39:14)
    at once (http://localhost:1420/node_modules/.vite/deps/chunk-7FCLUC5I.js?v=318df923:45:10)
    at http://localhost:1420/src/services/brainClient.ts:20:10
    at new Promise (<anonymous>)
    at onceWithTimeout (http://localhost:1420/src/services/brainClient.ts:19:16)
    at getWidgetsOnce (http://localhost:1420/src/services/brainClient.ts:198:10)
    at refresh (http://localhost:1420/src/views/HomeFloatNotes.vue?t=1788078159546:51:30)
    at http://localhost:1420/src/views/HomeFloatNotes.vue?t=1788078159546:59:14
[ 7712950ms] TypeError: Cannot read properties of undefined (reading 'transformCallback')
    at transformCallback (http://localhost:1420/node_modules/.vite/deps/chunk-G7S6KQDI.js?v=318df923:22:37)
    at listen (http://localhost:1420/node_modules/.vite/deps/chunk-7FCLUC5I.js?v=318df923:39:14)
    at once (http://localhost:1420/node_modules/.vite/deps/chunk-7FCLUC5I.js?v=318df923:45:10)
    at http://localhost:1420/src/services/brainClient.ts:20:10
    at new Promise (<anonymous>)
    at onceWithTimeout (http://localhost:1420/src/services/brainClient.ts:19:16)
    at getWidgetsOnce (http://localhost:1420/src/services/brainClient.ts:198:10)
    at refresh (http://localhost:1420/src/views/HomeFloatNotes.vue?t=1788078159546:51:30)
    at http://localhost:1420/src/views/HomeFloatNotes.vue?t=1788078159546:59:14
[ 7721951ms] TypeError: Cannot read properties of undefined (reading 'transformCallback')
    at transformCallback (http://localhost:1420/node_modules/.vite/deps/chunk-G7S6KQDI.js?v=318df923:22:37)
    at listen (http://localhost:1420/node_modules/.vite/deps/chunk-7FCLUC5I.js?v=318df923:39:14)
    at onBrainEvent (http://localhost:1420/src/services/brainClient.ts:299:10)
    at http://localhost:1420/src/lib/home/home-panel-run.ts:12:12
    at new Promise (<anonymous>)
    at runPanelAction (http://localhost:1420/src/lib/home/home-panel-run.ts:6:18)
    at refresh (http://localhost:1420/src/views/HomeMaterialsStat.vue?t=1788078978195:14:30)
[ 7724950ms] TypeError: Cannot read properties of undefined (reading 'transformCallback')
    at transformCallback (http://localhost:1420/node_modules/.vite/deps/chunk-G7S6KQDI.js?v=318df923:22:37)
    at listen (http://localhost:1420/node_modules/.vite/deps/chunk-7FCLUC5I.js?v=318df923:39:14)
    at once (http://localhost:1420/node_modules/.vite/deps/chunk-7FCLUC5I.js?v=318df923:45:10)
    at http://localhost:1420/src/services/brainClient.ts:20:10
    at new Promise (<anonymous>)
    at onceWithTimeout (http://localhost:1420/src/services/brainClient.ts:19:16)
    at getWidgetsOnce (http://localhost:1420/src/services/brainClient.ts:198:10)
    at refresh (http://localhost:1420/src/views/HomeFloatNotes.vue?t=1788078159546:51:30)
    at http://localhost:1420/src/views/HomeFloatNotes.vue?t=1788078159546:59:14
[ 7736950ms] TypeError: Cannot read properties of undefined (reading 'transformCallback')
    at transformCallback (http://localhost:1420/node_modules/.vite/deps/chunk-G7S6KQDI.js?v=318df923:22:37)
    at listen (http://localhost:1420/node_modules/.vite/deps/chunk-7FCLUC5I.js?v=318df923:39:14)
    at once (http://localhost:1420/node_modules/.vite/deps/chunk-7FCLUC5I.js?v=318df923:45:10)
    at http://localhost:1420/src/services/brainClient.ts:20:10
    at new Promise (<anonymous>)
    at onceWithTimeout (http://localhost:1420/src/services/brainClient.ts:19:16)
    at getWidgetsOnce (http://localhost:1420/src/services/brainClient.ts:198:10)
    at refresh (http://localhost:1420/src/views/HomeFloatNotes.vue?t=1788078159546:51:30)
    at http://localhost:1420/src/views/HomeFloatNotes.vue?t=1788078159546:59:14
[ 7748950ms] TypeError: Cannot read properties of undefined (reading 'transformCallback')
    at transformCallback (http://localhost:1420/node_modules/.vite/deps/chunk-G7S6KQDI.js?v=318df923:22:37)
    at listen (http://localhost:1420/node_modules/.vite/deps/chunk-7FCLUC5I.js?v=318df923:39:14)
    at once (http://localhost:1420/node_modules/.vite/deps/chunk-7FCLUC5I.js?v=318df923:45:10)
    at http://localhost:1420/src/services/brainClient.ts:20:10
    at new Promise (<anonymous>)
    at onceWithTimeout (http://localhost:1420/src/services/brainClient.ts:19:16)
    at getWidgetsOnce (http://localhost:1420/src/services/brainClient.ts:198:10)
    at refresh (http://localhost:1420/src/views/HomeFloatNotes.vue?t=1788078159546:51:30)
    at http://localhost:1420/src/views/HomeFloatNotes.vue?t=1788078159546:59:14
[ 7760951ms] TypeError: Cannot read properties of undefined (reading 'transformCallback')
    at transformCallback (http://localhost:1420/node_modules/.vite/deps/chunk-G7S6KQDI.js?v=318df923:22:37)
    at listen (http://localhost:1420/node_modules/.vite/deps/chunk-7FCLUC5I.js?v=318df923:39:14)
    at once (http://localhost:1420/node_modules/.vite/deps/chunk-7FCLUC5I.js?v=318df923:45:10)
    at http://localhost:1420/src/services/brainClient.ts:20:10
    at new Promise (<anonymous>)
    at onceWithTimeout (http://localhost:1420/src/services/brainClient.ts:19:16)
    at getWidgetsOnce (http://localhost:1420/src/services/brainClient.ts:198:10)
    at refresh (http://localhost:1420/src/views/HomeFloatNotes.vue?t=1788078159546:51:30)
    at http://localhost:1420/src/views/HomeFloatNotes.vue?t=1788078159546:59:14
[ 7772949ms] TypeError: Cannot read properties of undefined (reading 'transformCallback')
    at transformCallback (http://localhost:1420/node_modules/.vite/deps/chunk-G7S6KQDI.js?v=318df923:22:37)
    at listen (http://localhost:1420/node_modules/.vite/deps/chunk-7FCLUC5I.js?v=318df923:39:14)
    at once (http://localhost:1420/node_modules/.vite/deps/chunk-7FCLUC5I.js?v=318df923:45:10)
    at http://localhost:1420/src/services/brainClient.ts:20:10
    at new Promise (<anonymous>)
    at onceWithTimeout (http://localhost:1420/src/services/brainClient.ts:19:16)
    at getWidgetsOnce (http://localhost:1420/src/services/brainClient.ts:198:10)
    at refresh (http://localhost:1420/src/views/HomeFloatNotes.vue?t=1788078159546:51:30)
    at http://localhost:1420/src/views/HomeFloatNotes.vue?t=1788078159546:59:14
[ 7781951ms] TypeError: Cannot read properties of undefined (reading 'transformCallback')
    at transformCallback (http://localhost:1420/node_modules/.vite/deps/chunk-G7S6KQDI.js?v=318df923:22:37)
    at listen (http://localhost:1420/node_modules/.vite/deps/chunk-7FCLUC5I.js?v=318df923:39:14)
    at onBrainEvent (http://localhost:1420/src/services/brainClient.ts:299:10)
    at http://localhost:1420/src/lib/home/home-panel-run.ts:12:12
    at new Promise (<anonymous>)
    at runPanelAction (http://localhost:1420/src/lib/home/home-panel-run.ts:6:18)
    at refresh (http://localhost:1420/src/views/HomeMaterialsStat.vue?t=1788078978195:14:30)
[ 7784950ms] TypeError: Cannot read properties of undefined (reading 'transformCallback')
    at transformCallback (http://localhost:1420/node_modules/.vite/deps/chunk-G7S6KQDI.js?v=318df923:22:37)
    at listen (http://localhost:1420/node_modules/.vite/deps/chunk-7FCLUC5I.js?v=318df923:39:14)
    at once (http://localhost:1420/node_modules/.vite/deps/chunk-7FCLUC5I.js?v=318df923:45:10)
    at http://localhost:1420/src/services/brainClient.ts:20:10
    at new Promise (<anonymous>)
    at onceWithTimeout (http://localhost:1420/src/services/brainClient.ts:19:16)
    at getWidgetsOnce (http://localhost:1420/src/services/brainClient.ts:198:10)
    at refresh (http://localhost:1420/src/views/HomeFloatNotes.vue?t=1788078159546:51:30)
    at http://localhost:1420/src/views/HomeFloatNotes.vue?t=1788078159546:59:14
[ 7796950ms] TypeError: Cannot read properties of undefined (reading 'transformCallback')
    at transformCallback (http://localhost:1420/node_modules/.vite/deps/chunk-G7S6KQDI.js?v=318df923:22:37)
    at listen (http://localhost:1420/node_modules/.vite/deps/chunk-7FCLUC5I.js?v=318df923:39:14)
    at once (http://localhost:1420/node_modules/.vite/deps/chunk-7FCLUC5I.js?v=318df923:45:10)
    at http://localhost:1420/src/services/brainClient.ts:20:10
    at new Promise (<anonymous>)
    at onceWithTimeout (http://localhost:1420/src/services/brainClient.ts:19:16)
    at getWidgetsOnce (http://localhost:1420/src/services/brainClient.ts:198:10)
    at refresh (http://localhost:1420/src/views/HomeFloatNotes.vue?t=1788078159546:51:30)
    at http://localhost:1420/src/views/HomeFloatNotes.vue?t=1788078159546:59:14
[ 7808950ms] TypeError: Cannot read properties of undefined (reading 'transformCallback')
    at transformCallback (http://localhost:1420/node_modules/.vite/deps/chunk-G7S6KQDI.js?v=318df923:22:37)
    at listen (http://localhost:1420/node_modules/.vite/deps/chunk-7FCLUC5I.js?v=318df923:39:14)
    at once (http://localhost:1420/node_modules/.vite/deps/chunk-7FCLUC5I.js?v=318df923:45:10)
    at http://localhost:1420/src/services/brainClient.ts:20:10
    at new Promise (<anonymous>)
    at onceWithTimeout (http://localhost:1420/src/services/brainClient.ts:19:16)
    at getWidgetsOnce (http://localhost:1420/src/services/brainClient.ts:198:10)
    at refresh (http://localhost:1420/src/views/HomeFloatNotes.vue?t=1788078159546:51:30)
    at http://localhost:1420/src/views/HomeFloatNotes.vue?t=1788078159546:59:14
[ 7820950ms] TypeError: Cannot read properties of undefined (reading 'transformCallback')
    at transformCallback (http://localhost:1420/node_modules/.vite/deps/chunk-G7S6KQDI.js?v=318df923:22:37)
    at listen (http://localhost:1420/node_modules/.vite/deps/chunk-7FCLUC5I.js?v=318df923:39:14)
    at once (http://localhost:1420/node_modules/.vite/deps/chunk-7FCLUC5I.js?v=318df923:45:10)
    at http://localhost:1420/src/services/brainClient.ts:20:10
    at new Promise (<anonymous>)
    at onceWithTimeout (http://localhost:1420/src/services/brainClient.ts:19:16)
    at getWidgetsOnce (http://localhost:1420/src/services/brainClient.ts:198:10)
    at refresh (http://localhost:1420/src/views/HomeFloatNotes.vue?t=1788078159546:51:30)
    at http://localhost:1420/src/views/HomeFloatNotes.vue?t=1788078159546:59:14
[ 7832949ms] TypeError: Cannot read properties of undefined (reading 'transformCallback')
    at transformCallback (http://localhost:1420/node_modules/.vite/deps/chunk-G7S6KQDI.js?v=318df923:22:37)
    at listen (http://localhost:1420/node_modules/.vite/deps/chunk-7FCLUC5I.js?v=318df923:39:14)
    at once (http://localhost:1420/node_modules/.vite/deps/chunk-7FCLUC5I.js?v=318df923:45:10)
    at http://localhost:1420/src/services/brainClient.ts:20:10
    at new Promise (<anonymous>)
    at onceWithTimeout (http://localhost:1420/src/services/brainClient.ts:19:16)
    at getWidgetsOnce (http://localhost:1420/src/services/brainClient.ts:198:10)
    at refresh (http://localhost:1420/src/views/HomeFloatNotes.vue?t=1788078159546:51:30)
    at http://localhost:1420/src/views/HomeFloatNotes.vue?t=1788078159546:59:14
[ 7841950ms] TypeError: Cannot read properties of undefined (reading 'transformCallback')
    at transformCallback (http://localhost:1420/node_modules/.vite/deps/chunk-G7S6KQDI.js?v=318df923:22:37)
    at listen (http://localhost:1420/node_modules/.vite/deps/chunk-7FCLUC5I.js?v=318df923:39:14)
    at onBrainEvent (http://localhost:1420/src/services/brainClient.ts:299:10)
    at http://localhost:1420/src/lib/home/home-panel-run.ts:12:12
    at new Promise (<anonymous>)
    at runPanelAction (http://localhost:1420/src/lib/home/home-panel-run.ts:6:18)
    at refresh (http://localhost:1420/src/views/HomeMaterialsStat.vue?t=1788078978195:14:30)
[ 7844950ms] TypeError: Cannot read properties of undefined (reading 'transformCallback')
    at transformCallback (http://localhost:1420/node_modules/.vite/deps/chunk-G7S6KQDI.js?v=318df923:22:37)
    at listen (http://localhost:1420/node_modules/.vite/deps/chunk-7FCLUC5I.js?v=318df923:39:14)
    at once (http://localhost:1420/node_modules/.vite/deps/chunk-7FCLUC5I.js?v=318df923:45:10)
    at http://localhost:1420/src/services/brainClient.ts:20:10
    at new Promise (<anonymous>)
    at onceWithTimeout (http://localhost:1420/src/services/brainClient.ts:19:16)
    at getWidgetsOnce (http://localhost:1420/src/services/brainClient.ts:198:10)
    at refresh (http://localhost:1420/src/views/HomeFloatNotes.vue?t=1788078159546:51:30)
    at http://localhost:1420/src/views/HomeFloatNotes.vue?t=1788078159546:59:14
[ 7856950ms] TypeError: Cannot read properties of undefined (reading 'transformCallback')
    at transformCallback (http://localhost:1420/node_modules/.vite/deps/chunk-G7S6KQDI.js?v=318df923:22:37)
    at listen (http://localhost:1420/node_modules/.vite/deps/chunk-7FCLUC5I.js?v=318df923:39:14)
    at once (http://localhost:1420/node_modules/.vite/deps/chunk-7FCLUC5I.js?v=318df923:45:10)
    at http://localhost:1420/src/services/brainClient.ts:20:10
    at new Promise (<anonymous>)
    at onceWithTimeout (http://localhost:1420/src/services/brainClient.ts:19:16)
    at getWidgetsOnce (http://localhost:1420/src/services/brainClient.ts:198:10)
    at refresh (http://localhost:1420/src/views/HomeFloatNotes.vue?t=1788078159546:51:30)
    at http://localhost:1420/src/views/HomeFloatNotes.vue?t=1788078159546:59:14
[ 7868950ms] TypeError: Cannot read properties of undefined (reading 'transformCallback')
    at transformCallback (http://localhost:1420/node_modules/.vite/deps/chunk-G7S6KQDI.js?v=318df923:22:37)
    at listen (http://localhost:1420/node_modules/.vite/deps/chunk-7FCLUC5I.js?v=318df923:39:14)
    at once (http://localhost:1420/node_modules/.vite/deps/chunk-7FCLUC5I.js?v=318df923:45:10)
    at http://localhost:1420/src/services/brainClient.ts:20:10
    at new Promise (<anonymous>)
    at onceWithTimeout (http://localhost:1420/src/services/brainClient.ts:19:16)
    at getWidgetsOnce (http://localhost:1420/src/services/brainClient.ts:198:10)
    at refresh (http://localhost:1420/src/views/HomeFloatNotes.vue?t=1788078159546:51:30)
    at http://localhost:1420/src/views/HomeFloatNotes.vue?t=1788078159546:59:14
[ 7880950ms] TypeError: Cannot read properties of undefined (reading 'transformCallback')
    at transformCallback (http://localhost:1420/node_modules/.vite/deps/chunk-G7S6KQDI.js?v=318df923:22:37)
    at listen (http://localhost:1420/node_modules/.vite/deps/chunk-7FCLUC5I.js?v=318df923:39:14)
    at once (http://localhost:1420/node_modules/.vite/deps/chunk-7FCLUC5I.js?v=318df923:45:10)
    at http://localhost:1420/src/services/brainClient.ts:20:10
    at new Promise (<anonymous>)
    at onceWithTimeout (http://localhost:1420/src/services/brainClient.ts:19:16)
    at getWidgetsOnce (http://localhost:1420/src/services/brainClient.ts:198:10)
    at refresh (http://localhost:1420/src/views/HomeFloatNotes.vue?t=1788078159546:51:30)
    at http://localhost:1420/src/views/HomeFloatNotes.vue?t=1788078159546:59:14
[ 7892950ms] TypeError: Cannot read properties of undefined (reading 'transformCallback')
    at transformCallback (http://localhost:1420/node_modules/.vite/deps/chunk-G7S6KQDI.js?v=318df923:22:37)
    at listen (http://localhost:1420/node_modules/.vite/deps/chunk-7FCLUC5I.js?v=318df923:39:14)
    at once (http://localhost:1420/node_modules/.vite/deps/chunk-7FCLUC5I.js?v=318df923:45:10)
    at http://localhost:1420/src/services/brainClient.ts:20:10
    at new Promise (<anonymous>)
    at onceWithTimeout (http://localhost:1420/src/services/brainClient.ts:19:16)
    at getWidgetsOnce (http://localhost:1420/src/services/brainClient.ts:198:10)
    at refresh (http://localhost:1420/src/views/HomeFloatNotes.vue?t=1788078159546:51:30)
    at http://localhost:1420/src/views/HomeFloatNotes.vue?t=1788078159546:59:14
[ 7901951ms] TypeError: Cannot read properties of undefined (reading 'transformCallback')
    at transformCallback (http://localhost:1420/node_modules/.vite/deps/chunk-G7S6KQDI.js?v=318df923:22:37)
    at listen (http://localhost:1420/node_modules/.vite/deps/chunk-7FCLUC5I.js?v=318df923:39:14)
    at onBrainEvent (http://localhost:1420/src/services/brainClient.ts:299:10)
    at http://localhost:1420/src/lib/home/home-panel-run.ts:12:12
    at new Promise (<anonymous>)
    at runPanelAction (http://localhost:1420/src/lib/home/home-panel-run.ts:6:18)
    at refresh (http://localhost:1420/src/views/HomeMaterialsStat.vue?t=1788078978195:14:30)
[ 7904950ms] TypeError: Cannot read properties of undefined (reading 'transformCallback')
    at transformCallback (http://localhost:1420/node_modules/.vite/deps/chunk-G7S6KQDI.js?v=318df923:22:37)
    at listen (http://localhost:1420/node_modules/.vite/deps/chunk-7FCLUC5I.js?v=318df923:39:14)
    at once (http://localhost:1420/node_modules/.vite/deps/chunk-7FCLUC5I.js?v=318df923:45:10)
    at http://localhost:1420/src/services/brainClient.ts:20:10
    at new Promise (<anonymous>)
    at onceWithTimeout (http://localhost:1420/src/services/brainClient.ts:19:16)
    at getWidgetsOnce (http://localhost:1420/src/services/brainClient.ts:198:10)
    at refresh (http://localhost:1420/src/views/HomeFloatNotes.vue?t=1788078159546:51:30)
    at http://localhost:1420/src/views/HomeFloatNotes.vue?t=1788078159546:59:14
[ 7916951ms] TypeError: Cannot read properties of undefined (reading 'transformCallback')
    at transformCallback (http://localhost:1420/node_modules/.vite/deps/chunk-G7S6KQDI.js?v=318df923:22:37)
    at listen (http://localhost:1420/node_modules/.vite/deps/chunk-7FCLUC5I.js?v=318df923:39:14)
    at once (http://localhost:1420/node_modules/.vite/deps/chunk-7FCLUC5I.js?v=318df923:45:10)
    at http://localhost:1420/src/services/brainClient.ts:20:10
    at new Promise (<anonymous>)
    at onceWithTimeout (http://localhost:1420/src/services/brainClient.ts:19:16)
    at getWidgetsOnce (http://localhost:1420/src/services/brainClient.ts:198:10)
    at refresh (http://localhost:1420/src/views/HomeFloatNotes.vue?t=1788078159546:51:30)
    at http://localhost:1420/src/views/HomeFloatNotes.vue?t=1788078159546:59:14
[ 7928951ms] TypeError: Cannot read properties of undefined (reading 'transformCallback')
    at transformCallback (http://localhost:1420/node_modules/.vite/deps/chunk-G7S6KQDI.js?v=318df923:22:37)
    at listen (http://localhost:1420/node_modules/.vite/deps/chunk-7FCLUC5I.js?v=318df923:39:14)
    at once (http://localhost:1420/node_modules/.vite/deps/chunk-7FCLUC5I.js?v=318df923:45:10)
    at http://localhost:1420/src/services/brainClient.ts:20:10
    at new Promise (<anonymous>)
    at onceWithTimeout (http://localhost:1420/src/services/brainClient.ts:19:16)
    at getWidgetsOnce (http://localhost:1420/src/services/brainClient.ts:198:10)
    at refresh (http://localhost:1420/src/views/HomeFloatNotes.vue?t=1788078159546:51:30)
    at http://localhost:1420/src/views/HomeFloatNotes.vue?t=1788078159546:59:14
[ 7940954ms] TypeError: Cannot read properties of undefined (reading 'transformCallback')
    at transformCallback (http://localhost:1420/node_modules/.vite/deps/chunk-G7S6KQDI.js?v=318df923:22:37)
    at listen (http://localhost:1420/node_modules/.vite/deps/chunk-7FCLUC5I.js?v=318df923:39:14)
    at once (http://localhost:1420/node_modules/.vite/deps/chunk-7FCLUC5I.js?v=318df923:45:10)
    at http://localhost:1420/src/services/brainClient.ts:20:10
    at new Promise (<anonymous>)
    at onceWithTimeout (http://localhost:1420/src/services/brainClient.ts:19:16)
    at getWidgetsOnce (http://localhost:1420/src/services/brainClient.ts:198:10)
    at refresh (http://localhost:1420/src/views/HomeFloatNotes.vue?t=1788078159546:51:30)
    at http://localhost:1420/src/views/HomeFloatNotes.vue?t=1788078159546:59:14
[ 7952952ms] TypeError: Cannot read properties of undefined (reading 'transformCallback')
    at transformCallback (http://localhost:1420/node_modules/.vite/deps/chunk-G7S6KQDI.js?v=318df923:22:37)
    at listen (http://localhost:1420/node_modules/.vite/deps/chunk-7FCLUC5I.js?v=318df923:39:14)
    at once (http://localhost:1420/node_modules/.vite/deps/chunk-7FCLUC5I.js?v=318df923:45:10)
    at http://localhost:1420/src/services/brainClient.ts:20:10
    at new Promise (<anonymous>)
    at onceWithTimeout (http://localhost:1420/src/services/brainClient.ts:19:16)
    at getWidgetsOnce (http://localhost:1420/src/services/brainClient.ts:198:10)
    at refresh (http://localhost:1420/src/views/HomeFloatNotes.vue?t=1788078159546:51:30)
    at http://localhost:1420/src/views/HomeFloatNotes.vue?t=1788078159546:59:14
[ 7961951ms] TypeError: Cannot read properties of undefined (reading 'transformCallback')
    at transformCallback (http://localhost:1420/node_modules/.vite/deps/chunk-G7S6KQDI.js?v=318df923:22:37)
    at listen (http://localhost:1420/node_modules/.vite/deps/chunk-7FCLUC5I.js?v=318df923:39:14)
    at onBrainEvent (http://localhost:1420/src/services/brainClient.ts:299:10)
    at http://localhost:1420/src/lib/home/home-panel-run.ts:12:12
    at new Promise (<anonymous>)
    at runPanelAction (http://localhost:1420/src/lib/home/home-panel-run.ts:6:18)
    at refresh (http://localhost:1420/src/views/HomeMaterialsStat.vue?t=1788078978195:14:30)
[ 7964951ms] TypeError: Cannot read properties of undefined (reading 'transformCallback')
    at transformCallback (http://localhost:1420/node_modules/.vite/deps/chunk-G7S6KQDI.js?v=318df923:22:37)
    at listen (http://localhost:1420/node_modules/.vite/deps/chunk-7FCLUC5I.js?v=318df923:39:14)
    at once (http://localhost:1420/node_modules/.vite/deps/chunk-7FCLUC5I.js?v=318df923:45:10)
    at http://localhost:1420/src/services/brainClient.ts:20:10
    at new Promise (<anonymous>)
    at onceWithTimeout (http://localhost:1420/src/services/brainClient.ts:19:16)
    at getWidgetsOnce (http://localhost:1420/src/services/brainClient.ts:198:10)
    at refresh (http://localhost:1420/src/views/HomeFloatNotes.vue?t=1788078159546:51:30)
    at http://localhost:1420/src/views/HomeFloatNotes.vue?t=1788078159546:59:14
[ 7976950ms] TypeError: Cannot read properties of undefined (reading 'transformCallback')
    at transformCallback (http://localhost:1420/node_modules/.vite/deps/chunk-G7S6KQDI.js?v=318df923:22:37)
    at listen (http://localhost:1420/node_modules/.vite/deps/chunk-7FCLUC5I.js?v=318df923:39:14)
    at once (http://localhost:1420/node_modules/.vite/deps/chunk-7FCLUC5I.js?v=318df923:45:10)
    at http://localhost:1420/src/services/brainClient.ts:20:10
    at new Promise (<anonymous>)
    at onceWithTimeout (http://localhost:1420/src/services/brainClient.ts:19:16)
    at getWidgetsOnce (http://localhost:1420/src/services/brainClient.ts:198:10)
    at refresh (http://localhost:1420/src/views/HomeFloatNotes.vue?t=1788078159546:51:30)
    at http://localhost:1420/src/views/HomeFloatNotes.vue?t=1788078159546:59:14
[ 7988950ms] TypeError: Cannot read properties of undefined (reading 'transformCallback')
    at transformCallback (http://localhost:1420/node_modules/.vite/deps/chunk-G7S6KQDI.js?v=318df923:22:37)
    at listen (http://localhost:1420/node_modules/.vite/deps/chunk-7FCLUC5I.js?v=318df923:39:14)
    at once (http://localhost:1420/node_modules/.vite/deps/chunk-7FCLUC5I.js?v=318df923:45:10)
    at http://localhost:1420/src/services/brainClient.ts:20:10
    at new Promise (<anonymous>)
    at onceWithTimeout (http://localhost:1420/src/services/brainClient.ts:19:16)
    at getWidgetsOnce (http://localhost:1420/src/services/brainClient.ts:198:10)
    at refresh (http://localhost:1420/src/views/HomeFloatNotes.vue?t=1788078159546:51:30)
    at http://localhost:1420/src/views/HomeFloatNotes.vue?t=1788078159546:59:14
[ 8000951ms] TypeError: Cannot read properties of undefined (reading 'transformCallback')
    at transformCallback (http://localhost:1420/node_modules/.vite/deps/chunk-G7S6KQDI.js?v=318df923:22:37)
    at listen (http://localhost:1420/node_modules/.vite/deps/chunk-7FCLUC5I.js?v=318df923:39:14)
    at once (http://localhost:1420/node_modules/.vite/deps/chunk-7FCLUC5I.js?v=318df923:45:10)
    at http://localhost:1420/src/services/brainClient.ts:20:10
    at new Promise (<anonymous>)
    at onceWithTimeout (http://localhost:1420/src/services/brainClient.ts:19:16)
    at getWidgetsOnce (http://localhost:1420/src/services/brainClient.ts:198:10)
    at refresh (http://localhost:1420/src/views/HomeFloatNotes.vue?t=1788078159546:51:30)
    at http://localhost:1420/src/views/HomeFloatNotes.vue?t=1788078159546:59:14
[ 8012951ms] TypeError: Cannot read properties of undefined (reading 'transformCallback')
    at transformCallback (http://localhost:1420/node_modules/.vite/deps/chunk-G7S6KQDI.js?v=318df923:22:37)
    at listen (http://localhost:1420/node_modules/.vite/deps/chunk-7FCLUC5I.js?v=318df923:39:14)
    at once (http://localhost:1420/node_modules/.vite/deps/chunk-7FCLUC5I.js?v=318df923:45:10)
    at http://localhost:1420/src/services/brainClient.ts:20:10
    at new Promise (<anonymous>)
    at onceWithTimeout (http://localhost:1420/src/services/brainClient.ts:19:16)
    at getWidgetsOnce (http://localhost:1420/src/services/brainClient.ts:198:10)
    at refresh (http://localhost:1420/src/views/HomeFloatNotes.vue?t=1788078159546:51:30)
    at http://localhost:1420/src/views/HomeFloatNotes.vue?t=1788078159546:59:14
[ 8021952ms] TypeError: Cannot read properties of undefined (reading 'transformCallback')
    at transformCallback (http://localhost:1420/node_modules/.vite/deps/chunk-G7S6KQDI.js?v=318df923:22:37)
    at listen (http://localhost:1420/node_modules/.vite/deps/chunk-7FCLUC5I.js?v=318df923:39:14)
    at onBrainEvent (http://localhost:1420/src/services/brainClient.ts:299:10)
    at http://localhost:1420/src/lib/home/home-panel-run.ts:12:12
    at new Promise (<anonymous>)
    at runPanelAction (http://localhost:1420/src/lib/home/home-panel-run.ts:6:18)
    at refresh (http://localhost:1420/src/views/HomeMaterialsStat.vue?t=1788078978195:14:30)
[ 8024952ms] TypeError: Cannot read properties of undefined (reading 'transformCallback')
    at transformCallback (http://localhost:1420/node_modules/.vite/deps/chunk-G7S6KQDI.js?v=318df923:22:37)
    at listen (http://localhost:1420/node_modules/.vite/deps/chunk-7FCLUC5I.js?v=318df923:39:14)
    at once (http://localhost:1420/node_modules/.vite/deps/chunk-7FCLUC5I.js?v=318df923:45:10)
    at http://localhost:1420/src/services/brainClient.ts:20:10
    at new Promise (<anonymous>)
    at onceWithTimeout (http://localhost:1420/src/services/brainClient.ts:19:16)
    at getWidgetsOnce (http://localhost:1420/src/services/brainClient.ts:198:10)
    at refresh (http://localhost:1420/src/views/HomeFloatNotes.vue?t=1788078159546:51:30)
    at http://localhost:1420/src/views/HomeFloatNotes.vue?t=1788078159546:59:14
[ 8036952ms] TypeError: Cannot read properties of undefined (reading 'transformCallback')
    at transformCallback (http://localhost:1420/node_modules/.vite/deps/chunk-G7S6KQDI.js?v=318df923:22:37)
    at listen (http://localhost:1420/node_modules/.vite/deps/chunk-7FCLUC5I.js?v=318df923:39:14)
    at once (http://localhost:1420/node_modules/.vite/deps/chunk-7FCLUC5I.js?v=318df923:45:10)
    at http://localhost:1420/src/services/brainClient.ts:20:10
    at new Promise (<anonymous>)
    at onceWithTimeout (http://localhost:1420/src/services/brainClient.ts:19:16)
    at getWidgetsOnce (http://localhost:1420/src/services/brainClient.ts:198:10)
    at refresh (http://localhost:1420/src/views/HomeFloatNotes.vue?t=1788078159546:51:30)
    at http://localhost:1420/src/views/HomeFloatNotes.vue?t=1788078159546:59:14
[ 8048951ms] TypeError: Cannot read properties of undefined (reading 'transformCallback')
    at transformCallback (http://localhost:1420/node_modules/.vite/deps/chunk-G7S6KQDI.js?v=318df923:22:37)
    at listen (http://localhost:1420/node_modules/.vite/deps/chunk-7FCLUC5I.js?v=318df923:39:14)
    at once (http://localhost:1420/node_modules/.vite/deps/chunk-7FCLUC5I.js?v=318df923:45:10)
    at http://localhost:1420/src/services/brainClient.ts:20:10
    at new Promise (<anonymous>)
    at onceWithTimeout (http://localhost:1420/src/services/brainClient.ts:19:16)
    at getWidgetsOnce (http://localhost:1420/src/services/brainClient.ts:198:10)
    at refresh (http://localhost:1420/src/views/HomeFloatNotes.vue?t=1788078159546:51:30)
    at http://localhost:1420/src/views/HomeFloatNotes.vue?t=1788078159546:59:14
[ 8060951ms] TypeError: Cannot read properties of undefined (reading 'transformCallback')
    at transformCallback (http://localhost:1420/node_modules/.vite/deps/chunk-G7S6KQDI.js?v=318df923:22:37)
    at listen (http://localhost:1420/node_modules/.vite/deps/chunk-7FCLUC5I.js?v=318df923:39:14)
    at once (http://localhost:1420/node_modules/.vite/deps/chunk-7FCLUC5I.js?v=318df923:45:10)
    at http://localhost:1420/src/services/brainClient.ts:20:10
    at new Promise (<anonymous>)
    at onceWithTimeout (http://localhost:1420/src/services/brainClient.ts:19:16)
    at getWidgetsOnce (http://localhost:1420/src/services/brainClient.ts:198:10)
    at refresh (http://localhost:1420/src/views/HomeFloatNotes.vue?t=1788078159546:51:30)
    at http://localhost:1420/src/views/HomeFloatNotes.vue?t=1788078159546:59:14
[ 8072951ms] TypeError: Cannot read properties of undefined (reading 'transformCallback')
    at transformCallback (http://localhost:1420/node_modules/.vite/deps/chunk-G7S6KQDI.js?v=318df923:22:37)
    at listen (http://localhost:1420/node_modules/.vite/deps/chunk-7FCLUC5I.js?v=318df923:39:14)
    at once (http://localhost:1420/node_modules/.vite/deps/chunk-7FCLUC5I.js?v=318df923:45:10)
    at http://localhost:1420/src/services/brainClient.ts:20:10
    at new Promise (<anonymous>)
    at onceWithTimeout (http://localhost:1420/src/services/brainClient.ts:19:16)
    at getWidgetsOnce (http://localhost:1420/src/services/brainClient.ts:198:10)
    at refresh (http://localhost:1420/src/views/HomeFloatNotes.vue?t=1788078159546:51:30)
    at http://localhost:1420/src/views/HomeFloatNotes.vue?t=1788078159546:59:14
[ 8081952ms] TypeError: Cannot read properties of undefined (reading 'transformCallback')
    at transformCallback (http://localhost:1420/node_modules/.vite/deps/chunk-G7S6KQDI.js?v=318df923:22:37)
    at listen (http://localhost:1420/node_modules/.vite/deps/chunk-7FCLUC5I.js?v=318df923:39:14)
    at onBrainEvent (http://localhost:1420/src/services/brainClient.ts:299:10)
    at http://localhost:1420/src/lib/home/home-panel-run.ts:12:12
    at new Promise (<anonymous>)
    at runPanelAction (http://localhost:1420/src/lib/home/home-panel-run.ts:6:18)
    at refresh (http://localhost:1420/src/views/HomeMaterialsStat.vue?t=1788078978195:14:30)
[ 8084952ms] TypeError: Cannot read properties of undefined (reading 'transformCallback')
    at transformCallback (http://localhost:1420/node_modules/.vite/deps/chunk-G7S6KQDI.js?v=318df923:22:37)
    at listen (http://localhost:1420/node_modules/.vite/deps/chunk-7FCLUC5I.js?v=318df923:39:14)
    at once (http://localhost:1420/node_modules/.vite/deps/chunk-7FCLUC5I.js?v=318df923:45:10)
    at http://localhost:1420/src/services/brainClient.ts:20:10
    at new Promise (<anonymous>)
    at onceWithTimeout (http://localhost:1420/src/services/brainClient.ts:19:16)
    at getWidgetsOnce (http://localhost:1420/src/services/brainClient.ts:198:10)
    at refresh (http://localhost:1420/src/views/HomeFloatNotes.vue?t=1788078159546:51:30)
    at http://localhost:1420/src/views/HomeFloatNotes.vue?t=1788078159546:59:14
[ 8096952ms] TypeError: Cannot read properties of undefined (reading 'transformCallback')
    at transformCallback (http://localhost:1420/node_modules/.vite/deps/chunk-G7S6KQDI.js?v=318df923:22:37)
    at listen (http://localhost:1420/node_modules/.vite/deps/chunk-7FCLUC5I.js?v=318df923:39:14)
    at once (http://localhost:1420/node_modules/.vite/deps/chunk-7FCLUC5I.js?v=318df923:45:10)
    at http://localhost:1420/src/services/brainClient.ts:20:10
    at new Promise (<anonymous>)
    at onceWithTimeout (http://localhost:1420/src/services/brainClient.ts:19:16)
    at getWidgetsOnce (http://localhost:1420/src/services/brainClient.ts:198:10)
    at refresh (http://localhost:1420/src/views/HomeFloatNotes.vue?t=1788078159546:51:30)
    at http://localhost:1420/src/views/HomeFloatNotes.vue?t=1788078159546:59:14
[ 8108952ms] TypeError: Cannot read properties of undefined (reading 'transformCallback')
    at transformCallback (http://localhost:1420/node_modules/.vite/deps/chunk-G7S6KQDI.js?v=318df923:22:37)
    at listen (http://localhost:1420/node_modules/.vite/deps/chunk-7FCLUC5I.js?v=318df923:39:14)
    at once (http://localhost:1420/node_modules/.vite/deps/chunk-7FCLUC5I.js?v=318df923:45:10)
    at http://localhost:1420/src/services/brainClient.ts:20:10
    at new Promise (<anonymous>)
    at onceWithTimeout (http://localhost:1420/src/services/brainClient.ts:19:16)
    at getWidgetsOnce (http://localhost:1420/src/services/brainClient.ts:198:10)
    at refresh (http://localhost:1420/src/views/HomeFloatNotes.vue?t=1788078159546:51:30)
    at http://localhost:1420/src/views/HomeFloatNotes.vue?t=1788078159546:59:14
[ 8120952ms] TypeError: Cannot read properties of undefined (reading 'transformCallback')
    at transformCallback (http://localhost:1420/node_modules/.vite/deps/chunk-G7S6KQDI.js?v=318df923:22:37)
    at listen (http://localhost:1420/node_modules/.vite/deps/chunk-7FCLUC5I.js?v=318df923:39:14)
    at once (http://localhost:1420/node_modules/.vite/deps/chunk-7FCLUC5I.js?v=318df923:45:10)
    at http://localhost:1420/src/services/brainClient.ts:20:10
    at new Promise (<anonymous>)
    at onceWithTimeout (http://localhost:1420/src/services/brainClient.ts:19:16)
    at getWidgetsOnce (http://localhost:1420/src/services/brainClient.ts:198:10)
    at refresh (http://localhost:1420/src/views/HomeFloatNotes.vue?t=1788078159546:51:30)
    at http://localhost:1420/src/views/HomeFloatNotes.vue?t=1788078159546:59:14
[ 8132953ms] TypeError: Cannot read properties of undefined (reading 'transformCallback')
    at transformCallback (http://localhost:1420/node_modules/.vite/deps/chunk-G7S6KQDI.js?v=318df923:22:37)
    at listen (http://localhost:1420/node_modules/.vite/deps/chunk-7FCLUC5I.js?v=318df923:39:14)
    at once (http://localhost:1420/node_modules/.vite/deps/chunk-7FCLUC5I.js?v=318df923:45:10)
    at http://localhost:1420/src/services/brainClient.ts:20:10
    at new Promise (<anonymous>)
    at onceWithTimeout (http://localhost:1420/src/services/brainClient.ts:19:16)
    at getWidgetsOnce (http://localhost:1420/src/services/brainClient.ts:198:10)
    at refresh (http://localhost:1420/src/views/HomeFloatNotes.vue?t=1788078159546:51:30)
    at http://localhost:1420/src/views/HomeFloatNotes.vue?t=1788078159546:59:14
[ 8134343ms] [WARNING] [Vue warn]: Unhandled error during execution of mounted hook 
  at <CapabilityConversationRail surface=null active=false onClose=fn<hideSurface>  ... > 
  at <BaseTransition appear=false persisted=true mode=undefined  ... > 
  at <Transition name="scene-rail" persisted="" > 
  at <HomeWindow> @ http://localhost:1420/node_modules/.vite/deps/vue.js?v=318df923:2231
[ 8134344ms] [WARNING] [Vue warn]: Unhandled error during execution of mounted hook 
  at <GeneralSection key=0 > 
  at <SettingsView key=0 > 
  at <BaseTransition appear=false persisted=true mode=undefined  ... > 
  at <Transition name="view-fade" persisted="" > 
  at <HomeWindow> @ http://localhost:1420/node_modules/.vite/deps/vue.js?v=318df923:2231
[ 8134350ms] [VERBOSE] [DOM] Password field is not contained in a form: (More info: https://goo.gl/9p2vKq) %o @ http://localhost:1420/home.html:0
[ 8134364ms] TypeError: Cannot read properties of undefined (reading 'transformCallback')
    at transformCallback (http://localhost:1420/node_modules/.vite/deps/chunk-G7S6KQDI.js?v=318df923:22:37)
    at listen (http://localhost:1420/node_modules/.vite/deps/chunk-7FCLUC5I.js?v=318df923:39:14)
    at onBrainEvent (http://localhost:1420/src/services/brainClient.ts:299:10)
    at http://localhost:1420/src/lib/home/home-panel-run.ts:12:12
    at new Promise (<anonymous>)
    at runPanelAction (http://localhost:1420/src/lib/home/home-panel-run.ts:6:18)
    at http://localhost:1420/src/views/plugins/CapabilityHome.vue:25:25
    at http://localhost:1420/node_modules/.vite/deps/vue.js?v=318df923:5342:40
    at callWithErrorHandling (http://localhost:1420/node_modules/.vite/deps/vue.js?v=318df923:2379:19)
    at callWithAsyncErrorHandling (http://localhost:1420/node_modules/.vite/deps/vue.js?v=318df923:2386:17)
[ 8134364ms] TypeError: Cannot read properties of undefined (reading 'transformCallback')
    at transformCallback (http://localhost:1420/node_modules/.vite/deps/chunk-G7S6KQDI.js?v=318df923:22:37)
    at listen (http://localhost:1420/node_modules/.vite/deps/chunk-7FCLUC5I.js?v=318df923:39:14)
    at once (http://localhost:1420/node_modules/.vite/deps/chunk-7FCLUC5I.js?v=318df923:45:10)
    at http://localhost:1420/src/services/brainClient.ts:20:10
    at new Promise (<anonymous>)
    at onceWithTimeout (http://localhost:1420/src/services/brainClient.ts:19:16)
    at getSettingsOnce (http://localhost:1420/src/services/brainClient.ts:245:19)
    at http://localhost:1420/src/views/HomeDayTitle.vue?t=1788070913325:19:30
    at http://localhost:1420/node_modules/.vite/deps/vue.js?v=318df923:5342:40
    at callWithErrorHandling (http://localhost:1420/node_modules/.vite/deps/vue.js?v=318df923:2379:19)
[ 8134364ms] TypeError: Cannot read properties of undefined (reading 'transformCallback')
    at transformCallback (http://localhost:1420/node_modules/.vite/deps/chunk-G7S6KQDI.js?v=318df923:22:37)
    at listen (http://localhost:1420/node_modules/.vite/deps/chunk-7FCLUC5I.js?v=318df923:39:14)
    at once (http://localhost:1420/node_modules/.vite/deps/chunk-7FCLUC5I.js?v=318df923:45:10)
    at http://localhost:1420/src/services/brainClient.ts:20:10
    at new Promise (<anonymous>)
    at onceWithTimeout (http://localhost:1420/src/services/brainClient.ts:19:16)
    at getWidgetsOnce (http://localhost:1420/src/services/brainClient.ts:198:10)
    at refresh (http://localhost:1420/src/views/HomeFloatNotes.vue?t=1788078159546:51:30)
    at http://localhost:1420/src/views/HomeFloatNotes.vue?t=1788078159546:57:13
    at http://localhost:1420/node_modules/.vite/deps/vue.js?v=318df923:5342:40
[ 8134364ms] TypeError: Cannot read properties of undefined (reading 'transformCallback')
    at transformCallback (http://localhost:1420/node_modules/.vite/deps/chunk-G7S6KQDI.js?v=318df923:22:37)
    at listen (http://localhost:1420/node_modules/.vite/deps/chunk-7FCLUC5I.js?v=318df923:39:14)
    at once (http://localhost:1420/node_modules/.vite/deps/chunk-7FCLUC5I.js?v=318df923:45:10)
    at http://localhost:1420/src/services/brainClient.ts:20:10
    at new Promise (<anonymous>)
    at onceWithTimeout (http://localhost:1420/src/services/brainClient.ts:19:16)
    at getFeedOnce (http://localhost:1420/src/services/brainClient.ts:150:10)
    at http://localhost:1420/src/views/HomeTodayPanel.vue?t=1788070812924:17:28
    at http://localhost:1420/node_modules/.vite/deps/vue.js?v=318df923:5342:40
    at callWithErrorHandling (http://localhost:1420/node_modules/.vite/deps/vue.js?v=318df923:2379:19)
[ 8134364ms] TypeError: Cannot read properties of undefined (reading 'transformCallback')
    at transformCallback (http://localhost:1420/node_modules/.vite/deps/chunk-G7S6KQDI.js?v=318df923:22:37)
    at listen (http://localhost:1420/node_modules/.vite/deps/chunk-7FCLUC5I.js?v=318df923:39:14)
    at once (http://localhost:1420/node_modules/.vite/deps/chunk-7FCLUC5I.js?v=318df923:45:10)
    at http://localhost:1420/src/services/brainClient.ts:20:10
    at new Promise (<anonymous>)
    at onceWithTimeout (http://localhost:1420/src/services/brainClient.ts:19:16)
    at getWidgetsOnce (http://localhost:1420/src/services/brainClient.ts:198:10)
    at http://localhost:1420/src/views/HomeRemindCard.vue?t=1788087653500:16:25
    at http://localhost:1420/node_modules/.vite/deps/vue.js?v=318df923:5342:40
    at callWithErrorHandling (http://localhost:1420/node_modules/.vite/deps/vue.js?v=318df923:2379:19)
[ 8134364ms] TypeError: Cannot read properties of undefined (reading 'transformCallback')
    at transformCallback (http://localhost:1420/node_modules/.vite/deps/chunk-G7S6KQDI.js?v=318df923:22:37)
    at listen (http://localhost:1420/node_modules/.vite/deps/chunk-7FCLUC5I.js?v=318df923:39:14)
    at once (http://localhost:1420/node_modules/.vite/deps/chunk-7FCLUC5I.js?v=318df923:45:10)
    at http://localhost:1420/src/services/brainClient.ts:20:10
    at new Promise (<anonymous>)
    at onceWithTimeout (http://localhost:1420/src/services/brainClient.ts:19:16)
    at getFeedOnce (http://localhost:1420/src/services/brainClient.ts:150:10)
    at http://localhost:1420/src/views/chat/HorizonBar.vue?t=1788076324598:26:28
    at http://localhost:1420/node_modules/.vite/deps/vue.js?v=318df923:5342:40
    at callWithErrorHandling (http://localhost:1420/node_modules/.vite/deps/vue.js?v=318df923:2379:19)
[ 8134364ms] TypeError: Cannot read properties of undefined (reading 'transformCallback')
    at transformCallback (http://localhost:1420/node_modules/.vite/deps/chunk-G7S6KQDI.js?v=318df923:22:37)
    at listen (http://localhost:1420/node_modules/.vite/deps/chunk-7FCLUC5I.js?v=318df923:39:14)
    at onBrainEvent (http://localhost:1420/src/services/brainClient.ts:299:10)
    at http://localhost:1420/src/views/CapabilityConversationRail.vue:178:24
[ 8134364ms] TypeError: Cannot read properties of undefined (reading 'transformCallback')
    at transformCallback (http://localhost:1420/node_modules/.vite/deps/chunk-G7S6KQDI.js?v=318df923:22:37)
    at listen (http://localhost:1420/node_modules/.vite/deps/chunk-7FCLUC5I.js?v=318df923:39:14)
    at once (http://localhost:1420/node_modules/.vite/deps/chunk-7FCLUC5I.js?v=318df923:45:10)
    at http://localhost:1420/src/services/brainClient.ts:20:10
    at new Promise (<anonymous>)
    at onceWithTimeout (http://localhost:1420/src/services/brainClient.ts:19:16)
    at getPerceptionOnce (http://localhost:1420/src/services/brainClient.ts:274:10)
    at loadPerception (http://localhost:1420/src/views/settings/DataView.vue:34:23)
    at http://localhost:1420/src/views/settings/DataView.vue:182:12
    at http://localhost:1420/node_modules/.vite/deps/vue.js?v=318df923:5342:40
[ 8134364ms] TypeError: Cannot read properties of undefined (reading 'transformCallback')
    at transformCallback (http://localhost:1420/node_modules/.vite/deps/chunk-G7S6KQDI.js?v=318df923:22:37)
    at listen (http://localhost:1420/node_modules/.vite/deps/chunk-7FCLUC5I.js?v=318df923:39:14)
    at once (http://localhost:1420/node_modules/.vite/deps/chunk-7FCLUC5I.js?v=318df923:45:10)
    at http://localhost:1420/src/services/brainClient.ts:20:10
    at new Promise (<anonymous>)
    at onceWithTimeout (http://localhost:1420/src/services/brainClient.ts:19:16)
    at getMemListOnce (http://localhost:1420/src/services/brainClient.ts:216:10)
    at loadMem (http://localhost:1420/src/views/settings/DataView.vue:116:23)
    at http://localhost:1420/src/views/settings/DataView.vue:183:12
    at http://localhost:1420/node_modules/.vite/deps/vue.js?v=318df923:5342:40
[ 8134364ms] TypeError: Cannot read properties of undefined (reading 'transformCallback')
    at transformCallback (http://localhost:1420/node_modules/.vite/deps/chunk-G7S6KQDI.js?v=318df923:22:37)
    at listen (http://localhost:1420/node_modules/.vite/deps/chunk-7FCLUC5I.js?v=318df923:39:14)
    at once (http://localhost:1420/node_modules/.vite/deps/chunk-7FCLUC5I.js?v=318df923:45:10)
    at http://localhost:1420/src/services/brainClient.ts:20:10
    at new Promise (<anonymous>)
    at onceWithTimeout (http://localhost:1420/src/services/brainClient.ts:19:16)
    at getSettingsOnce (http://localhost:1420/src/services/brainClient.ts:245:19)
    at http://localhost:1420/src/views/settings/DataView.vue:184:12
    at http://localhost:1420/node_modules/.vite/deps/vue.js?v=318df923:5342:40
    at callWithErrorHandling (http://localhost:1420/node_modules/.vite/deps/vue.js?v=318df923:2379:19)
[ 8134364ms] TypeError: Cannot read properties of undefined (reading 'transformCallback')
    at transformCallback (http://localhost:1420/node_modules/.vite/deps/chunk-G7S6KQDI.js?v=318df923:22:37)
    at listen (http://localhost:1420/node_modules/.vite/deps/chunk-7FCLUC5I.js?v=318df923:39:14)
    at onBrainStatus (http://localhost:1420/src/services/brainClient.ts:305:10)
    at http://localhost:1420/src/views/settings/GeneralSection.vue?t=1788087653500:273:30
[ 8134364ms] TypeError: Cannot read properties of undefined (reading 'transformCallback')
    at transformCallback (http://localhost:1420/node_modules/.vite/deps/chunk-G7S6KQDI.js?v=318df923:22:37)
    at listen (http://localhost:1420/node_modules/.vite/deps/chunk-7FCLUC5I.js?v=318df923:39:14)
    at once (http://localhost:1420/node_modules/.vite/deps/chunk-7FCLUC5I.js?v=318df923:45:10)
    at http://localhost:1420/src/services/brainClient.ts:20:10
    at new Promise (<anonymous>)
    at onceWithTimeout (http://localhost:1420/src/services/brainClient.ts:19:16)
    at getSettingsOnce (http://localhost:1420/src/services/brainClient.ts:245:19)
    at http://localhost:1420/src/views/settings/GeneralSection.vue?t=1788087653500:262:12
[ 8134364ms] TypeError: Cannot read properties of undefined (reading 'transformCallback')
    at transformCallback (http://localhost:1420/node_modules/.vite/deps/chunk-G7S6KQDI.js?v=318df923:22:37)
    at listen (http://localhost:1420/node_modules/.vite/deps/chunk-7FCLUC5I.js?v=318df923:39:14)
    at once (http://localhost:1420/node_modules/.vite/deps/chunk-7FCLUC5I.js?v=318df923:45:10)
    at http://localhost:1420/src/services/brainClient.ts:20:10
    at new Promise (<anonymous>)
    at onceWithTimeout (http://localhost:1420/src/services/brainClient.ts:19:16)
    at getHttpPairInfoOnce (http://localhost:1420/src/services/brainClient.ts:266:10)
    at refreshPair (http://localhost:1420/src/views/settings/GeneralSection.vue?t=1788087653500:149:29)
    at http://localhost:1420/src/views/settings/GeneralSection.vue?t=1788087653500:272:12
[ 8134365ms] [WARNING] [Vue warn]: Unhandled error during execution of mounted hook 
  at <HomeChat key=0 draft=undefined workstation=null  ... > 
  at <BaseTransition appear=false persisted=true mode=undefined  ... > 
  at <Transition name="view-fade" persisted="" > 
  at <HomeWindow> @ http://localhost:1420/node_modules/.vite/deps/vue.js?v=318df923:2231
[ 8134368ms] TypeError: Cannot read properties of undefined (reading 'transformCallback')
    at transformCallback (http://localhost:1420/node_modules/.vite/deps/chunk-G7S6KQDI.js?v=318df923:22:37)
    at listen (http://localhost:1420/node_modules/.vite/deps/chunk-7FCLUC5I.js?v=318df923:39:14)
    at onBrainEvent (http://localhost:1420/src/services/brainClient.ts:299:10)
    at http://localhost:1420/src/views/chat/HomeChat.vue?t=1788087653500:625:24
[ 8135920ms] [ERROR] [vite] ReferenceError: HomeMaterialsStat is not defined
    at http://localhost:1420/src/composables/homeAssemblyUi.ts?t=1788087655310:31:22 @ http://localhost:1420/@vite/client:881
[ 8135920ms] [ERROR] [vite] Failed to reload /src/views/chat/HomeChat.vue. This could be due to syntax errors or importing non-existent modules. (see errors above) @ http://localhost:1420/@vite/client:881
[ 8137343ms] [WARNING] [Vue warn]: Unhandled error during execution of mounted hook 
  at <HomeTodayPanel state="idle" only="today" onChat=fn<onInfoChat> > 
  at <HomeFrame thinking=false state="idle" peek=false  ... > 
  at <HomeChat key=0 draft=undefined workstation=null  ... > 
  at <BaseTransition appear=false persisted=true mode=undefined  ... > 
  at <Transition name="view-fade" persisted="" > 
  at <HomeWindow> @ http://localhost:1420/node_modules/.vite/deps/vue.js?v=318df923:2231
[ 8137343ms] [WARNING] [Vue warn]: Unhandled error during execution of mounted hook 
  at <HorizonBar state="idle" proc=null shelf=false  ... > 
  at <HomeChat key=0 draft=undefined workstation=null  ... > 
  at <BaseTransition appear=false persisted=true mode=undefined  ... > 
  at <Transition name="view-fade" persisted="" > 
  at <HomeWindow> @ http://localhost:1420/node_modules/.vite/deps/vue.js?v=318df923:2231
[ 8137344ms] TypeError: Cannot read properties of undefined (reading 'transformCallback')
    at transformCallback (http://localhost:1420/node_modules/.vite/deps/chunk-G7S6KQDI.js?v=318df923:22:37)
    at listen (http://localhost:1420/node_modules/.vite/deps/chunk-7FCLUC5I.js?v=318df923:39:14)
    at onFeed (http://localhost:1420/src/services/brainClient.ts:147:10)
    at http://localhost:1420/src/views/HomeTodayPanel.vue?t=1788070812924:21:22
[ 8137344ms] TypeError: Cannot read properties of undefined (reading 'transformCallback')
    at transformCallback (http://localhost:1420/node_modules/.vite/deps/chunk-G7S6KQDI.js?v=318df923:22:37)
    at listen (http://localhost:1420/node_modules/.vite/deps/chunk-7FCLUC5I.js?v=318df923:39:14)
    at once (http://localhost:1420/node_modules/.vite/deps/chunk-7FCLUC5I.js?v=318df923:45:10)
    at http://localhost:1420/src/services/brainClient.ts:20:10
    at new Promise (<anonymous>)
    at onceWithTimeout (http://localhost:1420/src/services/brainClient.ts:19:16)
    at getFeedOnce (http://localhost:1420/src/services/brainClient.ts:150:10)
    at http://localhost:1420/src/views/HomeRemindCard.vue?t=1788087653500:18:25
[ 8137344ms] TypeError: Cannot read properties of undefined (reading 'transformCallback')
    at transformCallback (http://localhost:1420/node_modules/.vite/deps/chunk-G7S6KQDI.js?v=318df923:22:37)
    at listen (http://localhost:1420/node_modules/.vite/deps/chunk-7FCLUC5I.js?v=318df923:39:14)
    at onFeed (http://localhost:1420/src/services/brainClient.ts:147:10)
    at http://localhost:1420/src/views/chat/HorizonBar.vue?t=1788076324598:31:22
[ 8137351ms] [WARNING] [Vue warn]: Unhandled error during execution of mounted hook 
  at <HomeChat key=0 draft=undefined workstation=null  ... > 
  at <BaseTransition appear=false persisted=true mode=undefined  ... > 
  at <Transition name="view-fade" persisted="" > 
  at <HomeWindow> @ http://localhost:1420/node_modules/.vite/deps/vue.js?v=318df923:2231
[ 8137355ms] TypeError: Cannot read properties of undefined (reading 'transformCallback')
    at transformCallback (http://localhost:1420/node_modules/.vite/deps/chunk-G7S6KQDI.js?v=318df923:22:37)
    at listen (http://localhost:1420/node_modules/.vite/deps/chunk-7FCLUC5I.js?v=318df923:39:14)
    at once (http://localhost:1420/node_modules/.vite/deps/chunk-7FCLUC5I.js?v=318df923:45:10)
    at http://localhost:1420/src/services/brainClient.ts:20:10
    at new Promise (<anonymous>)
    at onceWithTimeout (http://localhost:1420/src/services/brainClient.ts:19:16)
    at getSettingsOnce (http://localhost:1420/src/services/brainClient.ts:245:19)
    at http://localhost:1420/src/views/HomeDayTitle.vue?t=1788070913325:19:30
    at http://localhost:1420/node_modules/.vite/deps/vue.js?v=318df923:5342:40
    at callWithErrorHandling (http://localhost:1420/node_modules/.vite/deps/vue.js?v=318df923:2379:19)
[ 8137355ms] TypeError: Cannot read properties of undefined (reading 'transformCallback')
    at transformCallback (http://localhost:1420/node_modules/.vite/deps/chunk-G7S6KQDI.js?v=318df923:22:37)
    at listen (http://localhost:1420/node_modules/.vite/deps/chunk-7FCLUC5I.js?v=318df923:39:14)
    at once (http://localhost:1420/node_modules/.vite/deps/chunk-7FCLUC5I.js?v=318df923:45:10)
    at http://localhost:1420/src/services/brainClient.ts:20:10
    at new Promise (<anonymous>)
    at onceWithTimeout (http://localhost:1420/src/services/brainClient.ts:19:16)
    at getWidgetsOnce (http://localhost:1420/src/services/brainClient.ts:198:10)
    at refresh (http://localhost:1420/src/views/HomeFloatNotes.vue?t=1788078159546:51:30)
    at http://localhost:1420/src/views/HomeFloatNotes.vue?t=1788078159546:57:13
    at http://localhost:1420/node_modules/.vite/deps/vue.js?v=318df923:5342:40
[ 8137355ms] TypeError: Cannot read properties of undefined (reading 'transformCallback')
    at transformCallback (http://localhost:1420/node_modules/.vite/deps/chunk-G7S6KQDI.js?v=318df923:22:37)
    at listen (http://localhost:1420/node_modules/.vite/deps/chunk-7FCLUC5I.js?v=318df923:39:14)
    at once (http://localhost:1420/node_modules/.vite/deps/chunk-7FCLUC5I.js?v=318df923:45:10)
    at http://localhost:1420/src/services/brainClient.ts:20:10
    at new Promise (<anonymous>)
    at onceWithTimeout (http://localhost:1420/src/services/brainClient.ts:19:16)
    at getFeedOnce (http://localhost:1420/src/services/brainClient.ts:150:10)
    at http://localhost:1420/src/views/HomeTodayPanel.vue?t=1788070812924:17:28
    at http://localhost:1420/node_modules/.vite/deps/vue.js?v=318df923:5342:40
    at callWithErrorHandling (http://localhost:1420/node_modules/.vite/deps/vue.js?v=318df923:2379:19)
[ 8137355ms] TypeError: Cannot read properties of undefined (reading 'transformCallback')
    at transformCallback (http://localhost:1420/node_modules/.vite/deps/chunk-G7S6KQDI.js?v=318df923:22:37)
    at listen (http://localhost:1420/node_modules/.vite/deps/chunk-7FCLUC5I.js?v=318df923:39:14)
    at once (http://localhost:1420/node_modules/.vite/deps/chunk-7FCLUC5I.js?v=318df923:45:10)
    at http://localhost:1420/src/services/brainClient.ts:20:10
    at new Promise (<anonymous>)
    at onceWithTimeout (http://localhost:1420/src/services/brainClient.ts:19:16)
    at getWidgetsOnce (http://localhost:1420/src/services/brainClient.ts:198:10)
    at http://localhost:1420/src/views/HomeRemindCard.vue?t=1788087653500:16:25
    at http://localhost:1420/node_modules/.vite/deps/vue.js?v=318df923:5342:40
    at callWithErrorHandling (http://localhost:1420/node_modules/.vite/deps/vue.js?v=318df923:2379:19)
[ 8137355ms] TypeError: Cannot read properties of undefined (reading 'transformCallback')
    at transformCallback (http://localhost:1420/node_modules/.vite/deps/chunk-G7S6KQDI.js?v=318df923:22:37)
    at listen (http://localhost:1420/node_modules/.vite/deps/chunk-7FCLUC5I.js?v=318df923:39:14)
    at once (http://localhost:1420/node_modules/.vite/deps/chunk-7FCLUC5I.js?v=318df923:45:10)
    at http://localhost:1420/src/services/brainClient.ts:20:10
    at new Promise (<anonymous>)
    at onceWithTimeout (http://localhost:1420/src/services/brainClient.ts:19:16)
    at getFeedOnce (http://localhost:1420/src/services/brainClient.ts:150:10)
    at http://localhost:1420/src/views/chat/HorizonBar.vue?t=1788076324598:26:28
    at http://localhost:1420/node_modules/.vite/deps/vue.js?v=318df923:5342:40
    at callWithErrorHandling (http://localhost:1420/node_modules/.vite/deps/vue.js?v=318df923:2379:19)
[ 8137355ms] TypeError: Cannot read properties of undefined (reading 'transformCallback')
    at transformCallback (http://localhost:1420/node_modules/.vite/deps/chunk-G7S6KQDI.js?v=318df923:22:37)
    at listen (http://localhost:1420/node_modules/.vite/deps/chunk-7FCLUC5I.js?v=318df923:39:14)
    at onBrainEvent (http://localhost:1420/src/services/brainClient.ts:299:10)
    at http://localhost:1420/src/views/chat/HomeChat.vue?t=1788087656719:625:24
[ 8140353ms] [WARNING] [Vue warn]: Unhandled error during execution of mounted hook 
  at <HomeTodayPanel state="idle" only="today" onChat=fn<onInfoChat> > 
  at <HomeFrame thinking=false state="idle" peek=false  ... > 
  at <HomeChat key=0 draft=undefined workstation=null  ... > 
  at <BaseTransition appear=false persisted=true mode=undefined  ... > 
  at <Transition name="view-fade" persisted="" > 
  at <HomeWindow> @ http://localhost:1420/node_modules/.vite/deps/vue.js?v=318df923:2231
[ 8140354ms] [WARNING] [Vue warn]: Unhandled error during execution of mounted hook 
  at <HorizonBar state="idle" proc=null shelf=false  ... > 
  at <HomeChat key=0 draft=undefined workstation=null  ... > 
  at <BaseTransition appear=false persisted=true mode=undefined  ... > 
  at <Transition name="view-fade" persisted="" > 
  at <HomeWindow> @ http://localhost:1420/node_modules/.vite/deps/vue.js?v=318df923:2231
[ 8140355ms] TypeError: Cannot read properties of undefined (reading 'transformCallback')
    at transformCallback (http://localhost:1420/node_modules/.vite/deps/chunk-G7S6KQDI.js?v=318df923:22:37)
    at listen (http://localhost:1420/node_modules/.vite/deps/chunk-7FCLUC5I.js?v=318df923:39:14)
    at onFeed (http://localhost:1420/src/services/brainClient.ts:147:10)
    at http://localhost:1420/src/views/HomeTodayPanel.vue?t=1788070812924:21:22
[ 8140355ms] TypeError: Cannot read properties of undefined (reading 'transformCallback')
    at transformCallback (http://localhost:1420/node_modules/.vite/deps/chunk-G7S6KQDI.js?v=318df923:22:37)
    at listen (http://localhost:1420/node_modules/.vite/deps/chunk-7FCLUC5I.js?v=318df923:39:14)
    at once (http://localhost:1420/node_modules/.vite/deps/chunk-7FCLUC5I.js?v=318df923:45:10)
    at http://localhost:1420/src/services/brainClient.ts:20:10
    at new Promise (<anonymous>)
    at onceWithTimeout (http://localhost:1420/src/services/brainClient.ts:19:16)
    at getFeedOnce (http://localhost:1420/src/services/brainClient.ts:150:10)
    at http://localhost:1420/src/views/HomeRemindCard.vue?t=1788087653500:18:25
[ 8140355ms] TypeError: Cannot read properties of undefined (reading 'transformCallback')
    at transformCallback (http://localhost:1420/node_modules/.vite/deps/chunk-G7S6KQDI.js?v=318df923:22:37)
    at listen (http://localhost:1420/node_modules/.vite/deps/chunk-7FCLUC5I.js?v=318df923:39:14)
    at onFeed (http://localhost:1420/src/services/brainClient.ts:147:10)
    at http://localhost:1420/src/views/chat/HorizonBar.vue?t=1788076324598:31:22
[ 8152362ms] TypeError: Cannot read properties of undefined (reading 'transformCallback')
    at transformCallback (http://localhost:1420/node_modules/.vite/deps/chunk-G7S6KQDI.js?v=318df923:22:37)
    at listen (http://localhost:1420/node_modules/.vite/deps/chunk-7FCLUC5I.js?v=318df923:39:14)
    at once (http://localhost:1420/node_modules/.vite/deps/chunk-7FCLUC5I.js?v=318df923:45:10)
    at http://localhost:1420/src/services/brainClient.ts:20:10
    at new Promise (<anonymous>)
    at onceWithTimeout (http://localhost:1420/src/services/brainClient.ts:19:16)
    at getWidgetsOnce (http://localhost:1420/src/services/brainClient.ts:198:10)
    at refresh (http://localhost:1420/src/views/HomeFloatNotes.vue?t=1788078159546:51:30)
    at http://localhost:1420/src/views/HomeFloatNotes.vue?t=1788078159546:59:14
[ 8163356ms] [WARNING] [Vue warn]: Unhandled error during execution of mounted hook 
  at <CapabilityConversationRail surface=null active=false onClose=fn<hideSurface>  ... > 
  at <BaseTransition appear=false persisted=true mode=undefined  ... > 
  at <Transition name="scene-rail" persisted="" > 
  at <HomeWindow> @ http://localhost:1420/node_modules/.vite/deps/vue.js?v=318df923:2231
[ 8163356ms] [WARNING] [Vue warn]: Unhandled error during execution of mounted hook 
  at <GeneralSection key=0 > 
  at <SettingsView key=0 > 
  at <BaseTransition appear=false persisted=true mode=undefined  ... > 
  at <Transition name="view-fade" persisted="" > 
  at <HomeWindow> @ http://localhost:1420/node_modules/.vite/deps/vue.js?v=318df923:2231
[ 8163360ms] [VERBOSE] [DOM] Password field is not contained in a form: (More info: https://goo.gl/9p2vKq) %o @ http://localhost:1420/home.html:0
[ 8163366ms] TypeError: Cannot read properties of undefined (reading 'transformCallback')
    at transformCallback (http://localhost:1420/node_modules/.vite/deps/chunk-G7S6KQDI.js?v=318df923:22:37)
    at listen (http://localhost:1420/node_modules/.vite/deps/chunk-7FCLUC5I.js?v=318df923:39:14)
    at onBrainEvent (http://localhost:1420/src/services/brainClient.ts:299:10)
    at http://localhost:1420/src/lib/home/home-panel-run.ts:12:12
    at new Promise (<anonymous>)
    at runPanelAction (http://localhost:1420/src/lib/home/home-panel-run.ts:6:18)
    at http://localhost:1420/src/views/plugins/CapabilityHome.vue:25:25
    at http://localhost:1420/node_modules/.vite/deps/vue.js?v=318df923:5342:40
    at callWithErrorHandling (http://localhost:1420/node_modules/.vite/deps/vue.js?v=318df923:2379:19)
    at callWithAsyncErrorHandling (http://localhost:1420/node_modules/.vite/deps/vue.js?v=318df923:2386:17)
[ 8163367ms] TypeError: Cannot read properties of undefined (reading 'transformCallback')
    at transformCallback (http://localhost:1420/node_modules/.vite/deps/chunk-G7S6KQDI.js?v=318df923:22:37)
    at listen (http://localhost:1420/node_modules/.vite/deps/chunk-7FCLUC5I.js?v=318df923:39:14)
    at once (http://localhost:1420/node_modules/.vite/deps/chunk-7FCLUC5I.js?v=318df923:45:10)
    at http://localhost:1420/src/services/brainClient.ts:20:10
    at new Promise (<anonymous>)
    at onceWithTimeout (http://localhost:1420/src/services/brainClient.ts:19:16)
    at getSettingsOnce (http://localhost:1420/src/services/brainClient.ts:245:19)
    at http://localhost:1420/src/views/HomeDayTitle.vue?t=1788070913325:19:30
    at http://localhost:1420/node_modules/.vite/deps/vue.js?v=318df923:5342:40
    at callWithErrorHandling (http://localhost:1420/node_modules/.vite/deps/vue.js?v=318df923:2379:19)
[ 8163367ms] TypeError: Cannot read properties of undefined (reading 'transformCallback')
    at transformCallback (http://localhost:1420/node_modules/.vite/deps/chunk-G7S6KQDI.js?v=318df923:22:37)
    at listen (http://localhost:1420/node_modules/.vite/deps/chunk-7FCLUC5I.js?v=318df923:39:14)
    at once (http://localhost:1420/node_modules/.vite/deps/chunk-7FCLUC5I.js?v=318df923:45:10)
    at http://localhost:1420/src/services/brainClient.ts:20:10
    at new Promise (<anonymous>)
    at onceWithTimeout (http://localhost:1420/src/services/brainClient.ts:19:16)
    at getWidgetsOnce (http://localhost:1420/src/services/brainClient.ts:198:10)
    at refresh (http://localhost:1420/src/views/HomeFloatNotes.vue?t=1788078159546:51:30)
    at http://localhost:1420/src/views/HomeFloatNotes.vue?t=1788078159546:57:13
    at http://localhost:1420/node_modules/.vite/deps/vue.js?v=318df923:5342:40
[ 8163367ms] TypeError: Cannot read properties of undefined (reading 'transformCallback')
    at transformCallback (http://localhost:1420/node_modules/.vite/deps/chunk-G7S6KQDI.js?v=318df923:22:37)
    at listen (http://localhost:1420/node_modules/.vite/deps/chunk-7FCLUC5I.js?v=318df923:39:14)
    at once (http://localhost:1420/node_modules/.vite/deps/chunk-7FCLUC5I.js?v=318df923:45:10)
    at http://localhost:1420/src/services/brainClient.ts:20:10
    at new Promise (<anonymous>)
    at onceWithTimeout (http://localhost:1420/src/services/brainClient.ts:19:16)
    at getFeedOnce (http://localhost:1420/src/services/brainClient.ts:150:10)
    at http://localhost:1420/src/views/HomeTodayPanel.vue?t=1788070812924:17:28
    at http://localhost:1420/node_modules/.vite/deps/vue.js?v=318df923:5342:40
    at callWithErrorHandling (http://localhost:1420/node_modules/.vite/deps/vue.js?v=318df923:2379:19)
[ 8163367ms] TypeError: Cannot read properties of undefined (reading 'transformCallback')
    at transformCallback (http://localhost:1420/node_modules/.vite/deps/chunk-G7S6KQDI.js?v=318df923:22:37)
    at listen (http://localhost:1420/node_modules/.vite/deps/chunk-7FCLUC5I.js?v=318df923:39:14)
    at once (http://localhost:1420/node_modules/.vite/deps/chunk-7FCLUC5I.js?v=318df923:45:10)
    at http://localhost:1420/src/services/brainClient.ts:20:10
    at new Promise (<anonymous>)
    at onceWithTimeout (http://localhost:1420/src/services/brainClient.ts:19:16)
    at getWidgetsOnce (http://localhost:1420/src/services/brainClient.ts:198:10)
    at http://localhost:1420/src/views/HomeRemindCard.vue?t=1788087682522:16:25
    at http://localhost:1420/node_modules/.vite/deps/vue.js?v=318df923:5342:40
    at callWithErrorHandling (http://localhost:1420/node_modules/.vite/deps/vue.js?v=318df923:2379:19)
[ 8163367ms] TypeError: Cannot read properties of undefined (reading 'transformCallback')
    at transformCallback (http://localhost:1420/node_modules/.vite/deps/chunk-G7S6KQDI.js?v=318df923:22:37)
    at listen (http://localhost:1420/node_modules/.vite/deps/chunk-7FCLUC5I.js?v=318df923:39:14)
    at once (http://localhost:1420/node_modules/.vite/deps/chunk-7FCLUC5I.js?v=318df923:45:10)
    at http://localhost:1420/src/services/brainClient.ts:20:10
    at new Promise (<anonymous>)
    at onceWithTimeout (http://localhost:1420/src/services/brainClient.ts:19:16)
    at getFeedOnce (http://localhost:1420/src/services/brainClient.ts:150:10)
    at http://localhost:1420/src/views/chat/HorizonBar.vue?t=1788076324598:26:28
    at http://localhost:1420/node_modules/.vite/deps/vue.js?v=318df923:5342:40
    at callWithErrorHandling (http://localhost:1420/node_modules/.vite/deps/vue.js?v=318df923:2379:19)
[ 8163367ms] TypeError: Cannot read properties of undefined (reading 'transformCallback')
    at transformCallback (http://localhost:1420/node_modules/.vite/deps/chunk-G7S6KQDI.js?v=318df923:22:37)
    at listen (http://localhost:1420/node_modules/.vite/deps/chunk-7FCLUC5I.js?v=318df923:39:14)
    at onBrainEvent (http://localhost:1420/src/services/brainClient.ts:299:10)
    at http://localhost:1420/src/views/CapabilityConversationRail.vue:178:24
[ 8163367ms] TypeError: Cannot read properties of undefined (reading 'transformCallback')
    at transformCallback (http://localhost:1420/node_modules/.vite/deps/chunk-G7S6KQDI.js?v=318df923:22:37)
    at listen (http://localhost:1420/node_modules/.vite/deps/chunk-7FCLUC5I.js?v=318df923:39:14)
    at once (http://localhost:1420/node_modules/.vite/deps/chunk-7FCLUC5I.js?v=318df923:45:10)
    at http://localhost:1420/src/services/brainClient.ts:20:10
    at new Promise (<anonymous>)
    at onceWithTimeout (http://localhost:1420/src/services/brainClient.ts:19:16)
    at getPerceptionOnce (http://localhost:1420/src/services/brainClient.ts:274:10)
    at loadPerception (http://localhost:1420/src/views/settings/DataView.vue:34:23)
    at http://localhost:1420/src/views/settings/DataView.vue:182:12
    at http://localhost:1420/node_modules/.vite/deps/vue.js?v=318df923:5342:40
[ 8163367ms] TypeError: Cannot read properties of undefined (reading 'transformCallback')
    at transformCallback (http://localhost:1420/node_modules/.vite/deps/chunk-G7S6KQDI.js?v=318df923:22:37)
    at listen (http://localhost:1420/node_modules/.vite/deps/chunk-7FCLUC5I.js?v=318df923:39:14)
    at once (http://localhost:1420/node_modules/.vite/deps/chunk-7FCLUC5I.js?v=318df923:45:10)
    at http://localhost:1420/src/services/brainClient.ts:20:10
    at new Promise (<anonymous>)
    at onceWithTimeout (http://localhost:1420/src/services/brainClient.ts:19:16)
    at getMemListOnce (http://localhost:1420/src/services/brainClient.ts:216:10)
    at loadMem (http://localhost:1420/src/views/settings/DataView.vue:116:23)
    at http://localhost:1420/src/views/settings/DataView.vue:183:12
    at http://localhost:1420/node_modules/.vite/deps/vue.js?v=318df923:5342:40
[ 8163367ms] TypeError: Cannot read properties of undefined (reading 'transformCallback')
    at transformCallback (http://localhost:1420/node_modules/.vite/deps/chunk-G7S6KQDI.js?v=318df923:22:37)
    at listen (http://localhost:1420/node_modules/.vite/deps/chunk-7FCLUC5I.js?v=318df923:39:14)
    at once (http://localhost:1420/node_modules/.vite/deps/chunk-7FCLUC5I.js?v=318df923:45:10)
    at http://localhost:1420/src/services/brainClient.ts:20:10
    at new Promise (<anonymous>)
    at onceWithTimeout (http://localhost:1420/src/services/brainClient.ts:19:16)
    at getSettingsOnce (http://localhost:1420/src/services/brainClient.ts:245:19)
    at http://localhost:1420/src/views/settings/DataView.vue:184:12
    at http://localhost:1420/node_modules/.vite/deps/vue.js?v=318df923:5342:40
    at callWithErrorHandling (http://localhost:1420/node_modules/.vite/deps/vue.js?v=318df923:2379:19)
[ 8163367ms] TypeError: Cannot read properties of undefined (reading 'transformCallback')
    at transformCallback (http://localhost:1420/node_modules/.vite/deps/chunk-G7S6KQDI.js?v=318df923:22:37)
    at listen (http://localhost:1420/node_modules/.vite/deps/chunk-7FCLUC5I.js?v=318df923:39:14)
    at onBrainStatus (http://localhost:1420/src/services/brainClient.ts:305:10)
    at http://localhost:1420/src/views/settings/GeneralSection.vue?t=1788087682522:273:30
[ 8163367ms] TypeError: Cannot read properties of undefined (reading 'transformCallback')
    at transformCallback (http://localhost:1420/node_modules/.vite/deps/chunk-G7S6KQDI.js?v=318df923:22:37)
    at listen (http://localhost:1420/node_modules/.vite/deps/chunk-7FCLUC5I.js?v=318df923:39:14)
    at once (http://localhost:1420/node_modules/.vite/deps/chunk-7FCLUC5I.js?v=318df923:45:10)
    at http://localhost:1420/src/services/brainClient.ts:20:10
    at new Promise (<anonymous>)
    at onceWithTimeout (http://localhost:1420/src/services/brainClient.ts:19:16)
    at getSettingsOnce (http://localhost:1420/src/services/brainClient.ts:245:19)
    at http://localhost:1420/src/views/settings/GeneralSection.vue?t=1788087682522:262:12
[ 8163367ms] TypeError: Cannot read properties of undefined (reading 'transformCallback')
    at transformCallback (http://localhost:1420/node_modules/.vite/deps/chunk-G7S6KQDI.js?v=318df923:22:37)
    at listen (http://localhost:1420/node_modules/.vite/deps/chunk-7FCLUC5I.js?v=318df923:39:14)
    at once (http://localhost:1420/node_modules/.vite/deps/chunk-7FCLUC5I.js?v=318df923:45:10)
    at http://localhost:1420/src/services/brainClient.ts:20:10
    at new Promise (<anonymous>)
    at onceWithTimeout (http://localhost:1420/src/services/brainClient.ts:19:16)
    at getHttpPairInfoOnce (http://localhost:1420/src/services/brainClient.ts:266:10)
    at refreshPair (http://localhost:1420/src/views/settings/GeneralSection.vue?t=1788087682522:149:29)
    at http://localhost:1420/src/views/settings/GeneralSection.vue?t=1788087682522:272:12
[ 8163366ms] [WARNING] [Vue warn]: Unhandled error during execution of mounted hook 
  at <HomeChat key=0 draft=undefined workstation=null  ... > 
  at <BaseTransition appear=false persisted=true mode=undefined  ... > 
  at <Transition name="view-fade" persisted="" > 
  at <HomeWindow> @ http://localhost:1420/node_modules/.vite/deps/vue.js?v=318df923:2231
[ 8163367ms] TypeError: Cannot read properties of undefined (reading 'transformCallback')
    at transformCallback (http://localhost:1420/node_modules/.vite/deps/chunk-G7S6KQDI.js?v=318df923:22:37)
    at listen (http://localhost:1420/node_modules/.vite/deps/chunk-7FCLUC5I.js?v=318df923:39:14)
    at onBrainEvent (http://localhost:1420/src/services/brainClient.ts:299:10)
    at http://localhost:1420/src/views/chat/HomeChat.vue?t=1788087682522:625:24
[ 8163969ms] [WARNING] [Vue warn]: Unhandled error during execution of mounted hook 
  at <CapabilityConversationRail surface=null active=false onClose=fn<hideSurface>  ... > 
  at <BaseTransition appear=false persisted=true mode=undefined  ... > 
  at <Transition name="scene-rail" persisted="" > 
  at <HomeWindow> @ http://localhost:1420/node_modules/.vite/deps/vue.js?v=318df923:2231
[ 8163969ms] [WARNING] [Vue warn]: Unhandled error during execution of mounted hook 
  at <GeneralSection key=0 > 
  at <SettingsView key=0 > 
  at <BaseTransition appear=false persisted=true mode=undefined  ... > 
  at <Transition name="view-fade" persisted="" > 
  at <HomeWindow> @ http://localhost:1420/node_modules/.vite/deps/vue.js?v=318df923:2231
[ 8163972ms] [VERBOSE] [DOM] Password field is not contained in a form: (More info: https://goo.gl/9p2vKq) %o @ http://localhost:1420/home.html:0
[ 8163977ms] TypeError: Cannot read properties of undefined (reading 'transformCallback')
    at transformCallback (http://localhost:1420/node_modules/.vite/deps/chunk-G7S6KQDI.js?v=318df923:22:37)
    at listen (http://localhost:1420/node_modules/.vite/deps/chunk-7FCLUC5I.js?v=318df923:39:14)
    at onBrainEvent (http://localhost:1420/src/services/brainClient.ts:299:10)
    at http://localhost:1420/src/lib/home/home-panel-run.ts:12:12
    at new Promise (<anonymous>)
    at runPanelAction (http://localhost:1420/src/lib/home/home-panel-run.ts:6:18)
    at http://localhost:1420/src/views/plugins/CapabilityHome.vue:25:25
    at http://localhost:1420/node_modules/.vite/deps/vue.js?v=318df923:5342:40
    at callWithErrorHandling (http://localhost:1420/node_modules/.vite/deps/vue.js?v=318df923:2379:19)
    at callWithAsyncErrorHandling (http://localhost:1420/node_modules/.vite/deps/vue.js?v=318df923:2386:17)
[ 8163977ms] TypeError: Cannot read properties of undefined (reading 'transformCallback')
    at transformCallback (http://localhost:1420/node_modules/.vite/deps/chunk-G7S6KQDI.js?v=318df923:22:37)
    at listen (http://localhost:1420/node_modules/.vite/deps/chunk-7FCLUC5I.js?v=318df923:39:14)
    at once (http://localhost:1420/node_modules/.vite/deps/chunk-7FCLUC5I.js?v=318df923:45:10)
    at http://localhost:1420/src/services/brainClient.ts:20:10
    at new Promise (<anonymous>)
    at onceWithTimeout (http://localhost:1420/src/services/brainClient.ts:19:16)
    at getSettingsOnce (http://localhost:1420/src/services/brainClient.ts:245:19)
    at http://localhost:1420/src/views/HomeDayTitle.vue?t=1788070913325:19:30
    at http://localhost:1420/node_modules/.vite/deps/vue.js?v=318df923:5342:40
    at callWithErrorHandling (http://localhost:1420/node_modules/.vite/deps/vue.js?v=318df923:2379:19)
[ 8163977ms] TypeError: Cannot read properties of undefined (reading 'transformCallback')
    at transformCallback (http://localhost:1420/node_modules/.vite/deps/chunk-G7S6KQDI.js?v=318df923:22:37)
    at listen (http://localhost:1420/node_modules/.vite/deps/chunk-7FCLUC5I.js?v=318df923:39:14)
    at once (http://localhost:1420/node_modules/.vite/deps/chunk-7FCLUC5I.js?v=318df923:45:10)
    at http://localhost:1420/src/services/brainClient.ts:20:10
    at new Promise (<anonymous>)
    at onceWithTimeout (http://localhost:1420/src/services/brainClient.ts:19:16)
    at getWidgetsOnce (http://localhost:1420/src/services/brainClient.ts:198:10)
    at refresh (http://localhost:1420/src/views/HomeFloatNotes.vue?t=1788078159546:51:30)
    at http://localhost:1420/src/views/HomeFloatNotes.vue?t=1788078159546:57:13
    at http://localhost:1420/node_modules/.vite/deps/vue.js?v=318df923:5342:40
[ 8163977ms] TypeError: Cannot read properties of undefined (reading 'transformCallback')
    at transformCallback (http://localhost:1420/node_modules/.vite/deps/chunk-G7S6KQDI.js?v=318df923:22:37)
    at listen (http://localhost:1420/node_modules/.vite/deps/chunk-7FCLUC5I.js?v=318df923:39:14)
    at once (http://localhost:1420/node_modules/.vite/deps/chunk-7FCLUC5I.js?v=318df923:45:10)
    at http://localhost:1420/src/services/brainClient.ts:20:10
    at new Promise (<anonymous>)
    at onceWithTimeout (http://localhost:1420/src/services/brainClient.ts:19:16)
    at getFeedOnce (http://localhost:1420/src/services/brainClient.ts:150:10)
    at http://localhost:1420/src/views/HomeTodayPanel.vue?t=1788070812924:17:28
    at http://localhost:1420/node_modules/.vite/deps/vue.js?v=318df923:5342:40
    at callWithErrorHandling (http://localhost:1420/node_modules/.vite/deps/vue.js?v=318df923:2379:19)
[ 8163977ms] TypeError: Cannot read properties of undefined (reading 'transformCallback')
    at transformCallback (http://localhost:1420/node_modules/.vite/deps/chunk-G7S6KQDI.js?v=318df923:22:37)
    at listen (http://localhost:1420/node_modules/.vite/deps/chunk-7FCLUC5I.js?v=318df923:39:14)
    at once (http://localhost:1420/node_modules/.vite/deps/chunk-7FCLUC5I.js?v=318df923:45:10)
    at http://localhost:1420/src/services/brainClient.ts:20:10
    at new Promise (<anonymous>)
    at onceWithTimeout (http://localhost:1420/src/services/brainClient.ts:19:16)
    at getWidgetsOnce (http://localhost:1420/src/services/brainClient.ts:198:10)
    at http://localhost:1420/src/views/HomeRemindCard.vue?t=1788087683168:16:25
    at http://localhost:1420/node_modules/.vite/deps/vue.js?v=318df923:5342:40
    at callWithErrorHandling (http://localhost:1420/node_modules/.vite/deps/vue.js?v=318df923:2379:19)
[ 8163977ms] TypeError: Cannot read properties of undefined (reading 'transformCallback')
    at transformCallback (http://localhost:1420/node_modules/.vite/deps/chunk-G7S6KQDI.js?v=318df923:22:37)
    at listen (http://localhost:1420/node_modules/.vite/deps/chunk-7FCLUC5I.js?v=318df923:39:14)
    at once (http://localhost:1420/node_modules/.vite/deps/chunk-7FCLUC5I.js?v=318df923:45:10)
    at http://localhost:1420/src/services/brainClient.ts:20:10
    at new Promise (<anonymous>)
    at onceWithTimeout (http://localhost:1420/src/services/brainClient.ts:19:16)
    at getFeedOnce (http://localhost:1420/src/services/brainClient.ts:150:10)
    at http://localhost:1420/src/views/chat/HorizonBar.vue?t=1788076324598:26:28
    at http://localhost:1420/node_modules/.vite/deps/vue.js?v=318df923:5342:40
    at callWithErrorHandling (http://localhost:1420/node_modules/.vite/deps/vue.js?v=318df923:2379:19)
[ 8163977ms] TypeError: Cannot read properties of undefined (reading 'transformCallback')
    at transformCallback (http://localhost:1420/node_modules/.vite/deps/chunk-G7S6KQDI.js?v=318df923:22:37)
    at listen (http://localhost:1420/node_modules/.vite/deps/chunk-7FCLUC5I.js?v=318df923:39:14)
    at onBrainEvent (http://localhost:1420/src/services/brainClient.ts:299:10)
    at http://localhost:1420/src/views/CapabilityConversationRail.vue:178:24
[ 8163977ms] TypeError: Cannot read properties of undefined (reading 'transformCallback')
    at transformCallback (http://localhost:1420/node_modules/.vite/deps/chunk-G7S6KQDI.js?v=318df923:22:37)
    at listen (http://localhost:1420/node_modules/.vite/deps/chunk-7FCLUC5I.js?v=318df923:39:14)
    at once (http://localhost:1420/node_modules/.vite/deps/chunk-7FCLUC5I.js?v=318df923:45:10)
    at http://localhost:1420/src/services/brainClient.ts:20:10
    at new Promise (<anonymous>)
    at onceWithTimeout (http://localhost:1420/src/services/brainClient.ts:19:16)
    at getPerceptionOnce (http://localhost:1420/src/services/brainClient.ts:274:10)
    at loadPerception (http://localhost:1420/src/views/settings/DataView.vue:34:23)
    at http://localhost:1420/src/views/settings/DataView.vue:182:12
    at http://localhost:1420/node_modules/.vite/deps/vue.js?v=318df923:5342:40
[ 8163977ms] TypeError: Cannot read properties of undefined (reading 'transformCallback')
    at transformCallback (http://localhost:1420/node_modules/.vite/deps/chunk-G7S6KQDI.js?v=318df923:22:37)
    at listen (http://localhost:1420/node_modules/.vite/deps/chunk-7FCLUC5I.js?v=318df923:39:14)
    at once (http://localhost:1420/node_modules/.vite/deps/chunk-7FCLUC5I.js?v=318df923:45:10)
    at http://localhost:1420/src/services/brainClient.ts:20:10
    at new Promise (<anonymous>)
    at onceWithTimeout (http://localhost:1420/src/services/brainClient.ts:19:16)
    at getMemListOnce (http://localhost:1420/src/services/brainClient.ts:216:10)
    at loadMem (http://localhost:1420/src/views/settings/DataView.vue:116:23)
    at http://localhost:1420/src/views/settings/DataView.vue:183:12
    at http://localhost:1420/node_modules/.vite/deps/vue.js?v=318df923:5342:40
[ 8163977ms] TypeError: Cannot read properties of undefined (reading 'transformCallback')
    at transformCallback (http://localhost:1420/node_modules/.vite/deps/chunk-G7S6KQDI.js?v=318df923:22:37)
    at listen (http://localhost:1420/node_modules/.vite/deps/chunk-7FCLUC5I.js?v=318df923:39:14)
    at once (http://localhost:1420/node_modules/.vite/deps/chunk-7FCLUC5I.js?v=318df923:45:10)
    at http://localhost:1420/src/services/brainClient.ts:20:10
    at new Promise (<anonymous>)
    at onceWithTimeout (http://localhost:1420/src/services/brainClient.ts:19:16)
    at getSettingsOnce (http://localhost:1420/src/services/brainClient.ts:245:19)
    at http://localhost:1420/src/views/settings/DataView.vue:184:12
    at http://localhost:1420/node_modules/.vite/deps/vue.js?v=318df923:5342:40
    at callWithErrorHandling (http://localhost:1420/node_modules/.vite/deps/vue.js?v=318df923:2379:19)
[ 8163977ms] TypeError: Cannot read properties of undefined (reading 'transformCallback')
    at transformCallback (http://localhost:1420/node_modules/.vite/deps/chunk-G7S6KQDI.js?v=318df923:22:37)
    at listen (http://localhost:1420/node_modules/.vite/deps/chunk-7FCLUC5I.js?v=318df923:39:14)
    at onBrainStatus (http://localhost:1420/src/services/brainClient.ts:305:10)
    at http://localhost:1420/src/views/settings/GeneralSection.vue?t=1788087683168:273:30
[ 8163977ms] TypeError: Cannot read properties of undefined (reading 'transformCallback')
    at transformCallback (http://localhost:1420/node_modules/.vite/deps/chunk-G7S6KQDI.js?v=318df923:22:37)
    at listen (http://localhost:1420/node_modules/.vite/deps/chunk-7FCLUC5I.js?v=318df923:39:14)
    at once (http://localhost:1420/node_modules/.vite/deps/chunk-7FCLUC5I.js?v=318df923:45:10)
    at http://localhost:1420/src/services/brainClient.ts:20:10
    at new Promise (<anonymous>)
    at onceWithTimeout (http://localhost:1420/src/services/brainClient.ts:19:16)
    at getSettingsOnce (http://localhost:1420/src/services/brainClient.ts:245:19)
    at http://localhost:1420/src/views/settings/GeneralSection.vue?t=1788087683168:262:12
[ 8163977ms] TypeError: Cannot read properties of undefined (reading 'transformCallback')
    at transformCallback (http://localhost:1420/node_modules/.vite/deps/chunk-G7S6KQDI.js?v=318df923:22:37)
    at listen (http://localhost:1420/node_modules/.vite/deps/chunk-7FCLUC5I.js?v=318df923:39:14)
    at once (http://localhost:1420/node_modules/.vite/deps/chunk-7FCLUC5I.js?v=318df923:45:10)
    at http://localhost:1420/src/services/brainClient.ts:20:10
    at new Promise (<anonymous>)
    at onceWithTimeout (http://localhost:1420/src/services/brainClient.ts:19:16)
    at getHttpPairInfoOnce (http://localhost:1420/src/services/brainClient.ts:266:10)
    at refreshPair (http://localhost:1420/src/views/settings/GeneralSection.vue?t=1788087683168:149:29)
    at http://localhost:1420/src/views/settings/GeneralSection.vue?t=1788087683168:272:12
[ 8163977ms] [WARNING] [Vue warn]: Unhandled error during execution of mounted hook 
  at <HomeChat key=0 draft=undefined workstation=null  ... > 
  at <BaseTransition appear=false persisted=true mode=undefined  ... > 
  at <Transition name="view-fade" persisted="" > 
  at <HomeWindow> @ http://localhost:1420/node_modules/.vite/deps/vue.js?v=318df923:2231
[ 8163979ms] TypeError: Cannot read properties of undefined (reading 'transformCallback')
    at transformCallback (http://localhost:1420/node_modules/.vite/deps/chunk-G7S6KQDI.js?v=318df923:22:37)
    at listen (http://localhost:1420/node_modules/.vite/deps/chunk-7FCLUC5I.js?v=318df923:39:14)
    at onBrainEvent (http://localhost:1420/src/services/brainClient.ts:299:10)
    at http://localhost:1420/src/views/chat/HomeChat.vue?t=1788087683168:625:24
[ 8165567ms] [WARNING] [Vue warn]: Unhandled error during execution of mounted hook 
  at <CapabilityConversationRail surface=null active=false onClose=fn<hideSurface>  ... > 
  at <BaseTransition appear=false persisted=true mode=undefined  ... > 
  at <Transition name="scene-rail" persisted="" > 
  at <HomeWindow> @ http://localhost:1420/node_modules/.vite/deps/vue.js?v=318df923:2231
[ 8165568ms] [WARNING] [Vue warn]: Unhandled error during execution of mounted hook 
  at <GeneralSection key=0 > 
  at <SettingsView key=0 > 
  at <BaseTransition appear=false persisted=true mode=undefined  ... > 
  at <Transition name="view-fade" persisted="" > 
  at <HomeWindow> @ http://localhost:1420/node_modules/.vite/deps/vue.js?v=318df923:2231
[ 8165571ms] [VERBOSE] [DOM] Password field is not contained in a form: (More info: https://goo.gl/9p2vKq) %o @ http://localhost:1420/home.html:0
[ 8165578ms] TypeError: Cannot read properties of undefined (reading 'transformCallback')
    at transformCallback (http://localhost:1420/node_modules/.vite/deps/chunk-G7S6KQDI.js?v=318df923:22:37)
    at listen (http://localhost:1420/node_modules/.vite/deps/chunk-7FCLUC5I.js?v=318df923:39:14)
    at onBrainEvent (http://localhost:1420/src/services/brainClient.ts:299:10)
    at http://localhost:1420/src/lib/home/home-panel-run.ts:12:12
    at new Promise (<anonymous>)
    at runPanelAction (http://localhost:1420/src/lib/home/home-panel-run.ts:6:18)
    at http://localhost:1420/src/views/plugins/CapabilityHome.vue:25:25
    at http://localhost:1420/node_modules/.vite/deps/vue.js?v=318df923:5342:40
    at callWithErrorHandling (http://localhost:1420/node_modules/.vite/deps/vue.js?v=318df923:2379:19)
    at callWithAsyncErrorHandling (http://localhost:1420/node_modules/.vite/deps/vue.js?v=318df923:2386:17)
[ 8165579ms] TypeError: Cannot read properties of undefined (reading 'transformCallback')
    at transformCallback (http://localhost:1420/node_modules/.vite/deps/chunk-G7S6KQDI.js?v=318df923:22:37)
    at listen (http://localhost:1420/node_modules/.vite/deps/chunk-7FCLUC5I.js?v=318df923:39:14)
    at once (http://localhost:1420/node_modules/.vite/deps/chunk-7FCLUC5I.js?v=318df923:45:10)
    at http://localhost:1420/src/services/brainClient.ts:20:10
    at new Promise (<anonymous>)
    at onceWithTimeout (http://localhost:1420/src/services/brainClient.ts:19:16)
    at getSettingsOnce (http://localhost:1420/src/services/brainClient.ts:245:19)
    at http://localhost:1420/src/views/HomeDayTitle.vue?t=1788070913325:19:30
    at http://localhost:1420/node_modules/.vite/deps/vue.js?v=318df923:5342:40
    at callWithErrorHandling (http://localhost:1420/node_modules/.vite/deps/vue.js?v=318df923:2379:19)
[ 8165579ms] TypeError: Cannot read properties of undefined (reading 'transformCallback')
    at transformCallback (http://localhost:1420/node_modules/.vite/deps/chunk-G7S6KQDI.js?v=318df923:22:37)
    at listen (http://localhost:1420/node_modules/.vite/deps/chunk-7FCLUC5I.js?v=318df923:39:14)
    at once (http://localhost:1420/node_modules/.vite/deps/chunk-7FCLUC5I.js?v=318df923:45:10)
    at http://localhost:1420/src/services/brainClient.ts:20:10
    at new Promise (<anonymous>)
    at onceWithTimeout (http://localhost:1420/src/services/brainClient.ts:19:16)
    at getWidgetsOnce (http://localhost:1420/src/services/brainClient.ts:198:10)
    at refresh (http://localhost:1420/src/views/HomeFloatNotes.vue?t=1788078159546:51:30)
    at http://localhost:1420/src/views/HomeFloatNotes.vue?t=1788078159546:57:13
    at http://localhost:1420/node_modules/.vite/deps/vue.js?v=318df923:5342:40
[ 8165579ms] TypeError: Cannot read properties of undefined (reading 'transformCallback')
    at transformCallback (http://localhost:1420/node_modules/.vite/deps/chunk-G7S6KQDI.js?v=318df923:22:37)
    at listen (http://localhost:1420/node_modules/.vite/deps/chunk-7FCLUC5I.js?v=318df923:39:14)
    at once (http://localhost:1420/node_modules/.vite/deps/chunk-7FCLUC5I.js?v=318df923:45:10)
    at http://localhost:1420/src/services/brainClient.ts:20:10
    at new Promise (<anonymous>)
    at onceWithTimeout (http://localhost:1420/src/services/brainClient.ts:19:16)
    at getFeedOnce (http://localhost:1420/src/services/brainClient.ts:150:10)
    at http://localhost:1420/src/views/HomeTodayPanel.vue?t=1788070812924:17:28
    at http://localhost:1420/node_modules/.vite/deps/vue.js?v=318df923:5342:40
    at callWithErrorHandling (http://localhost:1420/node_modules/.vite/deps/vue.js?v=318df923:2379:19)
[ 8165579ms] TypeError: Cannot read properties of undefined (reading 'transformCallback')
    at transformCallback (http://localhost:1420/node_modules/.vite/deps/chunk-G7S6KQDI.js?v=318df923:22:37)
    at listen (http://localhost:1420/node_modules/.vite/deps/chunk-7FCLUC5I.js?v=318df923:39:14)
    at once (http://localhost:1420/node_modules/.vite/deps/chunk-7FCLUC5I.js?v=318df923:45:10)
    at http://localhost:1420/src/services/brainClient.ts:20:10
    at new Promise (<anonymous>)
    at onceWithTimeout (http://localhost:1420/src/services/brainClient.ts:19:16)
    at getWidgetsOnce (http://localhost:1420/src/services/brainClient.ts:198:10)
    at http://localhost:1420/src/views/HomeRemindCard.vue?t=1788087684762:16:25
    at http://localhost:1420/node_modules/.vite/deps/vue.js?v=318df923:5342:40
    at callWithErrorHandling (http://localhost:1420/node_modules/.vite/deps/vue.js?v=318df923:2379:19)
[ 8165579ms] TypeError: Cannot read properties of undefined (reading 'transformCallback')
    at transformCallback (http://localhost:1420/node_modules/.vite/deps/chunk-G7S6KQDI.js?v=318df923:22:37)
    at listen (http://localhost:1420/node_modules/.vite/deps/chunk-7FCLUC5I.js?v=318df923:39:14)
    at once (http://localhost:1420/node_modules/.vite/deps/chunk-7FCLUC5I.js?v=318df923:45:10)
    at http://localhost:1420/src/services/brainClient.ts:20:10
    at new Promise (<anonymous>)
    at onceWithTimeout (http://localhost:1420/src/services/brainClient.ts:19:16)
    at getFeedOnce (http://localhost:1420/src/services/brainClient.ts:150:10)
    at http://localhost:1420/src/views/chat/HorizonBar.vue?t=1788076324598:26:28
    at http://localhost:1420/node_modules/.vite/deps/vue.js?v=318df923:5342:40
    at callWithErrorHandling (http://localhost:1420/node_modules/.vite/deps/vue.js?v=318df923:2379:19)
[ 8165579ms] TypeError: Cannot read properties of undefined (reading 'transformCallback')
    at transformCallback (http://localhost:1420/node_modules/.vite/deps/chunk-G7S6KQDI.js?v=318df923:22:37)
    at listen (http://localhost:1420/node_modules/.vite/deps/chunk-7FCLUC5I.js?v=318df923:39:14)
    at onBrainEvent (http://localhost:1420/src/services/brainClient.ts:299:10)
    at http://localhost:1420/src/views/CapabilityConversationRail.vue:178:24
[ 8165579ms] TypeError: Cannot read properties of undefined (reading 'transformCallback')
    at transformCallback (http://localhost:1420/node_modules/.vite/deps/chunk-G7S6KQDI.js?v=318df923:22:37)
    at listen (http://localhost:1420/node_modules/.vite/deps/chunk-7FCLUC5I.js?v=318df923:39:14)
    at once (http://localhost:1420/node_modules/.vite/deps/chunk-7FCLUC5I.js?v=318df923:45:10)
    at http://localhost:1420/src/services/brainClient.ts:20:10
    at new Promise (<anonymous>)
    at onceWithTimeout (http://localhost:1420/src/services/brainClient.ts:19:16)
    at getPerceptionOnce (http://localhost:1420/src/services/brainClient.ts:274:10)
    at loadPerception (http://localhost:1420/src/views/settings/DataView.vue:34:23)
    at http://localhost:1420/src/views/settings/DataView.vue:182:12
    at http://localhost:1420/node_modules/.vite/deps/vue.js?v=318df923:5342:40
[ 8165579ms] TypeError: Cannot read properties of undefined (reading 'transformCallback')
    at transformCallback (http://localhost:1420/node_modules/.vite/deps/chunk-G7S6KQDI.js?v=318df923:22:37)
    at listen (http://localhost:1420/node_modules/.vite/deps/chunk-7FCLUC5I.js?v=318df923:39:14)
    at once (http://localhost:1420/node_modules/.vite/deps/chunk-7FCLUC5I.js?v=318df923:45:10)
    at http://localhost:1420/src/services/brainClient.ts:20:10
    at new Promise (<anonymous>)
    at onceWithTimeout (http://localhost:1420/src/services/brainClient.ts:19:16)
    at getMemListOnce (http://localhost:1420/src/services/brainClient.ts:216:10)
    at loadMem (http://localhost:1420/src/views/settings/DataView.vue:116:23)
    at http://localhost:1420/src/views/settings/DataView.vue:183:12
    at http://localhost:1420/node_modules/.vite/deps/vue.js?v=318df923:5342:40
[ 8165579ms] TypeError: Cannot read properties of undefined (reading 'transformCallback')
    at transformCallback (http://localhost:1420/node_modules/.vite/deps/chunk-G7S6KQDI.js?v=318df923:22:37)
    at listen (http://localhost:1420/node_modules/.vite/deps/chunk-7FCLUC5I.js?v=318df923:39:14)
    at once (http://localhost:1420/node_modules/.vite/deps/chunk-7FCLUC5I.js?v=318df923:45:10)
    at http://localhost:1420/src/services/brainClient.ts:20:10
    at new Promise (<anonymous>)
    at onceWithTimeout (http://localhost:1420/src/services/brainClient.ts:19:16)
    at getSettingsOnce (http://localhost:1420/src/services/brainClient.ts:245:19)
    at http://localhost:1420/src/views/settings/DataView.vue:184:12
    at http://localhost:1420/node_modules/.vite/deps/vue.js?v=318df923:5342:40
    at callWithErrorHandling (http://localhost:1420/node_modules/.vite/deps/vue.js?v=318df923:2379:19)
[ 8165579ms] TypeError: Cannot read properties of undefined (reading 'transformCallback')
    at transformCallback (http://localhost:1420/node_modules/.vite/deps/chunk-G7S6KQDI.js?v=318df923:22:37)
    at listen (http://localhost:1420/node_modules/.vite/deps/chunk-7FCLUC5I.js?v=318df923:39:14)
    at onBrainStatus (http://localhost:1420/src/services/brainClient.ts:305:10)
    at http://localhost:1420/src/views/settings/GeneralSection.vue?t=1788087684762:273:30
[ 8165579ms] TypeError: Cannot read properties of undefined (reading 'transformCallback')
    at transformCallback (http://localhost:1420/node_modules/.vite/deps/chunk-G7S6KQDI.js?v=318df923:22:37)
    at listen (http://localhost:1420/node_modules/.vite/deps/chunk-7FCLUC5I.js?v=318df923:39:14)
    at once (http://localhost:1420/node_modules/.vite/deps/chunk-7FCLUC5I.js?v=318df923:45:10)
    at http://localhost:1420/src/services/brainClient.ts:20:10
    at new Promise (<anonymous>)
    at onceWithTimeout (http://localhost:1420/src/services/brainClient.ts:19:16)
    at getSettingsOnce (http://localhost:1420/src/services/brainClient.ts:245:19)
    at http://localhost:1420/src/views/settings/GeneralSection.vue?t=1788087684762:262:12
[ 8165579ms] TypeError: Cannot read properties of undefined (reading 'transformCallback')
    at transformCallback (http://localhost:1420/node_modules/.vite/deps/chunk-G7S6KQDI.js?v=318df923:22:37)
    at listen (http://localhost:1420/node_modules/.vite/deps/chunk-7FCLUC5I.js?v=318df923:39:14)
    at once (http://localhost:1420/node_modules/.vite/deps/chunk-7FCLUC5I.js?v=318df923:45:10)
    at http://localhost:1420/src/services/brainClient.ts:20:10
    at new Promise (<anonymous>)
    at onceWithTimeout (http://localhost:1420/src/services/brainClient.ts:19:16)
    at getHttpPairInfoOnce (http://localhost:1420/src/services/brainClient.ts:266:10)
    at refreshPair (http://localhost:1420/src/views/settings/GeneralSection.vue?t=1788087684762:149:29)
    at http://localhost:1420/src/views/settings/GeneralSection.vue?t=1788087684762:272:12
[ 8165577ms] [WARNING] [Vue warn]: Unhandled error during execution of mounted hook 
  at <HomeChat key=0 draft=undefined workstation=null  ... > 
  at <BaseTransition appear=false persisted=true mode=undefined  ... > 
  at <Transition name="view-fade" persisted="" > 
  at <HomeWindow> @ http://localhost:1420/node_modules/.vite/deps/vue.js?v=318df923:2231
[ 8165580ms] TypeError: Cannot read properties of undefined (reading 'transformCallback')
    at transformCallback (http://localhost:1420/node_modules/.vite/deps/chunk-G7S6KQDI.js?v=318df923:22:37)
    at listen (http://localhost:1420/node_modules/.vite/deps/chunk-7FCLUC5I.js?v=318df923:39:14)
    at onBrainEvent (http://localhost:1420/src/services/brainClient.ts:299:10)
    at http://localhost:1420/src/views/chat/HomeChat.vue?t=1788087684762:625:24
[ 8168568ms] [WARNING] [Vue warn]: Unhandled error during execution of mounted hook 
  at <HomeTodayPanel state="idle" only="today" onChat=fn<onInfoChat> > 
  at <HomeFrame thinking=false state="idle" peek=false  ... > 
  at <HomeChat key=0 draft=undefined workstation=null  ... > 
  at <BaseTransition appear=false persisted=true mode=undefined  ... > 
  at <Transition name="view-fade" persisted="" > 
  at <HomeWindow> @ http://localhost:1420/node_modules/.vite/deps/vue.js?v=318df923:2231
[ 8168569ms] [WARNING] [Vue warn]: Unhandled error during execution of mounted hook 
  at <HorizonBar state="idle" proc=null shelf=false  ... > 
  at <HomeChat key=0 draft=undefined workstation=null  ... > 
  at <BaseTransition appear=false persisted=true mode=undefined  ... > 
  at <Transition name="view-fade" persisted="" > 
  at <HomeWindow> @ http://localhost:1420/node_modules/.vite/deps/vue.js?v=318df923:2231
[ 8168569ms] TypeError: Cannot read properties of undefined (reading 'transformCallback')
    at transformCallback (http://localhost:1420/node_modules/.vite/deps/chunk-G7S6KQDI.js?v=318df923:22:37)
    at listen (http://localhost:1420/node_modules/.vite/deps/chunk-7FCLUC5I.js?v=318df923:39:14)
    at onFeed (http://localhost:1420/src/services/brainClient.ts:147:10)
    at http://localhost:1420/src/views/HomeTodayPanel.vue?t=1788070812924:21:22
[ 8168569ms] TypeError: Cannot read properties of undefined (reading 'transformCallback')
    at transformCallback (http://localhost:1420/node_modules/.vite/deps/chunk-G7S6KQDI.js?v=318df923:22:37)
    at listen (http://localhost:1420/node_modules/.vite/deps/chunk-7FCLUC5I.js?v=318df923:39:14)
    at once (http://localhost:1420/node_modules/.vite/deps/chunk-7FCLUC5I.js?v=318df923:45:10)
    at http://localhost:1420/src/services/brainClient.ts:20:10
    at new Promise (<anonymous>)
    at onceWithTimeout (http://localhost:1420/src/services/brainClient.ts:19:16)
    at getFeedOnce (http://localhost:1420/src/services/brainClient.ts:150:10)
    at http://localhost:1420/src/views/HomeRemindCard.vue?t=1788087684762:18:25
[ 8168569ms] TypeError: Cannot read properties of undefined (reading 'transformCallback')
    at transformCallback (http://localhost:1420/node_modules/.vite/deps/chunk-G7S6KQDI.js?v=318df923:22:37)
    at listen (http://localhost:1420/node_modules/.vite/deps/chunk-7FCLUC5I.js?v=318df923:39:14)
    at onFeed (http://localhost:1420/src/services/brainClient.ts:147:10)
    at http://localhost:1420/src/views/chat/HorizonBar.vue?t=1788076324598:31:22
[ 8180572ms] TypeError: Cannot read properties of undefined (reading 'transformCallback')
    at transformCallback (http://localhost:1420/node_modules/.vite/deps/chunk-G7S6KQDI.js?v=318df923:22:37)
    at listen (http://localhost:1420/node_modules/.vite/deps/chunk-7FCLUC5I.js?v=318df923:39:14)
    at once (http://localhost:1420/node_modules/.vite/deps/chunk-7FCLUC5I.js?v=318df923:45:10)
    at http://localhost:1420/src/services/brainClient.ts:20:10
    at new Promise (<anonymous>)
    at onceWithTimeout (http://localhost:1420/src/services/brainClient.ts:19:16)
    at getWidgetsOnce (http://localhost:1420/src/services/brainClient.ts:198:10)
    at refresh (http://localhost:1420/src/views/HomeFloatNotes.vue?t=1788078159546:51:30)
    at http://localhost:1420/src/views/HomeFloatNotes.vue?t=1788078159546:59:14
[ 8189685ms] [WARNING] [Vue warn]: Failed to resolve component: HomeShelfStats
If this is a native custom element, make sure to exclude it from component resolution via compilerOptions.isCustomElement. 
  at <HomeChat key=0 draft=undefined workstation=null  ... > 
  at <BaseTransition appear=false persisted=true mode=undefined  ... > 
  at <Transition name="view-fade" persisted="" > 
  at <HomeWindow> @ http://localhost:1420/node_modules/.vite/deps/vue.js?v=318df923:2231
[ 8191112ms] [WARNING] [Vue warn]: Unhandled error during execution of mounted hook 
  at <HomeChat key=0 draft=undefined workstation=null  ... > 
  at <BaseTransition appear=false persisted=true mode=undefined  ... > 
  at <Transition name="view-fade" persisted="" > 
  at <HomeWindow> @ http://localhost:1420/node_modules/.vite/deps/vue.js?v=318df923:2231
[ 8191118ms] TypeError: Cannot read properties of undefined (reading 'transformCallback')
    at transformCallback (http://localhost:1420/node_modules/.vite/deps/chunk-G7S6KQDI.js?v=318df923:22:37)
    at listen (http://localhost:1420/node_modules/.vite/deps/chunk-7FCLUC5I.js?v=318df923:39:14)
    at once (http://localhost:1420/node_modules/.vite/deps/chunk-7FCLUC5I.js?v=318df923:45:10)
    at http://localhost:1420/src/services/brainClient.ts:20:10
    at new Promise (<anonymous>)
    at onceWithTimeout (http://localhost:1420/src/services/brainClient.ts:19:16)
    at getSettingsOnce (http://localhost:1420/src/services/brainClient.ts:245:19)
    at http://localhost:1420/src/views/HomeDayTitle.vue?t=1788070913325:19:30
    at http://localhost:1420/node_modules/.vite/deps/vue.js?v=318df923:5342:40
    at callWithErrorHandling (http://localhost:1420/node_modules/.vite/deps/vue.js?v=318df923:2379:19)
[ 8191119ms] TypeError: Cannot read properties of undefined (reading 'transformCallback')
    at transformCallback (http://localhost:1420/node_modules/.vite/deps/chunk-G7S6KQDI.js?v=318df923:22:37)
    at listen (http://localhost:1420/node_modules/.vite/deps/chunk-7FCLUC5I.js?v=318df923:39:14)
    at once (http://localhost:1420/node_modules/.vite/deps/chunk-7FCLUC5I.js?v=318df923:45:10)
    at http://localhost:1420/src/services/brainClient.ts:20:10
    at new Promise (<anonymous>)
    at onceWithTimeout (http://localhost:1420/src/services/brainClient.ts:19:16)
    at getWidgetsOnce (http://localhost:1420/src/services/brainClient.ts:198:10)
    at refresh (http://localhost:1420/src/views/HomeFloatNotes.vue?t=1788078159546:51:30)
    at http://localhost:1420/src/views/HomeFloatNotes.vue?t=1788078159546:57:13
    at http://localhost:1420/node_modules/.vite/deps/vue.js?v=318df923:5342:40
[ 8191119ms] TypeError: Cannot read properties of undefined (reading 'transformCallback')
    at transformCallback (http://localhost:1420/node_modules/.vite/deps/chunk-G7S6KQDI.js?v=318df923:22:37)
    at listen (http://localhost:1420/node_modules/.vite/deps/chunk-7FCLUC5I.js?v=318df923:39:14)
    at once (http://localhost:1420/node_modules/.vite/deps/chunk-7FCLUC5I.js?v=318df923:45:10)
    at http://localhost:1420/src/services/brainClient.ts:20:10
    at new Promise (<anonymous>)
    at onceWithTimeout (http://localhost:1420/src/services/brainClient.ts:19:16)
    at getFeedOnce (http://localhost:1420/src/services/brainClient.ts:150:10)
    at http://localhost:1420/src/views/HomeTodayPanel.vue?t=1788070812924:17:28
    at http://localhost:1420/node_modules/.vite/deps/vue.js?v=318df923:5342:40
    at callWithErrorHandling (http://localhost:1420/node_modules/.vite/deps/vue.js?v=318df923:2379:19)
[ 8191119ms] TypeError: Cannot read properties of undefined (reading 'transformCallback')
    at transformCallback (http://localhost:1420/node_modules/.vite/deps/chunk-G7S6KQDI.js?v=318df923:22:37)
    at listen (http://localhost:1420/node_modules/.vite/deps/chunk-7FCLUC5I.js?v=318df923:39:14)
    at once (http://localhost:1420/node_modules/.vite/deps/chunk-7FCLUC5I.js?v=318df923:45:10)
    at http://localhost:1420/src/services/brainClient.ts:20:10
    at new Promise (<anonymous>)
    at onceWithTimeout (http://localhost:1420/src/services/brainClient.ts:19:16)
    at getWidgetsOnce (http://localhost:1420/src/services/brainClient.ts:198:10)
    at http://localhost:1420/src/views/HomeRemindCard.vue?t=1788087684762:16:25
    at http://localhost:1420/node_modules/.vite/deps/vue.js?v=318df923:5342:40
    at callWithErrorHandling (http://localhost:1420/node_modules/.vite/deps/vue.js?v=318df923:2379:19)
[ 8191119ms] TypeError: Cannot read properties of undefined (reading 'transformCallback')
    at transformCallback (http://localhost:1420/node_modules/.vite/deps/chunk-G7S6KQDI.js?v=318df923:22:37)
    at listen (http://localhost:1420/node_modules/.vite/deps/chunk-7FCLUC5I.js?v=318df923:39:14)
    at once (http://localhost:1420/node_modules/.vite/deps/chunk-7FCLUC5I.js?v=318df923:45:10)
    at http://localhost:1420/src/services/brainClient.ts:20:10
    at new Promise (<anonymous>)
    at onceWithTimeout (http://localhost:1420/src/services/brainClient.ts:19:16)
    at getWidgetsOnce (http://localhost:1420/src/services/brainClient.ts:198:10)
    at http://localhost:1420/src/views/HomeShelfStats.vue:34:28
    at http://localhost:1420/node_modules/.vite/deps/vue.js?v=318df923:5342:40
    at callWithErrorHandling (http://localhost:1420/node_modules/.vite/deps/vue.js?v=318df923:2379:19)
[ 8191119ms] TypeError: Cannot read properties of undefined (reading 'transformCallback')
    at transformCallback (http://localhost:1420/node_modules/.vite/deps/chunk-G7S6KQDI.js?v=318df923:22:37)
    at listen (http://localhost:1420/node_modules/.vite/deps/chunk-7FCLUC5I.js?v=318df923:39:14)
    at once (http://localhost:1420/node_modules/.vite/deps/chunk-7FCLUC5I.js?v=318df923:45:10)
    at http://localhost:1420/src/services/brainClient.ts:20:10
    at new Promise (<anonymous>)
    at onceWithTimeout (http://localhost:1420/src/services/brainClient.ts:19:16)
    at getFeedOnce (http://localhost:1420/src/services/brainClient.ts:150:10)
    at http://localhost:1420/src/views/chat/HorizonBar.vue?t=1788076324598:26:28
    at http://localhost:1420/node_modules/.vite/deps/vue.js?v=318df923:5342:40
    at callWithErrorHandling (http://localhost:1420/node_modules/.vite/deps/vue.js?v=318df923:2379:19)
[ 8191119ms] TypeError: Cannot read properties of undefined (reading 'transformCallback')
    at transformCallback (http://localhost:1420/node_modules/.vite/deps/chunk-G7S6KQDI.js?v=318df923:22:37)
    at listen (http://localhost:1420/node_modules/.vite/deps/chunk-7FCLUC5I.js?v=318df923:39:14)
    at onBrainEvent (http://localhost:1420/src/services/brainClient.ts:299:10)
    at http://localhost:1420/src/views/chat/HomeChat.vue?t=1788087710473:624:24
[ 8191213ms] [ERROR] Failed to load resource: the server responded with a status of 404 (Not Found) @ http://localhost:1420/src/views/HomeMaterialsStat.vue?t=1788087710607:0
[ 8191213ms] [ERROR] [vite] Failed to reload /src/views/HomeMaterialsStat.vue. This could be due to syntax errors or importing non-existent modules. (see errors above) @ http://localhost:1420/@vite/client:881
[ 8191216ms] [ERROR] Failed to load resource: the server responded with a status of 404 (Not Found) @ http://localhost:1420/src/views/HomeFlashesStat.vue?t=1788087710607:0
[ 8191216ms] [ERROR] [vite] Failed to reload /src/views/HomeFlashesStat.vue. This could be due to syntax errors or importing non-existent modules. (see errors above) @ http://localhost:1420/@vite/client:881
[ 8194112ms] [WARNING] [Vue warn]: Unhandled error during execution of mounted hook 
  at <HomeTodayPanel state="idle" only="today" onChat=fn<onInfoChat> > 
  at <HomeFrame thinking=false state="idle" peek=false  ... > 
  at <HomeChat key=0 draft=undefined workstation=null  ... > 
  at <BaseTransition appear=false persisted=true mode=undefined  ... > 
  at <Transition name="view-fade" persisted="" > 
  at <HomeWindow> @ http://localhost:1420/node_modules/.vite/deps/vue.js?v=318df923:2231
[ 8194113ms] TypeError: Cannot read properties of undefined (reading 'transformCallback')
    at transformCallback (http://localhost:1420/node_modules/.vite/deps/chunk-G7S6KQDI.js?v=318df923:22:37)
    at listen (http://localhost:1420/node_modules/.vite/deps/chunk-7FCLUC5I.js?v=318df923:39:14)
    at onFeed (http://localhost:1420/src/services/brainClient.ts:147:10)
    at http://localhost:1420/src/views/HomeTodayPanel.vue?t=1788070812924:21:22
[ 8194113ms] TypeError: Cannot read properties of undefined (reading 'transformCallback')
    at transformCallback (http://localhost:1420/node_modules/.vite/deps/chunk-G7S6KQDI.js?v=318df923:22:37)
    at listen (http://localhost:1420/node_modules/.vite/deps/chunk-7FCLUC5I.js?v=318df923:39:14)
    at once (http://localhost:1420/node_modules/.vite/deps/chunk-7FCLUC5I.js?v=318df923:45:10)
    at http://localhost:1420/src/services/brainClient.ts:20:10
    at new Promise (<anonymous>)
    at onceWithTimeout (http://localhost:1420/src/services/brainClient.ts:19:16)
    at getFeedOnce (http://localhost:1420/src/services/brainClient.ts:150:10)
    at http://localhost:1420/src/views/HomeRemindCard.vue?t=1788087684762:18:25
[ 8194112ms] [WARNING] [Vue warn]: Unhandled error during execution of mounted hook 
  at <HorizonBar state="idle" proc=null shelf=false  ... > 
  at <HomeChat key=0 draft=undefined workstation=null  ... > 
  at <BaseTransition appear=false persisted=true mode=undefined  ... > 
  at <Transition name="view-fade" persisted="" > 
  at <HomeWindow> @ http://localhost:1420/node_modules/.vite/deps/vue.js?v=318df923:2231
[ 8194113ms] TypeError: Cannot read properties of undefined (reading 'transformCallback')
    at transformCallback (http://localhost:1420/node_modules/.vite/deps/chunk-G7S6KQDI.js?v=318df923:22:37)
    at listen (http://localhost:1420/node_modules/.vite/deps/chunk-7FCLUC5I.js?v=318df923:39:14)
    at onBrainEvent (http://localhost:1420/src/services/brainClient.ts:299:10)
    at http://localhost:1420/src/lib/home/home-panel-run.ts:12:12
    at new Promise (<anonymous>)
    at runPanelAction (http://localhost:1420/src/lib/home/home-panel-run.ts:6:18)
    at refreshMat (http://localhost:1420/src/views/HomeShelfStats.vue:18:28)
    at http://localhost:1420/src/views/HomeShelfStats.vue:42:13
[ 8194113ms] TypeError: Cannot read properties of undefined (reading 'transformCallback')
    at transformCallback (http://localhost:1420/node_modules/.vite/deps/chunk-G7S6KQDI.js?v=318df923:22:37)
    at listen (http://localhost:1420/node_modules/.vite/deps/chunk-7FCLUC5I.js?v=318df923:39:14)
    at onFeed (http://localhost:1420/src/services/brainClient.ts:147:10)
    at http://localhost:1420/src/views/chat/HorizonBar.vue?t=1788076324598:31:22
[ 8206113ms] TypeError: Cannot read properties of undefined (reading 'transformCallback')
    at transformCallback (http://localhost:1420/node_modules/.vite/deps/chunk-G7S6KQDI.js?v=318df923:22:37)
    at listen (http://localhost:1420/node_modules/.vite/deps/chunk-7FCLUC5I.js?v=318df923:39:14)
    at once (http://localhost:1420/node_modules/.vite/deps/chunk-7FCLUC5I.js?v=318df923:45:10)
    at http://localhost:1420/src/services/brainClient.ts:20:10
    at new Promise (<anonymous>)
    at onceWithTimeout (http://localhost:1420/src/services/brainClient.ts:19:16)
    at getWidgetsOnce (http://localhost:1420/src/services/brainClient.ts:198:10)
    at refresh (http://localhost:1420/src/views/HomeFloatNotes.vue?t=1788078159546:51:30)
    at http://localhost:1420/src/views/HomeFloatNotes.vue?t=1788078159546:59:14
[ 8218113ms] TypeError: Cannot read properties of undefined (reading 'transformCallback')
    at transformCallback (http://localhost:1420/node_modules/.vite/deps/chunk-G7S6KQDI.js?v=318df923:22:37)
    at listen (http://localhost:1420/node_modules/.vite/deps/chunk-7FCLUC5I.js?v=318df923:39:14)
    at once (http://localhost:1420/node_modules/.vite/deps/chunk-7FCLUC5I.js?v=318df923:45:10)
    at http://localhost:1420/src/services/brainClient.ts:20:10
    at new Promise (<anonymous>)
    at onceWithTimeout (http://localhost:1420/src/services/brainClient.ts:19:16)
    at getWidgetsOnce (http://localhost:1420/src/services/brainClient.ts:198:10)
    at refresh (http://localhost:1420/src/views/HomeFloatNotes.vue?t=1788078159546:51:30)
    at http://localhost:1420/src/views/HomeFloatNotes.vue?t=1788078159546:59:14
[ 8220033ms] TypeError: Cannot read properties of undefined (reading 'transformCallback')
    at transformCallback (http://localhost:1420/node_modules/.vite/deps/chunk-G7S6KQDI.js?v=318df923:22:37)
    at listen (http://localhost:1420/node_modules/.vite/deps/chunk-7FCLUC5I.js?v=318df923:39:14)
    at once (http://localhost:1420/node_modules/.vite/deps/chunk-7FCLUC5I.js?v=318df923:45:10)
    at http://localhost:1420/src/services/brainClient.ts:20:10
    at new Promise (<anonymous>)
    at onceWithTimeout (http://localhost:1420/src/services/brainClient.ts:19:16)
    at getWidgetsOnce (http://localhost:1420/src/services/brainClient.ts:198:10)
    at http://localhost:1420/src/views/HomeShelfStats.vue?t=1788087739424:35:28
    at http://localhost:1420/node_modules/.vite/deps/vue.js?v=318df923:5342:40
    at callWithErrorHandling (http://localhost:1420/node_modules/.vite/deps/vue.js?v=318df923:2379:19)
[ 8223035ms] TypeError: Cannot read properties of undefined (reading 'transformCallback')
    at transformCallback (http://localhost:1420/node_modules/.vite/deps/chunk-G7S6KQDI.js?v=318df923:22:37)
    at listen (http://localhost:1420/node_modules/.vite/deps/chunk-7FCLUC5I.js?v=318df923:39:14)
    at onBrainEvent (http://localhost:1420/src/services/brainClient.ts:299:10)
    at http://localhost:1420/src/lib/home/home-panel-run.ts:12:12
    at new Promise (<anonymous>)
    at runPanelAction (http://localhost:1420/src/lib/home/home-panel-run.ts:6:18)
    at refreshMat (http://localhost:1420/src/views/HomeShelfStats.vue?t=1788087739424:18:28)
    at http://localhost:1420/src/views/HomeShelfStats.vue?t=1788087739424:43:13
[ 8230113ms] TypeError: Cannot read properties of undefined (reading 'transformCallback')
    at transformCallback (http://localhost:1420/node_modules/.vite/deps/chunk-G7S6KQDI.js?v=318df923:22:37)
    at listen (http://localhost:1420/node_modules/.vite/deps/chunk-7FCLUC5I.js?v=318df923:39:14)
    at once (http://localhost:1420/node_modules/.vite/deps/chunk-7FCLUC5I.js?v=318df923:45:10)
    at http://localhost:1420/src/services/brainClient.ts:20:10
    at new Promise (<anonymous>)
    at onceWithTimeout (http://localhost:1420/src/services/brainClient.ts:19:16)
    at getWidgetsOnce (http://localhost:1420/src/services/brainClient.ts:198:10)
    at refresh (http://localhost:1420/src/views/HomeFloatNotes.vue?t=1788078159546:51:30)
    at http://localhost:1420/src/views/HomeFloatNotes.vue?t=1788078159546:59:14
[ 8242113ms] TypeError: Cannot read properties of undefined (reading 'transformCallback')
    at transformCallback (http://localhost:1420/node_modules/.vite/deps/chunk-G7S6KQDI.js?v=318df923:22:37)
    at listen (http://localhost:1420/node_modules/.vite/deps/chunk-7FCLUC5I.js?v=318df923:39:14)
    at once (http://localhost:1420/node_modules/.vite/deps/chunk-7FCLUC5I.js?v=318df923:45:10)
    at http://localhost:1420/src/services/brainClient.ts:20:10
    at new Promise (<anonymous>)
    at onceWithTimeout (http://localhost:1420/src/services/brainClient.ts:19:16)
    at getWidgetsOnce (http://localhost:1420/src/services/brainClient.ts:198:10)
    at refresh (http://localhost:1420/src/views/HomeFloatNotes.vue?t=1788078159546:51:30)
    at http://localhost:1420/src/views/HomeFloatNotes.vue?t=1788078159546:59:14
