[     167ms] [WARNING] [Vue warn]: Unhandled error during execution of mounted hook 
  at <CapabilityConversationRail surface=null active=false onClose=fn<hideSurface>  ... > 
  at <BaseTransition appear=false persisted=true mode=undefined  ... > 
  at <Transition name="scene-rail" persisted="" > 
  at <HomeWindow> @ http://localhost:1420/node_modules/.vite/deps/vue.js?v=318df923:2231
[     167ms] [WARNING] [Vue warn]: Unhandled error during execution of mounted hook 
  at <GeneralSection key=0 > 
  at <SettingsView key=0 > 
  at <BaseTransition appear=false persisted=true mode=undefined  ... > 
  at <Transition name="view-fade" persisted="" > 
  at <HomeWindow> @ http://localhost:1420/node_modules/.vite/deps/vue.js?v=318df923:2231
[     174ms] [VERBOSE] [DOM] Password field is not contained in a form: (More info: https://goo.gl/9p2vKq) %o @ http://localhost:1420/home.html:0
[     200ms] TypeError: Cannot read properties of undefined (reading 'transformCallback')
    at transformCallback (http://localhost:1420/node_modules/.vite/deps/chunk-G7S6KQDI.js?v=318df923:22:37)
    at listen (http://localhost:1420/node_modules/.vite/deps/chunk-7FCLUC5I.js?v=318df923:39:14)
    at onBrainEvent (http://localhost:1420/src/services/brainClient.ts:299:10)
    at http://localhost:1420/src/lib/home/home-panel-run.ts:12:12
    at new Promise (<anonymous>)
    at runPanelAction (http://localhost:1420/src/lib/home/home-panel-run.ts:6:18)
    at http://localhost:1420/src/views/plugins/CapabilityHome.vue:25:25
    at http://localhost:1420/node_modules/.vite/deps/vue.js?v=318df923:5342:40
    at callWithErrorHandling (http://localhost:1420/node_modules/.vite/deps/vue.js?v=318df923:2379:19)
    at callWithAsyncErrorHandling (http://localhost:1420/node_modules/.vite/deps/vue.js?v=318df923:2386:17)
[     200ms] TypeError: Cannot read properties of undefined (reading 'transformCallback')
    at transformCallback (http://localhost:1420/node_modules/.vite/deps/chunk-G7S6KQDI.js?v=318df923:22:37)
    at listen (http://localhost:1420/node_modules/.vite/deps/chunk-7FCLUC5I.js?v=318df923:39:14)
    at once (http://localhost:1420/node_modules/.vite/deps/chunk-7FCLUC5I.js?v=318df923:45:10)
    at http://localhost:1420/src/services/brainClient.ts:20:10
    at new Promise (<anonymous>)
    at onceWithTimeout (http://localhost:1420/src/services/brainClient.ts:19:16)
    at getSettingsOnce (http://localhost:1420/src/services/brainClient.ts:245:19)
    at http://localhost:1420/src/views/HomeDayTitle.vue?t=1788070913325:19:30
    at http://localhost:1420/node_modules/.vite/deps/vue.js?v=318df923:5342:40
    at callWithErrorHandling (http://localhost:1420/node_modules/.vite/deps/vue.js?v=318df923:2379:19)
[     200ms] TypeError: Cannot read properties of undefined (reading 'transformCallback')
    at transformCallback (http://localhost:1420/node_modules/.vite/deps/chunk-G7S6KQDI.js?v=318df923:22:37)
    at listen (http://localhost:1420/node_modules/.vite/deps/chunk-7FCLUC5I.js?v=318df923:39:14)
    at once (http://localhost:1420/node_modules/.vite/deps/chunk-7FCLUC5I.js?v=318df923:45:10)
    at http://localhost:1420/src/services/brainClient.ts:20:10
    at new Promise (<anonymous>)
    at onceWithTimeout (http://localhost:1420/src/services/brainClient.ts:19:16)
    at getWidgetsOnce (http://localhost:1420/src/services/brainClient.ts:198:10)
    at refresh (http://localhost:1420/src/views/HomeFloatNotes.vue?t=1788078159546:51:30)
    at http://localhost:1420/src/views/HomeFloatNotes.vue?t=1788078159546:57:13
    at http://localhost:1420/node_modules/.vite/deps/vue.js?v=318df923:5342:40
[     200ms] TypeError: Cannot read properties of undefined (reading 'transformCallback')
    at transformCallback (http://localhost:1420/node_modules/.vite/deps/chunk-G7S6KQDI.js?v=318df923:22:37)
    at listen (http://localhost:1420/node_modules/.vite/deps/chunk-7FCLUC5I.js?v=318df923:39:14)
    at once (http://localhost:1420/node_modules/.vite/deps/chunk-7FCLUC5I.js?v=318df923:45:10)
    at http://localhost:1420/src/services/brainClient.ts:20:10
    at new Promise (<anonymous>)
    at onceWithTimeout (http://localhost:1420/src/services/brainClient.ts:19:16)
    at getFeedOnce (http://localhost:1420/src/services/brainClient.ts:150:10)
    at http://localhost:1420/src/views/HomeTodayPanel.vue?t=1788070812924:17:28
    at http://localhost:1420/node_modules/.vite/deps/vue.js?v=318df923:5342:40
    at callWithErrorHandling (http://localhost:1420/node_modules/.vite/deps/vue.js?v=318df923:2379:19)
[     200ms] TypeError: Cannot read properties of undefined (reading 'transformCallback')
    at transformCallback (http://localhost:1420/node_modules/.vite/deps/chunk-G7S6KQDI.js?v=318df923:22:37)
    at listen (http://localhost:1420/node_modules/.vite/deps/chunk-7FCLUC5I.js?v=318df923:39:14)
    at once (http://localhost:1420/node_modules/.vite/deps/chunk-7FCLUC5I.js?v=318df923:45:10)
    at http://localhost:1420/src/services/brainClient.ts:20:10
    at new Promise (<anonymous>)
    at onceWithTimeout (http://localhost:1420/src/services/brainClient.ts:19:16)
    at getWidgetsOnce (http://localhost:1420/src/services/brainClient.ts:198:10)
    at http://localhost:1420/src/views/HomeRemindCard.vue?t=1788087684762:16:25
    at http://localhost:1420/node_modules/.vite/deps/vue.js?v=318df923:5342:40
    at callWithErrorHandling (http://localhost:1420/node_modules/.vite/deps/vue.js?v=318df923:2379:19)
[     200ms] TypeError: Cannot read properties of undefined (reading 'transformCallback')
    at transformCallback (http://localhost:1420/node_modules/.vite/deps/chunk-G7S6KQDI.js?v=318df923:22:37)
    at listen (http://localhost:1420/node_modules/.vite/deps/chunk-7FCLUC5I.js?v=318df923:39:14)
    at once (http://localhost:1420/node_modules/.vite/deps/chunk-7FCLUC5I.js?v=318df923:45:10)
    at http://localhost:1420/src/services/brainClient.ts:20:10
    at new Promise (<anonymous>)
    at onceWithTimeout (http://localhost:1420/src/services/brainClient.ts:19:16)
    at getWidgetsOnce (http://localhost:1420/src/services/brainClient.ts:198:10)
    at http://localhost:1420/src/views/HomeShelfStats.vue?t=1788087739424:35:28
    at http://localhost:1420/node_modules/.vite/deps/vue.js?v=318df923:5342:40
    at callWithErrorHandling (http://localhost:1420/node_modules/.vite/deps/vue.js?v=318df923:2379:19)
[     200ms] TypeError: Cannot read properties of undefined (reading 'transformCallback')
    at transformCallback (http://localhost:1420/node_modules/.vite/deps/chunk-G7S6KQDI.js?v=318df923:22:37)
    at listen (http://localhost:1420/node_modules/.vite/deps/chunk-7FCLUC5I.js?v=318df923:39:14)
    at once (http://localhost:1420/node_modules/.vite/deps/chunk-7FCLUC5I.js?v=318df923:45:10)
    at http://localhost:1420/src/services/brainClient.ts:20:10
    at new Promise (<anonymous>)
    at onceWithTimeout (http://localhost:1420/src/services/brainClient.ts:19:16)
    at getFeedOnce (http://localhost:1420/src/services/brainClient.ts:150:10)
    at http://localhost:1420/src/views/chat/HorizonBar.vue?t=1788076324598:26:28
    at http://localhost:1420/node_modules/.vite/deps/vue.js?v=318df923:5342:40
    at callWithErrorHandling (http://localhost:1420/node_modules/.vite/deps/vue.js?v=318df923:2379:19)
[     200ms] TypeError: Cannot read properties of undefined (reading 'transformCallback')
    at transformCallback (http://localhost:1420/node_modules/.vite/deps/chunk-G7S6KQDI.js?v=318df923:22:37)
    at listen (http://localhost:1420/node_modules/.vite/deps/chunk-7FCLUC5I.js?v=318df923:39:14)
    at onBrainEvent (http://localhost:1420/src/services/brainClient.ts:299:10)
    at http://localhost:1420/src/views/CapabilityConversationRail.vue:178:24
[     200ms] TypeError: Cannot read properties of undefined (reading 'transformCallback')
    at transformCallback (http://localhost:1420/node_modules/.vite/deps/chunk-G7S6KQDI.js?v=318df923:22:37)
    at listen (http://localhost:1420/node_modules/.vite/deps/chunk-7FCLUC5I.js?v=318df923:39:14)
    at once (http://localhost:1420/node_modules/.vite/deps/chunk-7FCLUC5I.js?v=318df923:45:10)
    at http://localhost:1420/src/services/brainClient.ts:20:10
    at new Promise (<anonymous>)
    at onceWithTimeout (http://localhost:1420/src/services/brainClient.ts:19:16)
    at getPerceptionOnce (http://localhost:1420/src/services/brainClient.ts:274:10)
    at loadPerception (http://localhost:1420/src/views/settings/DataView.vue:34:23)
    at http://localhost:1420/src/views/settings/DataView.vue:182:12
    at http://localhost:1420/node_modules/.vite/deps/vue.js?v=318df923:5342:40
[     200ms] TypeError: Cannot read properties of undefined (reading 'transformCallback')
    at transformCallback (http://localhost:1420/node_modules/.vite/deps/chunk-G7S6KQDI.js?v=318df923:22:37)
    at listen (http://localhost:1420/node_modules/.vite/deps/chunk-7FCLUC5I.js?v=318df923:39:14)
    at once (http://localhost:1420/node_modules/.vite/deps/chunk-7FCLUC5I.js?v=318df923:45:10)
    at http://localhost:1420/src/services/brainClient.ts:20:10
    at new Promise (<anonymous>)
    at onceWithTimeout (http://localhost:1420/src/services/brainClient.ts:19:16)
    at getMemListOnce (http://localhost:1420/src/services/brainClient.ts:216:10)
    at loadMem (http://localhost:1420/src/views/settings/DataView.vue:116:23)
    at http://localhost:1420/src/views/settings/DataView.vue:183:12
    at http://localhost:1420/node_modules/.vite/deps/vue.js?v=318df923:5342:40
[     200ms] TypeError: Cannot read properties of undefined (reading 'transformCallback')
    at transformCallback (http://localhost:1420/node_modules/.vite/deps/chunk-G7S6KQDI.js?v=318df923:22:37)
    at listen (http://localhost:1420/node_modules/.vite/deps/chunk-7FCLUC5I.js?v=318df923:39:14)
    at once (http://localhost:1420/node_modules/.vite/deps/chunk-7FCLUC5I.js?v=318df923:45:10)
    at http://localhost:1420/src/services/brainClient.ts:20:10
    at new Promise (<anonymous>)
    at onceWithTimeout (http://localhost:1420/src/services/brainClient.ts:19:16)
    at getSettingsOnce (http://localhost:1420/src/services/brainClient.ts:245:19)
    at http://localhost:1420/src/views/settings/DataView.vue:184:12
    at http://localhost:1420/node_modules/.vite/deps/vue.js?v=318df923:5342:40
    at callWithErrorHandling (http://localhost:1420/node_modules/.vite/deps/vue.js?v=318df923:2379:19)
[     200ms] TypeError: Cannot read properties of undefined (reading 'transformCallback')
    at transformCallback (http://localhost:1420/node_modules/.vite/deps/chunk-G7S6KQDI.js?v=318df923:22:37)
    at listen (http://localhost:1420/node_modules/.vite/deps/chunk-7FCLUC5I.js?v=318df923:39:14)
    at onBrainStatus (http://localhost:1420/src/services/brainClient.ts:305:10)
    at http://localhost:1420/src/views/settings/GeneralSection.vue?t=1788087684762:273:30
[     200ms] TypeError: Cannot read properties of undefined (reading 'transformCallback')
    at transformCallback (http://localhost:1420/node_modules/.vite/deps/chunk-G7S6KQDI.js?v=318df923:22:37)
    at listen (http://localhost:1420/node_modules/.vite/deps/chunk-7FCLUC5I.js?v=318df923:39:14)
    at once (http://localhost:1420/node_modules/.vite/deps/chunk-7FCLUC5I.js?v=318df923:45:10)
    at http://localhost:1420/src/services/brainClient.ts:20:10
    at new Promise (<anonymous>)
    at onceWithTimeout (http://localhost:1420/src/services/brainClient.ts:19:16)
    at getSettingsOnce (http://localhost:1420/src/services/brainClient.ts:245:19)
    at http://localhost:1420/src/views/settings/GeneralSection.vue?t=1788087684762:262:12
[     200ms] TypeError: Cannot read properties of undefined (reading 'transformCallback')
    at transformCallback (http://localhost:1420/node_modules/.vite/deps/chunk-G7S6KQDI.js?v=318df923:22:37)
    at listen (http://localhost:1420/node_modules/.vite/deps/chunk-7FCLUC5I.js?v=318df923:39:14)
    at once (http://localhost:1420/node_modules/.vite/deps/chunk-7FCLUC5I.js?v=318df923:45:10)
    at http://localhost:1420/src/services/brainClient.ts:20:10
    at new Promise (<anonymous>)
    at onceWithTimeout (http://localhost:1420/src/services/brainClient.ts:19:16)
    at getHttpPairInfoOnce (http://localhost:1420/src/services/brainClient.ts:266:10)
    at refreshPair (http://localhost:1420/src/views/settings/GeneralSection.vue?t=1788087684762:149:29)
    at http://localhost:1420/src/views/settings/GeneralSection.vue?t=1788087684762:272:12
[     198ms] [WARNING] [Vue warn]: Unhandled error during execution of mounted hook 
  at <HomeChat key=0 draft=undefined workstation=null  ... > 
  at <BaseTransition appear=false persisted=true mode=undefined  ... > 
  at <Transition name="view-fade" persisted="" > 
  at <HomeWindow> @ http://localhost:1420/node_modules/.vite/deps/vue.js?v=318df923:2231
[     204ms] TypeError: Cannot read properties of undefined (reading 'transformCallback')
    at transformCallback (http://localhost:1420/node_modules/.vite/deps/chunk-G7S6KQDI.js?v=318df923:22:37)
    at listen (http://localhost:1420/node_modules/.vite/deps/chunk-7FCLUC5I.js?v=318df923:39:14)
    at onBrainEvent (http://localhost:1420/src/services/brainClient.ts:299:10)
    at http://localhost:1420/src/views/chat/HomeChat.vue?t=1788087739424:624:24
[    3167ms] [WARNING] [Vue warn]: Unhandled error during execution of mounted hook 
  at <HomeTodayPanel state="idle" only="today" onChat=fn<onInfoChat> > 
  at <HomeFrame thinking=false state="idle" peek=false  ... > 
  at <HomeChat key=0 draft=undefined workstation=null  ... > 
  at <BaseTransition appear=false persisted=true mode=undefined  ... > 
  at <Transition name="view-fade" persisted="" > 
  at <HomeWindow> @ http://localhost:1420/node_modules/.vite/deps/vue.js?v=318df923:2231
[    3168ms] [WARNING] [Vue warn]: Unhandled error during execution of mounted hook 
  at <HorizonBar state="idle" proc=null shelf=false  ... > 
  at <HomeChat key=0 draft=undefined workstation=null  ... > 
  at <BaseTransition appear=false persisted=true mode=undefined  ... > 
  at <Transition name="view-fade" persisted="" > 
  at <HomeWindow> @ http://localhost:1420/node_modules/.vite/deps/vue.js?v=318df923:2231
[    3169ms] TypeError: Cannot read properties of undefined (reading 'transformCallback')
    at transformCallback (http://localhost:1420/node_modules/.vite/deps/chunk-G7S6KQDI.js?v=318df923:22:37)
    at listen (http://localhost:1420/node_modules/.vite/deps/chunk-7FCLUC5I.js?v=318df923:39:14)
    at onFeed (http://localhost:1420/src/services/brainClient.ts:147:10)
    at http://localhost:1420/src/views/HomeTodayPanel.vue?t=1788070812924:21:22
[    3169ms] TypeError: Cannot read properties of undefined (reading 'transformCallback')
    at transformCallback (http://localhost:1420/node_modules/.vite/deps/chunk-G7S6KQDI.js?v=318df923:22:37)
    at listen (http://localhost:1420/node_modules/.vite/deps/chunk-7FCLUC5I.js?v=318df923:39:14)
    at once (http://localhost:1420/node_modules/.vite/deps/chunk-7FCLUC5I.js?v=318df923:45:10)
    at http://localhost:1420/src/services/brainClient.ts:20:10
    at new Promise (<anonymous>)
    at onceWithTimeout (http://localhost:1420/src/services/brainClient.ts:19:16)
    at getFeedOnce (http://localhost:1420/src/services/brainClient.ts:150:10)
    at http://localhost:1420/src/views/HomeRemindCard.vue?t=1788087684762:18:25
[    3169ms] TypeError: Cannot read properties of undefined (reading 'transformCallback')
    at transformCallback (http://localhost:1420/node_modules/.vite/deps/chunk-G7S6KQDI.js?v=318df923:22:37)
    at listen (http://localhost:1420/node_modules/.vite/deps/chunk-7FCLUC5I.js?v=318df923:39:14)
    at onBrainEvent (http://localhost:1420/src/services/brainClient.ts:299:10)
    at http://localhost:1420/src/lib/home/home-panel-run.ts:12:12
    at new Promise (<anonymous>)
    at runPanelAction (http://localhost:1420/src/lib/home/home-panel-run.ts:6:18)
    at refreshMat (http://localhost:1420/src/views/HomeShelfStats.vue?t=1788087739424:18:28)
    at http://localhost:1420/src/views/HomeShelfStats.vue?t=1788087739424:43:13
[    3169ms] TypeError: Cannot read properties of undefined (reading 'transformCallback')
    at transformCallback (http://localhost:1420/node_modules/.vite/deps/chunk-G7S6KQDI.js?v=318df923:22:37)
    at listen (http://localhost:1420/node_modules/.vite/deps/chunk-7FCLUC5I.js?v=318df923:39:14)
    at onFeed (http://localhost:1420/src/services/brainClient.ts:147:10)
    at http://localhost:1420/src/views/chat/HorizonBar.vue?t=1788076324598:31:22
[   15170ms] TypeError: Cannot read properties of undefined (reading 'transformCallback')
    at transformCallback (http://localhost:1420/node_modules/.vite/deps/chunk-G7S6KQDI.js?v=318df923:22:37)
    at listen (http://localhost:1420/node_modules/.vite/deps/chunk-7FCLUC5I.js?v=318df923:39:14)
    at once (http://localhost:1420/node_modules/.vite/deps/chunk-7FCLUC5I.js?v=318df923:45:10)
    at http://localhost:1420/src/services/brainClient.ts:20:10
    at new Promise (<anonymous>)
    at onceWithTimeout (http://localhost:1420/src/services/brainClient.ts:19:16)
    at getWidgetsOnce (http://localhost:1420/src/services/brainClient.ts:198:10)
    at refresh (http://localhost:1420/src/views/HomeFloatNotes.vue?t=1788078159546:51:30)
    at http://localhost:1420/src/views/HomeFloatNotes.vue?t=1788078159546:59:14
[   27170ms] TypeError: Cannot read properties of undefined (reading 'transformCallback')
    at transformCallback (http://localhost:1420/node_modules/.vite/deps/chunk-G7S6KQDI.js?v=318df923:22:37)
    at listen (http://localhost:1420/node_modules/.vite/deps/chunk-7FCLUC5I.js?v=318df923:39:14)
    at once (http://localhost:1420/node_modules/.vite/deps/chunk-7FCLUC5I.js?v=318df923:45:10)
    at http://localhost:1420/src/services/brainClient.ts:20:10
    at new Promise (<anonymous>)
    at onceWithTimeout (http://localhost:1420/src/services/brainClient.ts:19:16)
    at getWidgetsOnce (http://localhost:1420/src/services/brainClient.ts:198:10)
    at refresh (http://localhost:1420/src/views/HomeFloatNotes.vue?t=1788078159546:51:30)
    at http://localhost:1420/src/views/HomeFloatNotes.vue?t=1788078159546:59:14
[   39169ms] TypeError: Cannot read properties of undefined (reading 'transformCallback')
    at transformCallback (http://localhost:1420/node_modules/.vite/deps/chunk-G7S6KQDI.js?v=318df923:22:37)
    at listen (http://localhost:1420/node_modules/.vite/deps/chunk-7FCLUC5I.js?v=318df923:39:14)
    at once (http://localhost:1420/node_modules/.vite/deps/chunk-7FCLUC5I.js?v=318df923:45:10)
    at http://localhost:1420/src/services/brainClient.ts:20:10
    at new Promise (<anonymous>)
    at onceWithTimeout (http://localhost:1420/src/services/brainClient.ts:19:16)
    at getWidgetsOnce (http://localhost:1420/src/services/brainClient.ts:198:10)
    at refresh (http://localhost:1420/src/views/HomeFloatNotes.vue?t=1788078159546:51:30)
    at http://localhost:1420/src/views/HomeFloatNotes.vue?t=1788078159546:59:14
[   51169ms] TypeError: Cannot read properties of undefined (reading 'transformCallback')
    at transformCallback (http://localhost:1420/node_modules/.vite/deps/chunk-G7S6KQDI.js?v=318df923:22:37)
    at listen (http://localhost:1420/node_modules/.vite/deps/chunk-7FCLUC5I.js?v=318df923:39:14)
    at once (http://localhost:1420/node_modules/.vite/deps/chunk-7FCLUC5I.js?v=318df923:45:10)
    at http://localhost:1420/src/services/brainClient.ts:20:10
    at new Promise (<anonymous>)
    at onceWithTimeout (http://localhost:1420/src/services/brainClient.ts:19:16)
    at getWidgetsOnce (http://localhost:1420/src/services/brainClient.ts:198:10)
    at refresh (http://localhost:1420/src/views/HomeFloatNotes.vue?t=1788078159546:51:30)
    at http://localhost:1420/src/views/HomeFloatNotes.vue?t=1788078159546:59:14
[   63171ms] TypeError: Cannot read properties of undefined (reading 'transformCallback')
    at transformCallback (http://localhost:1420/node_modules/.vite/deps/chunk-G7S6KQDI.js?v=318df923:22:37)
    at listen (http://localhost:1420/node_modules/.vite/deps/chunk-7FCLUC5I.js?v=318df923:39:14)
    at once (http://localhost:1420/node_modules/.vite/deps/chunk-7FCLUC5I.js?v=318df923:45:10)
    at http://localhost:1420/src/services/brainClient.ts:20:10
    at new Promise (<anonymous>)
    at onceWithTimeout (http://localhost:1420/src/services/brainClient.ts:19:16)
    at getWidgetsOnce (http://localhost:1420/src/services/brainClient.ts:198:10)
    at refresh (http://localhost:1420/src/views/HomeFloatNotes.vue?t=1788078159546:51:30)
    at http://localhost:1420/src/views/HomeFloatNotes.vue?t=1788078159546:59:14
[   75170ms] TypeError: Cannot read properties of undefined (reading 'transformCallback')
    at transformCallback (http://localhost:1420/node_modules/.vite/deps/chunk-G7S6KQDI.js?v=318df923:22:37)
    at listen (http://localhost:1420/node_modules/.vite/deps/chunk-7FCLUC5I.js?v=318df923:39:14)
    at once (http://localhost:1420/node_modules/.vite/deps/chunk-7FCLUC5I.js?v=318df923:45:10)
    at http://localhost:1420/src/services/brainClient.ts:20:10
    at new Promise (<anonymous>)
    at onceWithTimeout (http://localhost:1420/src/services/brainClient.ts:19:16)
    at getWidgetsOnce (http://localhost:1420/src/services/brainClient.ts:198:10)
    at refresh (http://localhost:1420/src/views/HomeFloatNotes.vue?t=1788078159546:51:30)
    at http://localhost:1420/src/views/HomeFloatNotes.vue?t=1788078159546:59:14
[   75171ms] TypeError: Cannot read properties of undefined (reading 'transformCallback')
    at transformCallback (http://localhost:1420/node_modules/.vite/deps/chunk-G7S6KQDI.js?v=318df923:22:37)
    at listen (http://localhost:1420/node_modules/.vite/deps/chunk-7FCLUC5I.js?v=318df923:39:14)
    at onBrainEvent (http://localhost:1420/src/services/brainClient.ts:299:10)
    at http://localhost:1420/src/lib/home/home-panel-run.ts:12:12
    at new Promise (<anonymous>)
    at runPanelAction (http://localhost:1420/src/lib/home/home-panel-run.ts:6:18)
    at refreshMat (http://localhost:1420/src/views/HomeShelfStats.vue?t=1788087739424:18:28)
[   87170ms] TypeError: Cannot read properties of undefined (reading 'transformCallback')
    at transformCallback (http://localhost:1420/node_modules/.vite/deps/chunk-G7S6KQDI.js?v=318df923:22:37)
    at listen (http://localhost:1420/node_modules/.vite/deps/chunk-7FCLUC5I.js?v=318df923:39:14)
    at once (http://localhost:1420/node_modules/.vite/deps/chunk-7FCLUC5I.js?v=318df923:45:10)
    at http://localhost:1420/src/services/brainClient.ts:20:10
    at new Promise (<anonymous>)
    at onceWithTimeout (http://localhost:1420/src/services/brainClient.ts:19:16)
    at getWidgetsOnce (http://localhost:1420/src/services/brainClient.ts:198:10)
    at refresh (http://localhost:1420/src/views/HomeFloatNotes.vue?t=1788078159546:51:30)
    at http://localhost:1420/src/views/HomeFloatNotes.vue?t=1788078159546:59:14
[   99170ms] TypeError: Cannot read properties of undefined (reading 'transformCallback')
    at transformCallback (http://localhost:1420/node_modules/.vite/deps/chunk-G7S6KQDI.js?v=318df923:22:37)
    at listen (http://localhost:1420/node_modules/.vite/deps/chunk-7FCLUC5I.js?v=318df923:39:14)
    at once (http://localhost:1420/node_modules/.vite/deps/chunk-7FCLUC5I.js?v=318df923:45:10)
    at http://localhost:1420/src/services/brainClient.ts:20:10
    at new Promise (<anonymous>)
    at onceWithTimeout (http://localhost:1420/src/services/brainClient.ts:19:16)
    at getWidgetsOnce (http://localhost:1420/src/services/brainClient.ts:198:10)
    at refresh (http://localhost:1420/src/views/HomeFloatNotes.vue?t=1788078159546:51:30)
    at http://localhost:1420/src/views/HomeFloatNotes.vue?t=1788078159546:59:14
[  111170ms] TypeError: Cannot read properties of undefined (reading 'transformCallback')
    at transformCallback (http://localhost:1420/node_modules/.vite/deps/chunk-G7S6KQDI.js?v=318df923:22:37)
    at listen (http://localhost:1420/node_modules/.vite/deps/chunk-7FCLUC5I.js?v=318df923:39:14)
    at once (http://localhost:1420/node_modules/.vite/deps/chunk-7FCLUC5I.js?v=318df923:45:10)
    at http://localhost:1420/src/services/brainClient.ts:20:10
    at new Promise (<anonymous>)
    at onceWithTimeout (http://localhost:1420/src/services/brainClient.ts:19:16)
    at getWidgetsOnce (http://localhost:1420/src/services/brainClient.ts:198:10)
    at refresh (http://localhost:1420/src/views/HomeFloatNotes.vue?t=1788078159546:51:30)
    at http://localhost:1420/src/views/HomeFloatNotes.vue?t=1788078159546:59:14
[  123170ms] TypeError: Cannot read properties of undefined (reading 'transformCallback')
    at transformCallback (http://localhost:1420/node_modules/.vite/deps/chunk-G7S6KQDI.js?v=318df923:22:37)
    at listen (http://localhost:1420/node_modules/.vite/deps/chunk-7FCLUC5I.js?v=318df923:39:14)
    at once (http://localhost:1420/node_modules/.vite/deps/chunk-7FCLUC5I.js?v=318df923:45:10)
    at http://localhost:1420/src/services/brainClient.ts:20:10
    at new Promise (<anonymous>)
    at onceWithTimeout (http://localhost:1420/src/services/brainClient.ts:19:16)
    at getWidgetsOnce (http://localhost:1420/src/services/brainClient.ts:198:10)
    at refresh (http://localhost:1420/src/views/HomeFloatNotes.vue?t=1788078159546:51:30)
    at http://localhost:1420/src/views/HomeFloatNotes.vue?t=1788078159546:59:14
[  135170ms] TypeError: Cannot read properties of undefined (reading 'transformCallback')
    at transformCallback (http://localhost:1420/node_modules/.vite/deps/chunk-G7S6KQDI.js?v=318df923:22:37)
    at listen (http://localhost:1420/node_modules/.vite/deps/chunk-7FCLUC5I.js?v=318df923:39:14)
    at once (http://localhost:1420/node_modules/.vite/deps/chunk-7FCLUC5I.js?v=318df923:45:10)
    at http://localhost:1420/src/services/brainClient.ts:20:10
    at new Promise (<anonymous>)
    at onceWithTimeout (http://localhost:1420/src/services/brainClient.ts:19:16)
    at getWidgetsOnce (http://localhost:1420/src/services/brainClient.ts:198:10)
    at refresh (http://localhost:1420/src/views/HomeFloatNotes.vue?t=1788078159546:51:30)
    at http://localhost:1420/src/views/HomeFloatNotes.vue?t=1788078159546:59:14
[  135171ms] TypeError: Cannot read properties of undefined (reading 'transformCallback')
    at transformCallback (http://localhost:1420/node_modules/.vite/deps/chunk-G7S6KQDI.js?v=318df923:22:37)
    at listen (http://localhost:1420/node_modules/.vite/deps/chunk-7FCLUC5I.js?v=318df923:39:14)
    at onBrainEvent (http://localhost:1420/src/services/brainClient.ts:299:10)
    at http://localhost:1420/src/lib/home/home-panel-run.ts:12:12
    at new Promise (<anonymous>)
    at runPanelAction (http://localhost:1420/src/lib/home/home-panel-run.ts:6:18)
    at refreshMat (http://localhost:1420/src/views/HomeShelfStats.vue?t=1788087739424:18:28)
[  147170ms] TypeError: Cannot read properties of undefined (reading 'transformCallback')
    at transformCallback (http://localhost:1420/node_modules/.vite/deps/chunk-G7S6KQDI.js?v=318df923:22:37)
    at listen (http://localhost:1420/node_modules/.vite/deps/chunk-7FCLUC5I.js?v=318df923:39:14)
    at once (http://localhost:1420/node_modules/.vite/deps/chunk-7FCLUC5I.js?v=318df923:45:10)
    at http://localhost:1420/src/services/brainClient.ts:20:10
    at new Promise (<anonymous>)
    at onceWithTimeout (http://localhost:1420/src/services/brainClient.ts:19:16)
    at getWidgetsOnce (http://localhost:1420/src/services/brainClient.ts:198:10)
    at refresh (http://localhost:1420/src/views/HomeFloatNotes.vue?t=1788078159546:51:30)
    at http://localhost:1420/src/views/HomeFloatNotes.vue?t=1788078159546:59:14
[  159170ms] TypeError: Cannot read properties of undefined (reading 'transformCallback')
    at transformCallback (http://localhost:1420/node_modules/.vite/deps/chunk-G7S6KQDI.js?v=318df923:22:37)
    at listen (http://localhost:1420/node_modules/.vite/deps/chunk-7FCLUC5I.js?v=318df923:39:14)
    at once (http://localhost:1420/node_modules/.vite/deps/chunk-7FCLUC5I.js?v=318df923:45:10)
    at http://localhost:1420/src/services/brainClient.ts:20:10
    at new Promise (<anonymous>)
    at onceWithTimeout (http://localhost:1420/src/services/brainClient.ts:19:16)
    at getWidgetsOnce (http://localhost:1420/src/services/brainClient.ts:198:10)
    at refresh (http://localhost:1420/src/views/HomeFloatNotes.vue?t=1788078159546:51:30)
    at http://localhost:1420/src/views/HomeFloatNotes.vue?t=1788078159546:59:14
[  171170ms] TypeError: Cannot read properties of undefined (reading 'transformCallback')
    at transformCallback (http://localhost:1420/node_modules/.vite/deps/chunk-G7S6KQDI.js?v=318df923:22:37)
    at listen (http://localhost:1420/node_modules/.vite/deps/chunk-7FCLUC5I.js?v=318df923:39:14)
    at once (http://localhost:1420/node_modules/.vite/deps/chunk-7FCLUC5I.js?v=318df923:45:10)
    at http://localhost:1420/src/services/brainClient.ts:20:10
    at new Promise (<anonymous>)
    at onceWithTimeout (http://localhost:1420/src/services/brainClient.ts:19:16)
    at getWidgetsOnce (http://localhost:1420/src/services/brainClient.ts:198:10)
    at refresh (http://localhost:1420/src/views/HomeFloatNotes.vue?t=1788078159546:51:30)
    at http://localhost:1420/src/views/HomeFloatNotes.vue?t=1788078159546:59:14
[  183170ms] TypeError: Cannot read properties of undefined (reading 'transformCallback')
    at transformCallback (http://localhost:1420/node_modules/.vite/deps/chunk-G7S6KQDI.js?v=318df923:22:37)
    at listen (http://localhost:1420/node_modules/.vite/deps/chunk-7FCLUC5I.js?v=318df923:39:14)
    at once (http://localhost:1420/node_modules/.vite/deps/chunk-7FCLUC5I.js?v=318df923:45:10)
    at http://localhost:1420/src/services/brainClient.ts:20:10
    at new Promise (<anonymous>)
    at onceWithTimeout (http://localhost:1420/src/services/brainClient.ts:19:16)
    at getWidgetsOnce (http://localhost:1420/src/services/brainClient.ts:198:10)
    at refresh (http://localhost:1420/src/views/HomeFloatNotes.vue?t=1788078159546:51:30)
    at http://localhost:1420/src/views/HomeFloatNotes.vue?t=1788078159546:59:14
[  195171ms] TypeError: Cannot read properties of undefined (reading 'transformCallback')
    at transformCallback (http://localhost:1420/node_modules/.vite/deps/chunk-G7S6KQDI.js?v=318df923:22:37)
    at listen (http://localhost:1420/node_modules/.vite/deps/chunk-7FCLUC5I.js?v=318df923:39:14)
    at once (http://localhost:1420/node_modules/.vite/deps/chunk-7FCLUC5I.js?v=318df923:45:10)
    at http://localhost:1420/src/services/brainClient.ts:20:10
    at new Promise (<anonymous>)
    at onceWithTimeout (http://localhost:1420/src/services/brainClient.ts:19:16)
    at getWidgetsOnce (http://localhost:1420/src/services/brainClient.ts:198:10)
    at refresh (http://localhost:1420/src/views/HomeFloatNotes.vue?t=1788078159546:51:30)
    at http://localhost:1420/src/views/HomeFloatNotes.vue?t=1788078159546:59:14
[  195171ms] TypeError: Cannot read properties of undefined (reading 'transformCallback')
    at transformCallback (http://localhost:1420/node_modules/.vite/deps/chunk-G7S6KQDI.js?v=318df923:22:37)
    at listen (http://localhost:1420/node_modules/.vite/deps/chunk-7FCLUC5I.js?v=318df923:39:14)
    at onBrainEvent (http://localhost:1420/src/services/brainClient.ts:299:10)
    at http://localhost:1420/src/lib/home/home-panel-run.ts:12:12
    at new Promise (<anonymous>)
    at runPanelAction (http://localhost:1420/src/lib/home/home-panel-run.ts:6:18)
    at refreshMat (http://localhost:1420/src/views/HomeShelfStats.vue?t=1788087739424:18:28)
[  207171ms] TypeError: Cannot read properties of undefined (reading 'transformCallback')
    at transformCallback (http://localhost:1420/node_modules/.vite/deps/chunk-G7S6KQDI.js?v=318df923:22:37)
    at listen (http://localhost:1420/node_modules/.vite/deps/chunk-7FCLUC5I.js?v=318df923:39:14)
    at once (http://localhost:1420/node_modules/.vite/deps/chunk-7FCLUC5I.js?v=318df923:45:10)
    at http://localhost:1420/src/services/brainClient.ts:20:10
    at new Promise (<anonymous>)
    at onceWithTimeout (http://localhost:1420/src/services/brainClient.ts:19:16)
    at getWidgetsOnce (http://localhost:1420/src/services/brainClient.ts:198:10)
    at refresh (http://localhost:1420/src/views/HomeFloatNotes.vue?t=1788078159546:51:30)
    at http://localhost:1420/src/views/HomeFloatNotes.vue?t=1788078159546:59:14
[  219171ms] TypeError: Cannot read properties of undefined (reading 'transformCallback')
    at transformCallback (http://localhost:1420/node_modules/.vite/deps/chunk-G7S6KQDI.js?v=318df923:22:37)
    at listen (http://localhost:1420/node_modules/.vite/deps/chunk-7FCLUC5I.js?v=318df923:39:14)
    at once (http://localhost:1420/node_modules/.vite/deps/chunk-7FCLUC5I.js?v=318df923:45:10)
    at http://localhost:1420/src/services/brainClient.ts:20:10
    at new Promise (<anonymous>)
    at onceWithTimeout (http://localhost:1420/src/services/brainClient.ts:19:16)
    at getWidgetsOnce (http://localhost:1420/src/services/brainClient.ts:198:10)
    at refresh (http://localhost:1420/src/views/HomeFloatNotes.vue?t=1788078159546:51:30)
    at http://localhost:1420/src/views/HomeFloatNotes.vue?t=1788078159546:59:14
[  231170ms] TypeError: Cannot read properties of undefined (reading 'transformCallback')
    at transformCallback (http://localhost:1420/node_modules/.vite/deps/chunk-G7S6KQDI.js?v=318df923:22:37)
    at listen (http://localhost:1420/node_modules/.vite/deps/chunk-7FCLUC5I.js?v=318df923:39:14)
    at once (http://localhost:1420/node_modules/.vite/deps/chunk-7FCLUC5I.js?v=318df923:45:10)
    at http://localhost:1420/src/services/brainClient.ts:20:10
    at new Promise (<anonymous>)
    at onceWithTimeout (http://localhost:1420/src/services/brainClient.ts:19:16)
    at getWidgetsOnce (http://localhost:1420/src/services/brainClient.ts:198:10)
    at refresh (http://localhost:1420/src/views/HomeFloatNotes.vue?t=1788078159546:51:30)
    at http://localhost:1420/src/views/HomeFloatNotes.vue?t=1788078159546:59:14
[  243173ms] TypeError: Cannot read properties of undefined (reading 'transformCallback')
    at transformCallback (http://localhost:1420/node_modules/.vite/deps/chunk-G7S6KQDI.js?v=318df923:22:37)
    at listen (http://localhost:1420/node_modules/.vite/deps/chunk-7FCLUC5I.js?v=318df923:39:14)
    at once (http://localhost:1420/node_modules/.vite/deps/chunk-7FCLUC5I.js?v=318df923:45:10)
    at http://localhost:1420/src/services/brainClient.ts:20:10
    at new Promise (<anonymous>)
    at onceWithTimeout (http://localhost:1420/src/services/brainClient.ts:19:16)
    at getWidgetsOnce (http://localhost:1420/src/services/brainClient.ts:198:10)
    at refresh (http://localhost:1420/src/views/HomeFloatNotes.vue?t=1788078159546:51:30)
    at http://localhost:1420/src/views/HomeFloatNotes.vue?t=1788078159546:59:14
[  255173ms] TypeError: Cannot read properties of undefined (reading 'transformCallback')
    at transformCallback (http://localhost:1420/node_modules/.vite/deps/chunk-G7S6KQDI.js?v=318df923:22:37)
    at listen (http://localhost:1420/node_modules/.vite/deps/chunk-7FCLUC5I.js?v=318df923:39:14)
    at once (http://localhost:1420/node_modules/.vite/deps/chunk-7FCLUC5I.js?v=318df923:45:10)
    at http://localhost:1420/src/services/brainClient.ts:20:10
    at new Promise (<anonymous>)
    at onceWithTimeout (http://localhost:1420/src/services/brainClient.ts:19:16)
    at getWidgetsOnce (http://localhost:1420/src/services/brainClient.ts:198:10)
    at refresh (http://localhost:1420/src/views/HomeFloatNotes.vue?t=1788078159546:51:30)
    at http://localhost:1420/src/views/HomeFloatNotes.vue?t=1788078159546:59:14
[  255174ms] TypeError: Cannot read properties of undefined (reading 'transformCallback')
    at transformCallback (http://localhost:1420/node_modules/.vite/deps/chunk-G7S6KQDI.js?v=318df923:22:37)
    at listen (http://localhost:1420/node_modules/.vite/deps/chunk-7FCLUC5I.js?v=318df923:39:14)
    at onBrainEvent (http://localhost:1420/src/services/brainClient.ts:299:10)
    at http://localhost:1420/src/lib/home/home-panel-run.ts:12:12
    at new Promise (<anonymous>)
    at runPanelAction (http://localhost:1420/src/lib/home/home-panel-run.ts:6:18)
    at refreshMat (http://localhost:1420/src/views/HomeShelfStats.vue?t=1788087739424:18:28)
[  267171ms] TypeError: Cannot read properties of undefined (reading 'transformCallback')
    at transformCallback (http://localhost:1420/node_modules/.vite/deps/chunk-G7S6KQDI.js?v=318df923:22:37)
    at listen (http://localhost:1420/node_modules/.vite/deps/chunk-7FCLUC5I.js?v=318df923:39:14)
    at once (http://localhost:1420/node_modules/.vite/deps/chunk-7FCLUC5I.js?v=318df923:45:10)
    at http://localhost:1420/src/services/brainClient.ts:20:10
    at new Promise (<anonymous>)
    at onceWithTimeout (http://localhost:1420/src/services/brainClient.ts:19:16)
    at getWidgetsOnce (http://localhost:1420/src/services/brainClient.ts:198:10)
    at refresh (http://localhost:1420/src/views/HomeFloatNotes.vue?t=1788078159546:51:30)
    at http://localhost:1420/src/views/HomeFloatNotes.vue?t=1788078159546:59:14
[  279173ms] TypeError: Cannot read properties of undefined (reading 'transformCallback')
    at transformCallback (http://localhost:1420/node_modules/.vite/deps/chunk-G7S6KQDI.js?v=318df923:22:37)
    at listen (http://localhost:1420/node_modules/.vite/deps/chunk-7FCLUC5I.js?v=318df923:39:14)
    at once (http://localhost:1420/node_modules/.vite/deps/chunk-7FCLUC5I.js?v=318df923:45:10)
    at http://localhost:1420/src/services/brainClient.ts:20:10
    at new Promise (<anonymous>)
    at onceWithTimeout (http://localhost:1420/src/services/brainClient.ts:19:16)
    at getWidgetsOnce (http://localhost:1420/src/services/brainClient.ts:198:10)
    at refresh (http://localhost:1420/src/views/HomeFloatNotes.vue?t=1788078159546:51:30)
    at http://localhost:1420/src/views/HomeFloatNotes.vue?t=1788078159546:59:14
[  291173ms] TypeError: Cannot read properties of undefined (reading 'transformCallback')
    at transformCallback (http://localhost:1420/node_modules/.vite/deps/chunk-G7S6KQDI.js?v=318df923:22:37)
    at listen (http://localhost:1420/node_modules/.vite/deps/chunk-7FCLUC5I.js?v=318df923:39:14)
    at once (http://localhost:1420/node_modules/.vite/deps/chunk-7FCLUC5I.js?v=318df923:45:10)
    at http://localhost:1420/src/services/brainClient.ts:20:10
    at new Promise (<anonymous>)
    at onceWithTimeout (http://localhost:1420/src/services/brainClient.ts:19:16)
    at getWidgetsOnce (http://localhost:1420/src/services/brainClient.ts:198:10)
    at refresh (http://localhost:1420/src/views/HomeFloatNotes.vue?t=1788078159546:51:30)
    at http://localhost:1420/src/views/HomeFloatNotes.vue?t=1788078159546:59:14
[  303172ms] TypeError: Cannot read properties of undefined (reading 'transformCallback')
    at transformCallback (http://localhost:1420/node_modules/.vite/deps/chunk-G7S6KQDI.js?v=318df923:22:37)
    at listen (http://localhost:1420/node_modules/.vite/deps/chunk-7FCLUC5I.js?v=318df923:39:14)
    at once (http://localhost:1420/node_modules/.vite/deps/chunk-7FCLUC5I.js?v=318df923:45:10)
    at http://localhost:1420/src/services/brainClient.ts:20:10
    at new Promise (<anonymous>)
    at onceWithTimeout (http://localhost:1420/src/services/brainClient.ts:19:16)
    at getWidgetsOnce (http://localhost:1420/src/services/brainClient.ts:198:10)
    at refresh (http://localhost:1420/src/views/HomeFloatNotes.vue?t=1788078159546:51:30)
    at http://localhost:1420/src/views/HomeFloatNotes.vue?t=1788078159546:59:14
[  315173ms] TypeError: Cannot read properties of undefined (reading 'transformCallback')
    at transformCallback (http://localhost:1420/node_modules/.vite/deps/chunk-G7S6KQDI.js?v=318df923:22:37)
    at listen (http://localhost:1420/node_modules/.vite/deps/chunk-7FCLUC5I.js?v=318df923:39:14)
    at once (http://localhost:1420/node_modules/.vite/deps/chunk-7FCLUC5I.js?v=318df923:45:10)
    at http://localhost:1420/src/services/brainClient.ts:20:10
    at new Promise (<anonymous>)
    at onceWithTimeout (http://localhost:1420/src/services/brainClient.ts:19:16)
    at getWidgetsOnce (http://localhost:1420/src/services/brainClient.ts:198:10)
    at refresh (http://localhost:1420/src/views/HomeFloatNotes.vue?t=1788078159546:51:30)
    at http://localhost:1420/src/views/HomeFloatNotes.vue?t=1788078159546:59:14
[  315173ms] TypeError: Cannot read properties of undefined (reading 'transformCallback')
    at transformCallback (http://localhost:1420/node_modules/.vite/deps/chunk-G7S6KQDI.js?v=318df923:22:37)
    at listen (http://localhost:1420/node_modules/.vite/deps/chunk-7FCLUC5I.js?v=318df923:39:14)
    at onBrainEvent (http://localhost:1420/src/services/brainClient.ts:299:10)
    at http://localhost:1420/src/lib/home/home-panel-run.ts:12:12
    at new Promise (<anonymous>)
    at runPanelAction (http://localhost:1420/src/lib/home/home-panel-run.ts:6:18)
    at refreshMat (http://localhost:1420/src/views/HomeShelfStats.vue?t=1788087739424:18:28)
[  327173ms] TypeError: Cannot read properties of undefined (reading 'transformCallback')
    at transformCallback (http://localhost:1420/node_modules/.vite/deps/chunk-G7S6KQDI.js?v=318df923:22:37)
    at listen (http://localhost:1420/node_modules/.vite/deps/chunk-7FCLUC5I.js?v=318df923:39:14)
    at once (http://localhost:1420/node_modules/.vite/deps/chunk-7FCLUC5I.js?v=318df923:45:10)
    at http://localhost:1420/src/services/brainClient.ts:20:10
    at new Promise (<anonymous>)
    at onceWithTimeout (http://localhost:1420/src/services/brainClient.ts:19:16)
    at getWidgetsOnce (http://localhost:1420/src/services/brainClient.ts:198:10)
    at refresh (http://localhost:1420/src/views/HomeFloatNotes.vue?t=1788078159546:51:30)
    at http://localhost:1420/src/views/HomeFloatNotes.vue?t=1788078159546:59:14
[  339173ms] TypeError: Cannot read properties of undefined (reading 'transformCallback')
    at transformCallback (http://localhost:1420/node_modules/.vite/deps/chunk-G7S6KQDI.js?v=318df923:22:37)
    at listen (http://localhost:1420/node_modules/.vite/deps/chunk-7FCLUC5I.js?v=318df923:39:14)
    at once (http://localhost:1420/node_modules/.vite/deps/chunk-7FCLUC5I.js?v=318df923:45:10)
    at http://localhost:1420/src/services/brainClient.ts:20:10
    at new Promise (<anonymous>)
    at onceWithTimeout (http://localhost:1420/src/services/brainClient.ts:19:16)
    at getWidgetsOnce (http://localhost:1420/src/services/brainClient.ts:198:10)
    at refresh (http://localhost:1420/src/views/HomeFloatNotes.vue?t=1788078159546:51:30)
    at http://localhost:1420/src/views/HomeFloatNotes.vue?t=1788078159546:59:14
[  351173ms] TypeError: Cannot read properties of undefined (reading 'transformCallback')
    at transformCallback (http://localhost:1420/node_modules/.vite/deps/chunk-G7S6KQDI.js?v=318df923:22:37)
    at listen (http://localhost:1420/node_modules/.vite/deps/chunk-7FCLUC5I.js?v=318df923:39:14)
    at once (http://localhost:1420/node_modules/.vite/deps/chunk-7FCLUC5I.js?v=318df923:45:10)
    at http://localhost:1420/src/services/brainClient.ts:20:10
    at new Promise (<anonymous>)
    at onceWithTimeout (http://localhost:1420/src/services/brainClient.ts:19:16)
    at getWidgetsOnce (http://localhost:1420/src/services/brainClient.ts:198:10)
    at refresh (http://localhost:1420/src/views/HomeFloatNotes.vue?t=1788078159546:51:30)
    at http://localhost:1420/src/views/HomeFloatNotes.vue?t=1788078159546:59:14
[  363174ms] TypeError: Cannot read properties of undefined (reading 'transformCallback')
    at transformCallback (http://localhost:1420/node_modules/.vite/deps/chunk-G7S6KQDI.js?v=318df923:22:37)
    at listen (http://localhost:1420/node_modules/.vite/deps/chunk-7FCLUC5I.js?v=318df923:39:14)
    at once (http://localhost:1420/node_modules/.vite/deps/chunk-7FCLUC5I.js?v=318df923:45:10)
    at http://localhost:1420/src/services/brainClient.ts:20:10
    at new Promise (<anonymous>)
    at onceWithTimeout (http://localhost:1420/src/services/brainClient.ts:19:16)
    at getWidgetsOnce (http://localhost:1420/src/services/brainClient.ts:198:10)
    at refresh (http://localhost:1420/src/views/HomeFloatNotes.vue?t=1788078159546:51:30)
    at http://localhost:1420/src/views/HomeFloatNotes.vue?t=1788078159546:59:14
[  375173ms] TypeError: Cannot read properties of undefined (reading 'transformCallback')
    at transformCallback (http://localhost:1420/node_modules/.vite/deps/chunk-G7S6KQDI.js?v=318df923:22:37)
    at listen (http://localhost:1420/node_modules/.vite/deps/chunk-7FCLUC5I.js?v=318df923:39:14)
    at once (http://localhost:1420/node_modules/.vite/deps/chunk-7FCLUC5I.js?v=318df923:45:10)
    at http://localhost:1420/src/services/brainClient.ts:20:10
    at new Promise (<anonymous>)
    at onceWithTimeout (http://localhost:1420/src/services/brainClient.ts:19:16)
    at getWidgetsOnce (http://localhost:1420/src/services/brainClient.ts:198:10)
    at refresh (http://localhost:1420/src/views/HomeFloatNotes.vue?t=1788078159546:51:30)
    at http://localhost:1420/src/views/HomeFloatNotes.vue?t=1788078159546:59:14
[  375174ms] TypeError: Cannot read properties of undefined (reading 'transformCallback')
    at transformCallback (http://localhost:1420/node_modules/.vite/deps/chunk-G7S6KQDI.js?v=318df923:22:37)
    at listen (http://localhost:1420/node_modules/.vite/deps/chunk-7FCLUC5I.js?v=318df923:39:14)
    at onBrainEvent (http://localhost:1420/src/services/brainClient.ts:299:10)
    at http://localhost:1420/src/lib/home/home-panel-run.ts:12:12
    at new Promise (<anonymous>)
    at runPanelAction (http://localhost:1420/src/lib/home/home-panel-run.ts:6:18)
    at refreshMat (http://localhost:1420/src/views/HomeShelfStats.vue?t=1788087739424:18:28)
[  387173ms] TypeError: Cannot read properties of undefined (reading 'transformCallback')
    at transformCallback (http://localhost:1420/node_modules/.vite/deps/chunk-G7S6KQDI.js?v=318df923:22:37)
    at listen (http://localhost:1420/node_modules/.vite/deps/chunk-7FCLUC5I.js?v=318df923:39:14)
    at once (http://localhost:1420/node_modules/.vite/deps/chunk-7FCLUC5I.js?v=318df923:45:10)
    at http://localhost:1420/src/services/brainClient.ts:20:10
    at new Promise (<anonymous>)
    at onceWithTimeout (http://localhost:1420/src/services/brainClient.ts:19:16)
    at getWidgetsOnce (http://localhost:1420/src/services/brainClient.ts:198:10)
    at refresh (http://localhost:1420/src/views/HomeFloatNotes.vue?t=1788078159546:51:30)
    at http://localhost:1420/src/views/HomeFloatNotes.vue?t=1788078159546:59:14
[  399173ms] TypeError: Cannot read properties of undefined (reading 'transformCallback')
    at transformCallback (http://localhost:1420/node_modules/.vite/deps/chunk-G7S6KQDI.js?v=318df923:22:37)
    at listen (http://localhost:1420/node_modules/.vite/deps/chunk-7FCLUC5I.js?v=318df923:39:14)
    at once (http://localhost:1420/node_modules/.vite/deps/chunk-7FCLUC5I.js?v=318df923:45:10)
    at http://localhost:1420/src/services/brainClient.ts:20:10
    at new Promise (<anonymous>)
    at onceWithTimeout (http://localhost:1420/src/services/brainClient.ts:19:16)
    at getWidgetsOnce (http://localhost:1420/src/services/brainClient.ts:198:10)
    at refresh (http://localhost:1420/src/views/HomeFloatNotes.vue?t=1788078159546:51:30)
    at http://localhost:1420/src/views/HomeFloatNotes.vue?t=1788078159546:59:14
[  411174ms] TypeError: Cannot read properties of undefined (reading 'transformCallback')
    at transformCallback (http://localhost:1420/node_modules/.vite/deps/chunk-G7S6KQDI.js?v=318df923:22:37)
    at listen (http://localhost:1420/node_modules/.vite/deps/chunk-7FCLUC5I.js?v=318df923:39:14)
    at once (http://localhost:1420/node_modules/.vite/deps/chunk-7FCLUC5I.js?v=318df923:45:10)
    at http://localhost:1420/src/services/brainClient.ts:20:10
    at new Promise (<anonymous>)
    at onceWithTimeout (http://localhost:1420/src/services/brainClient.ts:19:16)
    at getWidgetsOnce (http://localhost:1420/src/services/brainClient.ts:198:10)
    at refresh (http://localhost:1420/src/views/HomeFloatNotes.vue?t=1788078159546:51:30)
    at http://localhost:1420/src/views/HomeFloatNotes.vue?t=1788078159546:59:14
[  423175ms] TypeError: Cannot read properties of undefined (reading 'transformCallback')
    at transformCallback (http://localhost:1420/node_modules/.vite/deps/chunk-G7S6KQDI.js?v=318df923:22:37)
    at listen (http://localhost:1420/node_modules/.vite/deps/chunk-7FCLUC5I.js?v=318df923:39:14)
    at once (http://localhost:1420/node_modules/.vite/deps/chunk-7FCLUC5I.js?v=318df923:45:10)
    at http://localhost:1420/src/services/brainClient.ts:20:10
    at new Promise (<anonymous>)
    at onceWithTimeout (http://localhost:1420/src/services/brainClient.ts:19:16)
    at getWidgetsOnce (http://localhost:1420/src/services/brainClient.ts:198:10)
    at refresh (http://localhost:1420/src/views/HomeFloatNotes.vue?t=1788078159546:51:30)
    at http://localhost:1420/src/views/HomeFloatNotes.vue?t=1788078159546:59:14
[  435174ms] TypeError: Cannot read properties of undefined (reading 'transformCallback')
    at transformCallback (http://localhost:1420/node_modules/.vite/deps/chunk-G7S6KQDI.js?v=318df923:22:37)
    at listen (http://localhost:1420/node_modules/.vite/deps/chunk-7FCLUC5I.js?v=318df923:39:14)
    at once (http://localhost:1420/node_modules/.vite/deps/chunk-7FCLUC5I.js?v=318df923:45:10)
    at http://localhost:1420/src/services/brainClient.ts:20:10
    at new Promise (<anonymous>)
    at onceWithTimeout (http://localhost:1420/src/services/brainClient.ts:19:16)
    at getWidgetsOnce (http://localhost:1420/src/services/brainClient.ts:198:10)
    at refresh (http://localhost:1420/src/views/HomeFloatNotes.vue?t=1788078159546:51:30)
    at http://localhost:1420/src/views/HomeFloatNotes.vue?t=1788078159546:59:14
[  435174ms] TypeError: Cannot read properties of undefined (reading 'transformCallback')
    at transformCallback (http://localhost:1420/node_modules/.vite/deps/chunk-G7S6KQDI.js?v=318df923:22:37)
    at listen (http://localhost:1420/node_modules/.vite/deps/chunk-7FCLUC5I.js?v=318df923:39:14)
    at onBrainEvent (http://localhost:1420/src/services/brainClient.ts:299:10)
    at http://localhost:1420/src/lib/home/home-panel-run.ts:12:12
    at new Promise (<anonymous>)
    at runPanelAction (http://localhost:1420/src/lib/home/home-panel-run.ts:6:18)
    at refreshMat (http://localhost:1420/src/views/HomeShelfStats.vue?t=1788087739424:18:28)
[  447174ms] TypeError: Cannot read properties of undefined (reading 'transformCallback')
    at transformCallback (http://localhost:1420/node_modules/.vite/deps/chunk-G7S6KQDI.js?v=318df923:22:37)
    at listen (http://localhost:1420/node_modules/.vite/deps/chunk-7FCLUC5I.js?v=318df923:39:14)
    at once (http://localhost:1420/node_modules/.vite/deps/chunk-7FCLUC5I.js?v=318df923:45:10)
    at http://localhost:1420/src/services/brainClient.ts:20:10
    at new Promise (<anonymous>)
    at onceWithTimeout (http://localhost:1420/src/services/brainClient.ts:19:16)
    at getWidgetsOnce (http://localhost:1420/src/services/brainClient.ts:198:10)
    at refresh (http://localhost:1420/src/views/HomeFloatNotes.vue?t=1788078159546:51:30)
    at http://localhost:1420/src/views/HomeFloatNotes.vue?t=1788078159546:59:14
[  459174ms] TypeError: Cannot read properties of undefined (reading 'transformCallback')
    at transformCallback (http://localhost:1420/node_modules/.vite/deps/chunk-G7S6KQDI.js?v=318df923:22:37)
    at listen (http://localhost:1420/node_modules/.vite/deps/chunk-7FCLUC5I.js?v=318df923:39:14)
    at once (http://localhost:1420/node_modules/.vite/deps/chunk-7FCLUC5I.js?v=318df923:45:10)
    at http://localhost:1420/src/services/brainClient.ts:20:10
    at new Promise (<anonymous>)
    at onceWithTimeout (http://localhost:1420/src/services/brainClient.ts:19:16)
    at getWidgetsOnce (http://localhost:1420/src/services/brainClient.ts:198:10)
    at refresh (http://localhost:1420/src/views/HomeFloatNotes.vue?t=1788078159546:51:30)
    at http://localhost:1420/src/views/HomeFloatNotes.vue?t=1788078159546:59:14
[  471174ms] TypeError: Cannot read properties of undefined (reading 'transformCallback')
    at transformCallback (http://localhost:1420/node_modules/.vite/deps/chunk-G7S6KQDI.js?v=318df923:22:37)
    at listen (http://localhost:1420/node_modules/.vite/deps/chunk-7FCLUC5I.js?v=318df923:39:14)
    at once (http://localhost:1420/node_modules/.vite/deps/chunk-7FCLUC5I.js?v=318df923:45:10)
    at http://localhost:1420/src/services/brainClient.ts:20:10
    at new Promise (<anonymous>)
    at onceWithTimeout (http://localhost:1420/src/services/brainClient.ts:19:16)
    at getWidgetsOnce (http://localhost:1420/src/services/brainClient.ts:198:10)
    at refresh (http://localhost:1420/src/views/HomeFloatNotes.vue?t=1788078159546:51:30)
    at http://localhost:1420/src/views/HomeFloatNotes.vue?t=1788078159546:59:14
[  483174ms] TypeError: Cannot read properties of undefined (reading 'transformCallback')
    at transformCallback (http://localhost:1420/node_modules/.vite/deps/chunk-G7S6KQDI.js?v=318df923:22:37)
    at listen (http://localhost:1420/node_modules/.vite/deps/chunk-7FCLUC5I.js?v=318df923:39:14)
    at once (http://localhost:1420/node_modules/.vite/deps/chunk-7FCLUC5I.js?v=318df923:45:10)
    at http://localhost:1420/src/services/brainClient.ts:20:10
    at new Promise (<anonymous>)
    at onceWithTimeout (http://localhost:1420/src/services/brainClient.ts:19:16)
    at getWidgetsOnce (http://localhost:1420/src/services/brainClient.ts:198:10)
    at refresh (http://localhost:1420/src/views/HomeFloatNotes.vue?t=1788078159546:51:30)
    at http://localhost:1420/src/views/HomeFloatNotes.vue?t=1788078159546:59:14
[  495172ms] TypeError: Cannot read properties of undefined (reading 'transformCallback')
    at transformCallback (http://localhost:1420/node_modules/.vite/deps/chunk-G7S6KQDI.js?v=318df923:22:37)
    at listen (http://localhost:1420/node_modules/.vite/deps/chunk-7FCLUC5I.js?v=318df923:39:14)
    at once (http://localhost:1420/node_modules/.vite/deps/chunk-7FCLUC5I.js?v=318df923:45:10)
    at http://localhost:1420/src/services/brainClient.ts:20:10
    at new Promise (<anonymous>)
    at onceWithTimeout (http://localhost:1420/src/services/brainClient.ts:19:16)
    at getWidgetsOnce (http://localhost:1420/src/services/brainClient.ts:198:10)
    at refresh (http://localhost:1420/src/views/HomeFloatNotes.vue?t=1788078159546:51:30)
    at http://localhost:1420/src/views/HomeFloatNotes.vue?t=1788078159546:59:14
[  495174ms] TypeError: Cannot read properties of undefined (reading 'transformCallback')
    at transformCallback (http://localhost:1420/node_modules/.vite/deps/chunk-G7S6KQDI.js?v=318df923:22:37)
    at listen (http://localhost:1420/node_modules/.vite/deps/chunk-7FCLUC5I.js?v=318df923:39:14)
    at onBrainEvent (http://localhost:1420/src/services/brainClient.ts:299:10)
    at http://localhost:1420/src/lib/home/home-panel-run.ts:12:12
    at new Promise (<anonymous>)
    at runPanelAction (http://localhost:1420/src/lib/home/home-panel-run.ts:6:18)
    at refreshMat (http://localhost:1420/src/views/HomeShelfStats.vue?t=1788087739424:18:28)
[  507177ms] TypeError: Cannot read properties of undefined (reading 'transformCallback')
    at transformCallback (http://localhost:1420/node_modules/.vite/deps/chunk-G7S6KQDI.js?v=318df923:22:37)
    at listen (http://localhost:1420/node_modules/.vite/deps/chunk-7FCLUC5I.js?v=318df923:39:14)
    at once (http://localhost:1420/node_modules/.vite/deps/chunk-7FCLUC5I.js?v=318df923:45:10)
    at http://localhost:1420/src/services/brainClient.ts:20:10
    at new Promise (<anonymous>)
    at onceWithTimeout (http://localhost:1420/src/services/brainClient.ts:19:16)
    at getWidgetsOnce (http://localhost:1420/src/services/brainClient.ts:198:10)
    at refresh (http://localhost:1420/src/views/HomeFloatNotes.vue?t=1788078159546:51:30)
    at http://localhost:1420/src/views/HomeFloatNotes.vue?t=1788078159546:59:14
[  519174ms] TypeError: Cannot read properties of undefined (reading 'transformCallback')
    at transformCallback (http://localhost:1420/node_modules/.vite/deps/chunk-G7S6KQDI.js?v=318df923:22:37)
    at listen (http://localhost:1420/node_modules/.vite/deps/chunk-7FCLUC5I.js?v=318df923:39:14)
    at once (http://localhost:1420/node_modules/.vite/deps/chunk-7FCLUC5I.js?v=318df923:45:10)
    at http://localhost:1420/src/services/brainClient.ts:20:10
    at new Promise (<anonymous>)
    at onceWithTimeout (http://localhost:1420/src/services/brainClient.ts:19:16)
    at getWidgetsOnce (http://localhost:1420/src/services/brainClient.ts:198:10)
    at refresh (http://localhost:1420/src/views/HomeFloatNotes.vue?t=1788078159546:51:30)
    at http://localhost:1420/src/views/HomeFloatNotes.vue?t=1788078159546:59:14
[  531174ms] TypeError: Cannot read properties of undefined (reading 'transformCallback')
    at transformCallback (http://localhost:1420/node_modules/.vite/deps/chunk-G7S6KQDI.js?v=318df923:22:37)
    at listen (http://localhost:1420/node_modules/.vite/deps/chunk-7FCLUC5I.js?v=318df923:39:14)
    at once (http://localhost:1420/node_modules/.vite/deps/chunk-7FCLUC5I.js?v=318df923:45:10)
    at http://localhost:1420/src/services/brainClient.ts:20:10
    at new Promise (<anonymous>)
    at onceWithTimeout (http://localhost:1420/src/services/brainClient.ts:19:16)
    at getWidgetsOnce (http://localhost:1420/src/services/brainClient.ts:198:10)
    at refresh (http://localhost:1420/src/views/HomeFloatNotes.vue?t=1788078159546:51:30)
    at http://localhost:1420/src/views/HomeFloatNotes.vue?t=1788078159546:59:14
[  543173ms] TypeError: Cannot read properties of undefined (reading 'transformCallback')
    at transformCallback (http://localhost:1420/node_modules/.vite/deps/chunk-G7S6KQDI.js?v=318df923:22:37)
    at listen (http://localhost:1420/node_modules/.vite/deps/chunk-7FCLUC5I.js?v=318df923:39:14)
    at once (http://localhost:1420/node_modules/.vite/deps/chunk-7FCLUC5I.js?v=318df923:45:10)
    at http://localhost:1420/src/services/brainClient.ts:20:10
    at new Promise (<anonymous>)
    at onceWithTimeout (http://localhost:1420/src/services/brainClient.ts:19:16)
    at getWidgetsOnce (http://localhost:1420/src/services/brainClient.ts:198:10)
    at refresh (http://localhost:1420/src/views/HomeFloatNotes.vue?t=1788078159546:51:30)
    at http://localhost:1420/src/views/HomeFloatNotes.vue?t=1788078159546:59:14
[  555176ms] TypeError: Cannot read properties of undefined (reading 'transformCallback')
    at transformCallback (http://localhost:1420/node_modules/.vite/deps/chunk-G7S6KQDI.js?v=318df923:22:37)
    at listen (http://localhost:1420/node_modules/.vite/deps/chunk-7FCLUC5I.js?v=318df923:39:14)
    at once (http://localhost:1420/node_modules/.vite/deps/chunk-7FCLUC5I.js?v=318df923:45:10)
    at http://localhost:1420/src/services/brainClient.ts:20:10
    at new Promise (<anonymous>)
    at onceWithTimeout (http://localhost:1420/src/services/brainClient.ts:19:16)
    at getWidgetsOnce (http://localhost:1420/src/services/brainClient.ts:198:10)
    at refresh (http://localhost:1420/src/views/HomeFloatNotes.vue?t=1788078159546:51:30)
    at http://localhost:1420/src/views/HomeFloatNotes.vue?t=1788078159546:59:14
[  555176ms] TypeError: Cannot read properties of undefined (reading 'transformCallback')
    at transformCallback (http://localhost:1420/node_modules/.vite/deps/chunk-G7S6KQDI.js?v=318df923:22:37)
    at listen (http://localhost:1420/node_modules/.vite/deps/chunk-7FCLUC5I.js?v=318df923:39:14)
    at onBrainEvent (http://localhost:1420/src/services/brainClient.ts:299:10)
    at http://localhost:1420/src/lib/home/home-panel-run.ts:12:12
    at new Promise (<anonymous>)
    at runPanelAction (http://localhost:1420/src/lib/home/home-panel-run.ts:6:18)
    at refreshMat (http://localhost:1420/src/views/HomeShelfStats.vue?t=1788087739424:18:28)
[  567175ms] TypeError: Cannot read properties of undefined (reading 'transformCallback')
    at transformCallback (http://localhost:1420/node_modules/.vite/deps/chunk-G7S6KQDI.js?v=318df923:22:37)
    at listen (http://localhost:1420/node_modules/.vite/deps/chunk-7FCLUC5I.js?v=318df923:39:14)
    at once (http://localhost:1420/node_modules/.vite/deps/chunk-7FCLUC5I.js?v=318df923:45:10)
    at http://localhost:1420/src/services/brainClient.ts:20:10
    at new Promise (<anonymous>)
    at onceWithTimeout (http://localhost:1420/src/services/brainClient.ts:19:16)
    at getWidgetsOnce (http://localhost:1420/src/services/brainClient.ts:198:10)
    at refresh (http://localhost:1420/src/views/HomeFloatNotes.vue?t=1788078159546:51:30)
    at http://localhost:1420/src/views/HomeFloatNotes.vue?t=1788078159546:59:14
[  579176ms] TypeError: Cannot read properties of undefined (reading 'transformCallback')
    at transformCallback (http://localhost:1420/node_modules/.vite/deps/chunk-G7S6KQDI.js?v=318df923:22:37)
    at listen (http://localhost:1420/node_modules/.vite/deps/chunk-7FCLUC5I.js?v=318df923:39:14)
    at once (http://localhost:1420/node_modules/.vite/deps/chunk-7FCLUC5I.js?v=318df923:45:10)
    at http://localhost:1420/src/services/brainClient.ts:20:10
    at new Promise (<anonymous>)
    at onceWithTimeout (http://localhost:1420/src/services/brainClient.ts:19:16)
    at getWidgetsOnce (http://localhost:1420/src/services/brainClient.ts:198:10)
    at refresh (http://localhost:1420/src/views/HomeFloatNotes.vue?t=1788078159546:51:30)
    at http://localhost:1420/src/views/HomeFloatNotes.vue?t=1788078159546:59:14
[  591175ms] TypeError: Cannot read properties of undefined (reading 'transformCallback')
    at transformCallback (http://localhost:1420/node_modules/.vite/deps/chunk-G7S6KQDI.js?v=318df923:22:37)
    at listen (http://localhost:1420/node_modules/.vite/deps/chunk-7FCLUC5I.js?v=318df923:39:14)
    at once (http://localhost:1420/node_modules/.vite/deps/chunk-7FCLUC5I.js?v=318df923:45:10)
    at http://localhost:1420/src/services/brainClient.ts:20:10
    at new Promise (<anonymous>)
    at onceWithTimeout (http://localhost:1420/src/services/brainClient.ts:19:16)
    at getWidgetsOnce (http://localhost:1420/src/services/brainClient.ts:198:10)
    at refresh (http://localhost:1420/src/views/HomeFloatNotes.vue?t=1788078159546:51:30)
    at http://localhost:1420/src/views/HomeFloatNotes.vue?t=1788078159546:59:14
[  603175ms] TypeError: Cannot read properties of undefined (reading 'transformCallback')
    at transformCallback (http://localhost:1420/node_modules/.vite/deps/chunk-G7S6KQDI.js?v=318df923:22:37)
    at listen (http://localhost:1420/node_modules/.vite/deps/chunk-7FCLUC5I.js?v=318df923:39:14)
    at once (http://localhost:1420/node_modules/.vite/deps/chunk-7FCLUC5I.js?v=318df923:45:10)
    at http://localhost:1420/src/services/brainClient.ts:20:10
    at new Promise (<anonymous>)
    at onceWithTimeout (http://localhost:1420/src/services/brainClient.ts:19:16)
    at getWidgetsOnce (http://localhost:1420/src/services/brainClient.ts:198:10)
    at refresh (http://localhost:1420/src/views/HomeFloatNotes.vue?t=1788078159546:51:30)
    at http://localhost:1420/src/views/HomeFloatNotes.vue?t=1788078159546:59:14
[  615175ms] TypeError: Cannot read properties of undefined (reading 'transformCallback')
    at transformCallback (http://localhost:1420/node_modules/.vite/deps/chunk-G7S6KQDI.js?v=318df923:22:37)
    at listen (http://localhost:1420/node_modules/.vite/deps/chunk-7FCLUC5I.js?v=318df923:39:14)
    at once (http://localhost:1420/node_modules/.vite/deps/chunk-7FCLUC5I.js?v=318df923:45:10)
    at http://localhost:1420/src/services/brainClient.ts:20:10
    at new Promise (<anonymous>)
    at onceWithTimeout (http://localhost:1420/src/services/brainClient.ts:19:16)
    at getWidgetsOnce (http://localhost:1420/src/services/brainClient.ts:198:10)
    at refresh (http://localhost:1420/src/views/HomeFloatNotes.vue?t=1788078159546:51:30)
    at http://localhost:1420/src/views/HomeFloatNotes.vue?t=1788078159546:59:14
[  615175ms] TypeError: Cannot read properties of undefined (reading 'transformCallback')
    at transformCallback (http://localhost:1420/node_modules/.vite/deps/chunk-G7S6KQDI.js?v=318df923:22:37)
    at listen (http://localhost:1420/node_modules/.vite/deps/chunk-7FCLUC5I.js?v=318df923:39:14)
    at onBrainEvent (http://localhost:1420/src/services/brainClient.ts:299:10)
    at http://localhost:1420/src/lib/home/home-panel-run.ts:12:12
    at new Promise (<anonymous>)
    at runPanelAction (http://localhost:1420/src/lib/home/home-panel-run.ts:6:18)
    at refreshMat (http://localhost:1420/src/views/HomeShelfStats.vue?t=1788087739424:18:28)
[  627176ms] TypeError: Cannot read properties of undefined (reading 'transformCallback')
    at transformCallback (http://localhost:1420/node_modules/.vite/deps/chunk-G7S6KQDI.js?v=318df923:22:37)
    at listen (http://localhost:1420/node_modules/.vite/deps/chunk-7FCLUC5I.js?v=318df923:39:14)
    at once (http://localhost:1420/node_modules/.vite/deps/chunk-7FCLUC5I.js?v=318df923:45:10)
    at http://localhost:1420/src/services/brainClient.ts:20:10
    at new Promise (<anonymous>)
    at onceWithTimeout (http://localhost:1420/src/services/brainClient.ts:19:16)
    at getWidgetsOnce (http://localhost:1420/src/services/brainClient.ts:198:10)
    at refresh (http://localhost:1420/src/views/HomeFloatNotes.vue?t=1788078159546:51:30)
    at http://localhost:1420/src/views/HomeFloatNotes.vue?t=1788078159546:59:14
[  639175ms] TypeError: Cannot read properties of undefined (reading 'transformCallback')
    at transformCallback (http://localhost:1420/node_modules/.vite/deps/chunk-G7S6KQDI.js?v=318df923:22:37)
    at listen (http://localhost:1420/node_modules/.vite/deps/chunk-7FCLUC5I.js?v=318df923:39:14)
    at once (http://localhost:1420/node_modules/.vite/deps/chunk-7FCLUC5I.js?v=318df923:45:10)
    at http://localhost:1420/src/services/brainClient.ts:20:10
    at new Promise (<anonymous>)
    at onceWithTimeout (http://localhost:1420/src/services/brainClient.ts:19:16)
    at getWidgetsOnce (http://localhost:1420/src/services/brainClient.ts:198:10)
    at refresh (http://localhost:1420/src/views/HomeFloatNotes.vue?t=1788078159546:51:30)
    at http://localhost:1420/src/views/HomeFloatNotes.vue?t=1788078159546:59:14
[  651175ms] TypeError: Cannot read properties of undefined (reading 'transformCallback')
    at transformCallback (http://localhost:1420/node_modules/.vite/deps/chunk-G7S6KQDI.js?v=318df923:22:37)
    at listen (http://localhost:1420/node_modules/.vite/deps/chunk-7FCLUC5I.js?v=318df923:39:14)
    at once (http://localhost:1420/node_modules/.vite/deps/chunk-7FCLUC5I.js?v=318df923:45:10)
    at http://localhost:1420/src/services/brainClient.ts:20:10
    at new Promise (<anonymous>)
    at onceWithTimeout (http://localhost:1420/src/services/brainClient.ts:19:16)
    at getWidgetsOnce (http://localhost:1420/src/services/brainClient.ts:198:10)
    at refresh (http://localhost:1420/src/views/HomeFloatNotes.vue?t=1788078159546:51:30)
    at http://localhost:1420/src/views/HomeFloatNotes.vue?t=1788078159546:59:14
[  663175ms] TypeError: Cannot read properties of undefined (reading 'transformCallback')
    at transformCallback (http://localhost:1420/node_modules/.vite/deps/chunk-G7S6KQDI.js?v=318df923:22:37)
    at listen (http://localhost:1420/node_modules/.vite/deps/chunk-7FCLUC5I.js?v=318df923:39:14)
    at once (http://localhost:1420/node_modules/.vite/deps/chunk-7FCLUC5I.js?v=318df923:45:10)
    at http://localhost:1420/src/services/brainClient.ts:20:10
    at new Promise (<anonymous>)
    at onceWithTimeout (http://localhost:1420/src/services/brainClient.ts:19:16)
    at getWidgetsOnce (http://localhost:1420/src/services/brainClient.ts:198:10)
    at refresh (http://localhost:1420/src/views/HomeFloatNotes.vue?t=1788078159546:51:30)
    at http://localhost:1420/src/views/HomeFloatNotes.vue?t=1788078159546:59:14
[  675175ms] TypeError: Cannot read properties of undefined (reading 'transformCallback')
    at transformCallback (http://localhost:1420/node_modules/.vite/deps/chunk-G7S6KQDI.js?v=318df923:22:37)
    at listen (http://localhost:1420/node_modules/.vite/deps/chunk-7FCLUC5I.js?v=318df923:39:14)
    at once (http://localhost:1420/node_modules/.vite/deps/chunk-7FCLUC5I.js?v=318df923:45:10)
    at http://localhost:1420/src/services/brainClient.ts:20:10
    at new Promise (<anonymous>)
    at onceWithTimeout (http://localhost:1420/src/services/brainClient.ts:19:16)
    at getWidgetsOnce (http://localhost:1420/src/services/brainClient.ts:198:10)
    at refresh (http://localhost:1420/src/views/HomeFloatNotes.vue?t=1788078159546:51:30)
    at http://localhost:1420/src/views/HomeFloatNotes.vue?t=1788078159546:59:14
[  675176ms] TypeError: Cannot read properties of undefined (reading 'transformCallback')
    at transformCallback (http://localhost:1420/node_modules/.vite/deps/chunk-G7S6KQDI.js?v=318df923:22:37)
    at listen (http://localhost:1420/node_modules/.vite/deps/chunk-7FCLUC5I.js?v=318df923:39:14)
    at onBrainEvent (http://localhost:1420/src/services/brainClient.ts:299:10)
    at http://localhost:1420/src/lib/home/home-panel-run.ts:12:12
    at new Promise (<anonymous>)
    at runPanelAction (http://localhost:1420/src/lib/home/home-panel-run.ts:6:18)
    at refreshMat (http://localhost:1420/src/views/HomeShelfStats.vue?t=1788087739424:18:28)
[  687175ms] TypeError: Cannot read properties of undefined (reading 'transformCallback')
    at transformCallback (http://localhost:1420/node_modules/.vite/deps/chunk-G7S6KQDI.js?v=318df923:22:37)
    at listen (http://localhost:1420/node_modules/.vite/deps/chunk-7FCLUC5I.js?v=318df923:39:14)
    at once (http://localhost:1420/node_modules/.vite/deps/chunk-7FCLUC5I.js?v=318df923:45:10)
    at http://localhost:1420/src/services/brainClient.ts:20:10
    at new Promise (<anonymous>)
    at onceWithTimeout (http://localhost:1420/src/services/brainClient.ts:19:16)
    at getWidgetsOnce (http://localhost:1420/src/services/brainClient.ts:198:10)
    at refresh (http://localhost:1420/src/views/HomeFloatNotes.vue?t=1788078159546:51:30)
    at http://localhost:1420/src/views/HomeFloatNotes.vue?t=1788078159546:59:14
[  699175ms] TypeError: Cannot read properties of undefined (reading 'transformCallback')
    at transformCallback (http://localhost:1420/node_modules/.vite/deps/chunk-G7S6KQDI.js?v=318df923:22:37)
    at listen (http://localhost:1420/node_modules/.vite/deps/chunk-7FCLUC5I.js?v=318df923:39:14)
    at once (http://localhost:1420/node_modules/.vite/deps/chunk-7FCLUC5I.js?v=318df923:45:10)
    at http://localhost:1420/src/services/brainClient.ts:20:10
    at new Promise (<anonymous>)
    at onceWithTimeout (http://localhost:1420/src/services/brainClient.ts:19:16)
    at getWidgetsOnce (http://localhost:1420/src/services/brainClient.ts:198:10)
    at refresh (http://localhost:1420/src/views/HomeFloatNotes.vue?t=1788078159546:51:30)
    at http://localhost:1420/src/views/HomeFloatNotes.vue?t=1788078159546:59:14
[  711175ms] TypeError: Cannot read properties of undefined (reading 'transformCallback')
    at transformCallback (http://localhost:1420/node_modules/.vite/deps/chunk-G7S6KQDI.js?v=318df923:22:37)
    at listen (http://localhost:1420/node_modules/.vite/deps/chunk-7FCLUC5I.js?v=318df923:39:14)
    at once (http://localhost:1420/node_modules/.vite/deps/chunk-7FCLUC5I.js?v=318df923:45:10)
    at http://localhost:1420/src/services/brainClient.ts:20:10
    at new Promise (<anonymous>)
    at onceWithTimeout (http://localhost:1420/src/services/brainClient.ts:19:16)
    at getWidgetsOnce (http://localhost:1420/src/services/brainClient.ts:198:10)
    at refresh (http://localhost:1420/src/views/HomeFloatNotes.vue?t=1788078159546:51:30)
    at http://localhost:1420/src/views/HomeFloatNotes.vue?t=1788078159546:59:14
[  723175ms] TypeError: Cannot read properties of undefined (reading 'transformCallback')
    at transformCallback (http://localhost:1420/node_modules/.vite/deps/chunk-G7S6KQDI.js?v=318df923:22:37)
    at listen (http://localhost:1420/node_modules/.vite/deps/chunk-7FCLUC5I.js?v=318df923:39:14)
    at once (http://localhost:1420/node_modules/.vite/deps/chunk-7FCLUC5I.js?v=318df923:45:10)
    at http://localhost:1420/src/services/brainClient.ts:20:10
    at new Promise (<anonymous>)
    at onceWithTimeout (http://localhost:1420/src/services/brainClient.ts:19:16)
    at getWidgetsOnce (http://localhost:1420/src/services/brainClient.ts:198:10)
    at refresh (http://localhost:1420/src/views/HomeFloatNotes.vue?t=1788078159546:51:30)
    at http://localhost:1420/src/views/HomeFloatNotes.vue?t=1788078159546:59:14
[  735175ms] TypeError: Cannot read properties of undefined (reading 'transformCallback')
    at transformCallback (http://localhost:1420/node_modules/.vite/deps/chunk-G7S6KQDI.js?v=318df923:22:37)
    at listen (http://localhost:1420/node_modules/.vite/deps/chunk-7FCLUC5I.js?v=318df923:39:14)
    at once (http://localhost:1420/node_modules/.vite/deps/chunk-7FCLUC5I.js?v=318df923:45:10)
    at http://localhost:1420/src/services/brainClient.ts:20:10
    at new Promise (<anonymous>)
    at onceWithTimeout (http://localhost:1420/src/services/brainClient.ts:19:16)
    at getWidgetsOnce (http://localhost:1420/src/services/brainClient.ts:198:10)
    at refresh (http://localhost:1420/src/views/HomeFloatNotes.vue?t=1788078159546:51:30)
    at http://localhost:1420/src/views/HomeFloatNotes.vue?t=1788078159546:59:14
[  735176ms] TypeError: Cannot read properties of undefined (reading 'transformCallback')
    at transformCallback (http://localhost:1420/node_modules/.vite/deps/chunk-G7S6KQDI.js?v=318df923:22:37)
    at listen (http://localhost:1420/node_modules/.vite/deps/chunk-7FCLUC5I.js?v=318df923:39:14)
    at onBrainEvent (http://localhost:1420/src/services/brainClient.ts:299:10)
    at http://localhost:1420/src/lib/home/home-panel-run.ts:12:12
    at new Promise (<anonymous>)
    at runPanelAction (http://localhost:1420/src/lib/home/home-panel-run.ts:6:18)
    at refreshMat (http://localhost:1420/src/views/HomeShelfStats.vue?t=1788087739424:18:28)
[  747175ms] TypeError: Cannot read properties of undefined (reading 'transformCallback')
    at transformCallback (http://localhost:1420/node_modules/.vite/deps/chunk-G7S6KQDI.js?v=318df923:22:37)
    at listen (http://localhost:1420/node_modules/.vite/deps/chunk-7FCLUC5I.js?v=318df923:39:14)
    at once (http://localhost:1420/node_modules/.vite/deps/chunk-7FCLUC5I.js?v=318df923:45:10)
    at http://localhost:1420/src/services/brainClient.ts:20:10
    at new Promise (<anonymous>)
    at onceWithTimeout (http://localhost:1420/src/services/brainClient.ts:19:16)
    at getWidgetsOnce (http://localhost:1420/src/services/brainClient.ts:198:10)
    at refresh (http://localhost:1420/src/views/HomeFloatNotes.vue?t=1788078159546:51:30)
    at http://localhost:1420/src/views/HomeFloatNotes.vue?t=1788078159546:59:14
[  759175ms] TypeError: Cannot read properties of undefined (reading 'transformCallback')
    at transformCallback (http://localhost:1420/node_modules/.vite/deps/chunk-G7S6KQDI.js?v=318df923:22:37)
    at listen (http://localhost:1420/node_modules/.vite/deps/chunk-7FCLUC5I.js?v=318df923:39:14)
    at once (http://localhost:1420/node_modules/.vite/deps/chunk-7FCLUC5I.js?v=318df923:45:10)
    at http://localhost:1420/src/services/brainClient.ts:20:10
    at new Promise (<anonymous>)
    at onceWithTimeout (http://localhost:1420/src/services/brainClient.ts:19:16)
    at getWidgetsOnce (http://localhost:1420/src/services/brainClient.ts:198:10)
    at refresh (http://localhost:1420/src/views/HomeFloatNotes.vue?t=1788078159546:51:30)
    at http://localhost:1420/src/views/HomeFloatNotes.vue?t=1788078159546:59:14
[  771175ms] TypeError: Cannot read properties of undefined (reading 'transformCallback')
    at transformCallback (http://localhost:1420/node_modules/.vite/deps/chunk-G7S6KQDI.js?v=318df923:22:37)
    at listen (http://localhost:1420/node_modules/.vite/deps/chunk-7FCLUC5I.js?v=318df923:39:14)
    at once (http://localhost:1420/node_modules/.vite/deps/chunk-7FCLUC5I.js?v=318df923:45:10)
    at http://localhost:1420/src/services/brainClient.ts:20:10
    at new Promise (<anonymous>)
    at onceWithTimeout (http://localhost:1420/src/services/brainClient.ts:19:16)
    at getWidgetsOnce (http://localhost:1420/src/services/brainClient.ts:198:10)
    at refresh (http://localhost:1420/src/views/HomeFloatNotes.vue?t=1788078159546:51:30)
    at http://localhost:1420/src/views/HomeFloatNotes.vue?t=1788078159546:59:14
[  783175ms] TypeError: Cannot read properties of undefined (reading 'transformCallback')
    at transformCallback (http://localhost:1420/node_modules/.vite/deps/chunk-G7S6KQDI.js?v=318df923:22:37)
    at listen (http://localhost:1420/node_modules/.vite/deps/chunk-7FCLUC5I.js?v=318df923:39:14)
    at once (http://localhost:1420/node_modules/.vite/deps/chunk-7FCLUC5I.js?v=318df923:45:10)
    at http://localhost:1420/src/services/brainClient.ts:20:10
    at new Promise (<anonymous>)
    at onceWithTimeout (http://localhost:1420/src/services/brainClient.ts:19:16)
    at getWidgetsOnce (http://localhost:1420/src/services/brainClient.ts:198:10)
    at refresh (http://localhost:1420/src/views/HomeFloatNotes.vue?t=1788078159546:51:30)
    at http://localhost:1420/src/views/HomeFloatNotes.vue?t=1788078159546:59:14
[  795175ms] TypeError: Cannot read properties of undefined (reading 'transformCallback')
    at transformCallback (http://localhost:1420/node_modules/.vite/deps/chunk-G7S6KQDI.js?v=318df923:22:37)
    at listen (http://localhost:1420/node_modules/.vite/deps/chunk-7FCLUC5I.js?v=318df923:39:14)
    at once (http://localhost:1420/node_modules/.vite/deps/chunk-7FCLUC5I.js?v=318df923:45:10)
    at http://localhost:1420/src/services/brainClient.ts:20:10
    at new Promise (<anonymous>)
    at onceWithTimeout (http://localhost:1420/src/services/brainClient.ts:19:16)
    at getWidgetsOnce (http://localhost:1420/src/services/brainClient.ts:198:10)
    at refresh (http://localhost:1420/src/views/HomeFloatNotes.vue?t=1788078159546:51:30)
    at http://localhost:1420/src/views/HomeFloatNotes.vue?t=1788078159546:59:14
[  795177ms] TypeError: Cannot read properties of undefined (reading 'transformCallback')
    at transformCallback (http://localhost:1420/node_modules/.vite/deps/chunk-G7S6KQDI.js?v=318df923:22:37)
    at listen (http://localhost:1420/node_modules/.vite/deps/chunk-7FCLUC5I.js?v=318df923:39:14)
    at onBrainEvent (http://localhost:1420/src/services/brainClient.ts:299:10)
    at http://localhost:1420/src/lib/home/home-panel-run.ts:12:12
    at new Promise (<anonymous>)
    at runPanelAction (http://localhost:1420/src/lib/home/home-panel-run.ts:6:18)
    at refreshMat (http://localhost:1420/src/views/HomeShelfStats.vue?t=1788087739424:18:28)
[  807174ms] TypeError: Cannot read properties of undefined (reading 'transformCallback')
    at transformCallback (http://localhost:1420/node_modules/.vite/deps/chunk-G7S6KQDI.js?v=318df923:22:37)
    at listen (http://localhost:1420/node_modules/.vite/deps/chunk-7FCLUC5I.js?v=318df923:39:14)
    at once (http://localhost:1420/node_modules/.vite/deps/chunk-7FCLUC5I.js?v=318df923:45:10)
    at http://localhost:1420/src/services/brainClient.ts:20:10
    at new Promise (<anonymous>)
    at onceWithTimeout (http://localhost:1420/src/services/brainClient.ts:19:16)
    at getWidgetsOnce (http://localhost:1420/src/services/brainClient.ts:198:10)
    at refresh (http://localhost:1420/src/views/HomeFloatNotes.vue?t=1788078159546:51:30)
    at http://localhost:1420/src/views/HomeFloatNotes.vue?t=1788078159546:59:14
[  819177ms] TypeError: Cannot read properties of undefined (reading 'transformCallback')
    at transformCallback (http://localhost:1420/node_modules/.vite/deps/chunk-G7S6KQDI.js?v=318df923:22:37)
    at listen (http://localhost:1420/node_modules/.vite/deps/chunk-7FCLUC5I.js?v=318df923:39:14)
    at once (http://localhost:1420/node_modules/.vite/deps/chunk-7FCLUC5I.js?v=318df923:45:10)
    at http://localhost:1420/src/services/brainClient.ts:20:10
    at new Promise (<anonymous>)
    at onceWithTimeout (http://localhost:1420/src/services/brainClient.ts:19:16)
    at getWidgetsOnce (http://localhost:1420/src/services/brainClient.ts:198:10)
    at refresh (http://localhost:1420/src/views/HomeFloatNotes.vue?t=1788078159546:51:30)
    at http://localhost:1420/src/views/HomeFloatNotes.vue?t=1788078159546:59:14
[  831179ms] TypeError: Cannot read properties of undefined (reading 'transformCallback')
    at transformCallback (http://localhost:1420/node_modules/.vite/deps/chunk-G7S6KQDI.js?v=318df923:22:37)
    at listen (http://localhost:1420/node_modules/.vite/deps/chunk-7FCLUC5I.js?v=318df923:39:14)
    at once (http://localhost:1420/node_modules/.vite/deps/chunk-7FCLUC5I.js?v=318df923:45:10)
    at http://localhost:1420/src/services/brainClient.ts:20:10
    at new Promise (<anonymous>)
    at onceWithTimeout (http://localhost:1420/src/services/brainClient.ts:19:16)
    at getWidgetsOnce (http://localhost:1420/src/services/brainClient.ts:198:10)
    at refresh (http://localhost:1420/src/views/HomeFloatNotes.vue?t=1788078159546:51:30)
    at http://localhost:1420/src/views/HomeFloatNotes.vue?t=1788078159546:59:14
[  843181ms] TypeError: Cannot read properties of undefined (reading 'transformCallback')
    at transformCallback (http://localhost:1420/node_modules/.vite/deps/chunk-G7S6KQDI.js?v=318df923:22:37)
    at listen (http://localhost:1420/node_modules/.vite/deps/chunk-7FCLUC5I.js?v=318df923:39:14)
    at once (http://localhost:1420/node_modules/.vite/deps/chunk-7FCLUC5I.js?v=318df923:45:10)
    at http://localhost:1420/src/services/brainClient.ts:20:10
    at new Promise (<anonymous>)
    at onceWithTimeout (http://localhost:1420/src/services/brainClient.ts:19:16)
    at getWidgetsOnce (http://localhost:1420/src/services/brainClient.ts:198:10)
    at refresh (http://localhost:1420/src/views/HomeFloatNotes.vue?t=1788078159546:51:30)
    at http://localhost:1420/src/views/HomeFloatNotes.vue?t=1788078159546:59:14
[  855182ms] TypeError: Cannot read properties of undefined (reading 'transformCallback')
    at transformCallback (http://localhost:1420/node_modules/.vite/deps/chunk-G7S6KQDI.js?v=318df923:22:37)
    at listen (http://localhost:1420/node_modules/.vite/deps/chunk-7FCLUC5I.js?v=318df923:39:14)
    at once (http://localhost:1420/node_modules/.vite/deps/chunk-7FCLUC5I.js?v=318df923:45:10)
    at http://localhost:1420/src/services/brainClient.ts:20:10
    at new Promise (<anonymous>)
    at onceWithTimeout (http://localhost:1420/src/services/brainClient.ts:19:16)
    at getWidgetsOnce (http://localhost:1420/src/services/brainClient.ts:198:10)
    at refresh (http://localhost:1420/src/views/HomeFloatNotes.vue?t=1788078159546:51:30)
    at http://localhost:1420/src/views/HomeFloatNotes.vue?t=1788078159546:59:14
[  855183ms] TypeError: Cannot read properties of undefined (reading 'transformCallback')
    at transformCallback (http://localhost:1420/node_modules/.vite/deps/chunk-G7S6KQDI.js?v=318df923:22:37)
    at listen (http://localhost:1420/node_modules/.vite/deps/chunk-7FCLUC5I.js?v=318df923:39:14)
    at onBrainEvent (http://localhost:1420/src/services/brainClient.ts:299:10)
    at http://localhost:1420/src/lib/home/home-panel-run.ts:12:12
    at new Promise (<anonymous>)
    at runPanelAction (http://localhost:1420/src/lib/home/home-panel-run.ts:6:18)
    at refreshMat (http://localhost:1420/src/views/HomeShelfStats.vue?t=1788087739424:18:28)
[  867182ms] TypeError: Cannot read properties of undefined (reading 'transformCallback')
    at transformCallback (http://localhost:1420/node_modules/.vite/deps/chunk-G7S6KQDI.js?v=318df923:22:37)
    at listen (http://localhost:1420/node_modules/.vite/deps/chunk-7FCLUC5I.js?v=318df923:39:14)
    at once (http://localhost:1420/node_modules/.vite/deps/chunk-7FCLUC5I.js?v=318df923:45:10)
    at http://localhost:1420/src/services/brainClient.ts:20:10
    at new Promise (<anonymous>)
    at onceWithTimeout (http://localhost:1420/src/services/brainClient.ts:19:16)
    at getWidgetsOnce (http://localhost:1420/src/services/brainClient.ts:198:10)
    at refresh (http://localhost:1420/src/views/HomeFloatNotes.vue?t=1788078159546:51:30)
    at http://localhost:1420/src/views/HomeFloatNotes.vue?t=1788078159546:59:14
[  879182ms] TypeError: Cannot read properties of undefined (reading 'transformCallback')
    at transformCallback (http://localhost:1420/node_modules/.vite/deps/chunk-G7S6KQDI.js?v=318df923:22:37)
    at listen (http://localhost:1420/node_modules/.vite/deps/chunk-7FCLUC5I.js?v=318df923:39:14)
    at once (http://localhost:1420/node_modules/.vite/deps/chunk-7FCLUC5I.js?v=318df923:45:10)
    at http://localhost:1420/src/services/brainClient.ts:20:10
    at new Promise (<anonymous>)
    at onceWithTimeout (http://localhost:1420/src/services/brainClient.ts:19:16)
    at getWidgetsOnce (http://localhost:1420/src/services/brainClient.ts:198:10)
    at refresh (http://localhost:1420/src/views/HomeFloatNotes.vue?t=1788078159546:51:30)
    at http://localhost:1420/src/views/HomeFloatNotes.vue?t=1788078159546:59:14
[  891182ms] TypeError: Cannot read properties of undefined (reading 'transformCallback')
    at transformCallback (http://localhost:1420/node_modules/.vite/deps/chunk-G7S6KQDI.js?v=318df923:22:37)
    at listen (http://localhost:1420/node_modules/.vite/deps/chunk-7FCLUC5I.js?v=318df923:39:14)
    at once (http://localhost:1420/node_modules/.vite/deps/chunk-7FCLUC5I.js?v=318df923:45:10)
    at http://localhost:1420/src/services/brainClient.ts:20:10
    at new Promise (<anonymous>)
    at onceWithTimeout (http://localhost:1420/src/services/brainClient.ts:19:16)
    at getWidgetsOnce (http://localhost:1420/src/services/brainClient.ts:198:10)
    at refresh (http://localhost:1420/src/views/HomeFloatNotes.vue?t=1788078159546:51:30)
    at http://localhost:1420/src/views/HomeFloatNotes.vue?t=1788078159546:59:14
[  903183ms] TypeError: Cannot read properties of undefined (reading 'transformCallback')
    at transformCallback (http://localhost:1420/node_modules/.vite/deps/chunk-G7S6KQDI.js?v=318df923:22:37)
    at listen (http://localhost:1420/node_modules/.vite/deps/chunk-7FCLUC5I.js?v=318df923:39:14)
    at once (http://localhost:1420/node_modules/.vite/deps/chunk-7FCLUC5I.js?v=318df923:45:10)
    at http://localhost:1420/src/services/brainClient.ts:20:10
    at new Promise (<anonymous>)
    at onceWithTimeout (http://localhost:1420/src/services/brainClient.ts:19:16)
    at getWidgetsOnce (http://localhost:1420/src/services/brainClient.ts:198:10)
    at refresh (http://localhost:1420/src/views/HomeFloatNotes.vue?t=1788078159546:51:30)
    at http://localhost:1420/src/views/HomeFloatNotes.vue?t=1788078159546:59:14
[  915184ms] TypeError: Cannot read properties of undefined (reading 'transformCallback')
    at transformCallback (http://localhost:1420/node_modules/.vite/deps/chunk-G7S6KQDI.js?v=318df923:22:37)
    at listen (http://localhost:1420/node_modules/.vite/deps/chunk-7FCLUC5I.js?v=318df923:39:14)
    at once (http://localhost:1420/node_modules/.vite/deps/chunk-7FCLUC5I.js?v=318df923:45:10)
    at http://localhost:1420/src/services/brainClient.ts:20:10
    at new Promise (<anonymous>)
    at onceWithTimeout (http://localhost:1420/src/services/brainClient.ts:19:16)
    at getWidgetsOnce (http://localhost:1420/src/services/brainClient.ts:198:10)
    at refresh (http://localhost:1420/src/views/HomeFloatNotes.vue?t=1788078159546:51:30)
    at http://localhost:1420/src/views/HomeFloatNotes.vue?t=1788078159546:59:14
[  915185ms] TypeError: Cannot read properties of undefined (reading 'transformCallback')
    at transformCallback (http://localhost:1420/node_modules/.vite/deps/chunk-G7S6KQDI.js?v=318df923:22:37)
    at listen (http://localhost:1420/node_modules/.vite/deps/chunk-7FCLUC5I.js?v=318df923:39:14)
    at onBrainEvent (http://localhost:1420/src/services/brainClient.ts:299:10)
    at http://localhost:1420/src/lib/home/home-panel-run.ts:12:12
    at new Promise (<anonymous>)
    at runPanelAction (http://localhost:1420/src/lib/home/home-panel-run.ts:6:18)
    at refreshMat (http://localhost:1420/src/views/HomeShelfStats.vue?t=1788087739424:18:28)
[  927183ms] TypeError: Cannot read properties of undefined (reading 'transformCallback')
    at transformCallback (http://localhost:1420/node_modules/.vite/deps/chunk-G7S6KQDI.js?v=318df923:22:37)
    at listen (http://localhost:1420/node_modules/.vite/deps/chunk-7FCLUC5I.js?v=318df923:39:14)
    at once (http://localhost:1420/node_modules/.vite/deps/chunk-7FCLUC5I.js?v=318df923:45:10)
    at http://localhost:1420/src/services/brainClient.ts:20:10
    at new Promise (<anonymous>)
    at onceWithTimeout (http://localhost:1420/src/services/brainClient.ts:19:16)
    at getWidgetsOnce (http://localhost:1420/src/services/brainClient.ts:198:10)
    at refresh (http://localhost:1420/src/views/HomeFloatNotes.vue?t=1788078159546:51:30)
    at http://localhost:1420/src/views/HomeFloatNotes.vue?t=1788078159546:59:14
[  939183ms] TypeError: Cannot read properties of undefined (reading 'transformCallback')
    at transformCallback (http://localhost:1420/node_modules/.vite/deps/chunk-G7S6KQDI.js?v=318df923:22:37)
    at listen (http://localhost:1420/node_modules/.vite/deps/chunk-7FCLUC5I.js?v=318df923:39:14)
    at once (http://localhost:1420/node_modules/.vite/deps/chunk-7FCLUC5I.js?v=318df923:45:10)
    at http://localhost:1420/src/services/brainClient.ts:20:10
    at new Promise (<anonymous>)
    at onceWithTimeout (http://localhost:1420/src/services/brainClient.ts:19:16)
    at getWidgetsOnce (http://localhost:1420/src/services/brainClient.ts:198:10)
    at refresh (http://localhost:1420/src/views/HomeFloatNotes.vue?t=1788078159546:51:30)
    at http://localhost:1420/src/views/HomeFloatNotes.vue?t=1788078159546:59:14
[  951184ms] TypeError: Cannot read properties of undefined (reading 'transformCallback')
    at transformCallback (http://localhost:1420/node_modules/.vite/deps/chunk-G7S6KQDI.js?v=318df923:22:37)
    at listen (http://localhost:1420/node_modules/.vite/deps/chunk-7FCLUC5I.js?v=318df923:39:14)
    at once (http://localhost:1420/node_modules/.vite/deps/chunk-7FCLUC5I.js?v=318df923:45:10)
    at http://localhost:1420/src/services/brainClient.ts:20:10
    at new Promise (<anonymous>)
    at onceWithTimeout (http://localhost:1420/src/services/brainClient.ts:19:16)
    at getWidgetsOnce (http://localhost:1420/src/services/brainClient.ts:198:10)
    at refresh (http://localhost:1420/src/views/HomeFloatNotes.vue?t=1788078159546:51:30)
    at http://localhost:1420/src/views/HomeFloatNotes.vue?t=1788078159546:59:14
[  963185ms] TypeError: Cannot read properties of undefined (reading 'transformCallback')
    at transformCallback (http://localhost:1420/node_modules/.vite/deps/chunk-G7S6KQDI.js?v=318df923:22:37)
    at listen (http://localhost:1420/node_modules/.vite/deps/chunk-7FCLUC5I.js?v=318df923:39:14)
    at once (http://localhost:1420/node_modules/.vite/deps/chunk-7FCLUC5I.js?v=318df923:45:10)
    at http://localhost:1420/src/services/brainClient.ts:20:10
    at new Promise (<anonymous>)
    at onceWithTimeout (http://localhost:1420/src/services/brainClient.ts:19:16)
    at getWidgetsOnce (http://localhost:1420/src/services/brainClient.ts:198:10)
    at refresh (http://localhost:1420/src/views/HomeFloatNotes.vue?t=1788078159546:51:30)
    at http://localhost:1420/src/views/HomeFloatNotes.vue?t=1788078159546:59:14
[  975183ms] TypeError: Cannot read properties of undefined (reading 'transformCallback')
    at transformCallback (http://localhost:1420/node_modules/.vite/deps/chunk-G7S6KQDI.js?v=318df923:22:37)
    at listen (http://localhost:1420/node_modules/.vite/deps/chunk-7FCLUC5I.js?v=318df923:39:14)
    at once (http://localhost:1420/node_modules/.vite/deps/chunk-7FCLUC5I.js?v=318df923:45:10)
    at http://localhost:1420/src/services/brainClient.ts:20:10
    at new Promise (<anonymous>)
    at onceWithTimeout (http://localhost:1420/src/services/brainClient.ts:19:16)
    at getWidgetsOnce (http://localhost:1420/src/services/brainClient.ts:198:10)
    at refresh (http://localhost:1420/src/views/HomeFloatNotes.vue?t=1788078159546:51:30)
    at http://localhost:1420/src/views/HomeFloatNotes.vue?t=1788078159546:59:14
[  975185ms] TypeError: Cannot read properties of undefined (reading 'transformCallback')
    at transformCallback (http://localhost:1420/node_modules/.vite/deps/chunk-G7S6KQDI.js?v=318df923:22:37)
    at listen (http://localhost:1420/node_modules/.vite/deps/chunk-7FCLUC5I.js?v=318df923:39:14)
    at onBrainEvent (http://localhost:1420/src/services/brainClient.ts:299:10)
    at http://localhost:1420/src/lib/home/home-panel-run.ts:12:12
    at new Promise (<anonymous>)
    at runPanelAction (http://localhost:1420/src/lib/home/home-panel-run.ts:6:18)
    at refreshMat (http://localhost:1420/src/views/HomeShelfStats.vue?t=1788087739424:18:28)
[  987185ms] TypeError: Cannot read properties of undefined (reading 'transformCallback')
    at transformCallback (http://localhost:1420/node_modules/.vite/deps/chunk-G7S6KQDI.js?v=318df923:22:37)
    at listen (http://localhost:1420/node_modules/.vite/deps/chunk-7FCLUC5I.js?v=318df923:39:14)
    at once (http://localhost:1420/node_modules/.vite/deps/chunk-7FCLUC5I.js?v=318df923:45:10)
    at http://localhost:1420/src/services/brainClient.ts:20:10
    at new Promise (<anonymous>)
    at onceWithTimeout (http://localhost:1420/src/services/brainClient.ts:19:16)
    at getWidgetsOnce (http://localhost:1420/src/services/brainClient.ts:198:10)
    at refresh (http://localhost:1420/src/views/HomeFloatNotes.vue?t=1788078159546:51:30)
    at http://localhost:1420/src/views/HomeFloatNotes.vue?t=1788078159546:59:14
[  999184ms] TypeError: Cannot read properties of undefined (reading 'transformCallback')
    at transformCallback (http://localhost:1420/node_modules/.vite/deps/chunk-G7S6KQDI.js?v=318df923:22:37)
    at listen (http://localhost:1420/node_modules/.vite/deps/chunk-7FCLUC5I.js?v=318df923:39:14)
    at once (http://localhost:1420/node_modules/.vite/deps/chunk-7FCLUC5I.js?v=318df923:45:10)
    at http://localhost:1420/src/services/brainClient.ts:20:10
    at new Promise (<anonymous>)
    at onceWithTimeout (http://localhost:1420/src/services/brainClient.ts:19:16)
    at getWidgetsOnce (http://localhost:1420/src/services/brainClient.ts:198:10)
    at refresh (http://localhost:1420/src/views/HomeFloatNotes.vue?t=1788078159546:51:30)
    at http://localhost:1420/src/views/HomeFloatNotes.vue?t=1788078159546:59:14
[ 1011185ms] TypeError: Cannot read properties of undefined (reading 'transformCallback')
    at transformCallback (http://localhost:1420/node_modules/.vite/deps/chunk-G7S6KQDI.js?v=318df923:22:37)
    at listen (http://localhost:1420/node_modules/.vite/deps/chunk-7FCLUC5I.js?v=318df923:39:14)
    at once (http://localhost:1420/node_modules/.vite/deps/chunk-7FCLUC5I.js?v=318df923:45:10)
    at http://localhost:1420/src/services/brainClient.ts:20:10
    at new Promise (<anonymous>)
    at onceWithTimeout (http://localhost:1420/src/services/brainClient.ts:19:16)
    at getWidgetsOnce (http://localhost:1420/src/services/brainClient.ts:198:10)
    at refresh (http://localhost:1420/src/views/HomeFloatNotes.vue?t=1788078159546:51:30)
    at http://localhost:1420/src/views/HomeFloatNotes.vue?t=1788078159546:59:14
[ 1023185ms] TypeError: Cannot read properties of undefined (reading 'transformCallback')
    at transformCallback (http://localhost:1420/node_modules/.vite/deps/chunk-G7S6KQDI.js?v=318df923:22:37)
    at listen (http://localhost:1420/node_modules/.vite/deps/chunk-7FCLUC5I.js?v=318df923:39:14)
    at once (http://localhost:1420/node_modules/.vite/deps/chunk-7FCLUC5I.js?v=318df923:45:10)
    at http://localhost:1420/src/services/brainClient.ts:20:10
    at new Promise (<anonymous>)
    at onceWithTimeout (http://localhost:1420/src/services/brainClient.ts:19:16)
    at getWidgetsOnce (http://localhost:1420/src/services/brainClient.ts:198:10)
    at refresh (http://localhost:1420/src/views/HomeFloatNotes.vue?t=1788078159546:51:30)
    at http://localhost:1420/src/views/HomeFloatNotes.vue?t=1788078159546:59:14
[ 1035185ms] TypeError: Cannot read properties of undefined (reading 'transformCallback')
    at transformCallback (http://localhost:1420/node_modules/.vite/deps/chunk-G7S6KQDI.js?v=318df923:22:37)
    at listen (http://localhost:1420/node_modules/.vite/deps/chunk-7FCLUC5I.js?v=318df923:39:14)
    at once (http://localhost:1420/node_modules/.vite/deps/chunk-7FCLUC5I.js?v=318df923:45:10)
    at http://localhost:1420/src/services/brainClient.ts:20:10
    at new Promise (<anonymous>)
    at onceWithTimeout (http://localhost:1420/src/services/brainClient.ts:19:16)
    at getWidgetsOnce (http://localhost:1420/src/services/brainClient.ts:198:10)
    at refresh (http://localhost:1420/src/views/HomeFloatNotes.vue?t=1788078159546:51:30)
    at http://localhost:1420/src/views/HomeFloatNotes.vue?t=1788078159546:59:14
[ 1035186ms] TypeError: Cannot read properties of undefined (reading 'transformCallback')
    at transformCallback (http://localhost:1420/node_modules/.vite/deps/chunk-G7S6KQDI.js?v=318df923:22:37)
    at listen (http://localhost:1420/node_modules/.vite/deps/chunk-7FCLUC5I.js?v=318df923:39:14)
    at onBrainEvent (http://localhost:1420/src/services/brainClient.ts:299:10)
    at http://localhost:1420/src/lib/home/home-panel-run.ts:12:12
    at new Promise (<anonymous>)
    at runPanelAction (http://localhost:1420/src/lib/home/home-panel-run.ts:6:18)
    at refreshMat (http://localhost:1420/src/views/HomeShelfStats.vue?t=1788087739424:18:28)
[ 1047185ms] TypeError: Cannot read properties of undefined (reading 'transformCallback')
    at transformCallback (http://localhost:1420/node_modules/.vite/deps/chunk-G7S6KQDI.js?v=318df923:22:37)
    at listen (http://localhost:1420/node_modules/.vite/deps/chunk-7FCLUC5I.js?v=318df923:39:14)
    at once (http://localhost:1420/node_modules/.vite/deps/chunk-7FCLUC5I.js?v=318df923:45:10)
    at http://localhost:1420/src/services/brainClient.ts:20:10
    at new Promise (<anonymous>)
    at onceWithTimeout (http://localhost:1420/src/services/brainClient.ts:19:16)
    at getWidgetsOnce (http://localhost:1420/src/services/brainClient.ts:198:10)
    at refresh (http://localhost:1420/src/views/HomeFloatNotes.vue?t=1788078159546:51:30)
    at http://localhost:1420/src/views/HomeFloatNotes.vue?t=1788078159546:59:14
[ 1059184ms] TypeError: Cannot read properties of undefined (reading 'transformCallback')
    at transformCallback (http://localhost:1420/node_modules/.vite/deps/chunk-G7S6KQDI.js?v=318df923:22:37)
    at listen (http://localhost:1420/node_modules/.vite/deps/chunk-7FCLUC5I.js?v=318df923:39:14)
    at once (http://localhost:1420/node_modules/.vite/deps/chunk-7FCLUC5I.js?v=318df923:45:10)
    at http://localhost:1420/src/services/brainClient.ts:20:10
    at new Promise (<anonymous>)
    at onceWithTimeout (http://localhost:1420/src/services/brainClient.ts:19:16)
    at getWidgetsOnce (http://localhost:1420/src/services/brainClient.ts:198:10)
    at refresh (http://localhost:1420/src/views/HomeFloatNotes.vue?t=1788078159546:51:30)
    at http://localhost:1420/src/views/HomeFloatNotes.vue?t=1788078159546:59:14
[ 1071185ms] TypeError: Cannot read properties of undefined (reading 'transformCallback')
    at transformCallback (http://localhost:1420/node_modules/.vite/deps/chunk-G7S6KQDI.js?v=318df923:22:37)
    at listen (http://localhost:1420/node_modules/.vite/deps/chunk-7FCLUC5I.js?v=318df923:39:14)
    at once (http://localhost:1420/node_modules/.vite/deps/chunk-7FCLUC5I.js?v=318df923:45:10)
    at http://localhost:1420/src/services/brainClient.ts:20:10
    at new Promise (<anonymous>)
    at onceWithTimeout (http://localhost:1420/src/services/brainClient.ts:19:16)
    at getWidgetsOnce (http://localhost:1420/src/services/brainClient.ts:198:10)
    at refresh (http://localhost:1420/src/views/HomeFloatNotes.vue?t=1788078159546:51:30)
    at http://localhost:1420/src/views/HomeFloatNotes.vue?t=1788078159546:59:14
[ 1083186ms] TypeError: Cannot read properties of undefined (reading 'transformCallback')
    at transformCallback (http://localhost:1420/node_modules/.vite/deps/chunk-G7S6KQDI.js?v=318df923:22:37)
    at listen (http://localhost:1420/node_modules/.vite/deps/chunk-7FCLUC5I.js?v=318df923:39:14)
    at once (http://localhost:1420/node_modules/.vite/deps/chunk-7FCLUC5I.js?v=318df923:45:10)
    at http://localhost:1420/src/services/brainClient.ts:20:10
    at new Promise (<anonymous>)
    at onceWithTimeout (http://localhost:1420/src/services/brainClient.ts:19:16)
    at getWidgetsOnce (http://localhost:1420/src/services/brainClient.ts:198:10)
    at refresh (http://localhost:1420/src/views/HomeFloatNotes.vue?t=1788078159546:51:30)
    at http://localhost:1420/src/views/HomeFloatNotes.vue?t=1788078159546:59:14
[ 1095185ms] TypeError: Cannot read properties of undefined (reading 'transformCallback')
    at transformCallback (http://localhost:1420/node_modules/.vite/deps/chunk-G7S6KQDI.js?v=318df923:22:37)
    at listen (http://localhost:1420/node_modules/.vite/deps/chunk-7FCLUC5I.js?v=318df923:39:14)
    at once (http://localhost:1420/node_modules/.vite/deps/chunk-7FCLUC5I.js?v=318df923:45:10)
    at http://localhost:1420/src/services/brainClient.ts:20:10
    at new Promise (<anonymous>)
    at onceWithTimeout (http://localhost:1420/src/services/brainClient.ts:19:16)
    at getWidgetsOnce (http://localhost:1420/src/services/brainClient.ts:198:10)
    at refresh (http://localhost:1420/src/views/HomeFloatNotes.vue?t=1788078159546:51:30)
    at http://localhost:1420/src/views/HomeFloatNotes.vue?t=1788078159546:59:14
[ 1095186ms] TypeError: Cannot read properties of undefined (reading 'transformCallback')
    at transformCallback (http://localhost:1420/node_modules/.vite/deps/chunk-G7S6KQDI.js?v=318df923:22:37)
    at listen (http://localhost:1420/node_modules/.vite/deps/chunk-7FCLUC5I.js?v=318df923:39:14)
    at onBrainEvent (http://localhost:1420/src/services/brainClient.ts:299:10)
    at http://localhost:1420/src/lib/home/home-panel-run.ts:12:12
    at new Promise (<anonymous>)
    at runPanelAction (http://localhost:1420/src/lib/home/home-panel-run.ts:6:18)
    at refreshMat (http://localhost:1420/src/views/HomeShelfStats.vue?t=1788087739424:18:28)
[ 1107186ms] TypeError: Cannot read properties of undefined (reading 'transformCallback')
    at transformCallback (http://localhost:1420/node_modules/.vite/deps/chunk-G7S6KQDI.js?v=318df923:22:37)
    at listen (http://localhost:1420/node_modules/.vite/deps/chunk-7FCLUC5I.js?v=318df923:39:14)
    at once (http://localhost:1420/node_modules/.vite/deps/chunk-7FCLUC5I.js?v=318df923:45:10)
    at http://localhost:1420/src/services/brainClient.ts:20:10
    at new Promise (<anonymous>)
    at onceWithTimeout (http://localhost:1420/src/services/brainClient.ts:19:16)
    at getWidgetsOnce (http://localhost:1420/src/services/brainClient.ts:198:10)
    at refresh (http://localhost:1420/src/views/HomeFloatNotes.vue?t=1788078159546:51:30)
    at http://localhost:1420/src/views/HomeFloatNotes.vue?t=1788078159546:59:14
[ 1119186ms] TypeError: Cannot read properties of undefined (reading 'transformCallback')
    at transformCallback (http://localhost:1420/node_modules/.vite/deps/chunk-G7S6KQDI.js?v=318df923:22:37)
    at listen (http://localhost:1420/node_modules/.vite/deps/chunk-7FCLUC5I.js?v=318df923:39:14)
    at once (http://localhost:1420/node_modules/.vite/deps/chunk-7FCLUC5I.js?v=318df923:45:10)
    at http://localhost:1420/src/services/brainClient.ts:20:10
    at new Promise (<anonymous>)
    at onceWithTimeout (http://localhost:1420/src/services/brainClient.ts:19:16)
    at getWidgetsOnce (http://localhost:1420/src/services/brainClient.ts:198:10)
    at refresh (http://localhost:1420/src/views/HomeFloatNotes.vue?t=1788078159546:51:30)
    at http://localhost:1420/src/views/HomeFloatNotes.vue?t=1788078159546:59:14
[ 1131186ms] TypeError: Cannot read properties of undefined (reading 'transformCallback')
    at transformCallback (http://localhost:1420/node_modules/.vite/deps/chunk-G7S6KQDI.js?v=318df923:22:37)
    at listen (http://localhost:1420/node_modules/.vite/deps/chunk-7FCLUC5I.js?v=318df923:39:14)
    at once (http://localhost:1420/node_modules/.vite/deps/chunk-7FCLUC5I.js?v=318df923:45:10)
    at http://localhost:1420/src/services/brainClient.ts:20:10
    at new Promise (<anonymous>)
    at onceWithTimeout (http://localhost:1420/src/services/brainClient.ts:19:16)
    at getWidgetsOnce (http://localhost:1420/src/services/brainClient.ts:198:10)
    at refresh (http://localhost:1420/src/views/HomeFloatNotes.vue?t=1788078159546:51:30)
    at http://localhost:1420/src/views/HomeFloatNotes.vue?t=1788078159546:59:14
[ 1143186ms] TypeError: Cannot read properties of undefined (reading 'transformCallback')
    at transformCallback (http://localhost:1420/node_modules/.vite/deps/chunk-G7S6KQDI.js?v=318df923:22:37)
    at listen (http://localhost:1420/node_modules/.vite/deps/chunk-7FCLUC5I.js?v=318df923:39:14)
    at once (http://localhost:1420/node_modules/.vite/deps/chunk-7FCLUC5I.js?v=318df923:45:10)
    at http://localhost:1420/src/services/brainClient.ts:20:10
    at new Promise (<anonymous>)
    at onceWithTimeout (http://localhost:1420/src/services/brainClient.ts:19:16)
    at getWidgetsOnce (http://localhost:1420/src/services/brainClient.ts:198:10)
    at refresh (http://localhost:1420/src/views/HomeFloatNotes.vue?t=1788078159546:51:30)
    at http://localhost:1420/src/views/HomeFloatNotes.vue?t=1788078159546:59:14
[ 1155188ms] TypeError: Cannot read properties of undefined (reading 'transformCallback')
    at transformCallback (http://localhost:1420/node_modules/.vite/deps/chunk-G7S6KQDI.js?v=318df923:22:37)
    at listen (http://localhost:1420/node_modules/.vite/deps/chunk-7FCLUC5I.js?v=318df923:39:14)
    at once (http://localhost:1420/node_modules/.vite/deps/chunk-7FCLUC5I.js?v=318df923:45:10)
    at http://localhost:1420/src/services/brainClient.ts:20:10
    at new Promise (<anonymous>)
    at onceWithTimeout (http://localhost:1420/src/services/brainClient.ts:19:16)
    at getWidgetsOnce (http://localhost:1420/src/services/brainClient.ts:198:10)
    at refresh (http://localhost:1420/src/views/HomeFloatNotes.vue?t=1788078159546:51:30)
    at http://localhost:1420/src/views/HomeFloatNotes.vue?t=1788078159546:59:14
[ 1155189ms] TypeError: Cannot read properties of undefined (reading 'transformCallback')
    at transformCallback (http://localhost:1420/node_modules/.vite/deps/chunk-G7S6KQDI.js?v=318df923:22:37)
    at listen (http://localhost:1420/node_modules/.vite/deps/chunk-7FCLUC5I.js?v=318df923:39:14)
    at onBrainEvent (http://localhost:1420/src/services/brainClient.ts:299:10)
    at http://localhost:1420/src/lib/home/home-panel-run.ts:12:12
    at new Promise (<anonymous>)
    at runPanelAction (http://localhost:1420/src/lib/home/home-panel-run.ts:6:18)
    at refreshMat (http://localhost:1420/src/views/HomeShelfStats.vue?t=1788087739424:18:28)
[ 1167186ms] TypeError: Cannot read properties of undefined (reading 'transformCallback')
    at transformCallback (http://localhost:1420/node_modules/.vite/deps/chunk-G7S6KQDI.js?v=318df923:22:37)
    at listen (http://localhost:1420/node_modules/.vite/deps/chunk-7FCLUC5I.js?v=318df923:39:14)
    at once (http://localhost:1420/node_modules/.vite/deps/chunk-7FCLUC5I.js?v=318df923:45:10)
    at http://localhost:1420/src/services/brainClient.ts:20:10
    at new Promise (<anonymous>)
    at onceWithTimeout (http://localhost:1420/src/services/brainClient.ts:19:16)
    at getWidgetsOnce (http://localhost:1420/src/services/brainClient.ts:198:10)
    at refresh (http://localhost:1420/src/views/HomeFloatNotes.vue?t=1788078159546:51:30)
    at http://localhost:1420/src/views/HomeFloatNotes.vue?t=1788078159546:59:14
[ 1179186ms] TypeError: Cannot read properties of undefined (reading 'transformCallback')
    at transformCallback (http://localhost:1420/node_modules/.vite/deps/chunk-G7S6KQDI.js?v=318df923:22:37)
    at listen (http://localhost:1420/node_modules/.vite/deps/chunk-7FCLUC5I.js?v=318df923:39:14)
    at once (http://localhost:1420/node_modules/.vite/deps/chunk-7FCLUC5I.js?v=318df923:45:10)
    at http://localhost:1420/src/services/brainClient.ts:20:10
    at new Promise (<anonymous>)
    at onceWithTimeout (http://localhost:1420/src/services/brainClient.ts:19:16)
    at getWidgetsOnce (http://localhost:1420/src/services/brainClient.ts:198:10)
    at refresh (http://localhost:1420/src/views/HomeFloatNotes.vue?t=1788078159546:51:30)
    at http://localhost:1420/src/views/HomeFloatNotes.vue?t=1788078159546:59:14
[ 1191187ms] TypeError: Cannot read properties of undefined (reading 'transformCallback')
    at transformCallback (http://localhost:1420/node_modules/.vite/deps/chunk-G7S6KQDI.js?v=318df923:22:37)
    at listen (http://localhost:1420/node_modules/.vite/deps/chunk-7FCLUC5I.js?v=318df923:39:14)
    at once (http://localhost:1420/node_modules/.vite/deps/chunk-7FCLUC5I.js?v=318df923:45:10)
    at http://localhost:1420/src/services/brainClient.ts:20:10
    at new Promise (<anonymous>)
    at onceWithTimeout (http://localhost:1420/src/services/brainClient.ts:19:16)
    at getWidgetsOnce (http://localhost:1420/src/services/brainClient.ts:198:10)
    at refresh (http://localhost:1420/src/views/HomeFloatNotes.vue?t=1788078159546:51:30)
    at http://localhost:1420/src/views/HomeFloatNotes.vue?t=1788078159546:59:14
[ 1203186ms] TypeError: Cannot read properties of undefined (reading 'transformCallback')
    at transformCallback (http://localhost:1420/node_modules/.vite/deps/chunk-G7S6KQDI.js?v=318df923:22:37)
    at listen (http://localhost:1420/node_modules/.vite/deps/chunk-7FCLUC5I.js?v=318df923:39:14)
    at once (http://localhost:1420/node_modules/.vite/deps/chunk-7FCLUC5I.js?v=318df923:45:10)
    at http://localhost:1420/src/services/brainClient.ts:20:10
    at new Promise (<anonymous>)
    at onceWithTimeout (http://localhost:1420/src/services/brainClient.ts:19:16)
    at getWidgetsOnce (http://localhost:1420/src/services/brainClient.ts:198:10)
    at refresh (http://localhost:1420/src/views/HomeFloatNotes.vue?t=1788078159546:51:30)
    at http://localhost:1420/src/views/HomeFloatNotes.vue?t=1788078159546:59:14
[ 1215186ms] TypeError: Cannot read properties of undefined (reading 'transformCallback')
    at transformCallback (http://localhost:1420/node_modules/.vite/deps/chunk-G7S6KQDI.js?v=318df923:22:37)
    at listen (http://localhost:1420/node_modules/.vite/deps/chunk-7FCLUC5I.js?v=318df923:39:14)
    at once (http://localhost:1420/node_modules/.vite/deps/chunk-7FCLUC5I.js?v=318df923:45:10)
    at http://localhost:1420/src/services/brainClient.ts:20:10
    at new Promise (<anonymous>)
    at onceWithTimeout (http://localhost:1420/src/services/brainClient.ts:19:16)
    at getWidgetsOnce (http://localhost:1420/src/services/brainClient.ts:198:10)
    at refresh (http://localhost:1420/src/views/HomeFloatNotes.vue?t=1788078159546:51:30)
    at http://localhost:1420/src/views/HomeFloatNotes.vue?t=1788078159546:59:14
[ 1215188ms] TypeError: Cannot read properties of undefined (reading 'transformCallback')
    at transformCallback (http://localhost:1420/node_modules/.vite/deps/chunk-G7S6KQDI.js?v=318df923:22:37)
    at listen (http://localhost:1420/node_modules/.vite/deps/chunk-7FCLUC5I.js?v=318df923:39:14)
    at onBrainEvent (http://localhost:1420/src/services/brainClient.ts:299:10)
    at http://localhost:1420/src/lib/home/home-panel-run.ts:12:12
    at new Promise (<anonymous>)
    at runPanelAction (http://localhost:1420/src/lib/home/home-panel-run.ts:6:18)
    at refreshMat (http://localhost:1420/src/views/HomeShelfStats.vue?t=1788087739424:18:28)
[ 1227188ms] TypeError: Cannot read properties of undefined (reading 'transformCallback')
    at transformCallback (http://localhost:1420/node_modules/.vite/deps/chunk-G7S6KQDI.js?v=318df923:22:37)
    at listen (http://localhost:1420/node_modules/.vite/deps/chunk-7FCLUC5I.js?v=318df923:39:14)
    at once (http://localhost:1420/node_modules/.vite/deps/chunk-7FCLUC5I.js?v=318df923:45:10)
    at http://localhost:1420/src/services/brainClient.ts:20:10
    at new Promise (<anonymous>)
    at onceWithTimeout (http://localhost:1420/src/services/brainClient.ts:19:16)
    at getWidgetsOnce (http://localhost:1420/src/services/brainClient.ts:198:10)
    at refresh (http://localhost:1420/src/views/HomeFloatNotes.vue?t=1788078159546:51:30)
    at http://localhost:1420/src/views/HomeFloatNotes.vue?t=1788078159546:59:14
[ 1239187ms] TypeError: Cannot read properties of undefined (reading 'transformCallback')
    at transformCallback (http://localhost:1420/node_modules/.vite/deps/chunk-G7S6KQDI.js?v=318df923:22:37)
    at listen (http://localhost:1420/node_modules/.vite/deps/chunk-7FCLUC5I.js?v=318df923:39:14)
    at once (http://localhost:1420/node_modules/.vite/deps/chunk-7FCLUC5I.js?v=318df923:45:10)
    at http://localhost:1420/src/services/brainClient.ts:20:10
    at new Promise (<anonymous>)
    at onceWithTimeout (http://localhost:1420/src/services/brainClient.ts:19:16)
    at getWidgetsOnce (http://localhost:1420/src/services/brainClient.ts:198:10)
    at refresh (http://localhost:1420/src/views/HomeFloatNotes.vue?t=1788078159546:51:30)
    at http://localhost:1420/src/views/HomeFloatNotes.vue?t=1788078159546:59:14
[ 1251187ms] TypeError: Cannot read properties of undefined (reading 'transformCallback')
    at transformCallback (http://localhost:1420/node_modules/.vite/deps/chunk-G7S6KQDI.js?v=318df923:22:37)
    at listen (http://localhost:1420/node_modules/.vite/deps/chunk-7FCLUC5I.js?v=318df923:39:14)
    at once (http://localhost:1420/node_modules/.vite/deps/chunk-7FCLUC5I.js?v=318df923:45:10)
    at http://localhost:1420/src/services/brainClient.ts:20:10
    at new Promise (<anonymous>)
    at onceWithTimeout (http://localhost:1420/src/services/brainClient.ts:19:16)
    at getWidgetsOnce (http://localhost:1420/src/services/brainClient.ts:198:10)
    at refresh (http://localhost:1420/src/views/HomeFloatNotes.vue?t=1788078159546:51:30)
    at http://localhost:1420/src/views/HomeFloatNotes.vue?t=1788078159546:59:14
[ 1263188ms] TypeError: Cannot read properties of undefined (reading 'transformCallback')
    at transformCallback (http://localhost:1420/node_modules/.vite/deps/chunk-G7S6KQDI.js?v=318df923:22:37)
    at listen (http://localhost:1420/node_modules/.vite/deps/chunk-7FCLUC5I.js?v=318df923:39:14)
    at once (http://localhost:1420/node_modules/.vite/deps/chunk-7FCLUC5I.js?v=318df923:45:10)
    at http://localhost:1420/src/services/brainClient.ts:20:10
    at new Promise (<anonymous>)
    at onceWithTimeout (http://localhost:1420/src/services/brainClient.ts:19:16)
    at getWidgetsOnce (http://localhost:1420/src/services/brainClient.ts:198:10)
    at refresh (http://localhost:1420/src/views/HomeFloatNotes.vue?t=1788078159546:51:30)
    at http://localhost:1420/src/views/HomeFloatNotes.vue?t=1788078159546:59:14
[ 1275187ms] TypeError: Cannot read properties of undefined (reading 'transformCallback')
    at transformCallback (http://localhost:1420/node_modules/.vite/deps/chunk-G7S6KQDI.js?v=318df923:22:37)
    at listen (http://localhost:1420/node_modules/.vite/deps/chunk-7FCLUC5I.js?v=318df923:39:14)
    at once (http://localhost:1420/node_modules/.vite/deps/chunk-7FCLUC5I.js?v=318df923:45:10)
    at http://localhost:1420/src/services/brainClient.ts:20:10
    at new Promise (<anonymous>)
    at onceWithTimeout (http://localhost:1420/src/services/brainClient.ts:19:16)
    at getWidgetsOnce (http://localhost:1420/src/services/brainClient.ts:198:10)
    at refresh (http://localhost:1420/src/views/HomeFloatNotes.vue?t=1788078159546:51:30)
    at http://localhost:1420/src/views/HomeFloatNotes.vue?t=1788078159546:59:14
[ 1275188ms] TypeError: Cannot read properties of undefined (reading 'transformCallback')
    at transformCallback (http://localhost:1420/node_modules/.vite/deps/chunk-G7S6KQDI.js?v=318df923:22:37)
    at listen (http://localhost:1420/node_modules/.vite/deps/chunk-7FCLUC5I.js?v=318df923:39:14)
    at onBrainEvent (http://localhost:1420/src/services/brainClient.ts:299:10)
    at http://localhost:1420/src/lib/home/home-panel-run.ts:12:12
    at new Promise (<anonymous>)
    at runPanelAction (http://localhost:1420/src/lib/home/home-panel-run.ts:6:18)
    at refreshMat (http://localhost:1420/src/views/HomeShelfStats.vue?t=1788087739424:18:28)
[ 1287188ms] TypeError: Cannot read properties of undefined (reading 'transformCallback')
    at transformCallback (http://localhost:1420/node_modules/.vite/deps/chunk-G7S6KQDI.js?v=318df923:22:37)
    at listen (http://localhost:1420/node_modules/.vite/deps/chunk-7FCLUC5I.js?v=318df923:39:14)
    at once (http://localhost:1420/node_modules/.vite/deps/chunk-7FCLUC5I.js?v=318df923:45:10)
    at http://localhost:1420/src/services/brainClient.ts:20:10
    at new Promise (<anonymous>)
    at onceWithTimeout (http://localhost:1420/src/services/brainClient.ts:19:16)
    at getWidgetsOnce (http://localhost:1420/src/services/brainClient.ts:198:10)
    at refresh (http://localhost:1420/src/views/HomeFloatNotes.vue?t=1788078159546:51:30)
    at http://localhost:1420/src/views/HomeFloatNotes.vue?t=1788078159546:59:14
[ 1299188ms] TypeError: Cannot read properties of undefined (reading 'transformCallback')
    at transformCallback (http://localhost:1420/node_modules/.vite/deps/chunk-G7S6KQDI.js?v=318df923:22:37)
    at listen (http://localhost:1420/node_modules/.vite/deps/chunk-7FCLUC5I.js?v=318df923:39:14)
    at once (http://localhost:1420/node_modules/.vite/deps/chunk-7FCLUC5I.js?v=318df923:45:10)
    at http://localhost:1420/src/services/brainClient.ts:20:10
    at new Promise (<anonymous>)
    at onceWithTimeout (http://localhost:1420/src/services/brainClient.ts:19:16)
    at getWidgetsOnce (http://localhost:1420/src/services/brainClient.ts:198:10)
    at refresh (http://localhost:1420/src/views/HomeFloatNotes.vue?t=1788078159546:51:30)
    at http://localhost:1420/src/views/HomeFloatNotes.vue?t=1788078159546:59:14
[ 1311187ms] TypeError: Cannot read properties of undefined (reading 'transformCallback')
    at transformCallback (http://localhost:1420/node_modules/.vite/deps/chunk-G7S6KQDI.js?v=318df923:22:37)
    at listen (http://localhost:1420/node_modules/.vite/deps/chunk-7FCLUC5I.js?v=318df923:39:14)
    at once (http://localhost:1420/node_modules/.vite/deps/chunk-7FCLUC5I.js?v=318df923:45:10)
    at http://localhost:1420/src/services/brainClient.ts:20:10
    at new Promise (<anonymous>)
    at onceWithTimeout (http://localhost:1420/src/services/brainClient.ts:19:16)
    at getWidgetsOnce (http://localhost:1420/src/services/brainClient.ts:198:10)
    at refresh (http://localhost:1420/src/views/HomeFloatNotes.vue?t=1788078159546:51:30)
    at http://localhost:1420/src/views/HomeFloatNotes.vue?t=1788078159546:59:14
[ 1323186ms] TypeError: Cannot read properties of undefined (reading 'transformCallback')
    at transformCallback (http://localhost:1420/node_modules/.vite/deps/chunk-G7S6KQDI.js?v=318df923:22:37)
    at listen (http://localhost:1420/node_modules/.vite/deps/chunk-7FCLUC5I.js?v=318df923:39:14)
    at once (http://localhost:1420/node_modules/.vite/deps/chunk-7FCLUC5I.js?v=318df923:45:10)
    at http://localhost:1420/src/services/brainClient.ts:20:10
    at new Promise (<anonymous>)
    at onceWithTimeout (http://localhost:1420/src/services/brainClient.ts:19:16)
    at getWidgetsOnce (http://localhost:1420/src/services/brainClient.ts:198:10)
    at refresh (http://localhost:1420/src/views/HomeFloatNotes.vue?t=1788078159546:51:30)
    at http://localhost:1420/src/views/HomeFloatNotes.vue?t=1788078159546:59:14
[ 1335188ms] TypeError: Cannot read properties of undefined (reading 'transformCallback')
    at transformCallback (http://localhost:1420/node_modules/.vite/deps/chunk-G7S6KQDI.js?v=318df923:22:37)
    at listen (http://localhost:1420/node_modules/.vite/deps/chunk-7FCLUC5I.js?v=318df923:39:14)
    at once (http://localhost:1420/node_modules/.vite/deps/chunk-7FCLUC5I.js?v=318df923:45:10)
    at http://localhost:1420/src/services/brainClient.ts:20:10
    at new Promise (<anonymous>)
    at onceWithTimeout (http://localhost:1420/src/services/brainClient.ts:19:16)
    at getWidgetsOnce (http://localhost:1420/src/services/brainClient.ts:198:10)
    at refresh (http://localhost:1420/src/views/HomeFloatNotes.vue?t=1788078159546:51:30)
    at http://localhost:1420/src/views/HomeFloatNotes.vue?t=1788078159546:59:14
[ 1335188ms] TypeError: Cannot read properties of undefined (reading 'transformCallback')
    at transformCallback (http://localhost:1420/node_modules/.vite/deps/chunk-G7S6KQDI.js?v=318df923:22:37)
    at listen (http://localhost:1420/node_modules/.vite/deps/chunk-7FCLUC5I.js?v=318df923:39:14)
    at onBrainEvent (http://localhost:1420/src/services/brainClient.ts:299:10)
    at http://localhost:1420/src/lib/home/home-panel-run.ts:12:12
    at new Promise (<anonymous>)
    at runPanelAction (http://localhost:1420/src/lib/home/home-panel-run.ts:6:18)
    at refreshMat (http://localhost:1420/src/views/HomeShelfStats.vue?t=1788087739424:18:28)
[ 1347188ms] TypeError: Cannot read properties of undefined (reading 'transformCallback')
    at transformCallback (http://localhost:1420/node_modules/.vite/deps/chunk-G7S6KQDI.js?v=318df923:22:37)
    at listen (http://localhost:1420/node_modules/.vite/deps/chunk-7FCLUC5I.js?v=318df923:39:14)
    at once (http://localhost:1420/node_modules/.vite/deps/chunk-7FCLUC5I.js?v=318df923:45:10)
    at http://localhost:1420/src/services/brainClient.ts:20:10
    at new Promise (<anonymous>)
    at onceWithTimeout (http://localhost:1420/src/services/brainClient.ts:19:16)
    at getWidgetsOnce (http://localhost:1420/src/services/brainClient.ts:198:10)
    at refresh (http://localhost:1420/src/views/HomeFloatNotes.vue?t=1788078159546:51:30)
    at http://localhost:1420/src/views/HomeFloatNotes.vue?t=1788078159546:59:14
[ 1359188ms] TypeError: Cannot read properties of undefined (reading 'transformCallback')
    at transformCallback (http://localhost:1420/node_modules/.vite/deps/chunk-G7S6KQDI.js?v=318df923:22:37)
    at listen (http://localhost:1420/node_modules/.vite/deps/chunk-7FCLUC5I.js?v=318df923:39:14)
    at once (http://localhost:1420/node_modules/.vite/deps/chunk-7FCLUC5I.js?v=318df923:45:10)
    at http://localhost:1420/src/services/brainClient.ts:20:10
    at new Promise (<anonymous>)
    at onceWithTimeout (http://localhost:1420/src/services/brainClient.ts:19:16)
    at getWidgetsOnce (http://localhost:1420/src/services/brainClient.ts:198:10)
    at refresh (http://localhost:1420/src/views/HomeFloatNotes.vue?t=1788078159546:51:30)
    at http://localhost:1420/src/views/HomeFloatNotes.vue?t=1788078159546:59:14
[ 1371189ms] TypeError: Cannot read properties of undefined (reading 'transformCallback')
    at transformCallback (http://localhost:1420/node_modules/.vite/deps/chunk-G7S6KQDI.js?v=318df923:22:37)
    at listen (http://localhost:1420/node_modules/.vite/deps/chunk-7FCLUC5I.js?v=318df923:39:14)
    at once (http://localhost:1420/node_modules/.vite/deps/chunk-7FCLUC5I.js?v=318df923:45:10)
    at http://localhost:1420/src/services/brainClient.ts:20:10
    at new Promise (<anonymous>)
    at onceWithTimeout (http://localhost:1420/src/services/brainClient.ts:19:16)
    at getWidgetsOnce (http://localhost:1420/src/services/brainClient.ts:198:10)
    at refresh (http://localhost:1420/src/views/HomeFloatNotes.vue?t=1788078159546:51:30)
    at http://localhost:1420/src/views/HomeFloatNotes.vue?t=1788078159546:59:14
[ 1383189ms] TypeError: Cannot read properties of undefined (reading 'transformCallback')
    at transformCallback (http://localhost:1420/node_modules/.vite/deps/chunk-G7S6KQDI.js?v=318df923:22:37)
    at listen (http://localhost:1420/node_modules/.vite/deps/chunk-7FCLUC5I.js?v=318df923:39:14)
    at once (http://localhost:1420/node_modules/.vite/deps/chunk-7FCLUC5I.js?v=318df923:45:10)
    at http://localhost:1420/src/services/brainClient.ts:20:10
    at new Promise (<anonymous>)
    at onceWithTimeout (http://localhost:1420/src/services/brainClient.ts:19:16)
    at getWidgetsOnce (http://localhost:1420/src/services/brainClient.ts:198:10)
    at refresh (http://localhost:1420/src/views/HomeFloatNotes.vue?t=1788078159546:51:30)
    at http://localhost:1420/src/views/HomeFloatNotes.vue?t=1788078159546:59:14
[ 1395189ms] TypeError: Cannot read properties of undefined (reading 'transformCallback')
    at transformCallback (http://localhost:1420/node_modules/.vite/deps/chunk-G7S6KQDI.js?v=318df923:22:37)
    at listen (http://localhost:1420/node_modules/.vite/deps/chunk-7FCLUC5I.js?v=318df923:39:14)
    at once (http://localhost:1420/node_modules/.vite/deps/chunk-7FCLUC5I.js?v=318df923:45:10)
    at http://localhost:1420/src/services/brainClient.ts:20:10
    at new Promise (<anonymous>)
    at onceWithTimeout (http://localhost:1420/src/services/brainClient.ts:19:16)
    at getWidgetsOnce (http://localhost:1420/src/services/brainClient.ts:198:10)
    at refresh (http://localhost:1420/src/views/HomeFloatNotes.vue?t=1788078159546:51:30)
    at http://localhost:1420/src/views/HomeFloatNotes.vue?t=1788078159546:59:14
[ 1395190ms] TypeError: Cannot read properties of undefined (reading 'transformCallback')
    at transformCallback (http://localhost:1420/node_modules/.vite/deps/chunk-G7S6KQDI.js?v=318df923:22:37)
    at listen (http://localhost:1420/node_modules/.vite/deps/chunk-7FCLUC5I.js?v=318df923:39:14)
    at onBrainEvent (http://localhost:1420/src/services/brainClient.ts:299:10)
    at http://localhost:1420/src/lib/home/home-panel-run.ts:12:12
    at new Promise (<anonymous>)
    at runPanelAction (http://localhost:1420/src/lib/home/home-panel-run.ts:6:18)
    at refreshMat (http://localhost:1420/src/views/HomeShelfStats.vue?t=1788087739424:18:28)
[ 1407188ms] TypeError: Cannot read properties of undefined (reading 'transformCallback')
    at transformCallback (http://localhost:1420/node_modules/.vite/deps/chunk-G7S6KQDI.js?v=318df923:22:37)
    at listen (http://localhost:1420/node_modules/.vite/deps/chunk-7FCLUC5I.js?v=318df923:39:14)
    at once (http://localhost:1420/node_modules/.vite/deps/chunk-7FCLUC5I.js?v=318df923:45:10)
    at http://localhost:1420/src/services/brainClient.ts:20:10
    at new Promise (<anonymous>)
    at onceWithTimeout (http://localhost:1420/src/services/brainClient.ts:19:16)
    at getWidgetsOnce (http://localhost:1420/src/services/brainClient.ts:198:10)
    at refresh (http://localhost:1420/src/views/HomeFloatNotes.vue?t=1788078159546:51:30)
    at http://localhost:1420/src/views/HomeFloatNotes.vue?t=1788078159546:59:14
[ 1419190ms] TypeError: Cannot read properties of undefined (reading 'transformCallback')
    at transformCallback (http://localhost:1420/node_modules/.vite/deps/chunk-G7S6KQDI.js?v=318df923:22:37)
    at listen (http://localhost:1420/node_modules/.vite/deps/chunk-7FCLUC5I.js?v=318df923:39:14)
    at once (http://localhost:1420/node_modules/.vite/deps/chunk-7FCLUC5I.js?v=318df923:45:10)
    at http://localhost:1420/src/services/brainClient.ts:20:10
    at new Promise (<anonymous>)
    at onceWithTimeout (http://localhost:1420/src/services/brainClient.ts:19:16)
    at getWidgetsOnce (http://localhost:1420/src/services/brainClient.ts:198:10)
    at refresh (http://localhost:1420/src/views/HomeFloatNotes.vue?t=1788078159546:51:30)
    at http://localhost:1420/src/views/HomeFloatNotes.vue?t=1788078159546:59:14
[ 1431188ms] TypeError: Cannot read properties of undefined (reading 'transformCallback')
    at transformCallback (http://localhost:1420/node_modules/.vite/deps/chunk-G7S6KQDI.js?v=318df923:22:37)
    at listen (http://localhost:1420/node_modules/.vite/deps/chunk-7FCLUC5I.js?v=318df923:39:14)
    at once (http://localhost:1420/node_modules/.vite/deps/chunk-7FCLUC5I.js?v=318df923:45:10)
    at http://localhost:1420/src/services/brainClient.ts:20:10
    at new Promise (<anonymous>)
    at onceWithTimeout (http://localhost:1420/src/services/brainClient.ts:19:16)
    at getWidgetsOnce (http://localhost:1420/src/services/brainClient.ts:198:10)
    at refresh (http://localhost:1420/src/views/HomeFloatNotes.vue?t=1788078159546:51:30)
    at http://localhost:1420/src/views/HomeFloatNotes.vue?t=1788078159546:59:14
[ 1443190ms] TypeError: Cannot read properties of undefined (reading 'transformCallback')
    at transformCallback (http://localhost:1420/node_modules/.vite/deps/chunk-G7S6KQDI.js?v=318df923:22:37)
    at listen (http://localhost:1420/node_modules/.vite/deps/chunk-7FCLUC5I.js?v=318df923:39:14)
    at once (http://localhost:1420/node_modules/.vite/deps/chunk-7FCLUC5I.js?v=318df923:45:10)
    at http://localhost:1420/src/services/brainClient.ts:20:10
    at new Promise (<anonymous>)
    at onceWithTimeout (http://localhost:1420/src/services/brainClient.ts:19:16)
    at getWidgetsOnce (http://localhost:1420/src/services/brainClient.ts:198:10)
    at refresh (http://localhost:1420/src/views/HomeFloatNotes.vue?t=1788078159546:51:30)
    at http://localhost:1420/src/views/HomeFloatNotes.vue?t=1788078159546:59:14
[ 1455190ms] TypeError: Cannot read properties of undefined (reading 'transformCallback')
    at transformCallback (http://localhost:1420/node_modules/.vite/deps/chunk-G7S6KQDI.js?v=318df923:22:37)
    at listen (http://localhost:1420/node_modules/.vite/deps/chunk-7FCLUC5I.js?v=318df923:39:14)
    at once (http://localhost:1420/node_modules/.vite/deps/chunk-7FCLUC5I.js?v=318df923:45:10)
    at http://localhost:1420/src/services/brainClient.ts:20:10
    at new Promise (<anonymous>)
    at onceWithTimeout (http://localhost:1420/src/services/brainClient.ts:19:16)
    at getWidgetsOnce (http://localhost:1420/src/services/brainClient.ts:198:10)
    at refresh (http://localhost:1420/src/views/HomeFloatNotes.vue?t=1788078159546:51:30)
    at http://localhost:1420/src/views/HomeFloatNotes.vue?t=1788078159546:59:14
[ 1455190ms] TypeError: Cannot read properties of undefined (reading 'transformCallback')
    at transformCallback (http://localhost:1420/node_modules/.vite/deps/chunk-G7S6KQDI.js?v=318df923:22:37)
    at listen (http://localhost:1420/node_modules/.vite/deps/chunk-7FCLUC5I.js?v=318df923:39:14)
    at onBrainEvent (http://localhost:1420/src/services/brainClient.ts:299:10)
    at http://localhost:1420/src/lib/home/home-panel-run.ts:12:12
    at new Promise (<anonymous>)
    at runPanelAction (http://localhost:1420/src/lib/home/home-panel-run.ts:6:18)
    at refreshMat (http://localhost:1420/src/views/HomeShelfStats.vue?t=1788087739424:18:28)
[ 1467193ms] TypeError: Cannot read properties of undefined (reading 'transformCallback')
    at transformCallback (http://localhost:1420/node_modules/.vite/deps/chunk-G7S6KQDI.js?v=318df923:22:37)
    at listen (http://localhost:1420/node_modules/.vite/deps/chunk-7FCLUC5I.js?v=318df923:39:14)
    at once (http://localhost:1420/node_modules/.vite/deps/chunk-7FCLUC5I.js?v=318df923:45:10)
    at http://localhost:1420/src/services/brainClient.ts:20:10
    at new Promise (<anonymous>)
    at onceWithTimeout (http://localhost:1420/src/services/brainClient.ts:19:16)
    at getWidgetsOnce (http://localhost:1420/src/services/brainClient.ts:198:10)
    at refresh (http://localhost:1420/src/views/HomeFloatNotes.vue?t=1788078159546:51:30)
    at http://localhost:1420/src/views/HomeFloatNotes.vue?t=1788078159546:59:14
[ 1479190ms] TypeError: Cannot read properties of undefined (reading 'transformCallback')
    at transformCallback (http://localhost:1420/node_modules/.vite/deps/chunk-G7S6KQDI.js?v=318df923:22:37)
    at listen (http://localhost:1420/node_modules/.vite/deps/chunk-7FCLUC5I.js?v=318df923:39:14)
    at once (http://localhost:1420/node_modules/.vite/deps/chunk-7FCLUC5I.js?v=318df923:45:10)
    at http://localhost:1420/src/services/brainClient.ts:20:10
    at new Promise (<anonymous>)
    at onceWithTimeout (http://localhost:1420/src/services/brainClient.ts:19:16)
    at getWidgetsOnce (http://localhost:1420/src/services/brainClient.ts:198:10)
    at refresh (http://localhost:1420/src/views/HomeFloatNotes.vue?t=1788078159546:51:30)
    at http://localhost:1420/src/views/HomeFloatNotes.vue?t=1788078159546:59:14
[ 1491189ms] TypeError: Cannot read properties of undefined (reading 'transformCallback')
    at transformCallback (http://localhost:1420/node_modules/.vite/deps/chunk-G7S6KQDI.js?v=318df923:22:37)
    at listen (http://localhost:1420/node_modules/.vite/deps/chunk-7FCLUC5I.js?v=318df923:39:14)
    at once (http://localhost:1420/node_modules/.vite/deps/chunk-7FCLUC5I.js?v=318df923:45:10)
    at http://localhost:1420/src/services/brainClient.ts:20:10
    at new Promise (<anonymous>)
    at onceWithTimeout (http://localhost:1420/src/services/brainClient.ts:19:16)
    at getWidgetsOnce (http://localhost:1420/src/services/brainClient.ts:198:10)
    at refresh (http://localhost:1420/src/views/HomeFloatNotes.vue?t=1788078159546:51:30)
    at http://localhost:1420/src/views/HomeFloatNotes.vue?t=1788078159546:59:14
[ 1503189ms] TypeError: Cannot read properties of undefined (reading 'transformCallback')
    at transformCallback (http://localhost:1420/node_modules/.vite/deps/chunk-G7S6KQDI.js?v=318df923:22:37)
    at listen (http://localhost:1420/node_modules/.vite/deps/chunk-7FCLUC5I.js?v=318df923:39:14)
    at once (http://localhost:1420/node_modules/.vite/deps/chunk-7FCLUC5I.js?v=318df923:45:10)
    at http://localhost:1420/src/services/brainClient.ts:20:10
    at new Promise (<anonymous>)
    at onceWithTimeout (http://localhost:1420/src/services/brainClient.ts:19:16)
    at getWidgetsOnce (http://localhost:1420/src/services/brainClient.ts:198:10)
    at refresh (http://localhost:1420/src/views/HomeFloatNotes.vue?t=1788078159546:51:30)
    at http://localhost:1420/src/views/HomeFloatNotes.vue?t=1788078159546:59:14
[ 1515191ms] TypeError: Cannot read properties of undefined (reading 'transformCallback')
    at transformCallback (http://localhost:1420/node_modules/.vite/deps/chunk-G7S6KQDI.js?v=318df923:22:37)
    at listen (http://localhost:1420/node_modules/.vite/deps/chunk-7FCLUC5I.js?v=318df923:39:14)
    at once (http://localhost:1420/node_modules/.vite/deps/chunk-7FCLUC5I.js?v=318df923:45:10)
    at http://localhost:1420/src/services/brainClient.ts:20:10
    at new Promise (<anonymous>)
    at onceWithTimeout (http://localhost:1420/src/services/brainClient.ts:19:16)
    at getWidgetsOnce (http://localhost:1420/src/services/brainClient.ts:198:10)
    at refresh (http://localhost:1420/src/views/HomeFloatNotes.vue?t=1788078159546:51:30)
    at http://localhost:1420/src/views/HomeFloatNotes.vue?t=1788078159546:59:14
[ 1515191ms] TypeError: Cannot read properties of undefined (reading 'transformCallback')
    at transformCallback (http://localhost:1420/node_modules/.vite/deps/chunk-G7S6KQDI.js?v=318df923:22:37)
    at listen (http://localhost:1420/node_modules/.vite/deps/chunk-7FCLUC5I.js?v=318df923:39:14)
    at onBrainEvent (http://localhost:1420/src/services/brainClient.ts:299:10)
    at http://localhost:1420/src/lib/home/home-panel-run.ts:12:12
    at new Promise (<anonymous>)
    at runPanelAction (http://localhost:1420/src/lib/home/home-panel-run.ts:6:18)
    at refreshMat (http://localhost:1420/src/views/HomeShelfStats.vue?t=1788087739424:18:28)
[ 1527190ms] TypeError: Cannot read properties of undefined (reading 'transformCallback')
    at transformCallback (http://localhost:1420/node_modules/.vite/deps/chunk-G7S6KQDI.js?v=318df923:22:37)
    at listen (http://localhost:1420/node_modules/.vite/deps/chunk-7FCLUC5I.js?v=318df923:39:14)
    at once (http://localhost:1420/node_modules/.vite/deps/chunk-7FCLUC5I.js?v=318df923:45:10)
    at http://localhost:1420/src/services/brainClient.ts:20:10
    at new Promise (<anonymous>)
    at onceWithTimeout (http://localhost:1420/src/services/brainClient.ts:19:16)
    at getWidgetsOnce (http://localhost:1420/src/services/brainClient.ts:198:10)
    at refresh (http://localhost:1420/src/views/HomeFloatNotes.vue?t=1788078159546:51:30)
    at http://localhost:1420/src/views/HomeFloatNotes.vue?t=1788078159546:59:14
[ 1539190ms] TypeError: Cannot read properties of undefined (reading 'transformCallback')
    at transformCallback (http://localhost:1420/node_modules/.vite/deps/chunk-G7S6KQDI.js?v=318df923:22:37)
    at listen (http://localhost:1420/node_modules/.vite/deps/chunk-7FCLUC5I.js?v=318df923:39:14)
    at once (http://localhost:1420/node_modules/.vite/deps/chunk-7FCLUC5I.js?v=318df923:45:10)
    at http://localhost:1420/src/services/brainClient.ts:20:10
    at new Promise (<anonymous>)
    at onceWithTimeout (http://localhost:1420/src/services/brainClient.ts:19:16)
    at getWidgetsOnce (http://localhost:1420/src/services/brainClient.ts:198:10)
    at refresh (http://localhost:1420/src/views/HomeFloatNotes.vue?t=1788078159546:51:30)
    at http://localhost:1420/src/views/HomeFloatNotes.vue?t=1788078159546:59:14
[ 1551190ms] TypeError: Cannot read properties of undefined (reading 'transformCallback')
    at transformCallback (http://localhost:1420/node_modules/.vite/deps/chunk-G7S6KQDI.js?v=318df923:22:37)
    at listen (http://localhost:1420/node_modules/.vite/deps/chunk-7FCLUC5I.js?v=318df923:39:14)
    at once (http://localhost:1420/node_modules/.vite/deps/chunk-7FCLUC5I.js?v=318df923:45:10)
    at http://localhost:1420/src/services/brainClient.ts:20:10
    at new Promise (<anonymous>)
    at onceWithTimeout (http://localhost:1420/src/services/brainClient.ts:19:16)
    at getWidgetsOnce (http://localhost:1420/src/services/brainClient.ts:198:10)
    at refresh (http://localhost:1420/src/views/HomeFloatNotes.vue?t=1788078159546:51:30)
    at http://localhost:1420/src/views/HomeFloatNotes.vue?t=1788078159546:59:14
[ 1563190ms] TypeError: Cannot read properties of undefined (reading 'transformCallback')
    at transformCallback (http://localhost:1420/node_modules/.vite/deps/chunk-G7S6KQDI.js?v=318df923:22:37)
    at listen (http://localhost:1420/node_modules/.vite/deps/chunk-7FCLUC5I.js?v=318df923:39:14)
    at once (http://localhost:1420/node_modules/.vite/deps/chunk-7FCLUC5I.js?v=318df923:45:10)
    at http://localhost:1420/src/services/brainClient.ts:20:10
    at new Promise (<anonymous>)
    at onceWithTimeout (http://localhost:1420/src/services/brainClient.ts:19:16)
    at getWidgetsOnce (http://localhost:1420/src/services/brainClient.ts:198:10)
    at refresh (http://localhost:1420/src/views/HomeFloatNotes.vue?t=1788078159546:51:30)
    at http://localhost:1420/src/views/HomeFloatNotes.vue?t=1788078159546:59:14
[ 1575190ms] TypeError: Cannot read properties of undefined (reading 'transformCallback')
    at transformCallback (http://localhost:1420/node_modules/.vite/deps/chunk-G7S6KQDI.js?v=318df923:22:37)
    at listen (http://localhost:1420/node_modules/.vite/deps/chunk-7FCLUC5I.js?v=318df923:39:14)
    at once (http://localhost:1420/node_modules/.vite/deps/chunk-7FCLUC5I.js?v=318df923:45:10)
    at http://localhost:1420/src/services/brainClient.ts:20:10
    at new Promise (<anonymous>)
    at onceWithTimeout (http://localhost:1420/src/services/brainClient.ts:19:16)
    at getWidgetsOnce (http://localhost:1420/src/services/brainClient.ts:198:10)
    at refresh (http://localhost:1420/src/views/HomeFloatNotes.vue?t=1788078159546:51:30)
    at http://localhost:1420/src/views/HomeFloatNotes.vue?t=1788078159546:59:14
[ 1575191ms] TypeError: Cannot read properties of undefined (reading 'transformCallback')
    at transformCallback (http://localhost:1420/node_modules/.vite/deps/chunk-G7S6KQDI.js?v=318df923:22:37)
    at listen (http://localhost:1420/node_modules/.vite/deps/chunk-7FCLUC5I.js?v=318df923:39:14)
    at onBrainEvent (http://localhost:1420/src/services/brainClient.ts:299:10)
    at http://localhost:1420/src/lib/home/home-panel-run.ts:12:12
    at new Promise (<anonymous>)
    at runPanelAction (http://localhost:1420/src/lib/home/home-panel-run.ts:6:18)
    at refreshMat (http://localhost:1420/src/views/HomeShelfStats.vue?t=1788087739424:18:28)
[ 1587190ms] TypeError: Cannot read properties of undefined (reading 'transformCallback')
    at transformCallback (http://localhost:1420/node_modules/.vite/deps/chunk-G7S6KQDI.js?v=318df923:22:37)
    at listen (http://localhost:1420/node_modules/.vite/deps/chunk-7FCLUC5I.js?v=318df923:39:14)
    at once (http://localhost:1420/node_modules/.vite/deps/chunk-7FCLUC5I.js?v=318df923:45:10)
    at http://localhost:1420/src/services/brainClient.ts:20:10
    at new Promise (<anonymous>)
    at onceWithTimeout (http://localhost:1420/src/services/brainClient.ts:19:16)
    at getWidgetsOnce (http://localhost:1420/src/services/brainClient.ts:198:10)
    at refresh (http://localhost:1420/src/views/HomeFloatNotes.vue?t=1788078159546:51:30)
    at http://localhost:1420/src/views/HomeFloatNotes.vue?t=1788078159546:59:14
[ 1599190ms] TypeError: Cannot read properties of undefined (reading 'transformCallback')
    at transformCallback (http://localhost:1420/node_modules/.vite/deps/chunk-G7S6KQDI.js?v=318df923:22:37)
    at listen (http://localhost:1420/node_modules/.vite/deps/chunk-7FCLUC5I.js?v=318df923:39:14)
    at once (http://localhost:1420/node_modules/.vite/deps/chunk-7FCLUC5I.js?v=318df923:45:10)
    at http://localhost:1420/src/services/brainClient.ts:20:10
    at new Promise (<anonymous>)
    at onceWithTimeout (http://localhost:1420/src/services/brainClient.ts:19:16)
    at getWidgetsOnce (http://localhost:1420/src/services/brainClient.ts:198:10)
    at refresh (http://localhost:1420/src/views/HomeFloatNotes.vue?t=1788078159546:51:30)
    at http://localhost:1420/src/views/HomeFloatNotes.vue?t=1788078159546:59:14
[ 1611190ms] TypeError: Cannot read properties of undefined (reading 'transformCallback')
    at transformCallback (http://localhost:1420/node_modules/.vite/deps/chunk-G7S6KQDI.js?v=318df923:22:37)
    at listen (http://localhost:1420/node_modules/.vite/deps/chunk-7FCLUC5I.js?v=318df923:39:14)
    at once (http://localhost:1420/node_modules/.vite/deps/chunk-7FCLUC5I.js?v=318df923:45:10)
    at http://localhost:1420/src/services/brainClient.ts:20:10
    at new Promise (<anonymous>)
    at onceWithTimeout (http://localhost:1420/src/services/brainClient.ts:19:16)
    at getWidgetsOnce (http://localhost:1420/src/services/brainClient.ts:198:10)
    at refresh (http://localhost:1420/src/views/HomeFloatNotes.vue?t=1788078159546:51:30)
    at http://localhost:1420/src/views/HomeFloatNotes.vue?t=1788078159546:59:14
[ 1623190ms] TypeError: Cannot read properties of undefined (reading 'transformCallback')
    at transformCallback (http://localhost:1420/node_modules/.vite/deps/chunk-G7S6KQDI.js?v=318df923:22:37)
    at listen (http://localhost:1420/node_modules/.vite/deps/chunk-7FCLUC5I.js?v=318df923:39:14)
    at once (http://localhost:1420/node_modules/.vite/deps/chunk-7FCLUC5I.js?v=318df923:45:10)
    at http://localhost:1420/src/services/brainClient.ts:20:10
    at new Promise (<anonymous>)
    at onceWithTimeout (http://localhost:1420/src/services/brainClient.ts:19:16)
    at getWidgetsOnce (http://localhost:1420/src/services/brainClient.ts:198:10)
    at refresh (http://localhost:1420/src/views/HomeFloatNotes.vue?t=1788078159546:51:30)
    at http://localhost:1420/src/views/HomeFloatNotes.vue?t=1788078159546:59:14
[ 1635191ms] TypeError: Cannot read properties of undefined (reading 'transformCallback')
    at transformCallback (http://localhost:1420/node_modules/.vite/deps/chunk-G7S6KQDI.js?v=318df923:22:37)
    at listen (http://localhost:1420/node_modules/.vite/deps/chunk-7FCLUC5I.js?v=318df923:39:14)
    at once (http://localhost:1420/node_modules/.vite/deps/chunk-7FCLUC5I.js?v=318df923:45:10)
    at http://localhost:1420/src/services/brainClient.ts:20:10
    at new Promise (<anonymous>)
    at onceWithTimeout (http://localhost:1420/src/services/brainClient.ts:19:16)
    at getWidgetsOnce (http://localhost:1420/src/services/brainClient.ts:198:10)
    at refresh (http://localhost:1420/src/views/HomeFloatNotes.vue?t=1788078159546:51:30)
    at http://localhost:1420/src/views/HomeFloatNotes.vue?t=1788078159546:59:14
[ 1635193ms] TypeError: Cannot read properties of undefined (reading 'transformCallback')
    at transformCallback (http://localhost:1420/node_modules/.vite/deps/chunk-G7S6KQDI.js?v=318df923:22:37)
    at listen (http://localhost:1420/node_modules/.vite/deps/chunk-7FCLUC5I.js?v=318df923:39:14)
    at onBrainEvent (http://localhost:1420/src/services/brainClient.ts:299:10)
    at http://localhost:1420/src/lib/home/home-panel-run.ts:12:12
    at new Promise (<anonymous>)
    at runPanelAction (http://localhost:1420/src/lib/home/home-panel-run.ts:6:18)
    at refreshMat (http://localhost:1420/src/views/HomeShelfStats.vue?t=1788087739424:18:28)
[ 1647191ms] TypeError: Cannot read properties of undefined (reading 'transformCallback')
    at transformCallback (http://localhost:1420/node_modules/.vite/deps/chunk-G7S6KQDI.js?v=318df923:22:37)
    at listen (http://localhost:1420/node_modules/.vite/deps/chunk-7FCLUC5I.js?v=318df923:39:14)
    at once (http://localhost:1420/node_modules/.vite/deps/chunk-7FCLUC5I.js?v=318df923:45:10)
    at http://localhost:1420/src/services/brainClient.ts:20:10
    at new Promise (<anonymous>)
    at onceWithTimeout (http://localhost:1420/src/services/brainClient.ts:19:16)
    at getWidgetsOnce (http://localhost:1420/src/services/brainClient.ts:198:10)
    at refresh (http://localhost:1420/src/views/HomeFloatNotes.vue?t=1788078159546:51:30)
    at http://localhost:1420/src/views/HomeFloatNotes.vue?t=1788078159546:59:14
[ 1659191ms] TypeError: Cannot read properties of undefined (reading 'transformCallback')
    at transformCallback (http://localhost:1420/node_modules/.vite/deps/chunk-G7S6KQDI.js?v=318df923:22:37)
    at listen (http://localhost:1420/node_modules/.vite/deps/chunk-7FCLUC5I.js?v=318df923:39:14)
    at once (http://localhost:1420/node_modules/.vite/deps/chunk-7FCLUC5I.js?v=318df923:45:10)
    at http://localhost:1420/src/services/brainClient.ts:20:10
    at new Promise (<anonymous>)
    at onceWithTimeout (http://localhost:1420/src/services/brainClient.ts:19:16)
    at getWidgetsOnce (http://localhost:1420/src/services/brainClient.ts:198:10)
    at refresh (http://localhost:1420/src/views/HomeFloatNotes.vue?t=1788078159546:51:30)
    at http://localhost:1420/src/views/HomeFloatNotes.vue?t=1788078159546:59:14
[ 1671190ms] TypeError: Cannot read properties of undefined (reading 'transformCallback')
    at transformCallback (http://localhost:1420/node_modules/.vite/deps/chunk-G7S6KQDI.js?v=318df923:22:37)
    at listen (http://localhost:1420/node_modules/.vite/deps/chunk-7FCLUC5I.js?v=318df923:39:14)
    at once (http://localhost:1420/node_modules/.vite/deps/chunk-7FCLUC5I.js?v=318df923:45:10)
    at http://localhost:1420/src/services/brainClient.ts:20:10
    at new Promise (<anonymous>)
    at onceWithTimeout (http://localhost:1420/src/services/brainClient.ts:19:16)
    at getWidgetsOnce (http://localhost:1420/src/services/brainClient.ts:198:10)
    at refresh (http://localhost:1420/src/views/HomeFloatNotes.vue?t=1788078159546:51:30)
    at http://localhost:1420/src/views/HomeFloatNotes.vue?t=1788078159546:59:14
[ 1683191ms] TypeError: Cannot read properties of undefined (reading 'transformCallback')
    at transformCallback (http://localhost:1420/node_modules/.vite/deps/chunk-G7S6KQDI.js?v=318df923:22:37)
    at listen (http://localhost:1420/node_modules/.vite/deps/chunk-7FCLUC5I.js?v=318df923:39:14)
    at once (http://localhost:1420/node_modules/.vite/deps/chunk-7FCLUC5I.js?v=318df923:45:10)
    at http://localhost:1420/src/services/brainClient.ts:20:10
    at new Promise (<anonymous>)
    at onceWithTimeout (http://localhost:1420/src/services/brainClient.ts:19:16)
    at getWidgetsOnce (http://localhost:1420/src/services/brainClient.ts:198:10)
    at refresh (http://localhost:1420/src/views/HomeFloatNotes.vue?t=1788078159546:51:30)
    at http://localhost:1420/src/views/HomeFloatNotes.vue?t=1788078159546:59:14
[ 1695191ms] TypeError: Cannot read properties of undefined (reading 'transformCallback')
    at transformCallback (http://localhost:1420/node_modules/.vite/deps/chunk-G7S6KQDI.js?v=318df923:22:37)
    at listen (http://localhost:1420/node_modules/.vite/deps/chunk-7FCLUC5I.js?v=318df923:39:14)
    at once (http://localhost:1420/node_modules/.vite/deps/chunk-7FCLUC5I.js?v=318df923:45:10)
    at http://localhost:1420/src/services/brainClient.ts:20:10
    at new Promise (<anonymous>)
    at onceWithTimeout (http://localhost:1420/src/services/brainClient.ts:19:16)
    at getWidgetsOnce (http://localhost:1420/src/services/brainClient.ts:198:10)
    at refresh (http://localhost:1420/src/views/HomeFloatNotes.vue?t=1788078159546:51:30)
    at http://localhost:1420/src/views/HomeFloatNotes.vue?t=1788078159546:59:14
[ 1695192ms] TypeError: Cannot read properties of undefined (reading 'transformCallback')
    at transformCallback (http://localhost:1420/node_modules/.vite/deps/chunk-G7S6KQDI.js?v=318df923:22:37)
    at listen (http://localhost:1420/node_modules/.vite/deps/chunk-7FCLUC5I.js?v=318df923:39:14)
    at onBrainEvent (http://localhost:1420/src/services/brainClient.ts:299:10)
    at http://localhost:1420/src/lib/home/home-panel-run.ts:12:12
    at new Promise (<anonymous>)
    at runPanelAction (http://localhost:1420/src/lib/home/home-panel-run.ts:6:18)
    at refreshMat (http://localhost:1420/src/views/HomeShelfStats.vue?t=1788087739424:18:28)
[ 1697119ms] [WARNING] [Vue warn]: Unhandled error during execution of mounted hook 
  at <CapabilityConversationRail surface=null active=false onClose=fn<hideSurface>  ... > 
  at <BaseTransition appear=false persisted=true mode=undefined  ... > 
  at <Transition name="scene-rail" persisted="" > 
  at <HomeWindow> @ http://localhost:1420/node_modules/.vite/deps/vue.js?v=318df923:2231
[ 1697120ms] [WARNING] [Vue warn]: Unhandled error during execution of mounted hook 
  at <GeneralSection key=0 > 
  at <SettingsView key=0 > 
  at <BaseTransition appear=false persisted=true mode=undefined  ... > 
  at <Transition name="view-fade" persisted="" > 
  at <HomeWindow> @ http://localhost:1420/node_modules/.vite/deps/vue.js?v=318df923:2231
[ 1697121ms] [WARNING] [Vue warn]: Unhandled error during execution of mounted hook 
  at <HomeChat key=0 draft=undefined workstation=null  ... > 
  at <BaseTransition appear=false persisted=true mode=undefined  ... > 
  at <Transition name="view-fade" persisted="" > 
  at <HomeWindow> @ http://localhost:1420/node_modules/.vite/deps/vue.js?v=318df923:2231
[ 1697131ms] TypeError: Cannot read properties of undefined (reading 'transformCallback')
    at transformCallback (http://localhost:1420/node_modules/.vite/deps/chunk-G7S6KQDI.js?v=318df923:22:37)
    at listen (http://localhost:1420/node_modules/.vite/deps/chunk-7FCLUC5I.js?v=318df923:39:14)
    at onBrainEvent (http://localhost:1420/src/services/brainClient.ts:299:10)
    at http://localhost:1420/src/lib/home/home-panel-run.ts:12:12
    at new Promise (<anonymous>)
    at runPanelAction (http://localhost:1420/src/lib/home/home-panel-run.ts:6:18)
    at http://localhost:1420/src/views/plugins/CapabilityHome.vue:25:25
    at http://localhost:1420/node_modules/.vite/deps/vue.js?v=318df923:5342:40
    at callWithErrorHandling (http://localhost:1420/node_modules/.vite/deps/vue.js?v=318df923:2379:19)
    at callWithAsyncErrorHandling (http://localhost:1420/node_modules/.vite/deps/vue.js?v=318df923:2386:17)
[ 1697132ms] TypeError: Cannot read properties of undefined (reading 'transformCallback')
    at transformCallback (http://localhost:1420/node_modules/.vite/deps/chunk-G7S6KQDI.js?v=318df923:22:37)
    at listen (http://localhost:1420/node_modules/.vite/deps/chunk-7FCLUC5I.js?v=318df923:39:14)
    at once (http://localhost:1420/node_modules/.vite/deps/chunk-7FCLUC5I.js?v=318df923:45:10)
    at http://localhost:1420/src/services/brainClient.ts:20:10
    at new Promise (<anonymous>)
    at onceWithTimeout (http://localhost:1420/src/services/brainClient.ts:19:16)
    at getSettingsOnce (http://localhost:1420/src/services/brainClient.ts:245:19)
    at http://localhost:1420/src/views/HomeDayTitle.vue?t=1788070913325:19:30
    at http://localhost:1420/node_modules/.vite/deps/vue.js?v=318df923:5342:40
    at callWithErrorHandling (http://localhost:1420/node_modules/.vite/deps/vue.js?v=318df923:2379:19)
[ 1697132ms] TypeError: Cannot read properties of undefined (reading 'transformCallback')
    at transformCallback (http://localhost:1420/node_modules/.vite/deps/chunk-G7S6KQDI.js?v=318df923:22:37)
    at listen (http://localhost:1420/node_modules/.vite/deps/chunk-7FCLUC5I.js?v=318df923:39:14)
    at once (http://localhost:1420/node_modules/.vite/deps/chunk-7FCLUC5I.js?v=318df923:45:10)
    at http://localhost:1420/src/services/brainClient.ts:20:10
    at new Promise (<anonymous>)
    at onceWithTimeout (http://localhost:1420/src/services/brainClient.ts:19:16)
    at getWidgetsOnce (http://localhost:1420/src/services/brainClient.ts:198:10)
    at refresh (http://localhost:1420/src/views/HomeFloatNotes.vue?t=1788078159546:51:30)
    at http://localhost:1420/src/views/HomeFloatNotes.vue?t=1788078159546:57:13
    at http://localhost:1420/node_modules/.vite/deps/vue.js?v=318df923:5342:40
[ 1697132ms] TypeError: Cannot read properties of undefined (reading 'transformCallback')
    at transformCallback (http://localhost:1420/node_modules/.vite/deps/chunk-G7S6KQDI.js?v=318df923:22:37)
    at listen (http://localhost:1420/node_modules/.vite/deps/chunk-7FCLUC5I.js?v=318df923:39:14)
    at once (http://localhost:1420/node_modules/.vite/deps/chunk-7FCLUC5I.js?v=318df923:45:10)
    at http://localhost:1420/src/services/brainClient.ts:20:10
    at new Promise (<anonymous>)
    at onceWithTimeout (http://localhost:1420/src/services/brainClient.ts:19:16)
    at getFeedOnce (http://localhost:1420/src/services/brainClient.ts:150:10)
    at http://localhost:1420/src/views/HomeTodayPanel.vue?t=1788070812924:17:28
    at http://localhost:1420/node_modules/.vite/deps/vue.js?v=318df923:5342:40
    at callWithErrorHandling (http://localhost:1420/node_modules/.vite/deps/vue.js?v=318df923:2379:19)
[ 1697132ms] TypeError: Cannot read properties of undefined (reading 'transformCallback')
    at transformCallback (http://localhost:1420/node_modules/.vite/deps/chunk-G7S6KQDI.js?v=318df923:22:37)
    at listen (http://localhost:1420/node_modules/.vite/deps/chunk-7FCLUC5I.js?v=318df923:39:14)
    at once (http://localhost:1420/node_modules/.vite/deps/chunk-7FCLUC5I.js?v=318df923:45:10)
    at http://localhost:1420/src/services/brainClient.ts:20:10
    at new Promise (<anonymous>)
    at onceWithTimeout (http://localhost:1420/src/services/brainClient.ts:19:16)
    at getWidgetsOnce (http://localhost:1420/src/services/brainClient.ts:198:10)
    at http://localhost:1420/src/views/HomeRemindCard.vue?t=1788087684762:16:25
    at http://localhost:1420/node_modules/.vite/deps/vue.js?v=318df923:5342:40
    at callWithErrorHandling (http://localhost:1420/node_modules/.vite/deps/vue.js?v=318df923:2379:19)
[ 1697132ms] TypeError: Cannot read properties of undefined (reading 'transformCallback')
    at transformCallback (http://localhost:1420/node_modules/.vite/deps/chunk-G7S6KQDI.js?v=318df923:22:37)
    at listen (http://localhost:1420/node_modules/.vite/deps/chunk-7FCLUC5I.js?v=318df923:39:14)
    at once (http://localhost:1420/node_modules/.vite/deps/chunk-7FCLUC5I.js?v=318df923:45:10)
    at http://localhost:1420/src/services/brainClient.ts:20:10
    at new Promise (<anonymous>)
    at onceWithTimeout (http://localhost:1420/src/services/brainClient.ts:19:16)
    at getWidgetsOnce (http://localhost:1420/src/services/brainClient.ts:198:10)
    at http://localhost:1420/src/views/HomeShelfStats.vue?t=1788087739424:35:28
    at http://localhost:1420/node_modules/.vite/deps/vue.js?v=318df923:5342:40
    at callWithErrorHandling (http://localhost:1420/node_modules/.vite/deps/vue.js?v=318df923:2379:19)
[ 1697133ms] TypeError: Cannot read properties of undefined (reading 'transformCallback')
    at transformCallback (http://localhost:1420/node_modules/.vite/deps/chunk-G7S6KQDI.js?v=318df923:22:37)
    at listen (http://localhost:1420/node_modules/.vite/deps/chunk-7FCLUC5I.js?v=318df923:39:14)
    at once (http://localhost:1420/node_modules/.vite/deps/chunk-7FCLUC5I.js?v=318df923:45:10)
    at http://localhost:1420/src/services/brainClient.ts:20:10
    at new Promise (<anonymous>)
    at onceWithTimeout (http://localhost:1420/src/services/brainClient.ts:19:16)
    at getFeedOnce (http://localhost:1420/src/services/brainClient.ts:150:10)
    at http://localhost:1420/src/views/chat/HorizonBar.vue?t=1788076324598:26:28
    at http://localhost:1420/node_modules/.vite/deps/vue.js?v=318df923:5342:40
    at callWithErrorHandling (http://localhost:1420/node_modules/.vite/deps/vue.js?v=318df923:2379:19)
[ 1697133ms] TypeError: Cannot read properties of undefined (reading 'transformCallback')
    at transformCallback (http://localhost:1420/node_modules/.vite/deps/chunk-G7S6KQDI.js?v=318df923:22:37)
    at listen (http://localhost:1420/node_modules/.vite/deps/chunk-7FCLUC5I.js?v=318df923:39:14)
    at onBrainEvent (http://localhost:1420/src/services/brainClient.ts:299:10)
    at http://localhost:1420/src/views/CapabilityConversationRail.vue:178:24
[ 1697133ms] TypeError: Cannot read properties of undefined (reading 'transformCallback')
    at transformCallback (http://localhost:1420/node_modules/.vite/deps/chunk-G7S6KQDI.js?v=318df923:22:37)
    at listen (http://localhost:1420/node_modules/.vite/deps/chunk-7FCLUC5I.js?v=318df923:39:14)
    at once (http://localhost:1420/node_modules/.vite/deps/chunk-7FCLUC5I.js?v=318df923:45:10)
    at http://localhost:1420/src/services/brainClient.ts:20:10
    at new Promise (<anonymous>)
    at onceWithTimeout (http://localhost:1420/src/services/brainClient.ts:19:16)
    at getPerceptionOnce (http://localhost:1420/src/services/brainClient.ts:274:10)
    at loadPerception (http://localhost:1420/src/views/settings/DataView.vue:34:23)
    at http://localhost:1420/src/views/settings/DataView.vue:182:12
    at http://localhost:1420/node_modules/.vite/deps/vue.js?v=318df923:5342:40
[ 1697133ms] TypeError: Cannot read properties of undefined (reading 'transformCallback')
    at transformCallback (http://localhost:1420/node_modules/.vite/deps/chunk-G7S6KQDI.js?v=318df923:22:37)
    at listen (http://localhost:1420/node_modules/.vite/deps/chunk-7FCLUC5I.js?v=318df923:39:14)
    at once (http://localhost:1420/node_modules/.vite/deps/chunk-7FCLUC5I.js?v=318df923:45:10)
    at http://localhost:1420/src/services/brainClient.ts:20:10
    at new Promise (<anonymous>)
    at onceWithTimeout (http://localhost:1420/src/services/brainClient.ts:19:16)
    at getMemListOnce (http://localhost:1420/src/services/brainClient.ts:216:10)
    at loadMem (http://localhost:1420/src/views/settings/DataView.vue:116:23)
    at http://localhost:1420/src/views/settings/DataView.vue:183:12
    at http://localhost:1420/node_modules/.vite/deps/vue.js?v=318df923:5342:40
[ 1697133ms] TypeError: Cannot read properties of undefined (reading 'transformCallback')
    at transformCallback (http://localhost:1420/node_modules/.vite/deps/chunk-G7S6KQDI.js?v=318df923:22:37)
    at listen (http://localhost:1420/node_modules/.vite/deps/chunk-7FCLUC5I.js?v=318df923:39:14)
    at once (http://localhost:1420/node_modules/.vite/deps/chunk-7FCLUC5I.js?v=318df923:45:10)
    at http://localhost:1420/src/services/brainClient.ts:20:10
    at new Promise (<anonymous>)
    at onceWithTimeout (http://localhost:1420/src/services/brainClient.ts:19:16)
    at getSettingsOnce (http://localhost:1420/src/services/brainClient.ts:245:19)
    at http://localhost:1420/src/views/settings/DataView.vue:184:12
    at http://localhost:1420/node_modules/.vite/deps/vue.js?v=318df923:5342:40
    at callWithErrorHandling (http://localhost:1420/node_modules/.vite/deps/vue.js?v=318df923:2379:19)
[ 1697133ms] TypeError: Cannot read properties of undefined (reading 'transformCallback')
    at transformCallback (http://localhost:1420/node_modules/.vite/deps/chunk-G7S6KQDI.js?v=318df923:22:37)
    at listen (http://localhost:1420/node_modules/.vite/deps/chunk-7FCLUC5I.js?v=318df923:39:14)
    at onBrainStatus (http://localhost:1420/src/services/brainClient.ts:305:10)
    at http://localhost:1420/src/views/settings/GeneralSection.vue?t=1788087684762:273:30
[ 1697133ms] TypeError: Cannot read properties of undefined (reading 'transformCallback')
    at transformCallback (http://localhost:1420/node_modules/.vite/deps/chunk-G7S6KQDI.js?v=318df923:22:37)
    at listen (http://localhost:1420/node_modules/.vite/deps/chunk-7FCLUC5I.js?v=318df923:39:14)
    at once (http://localhost:1420/node_modules/.vite/deps/chunk-7FCLUC5I.js?v=318df923:45:10)
    at http://localhost:1420/src/services/brainClient.ts:20:10
    at new Promise (<anonymous>)
    at onceWithTimeout (http://localhost:1420/src/services/brainClient.ts:19:16)
    at getSettingsOnce (http://localhost:1420/src/services/brainClient.ts:245:19)
    at http://localhost:1420/src/views/settings/GeneralSection.vue?t=1788087684762:262:12
[ 1697133ms] TypeError: Cannot read properties of undefined (reading 'transformCallback')
    at transformCallback (http://localhost:1420/node_modules/.vite/deps/chunk-G7S6KQDI.js?v=318df923:22:37)
    at listen (http://localhost:1420/node_modules/.vite/deps/chunk-7FCLUC5I.js?v=318df923:39:14)
    at once (http://localhost:1420/node_modules/.vite/deps/chunk-7FCLUC5I.js?v=318df923:45:10)
    at http://localhost:1420/src/services/brainClient.ts:20:10
    at new Promise (<anonymous>)
    at onceWithTimeout (http://localhost:1420/src/services/brainClient.ts:19:16)
    at getHttpPairInfoOnce (http://localhost:1420/src/services/brainClient.ts:266:10)
    at refreshPair (http://localhost:1420/src/views/settings/GeneralSection.vue?t=1788087684762:149:29)
    at http://localhost:1420/src/views/settings/GeneralSection.vue?t=1788087684762:272:12
[ 1697133ms] TypeError: Cannot read properties of undefined (reading 'transformCallback')
    at transformCallback (http://localhost:1420/node_modules/.vite/deps/chunk-G7S6KQDI.js?v=318df923:22:37)
    at listen (http://localhost:1420/node_modules/.vite/deps/chunk-7FCLUC5I.js?v=318df923:39:14)
    at onBrainEvent (http://localhost:1420/src/services/brainClient.ts:299:10)
    at http://localhost:1420/src/views/chat/HomeChat.vue?t=1788087739424:624:24
[ 1697219ms] [VERBOSE] [DOM] Password field is not contained in a form: (More info: https://goo.gl/9p2vKq) %o @ http://localhost:1420/home.html:0
[ 1699068ms] [WARNING] [Vue warn]: Unhandled error during execution of mounted hook 
  at <CapabilityConversationRail surface=null active=false onClose=fn<hideSurface>  ... > 
  at <BaseTransition appear=false persisted=true mode=undefined  ... > 
  at <Transition name="scene-rail" persisted="" > 
  at <HomeWindow> @ http://localhost:1420/node_modules/.vite/deps/vue.js?v=318df923:2231
[ 1699069ms] [WARNING] [Vue warn]: Unhandled error during execution of mounted hook 
  at <GeneralSection key=0 > 
  at <SettingsView key=0 > 
  at <BaseTransition appear=false persisted=true mode=undefined  ... > 
  at <Transition name="view-fade" persisted="" > 
  at <HomeWindow> @ http://localhost:1420/node_modules/.vite/deps/vue.js?v=318df923:2231
[ 1699069ms] [WARNING] [Vue warn]: Unhandled error during execution of mounted hook 
  at <HomeChat key=0 draft=undefined workstation=null  ... > 
  at <BaseTransition appear=false persisted=true mode=undefined  ... > 
  at <Transition name="view-fade" persisted="" > 
  at <HomeWindow> @ http://localhost:1420/node_modules/.vite/deps/vue.js?v=318df923:2231
[ 1699074ms] TypeError: Cannot read properties of undefined (reading 'transformCallback')
    at transformCallback (http://localhost:1420/node_modules/.vite/deps/chunk-G7S6KQDI.js?v=318df923:22:37)
    at listen (http://localhost:1420/node_modules/.vite/deps/chunk-7FCLUC5I.js?v=318df923:39:14)
    at onBrainEvent (http://localhost:1420/src/services/brainClient.ts:299:10)
    at http://localhost:1420/src/lib/home/home-panel-run.ts:12:12
    at new Promise (<anonymous>)
    at runPanelAction (http://localhost:1420/src/lib/home/home-panel-run.ts:6:18)
    at http://localhost:1420/src/views/plugins/CapabilityHome.vue:25:25
    at http://localhost:1420/node_modules/.vite/deps/vue.js?v=318df923:5342:40
    at callWithErrorHandling (http://localhost:1420/node_modules/.vite/deps/vue.js?v=318df923:2379:19)
    at callWithAsyncErrorHandling (http://localhost:1420/node_modules/.vite/deps/vue.js?v=318df923:2386:17)
[ 1699075ms] TypeError: Cannot read properties of undefined (reading 'transformCallback')
    at transformCallback (http://localhost:1420/node_modules/.vite/deps/chunk-G7S6KQDI.js?v=318df923:22:37)
    at listen (http://localhost:1420/node_modules/.vite/deps/chunk-7FCLUC5I.js?v=318df923:39:14)
    at once (http://localhost:1420/node_modules/.vite/deps/chunk-7FCLUC5I.js?v=318df923:45:10)
    at http://localhost:1420/src/services/brainClient.ts:20:10
    at new Promise (<anonymous>)
    at onceWithTimeout (http://localhost:1420/src/services/brainClient.ts:19:16)
    at getSettingsOnce (http://localhost:1420/src/services/brainClient.ts:245:19)
    at http://localhost:1420/src/views/HomeDayTitle.vue?t=1788070913325:19:30
    at http://localhost:1420/node_modules/.vite/deps/vue.js?v=318df923:5342:40
    at callWithErrorHandling (http://localhost:1420/node_modules/.vite/deps/vue.js?v=318df923:2379:19)
[ 1699075ms] TypeError: Cannot read properties of undefined (reading 'transformCallback')
    at transformCallback (http://localhost:1420/node_modules/.vite/deps/chunk-G7S6KQDI.js?v=318df923:22:37)
    at listen (http://localhost:1420/node_modules/.vite/deps/chunk-7FCLUC5I.js?v=318df923:39:14)
    at once (http://localhost:1420/node_modules/.vite/deps/chunk-7FCLUC5I.js?v=318df923:45:10)
    at http://localhost:1420/src/services/brainClient.ts:20:10
    at new Promise (<anonymous>)
    at onceWithTimeout (http://localhost:1420/src/services/brainClient.ts:19:16)
    at getWidgetsOnce (http://localhost:1420/src/services/brainClient.ts:198:10)
    at refresh (http://localhost:1420/src/views/HomeFloatNotes.vue?t=1788078159546:51:30)
    at http://localhost:1420/src/views/HomeFloatNotes.vue?t=1788078159546:57:13
    at http://localhost:1420/node_modules/.vite/deps/vue.js?v=318df923:5342:40
[ 1699075ms] TypeError: Cannot read properties of undefined (reading 'transformCallback')
    at transformCallback (http://localhost:1420/node_modules/.vite/deps/chunk-G7S6KQDI.js?v=318df923:22:37)
    at listen (http://localhost:1420/node_modules/.vite/deps/chunk-7FCLUC5I.js?v=318df923:39:14)
    at once (http://localhost:1420/node_modules/.vite/deps/chunk-7FCLUC5I.js?v=318df923:45:10)
    at http://localhost:1420/src/services/brainClient.ts:20:10
    at new Promise (<anonymous>)
    at onceWithTimeout (http://localhost:1420/src/services/brainClient.ts:19:16)
    at getFeedOnce (http://localhost:1420/src/services/brainClient.ts:150:10)
    at http://localhost:1420/src/views/HomeTodayPanel.vue?t=1788070812924:17:28
    at http://localhost:1420/node_modules/.vite/deps/vue.js?v=318df923:5342:40
    at callWithErrorHandling (http://localhost:1420/node_modules/.vite/deps/vue.js?v=318df923:2379:19)
[ 1699075ms] TypeError: Cannot read properties of undefined (reading 'transformCallback')
    at transformCallback (http://localhost:1420/node_modules/.vite/deps/chunk-G7S6KQDI.js?v=318df923:22:37)
    at listen (http://localhost:1420/node_modules/.vite/deps/chunk-7FCLUC5I.js?v=318df923:39:14)
    at once (http://localhost:1420/node_modules/.vite/deps/chunk-7FCLUC5I.js?v=318df923:45:10)
    at http://localhost:1420/src/services/brainClient.ts:20:10
    at new Promise (<anonymous>)
    at onceWithTimeout (http://localhost:1420/src/services/brainClient.ts:19:16)
    at getWidgetsOnce (http://localhost:1420/src/services/brainClient.ts:198:10)
    at http://localhost:1420/src/views/HomeRemindCard.vue?t=1788087684762:16:25
    at http://localhost:1420/node_modules/.vite/deps/vue.js?v=318df923:5342:40
    at callWithErrorHandling (http://localhost:1420/node_modules/.vite/deps/vue.js?v=318df923:2379:19)
[ 1699075ms] TypeError: Cannot read properties of undefined (reading 'transformCallback')
    at transformCallback (http://localhost:1420/node_modules/.vite/deps/chunk-G7S6KQDI.js?v=318df923:22:37)
    at listen (http://localhost:1420/node_modules/.vite/deps/chunk-7FCLUC5I.js?v=318df923:39:14)
    at once (http://localhost:1420/node_modules/.vite/deps/chunk-7FCLUC5I.js?v=318df923:45:10)
    at http://localhost:1420/src/services/brainClient.ts:20:10
    at new Promise (<anonymous>)
    at onceWithTimeout (http://localhost:1420/src/services/brainClient.ts:19:16)
    at getWidgetsOnce (http://localhost:1420/src/services/brainClient.ts:198:10)
    at http://localhost:1420/src/views/HomeShelfStats.vue?t=1788087739424:35:28
    at http://localhost:1420/node_modules/.vite/deps/vue.js?v=318df923:5342:40
    at callWithErrorHandling (http://localhost:1420/node_modules/.vite/deps/vue.js?v=318df923:2379:19)
[ 1699075ms] TypeError: Cannot read properties of undefined (reading 'transformCallback')
    at transformCallback (http://localhost:1420/node_modules/.vite/deps/chunk-G7S6KQDI.js?v=318df923:22:37)
    at listen (http://localhost:1420/node_modules/.vite/deps/chunk-7FCLUC5I.js?v=318df923:39:14)
    at once (http://localhost:1420/node_modules/.vite/deps/chunk-7FCLUC5I.js?v=318df923:45:10)
    at http://localhost:1420/src/services/brainClient.ts:20:10
    at new Promise (<anonymous>)
    at onceWithTimeout (http://localhost:1420/src/services/brainClient.ts:19:16)
    at getFeedOnce (http://localhost:1420/src/services/brainClient.ts:150:10)
    at http://localhost:1420/src/views/chat/HorizonBar.vue?t=1788076324598:26:28
    at http://localhost:1420/node_modules/.vite/deps/vue.js?v=318df923:5342:40
    at callWithErrorHandling (http://localhost:1420/node_modules/.vite/deps/vue.js?v=318df923:2379:19)
[ 1699075ms] TypeError: Cannot read properties of undefined (reading 'transformCallback')
    at transformCallback (http://localhost:1420/node_modules/.vite/deps/chunk-G7S6KQDI.js?v=318df923:22:37)
    at listen (http://localhost:1420/node_modules/.vite/deps/chunk-7FCLUC5I.js?v=318df923:39:14)
    at onBrainEvent (http://localhost:1420/src/services/brainClient.ts:299:10)
    at http://localhost:1420/src/views/CapabilityConversationRail.vue:178:24
[ 1699075ms] TypeError: Cannot read properties of undefined (reading 'transformCallback')
    at transformCallback (http://localhost:1420/node_modules/.vite/deps/chunk-G7S6KQDI.js?v=318df923:22:37)
    at listen (http://localhost:1420/node_modules/.vite/deps/chunk-7FCLUC5I.js?v=318df923:39:14)
    at once (http://localhost:1420/node_modules/.vite/deps/chunk-7FCLUC5I.js?v=318df923:45:10)
    at http://localhost:1420/src/services/brainClient.ts:20:10
    at new Promise (<anonymous>)
    at onceWithTimeout (http://localhost:1420/src/services/brainClient.ts:19:16)
    at getPerceptionOnce (http://localhost:1420/src/services/brainClient.ts:274:10)
    at loadPerception (http://localhost:1420/src/views/settings/DataView.vue:34:23)
    at http://localhost:1420/src/views/settings/DataView.vue:182:12
    at http://localhost:1420/node_modules/.vite/deps/vue.js?v=318df923:5342:40
[ 1699075ms] TypeError: Cannot read properties of undefined (reading 'transformCallback')
    at transformCallback (http://localhost:1420/node_modules/.vite/deps/chunk-G7S6KQDI.js?v=318df923:22:37)
    at listen (http://localhost:1420/node_modules/.vite/deps/chunk-7FCLUC5I.js?v=318df923:39:14)
    at once (http://localhost:1420/node_modules/.vite/deps/chunk-7FCLUC5I.js?v=318df923:45:10)
    at http://localhost:1420/src/services/brainClient.ts:20:10
    at new Promise (<anonymous>)
    at onceWithTimeout (http://localhost:1420/src/services/brainClient.ts:19:16)
    at getMemListOnce (http://localhost:1420/src/services/brainClient.ts:216:10)
    at loadMem (http://localhost:1420/src/views/settings/DataView.vue:116:23)
    at http://localhost:1420/src/views/settings/DataView.vue:183:12
    at http://localhost:1420/node_modules/.vite/deps/vue.js?v=318df923:5342:40
[ 1699075ms] TypeError: Cannot read properties of undefined (reading 'transformCallback')
    at transformCallback (http://localhost:1420/node_modules/.vite/deps/chunk-G7S6KQDI.js?v=318df923:22:37)
    at listen (http://localhost:1420/node_modules/.vite/deps/chunk-7FCLUC5I.js?v=318df923:39:14)
    at once (http://localhost:1420/node_modules/.vite/deps/chunk-7FCLUC5I.js?v=318df923:45:10)
    at http://localhost:1420/src/services/brainClient.ts:20:10
    at new Promise (<anonymous>)
    at onceWithTimeout (http://localhost:1420/src/services/brainClient.ts:19:16)
    at getSettingsOnce (http://localhost:1420/src/services/brainClient.ts:245:19)
    at http://localhost:1420/src/views/settings/DataView.vue:184:12
    at http://localhost:1420/node_modules/.vite/deps/vue.js?v=318df923:5342:40
    at callWithErrorHandling (http://localhost:1420/node_modules/.vite/deps/vue.js?v=318df923:2379:19)
[ 1699075ms] TypeError: Cannot read properties of undefined (reading 'transformCallback')
    at transformCallback (http://localhost:1420/node_modules/.vite/deps/chunk-G7S6KQDI.js?v=318df923:22:37)
    at listen (http://localhost:1420/node_modules/.vite/deps/chunk-7FCLUC5I.js?v=318df923:39:14)
    at onBrainStatus (http://localhost:1420/src/services/brainClient.ts:305:10)
    at http://localhost:1420/src/views/settings/GeneralSection.vue?t=1788087684762:273:30
[ 1699075ms] TypeError: Cannot read properties of undefined (reading 'transformCallback')
    at transformCallback (http://localhost:1420/node_modules/.vite/deps/chunk-G7S6KQDI.js?v=318df923:22:37)
    at listen (http://localhost:1420/node_modules/.vite/deps/chunk-7FCLUC5I.js?v=318df923:39:14)
    at once (http://localhost:1420/node_modules/.vite/deps/chunk-7FCLUC5I.js?v=318df923:45:10)
    at http://localhost:1420/src/services/brainClient.ts:20:10
    at new Promise (<anonymous>)
    at onceWithTimeout (http://localhost:1420/src/services/brainClient.ts:19:16)
    at getSettingsOnce (http://localhost:1420/src/services/brainClient.ts:245:19)
    at http://localhost:1420/src/views/settings/GeneralSection.vue?t=1788087684762:262:12
[ 1699075ms] TypeError: Cannot read properties of undefined (reading 'transformCallback')
    at transformCallback (http://localhost:1420/node_modules/.vite/deps/chunk-G7S6KQDI.js?v=318df923:22:37)
    at listen (http://localhost:1420/node_modules/.vite/deps/chunk-7FCLUC5I.js?v=318df923:39:14)
    at once (http://localhost:1420/node_modules/.vite/deps/chunk-7FCLUC5I.js?v=318df923:45:10)
    at http://localhost:1420/src/services/brainClient.ts:20:10
    at new Promise (<anonymous>)
    at onceWithTimeout (http://localhost:1420/src/services/brainClient.ts:19:16)
    at getHttpPairInfoOnce (http://localhost:1420/src/services/brainClient.ts:266:10)
    at refreshPair (http://localhost:1420/src/views/settings/GeneralSection.vue?t=1788087684762:149:29)
    at http://localhost:1420/src/views/settings/GeneralSection.vue?t=1788087684762:272:12
[ 1699075ms] TypeError: Cannot read properties of undefined (reading 'transformCallback')
    at transformCallback (http://localhost:1420/node_modules/.vite/deps/chunk-G7S6KQDI.js?v=318df923:22:37)
    at listen (http://localhost:1420/node_modules/.vite/deps/chunk-7FCLUC5I.js?v=318df923:39:14)
    at onBrainEvent (http://localhost:1420/src/services/brainClient.ts:299:10)
    at http://localhost:1420/src/views/chat/HomeChat.vue?t=1788087739424:624:24
[ 1699169ms] [VERBOSE] [DOM] Password field is not contained in a form: (More info: https://goo.gl/9p2vKq) %o @ http://localhost:1420/home.html:0
[ 1700119ms] [WARNING] [Vue warn]: Unhandled error during execution of mounted hook 
  at <HomeTodayPanel state="idle" only="today" onChat=fn<onInfoChat> > 
  at <HomeFrame thinking=false state="idle" peek=false  ... > 
  at <HomeChat key=0 draft=undefined workstation=null  ... > 
  at <BaseTransition appear=false persisted=true mode=undefined  ... > 
  at <Transition name="view-fade" persisted="" > 
  at <HomeWindow> @ http://localhost:1420/node_modules/.vite/deps/vue.js?v=318df923:2231
[ 1700120ms] [WARNING] [Vue warn]: Unhandled error during execution of mounted hook 
  at <HorizonBar state="idle" proc=null shelf=false  ... > 
  at <HomeChat key=0 draft=undefined workstation=null  ... > 
  at <BaseTransition appear=false persisted=true mode=undefined  ... > 
  at <Transition name="view-fade" persisted="" > 
  at <HomeWindow> @ http://localhost:1420/node_modules/.vite/deps/vue.js?v=318df923:2231
[ 1700122ms] TypeError: Cannot read properties of undefined (reading 'transformCallback')
    at transformCallback (http://localhost:1420/node_modules/.vite/deps/chunk-G7S6KQDI.js?v=318df923:22:37)
    at listen (http://localhost:1420/node_modules/.vite/deps/chunk-7FCLUC5I.js?v=318df923:39:14)
    at onFeed (http://localhost:1420/src/services/brainClient.ts:147:10)
    at http://localhost:1420/src/views/HomeTodayPanel.vue?t=1788070812924:21:22
[ 1700122ms] TypeError: Cannot read properties of undefined (reading 'transformCallback')
    at transformCallback (http://localhost:1420/node_modules/.vite/deps/chunk-G7S6KQDI.js?v=318df923:22:37)
    at listen (http://localhost:1420/node_modules/.vite/deps/chunk-7FCLUC5I.js?v=318df923:39:14)
    at once (http://localhost:1420/node_modules/.vite/deps/chunk-7FCLUC5I.js?v=318df923:45:10)
    at http://localhost:1420/src/services/brainClient.ts:20:10
    at new Promise (<anonymous>)
    at onceWithTimeout (http://localhost:1420/src/services/brainClient.ts:19:16)
    at getFeedOnce (http://localhost:1420/src/services/brainClient.ts:150:10)
    at http://localhost:1420/src/views/HomeRemindCard.vue?t=1788087684762:18:25
[ 1700122ms] TypeError: Cannot read properties of undefined (reading 'transformCallback')
    at transformCallback (http://localhost:1420/node_modules/.vite/deps/chunk-G7S6KQDI.js?v=318df923:22:37)
    at listen (http://localhost:1420/node_modules/.vite/deps/chunk-7FCLUC5I.js?v=318df923:39:14)
    at onBrainEvent (http://localhost:1420/src/services/brainClient.ts:299:10)
    at http://localhost:1420/src/lib/home/home-panel-run.ts:12:12
    at new Promise (<anonymous>)
    at runPanelAction (http://localhost:1420/src/lib/home/home-panel-run.ts:6:18)
    at refreshMat (http://localhost:1420/src/views/HomeShelfStats.vue?t=1788087739424:18:28)
    at http://localhost:1420/src/views/HomeShelfStats.vue?t=1788087739424:43:13
[ 1700122ms] TypeError: Cannot read properties of undefined (reading 'transformCallback')
    at transformCallback (http://localhost:1420/node_modules/.vite/deps/chunk-G7S6KQDI.js?v=318df923:22:37)
    at listen (http://localhost:1420/node_modules/.vite/deps/chunk-7FCLUC5I.js?v=318df923:39:14)
    at onFeed (http://localhost:1420/src/services/brainClient.ts:147:10)
    at http://localhost:1420/src/views/chat/HorizonBar.vue?t=1788076324598:31:22
[ 1702069ms] [WARNING] [Vue warn]: Unhandled error during execution of mounted hook 
  at <HomeTodayPanel state="idle" only="today" onChat=fn<onInfoChat> > 
  at <HomeFrame thinking=false state="idle" peek=false  ... > 
  at <HomeChat key=0 draft=undefined workstation=null  ... > 
  at <BaseTransition appear=false persisted=true mode=undefined  ... > 
  at <Transition name="view-fade" persisted="" > 
  at <HomeWindow> @ http://localhost:1420/node_modules/.vite/deps/vue.js?v=318df923:2231
[ 1702069ms] [WARNING] [Vue warn]: Unhandled error during execution of mounted hook 
  at <HorizonBar state="idle" proc=null shelf=false  ... > 
  at <HomeChat key=0 draft=undefined workstation=null  ... > 
  at <BaseTransition appear=false persisted=true mode=undefined  ... > 
  at <Transition name="view-fade" persisted="" > 
  at <HomeWindow> @ http://localhost:1420/node_modules/.vite/deps/vue.js?v=318df923:2231
[ 1702071ms] TypeError: Cannot read properties of undefined (reading 'transformCallback')
    at transformCallback (http://localhost:1420/node_modules/.vite/deps/chunk-G7S6KQDI.js?v=318df923:22:37)
    at listen (http://localhost:1420/node_modules/.vite/deps/chunk-7FCLUC5I.js?v=318df923:39:14)
    at onFeed (http://localhost:1420/src/services/brainClient.ts:147:10)
    at http://localhost:1420/src/views/HomeTodayPanel.vue?t=1788070812924:21:22
[ 1702071ms] TypeError: Cannot read properties of undefined (reading 'transformCallback')
    at transformCallback (http://localhost:1420/node_modules/.vite/deps/chunk-G7S6KQDI.js?v=318df923:22:37)
    at listen (http://localhost:1420/node_modules/.vite/deps/chunk-7FCLUC5I.js?v=318df923:39:14)
    at once (http://localhost:1420/node_modules/.vite/deps/chunk-7FCLUC5I.js?v=318df923:45:10)
    at http://localhost:1420/src/services/brainClient.ts:20:10
    at new Promise (<anonymous>)
    at onceWithTimeout (http://localhost:1420/src/services/brainClient.ts:19:16)
    at getFeedOnce (http://localhost:1420/src/services/brainClient.ts:150:10)
    at http://localhost:1420/src/views/HomeRemindCard.vue?t=1788087684762:18:25
[ 1702071ms] TypeError: Cannot read properties of undefined (reading 'transformCallback')
    at transformCallback (http://localhost:1420/node_modules/.vite/deps/chunk-G7S6KQDI.js?v=318df923:22:37)
    at listen (http://localhost:1420/node_modules/.vite/deps/chunk-7FCLUC5I.js?v=318df923:39:14)
    at onBrainEvent (http://localhost:1420/src/services/brainClient.ts:299:10)
    at http://localhost:1420/src/lib/home/home-panel-run.ts:12:12
    at new Promise (<anonymous>)
    at runPanelAction (http://localhost:1420/src/lib/home/home-panel-run.ts:6:18)
    at refreshMat (http://localhost:1420/src/views/HomeShelfStats.vue?t=1788087739424:18:28)
    at http://localhost:1420/src/views/HomeShelfStats.vue?t=1788087739424:43:13
[ 1702071ms] TypeError: Cannot read properties of undefined (reading 'transformCallback')
    at transformCallback (http://localhost:1420/node_modules/.vite/deps/chunk-G7S6KQDI.js?v=318df923:22:37)
    at listen (http://localhost:1420/node_modules/.vite/deps/chunk-7FCLUC5I.js?v=318df923:39:14)
    at onFeed (http://localhost:1420/src/services/brainClient.ts:147:10)
    at http://localhost:1420/src/views/chat/HorizonBar.vue?t=1788076324598:31:22
[ 1712122ms] TypeError: Cannot read properties of undefined (reading 'transformCallback')
    at transformCallback (http://localhost:1420/node_modules/.vite/deps/chunk-G7S6KQDI.js?v=318df923:22:37)
    at listen (http://localhost:1420/node_modules/.vite/deps/chunk-7FCLUC5I.js?v=318df923:39:14)
    at once (http://localhost:1420/node_modules/.vite/deps/chunk-7FCLUC5I.js?v=318df923:45:10)
    at http://localhost:1420/src/services/brainClient.ts:20:10
    at new Promise (<anonymous>)
    at onceWithTimeout (http://localhost:1420/src/services/brainClient.ts:19:16)
    at getWidgetsOnce (http://localhost:1420/src/services/brainClient.ts:198:10)
    at refresh (http://localhost:1420/src/views/HomeFloatNotes.vue?t=1788078159546:51:30)
    at http://localhost:1420/src/views/HomeFloatNotes.vue?t=1788078159546:59:14
[ 1714071ms] TypeError: Cannot read properties of undefined (reading 'transformCallback')
    at transformCallback (http://localhost:1420/node_modules/.vite/deps/chunk-G7S6KQDI.js?v=318df923:22:37)
    at listen (http://localhost:1420/node_modules/.vite/deps/chunk-7FCLUC5I.js?v=318df923:39:14)
    at once (http://localhost:1420/node_modules/.vite/deps/chunk-7FCLUC5I.js?v=318df923:45:10)
    at http://localhost:1420/src/services/brainClient.ts:20:10
    at new Promise (<anonymous>)
    at onceWithTimeout (http://localhost:1420/src/services/brainClient.ts:19:16)
    at getWidgetsOnce (http://localhost:1420/src/services/brainClient.ts:198:10)
    at refresh (http://localhost:1420/src/views/HomeFloatNotes.vue?t=1788078159546:51:30)
    at http://localhost:1420/src/views/HomeFloatNotes.vue?t=1788078159546:59:14
[ 1724123ms] TypeError: Cannot read properties of undefined (reading 'transformCallback')
    at transformCallback (http://localhost:1420/node_modules/.vite/deps/chunk-G7S6KQDI.js?v=318df923:22:37)
    at listen (http://localhost:1420/node_modules/.vite/deps/chunk-7FCLUC5I.js?v=318df923:39:14)
    at once (http://localhost:1420/node_modules/.vite/deps/chunk-7FCLUC5I.js?v=318df923:45:10)
    at http://localhost:1420/src/services/brainClient.ts:20:10
    at new Promise (<anonymous>)
    at onceWithTimeout (http://localhost:1420/src/services/brainClient.ts:19:16)
    at getWidgetsOnce (http://localhost:1420/src/services/brainClient.ts:198:10)
    at refresh (http://localhost:1420/src/views/HomeFloatNotes.vue?t=1788078159546:51:30)
    at http://localhost:1420/src/views/HomeFloatNotes.vue?t=1788078159546:59:14
[ 1726071ms] TypeError: Cannot read properties of undefined (reading 'transformCallback')
    at transformCallback (http://localhost:1420/node_modules/.vite/deps/chunk-G7S6KQDI.js?v=318df923:22:37)
    at listen (http://localhost:1420/node_modules/.vite/deps/chunk-7FCLUC5I.js?v=318df923:39:14)
    at once (http://localhost:1420/node_modules/.vite/deps/chunk-7FCLUC5I.js?v=318df923:45:10)
    at http://localhost:1420/src/services/brainClient.ts:20:10
    at new Promise (<anonymous>)
    at onceWithTimeout (http://localhost:1420/src/services/brainClient.ts:19:16)
    at getWidgetsOnce (http://localhost:1420/src/services/brainClient.ts:198:10)
    at refresh (http://localhost:1420/src/views/HomeFloatNotes.vue?t=1788078159546:51:30)
    at http://localhost:1420/src/views/HomeFloatNotes.vue?t=1788078159546:59:14
[ 1736117ms] TypeError: Cannot read properties of undefined (reading 'transformCallback')
    at transformCallback (http://localhost:1420/node_modules/.vite/deps/chunk-G7S6KQDI.js?v=318df923:22:37)
    at listen (http://localhost:1420/node_modules/.vite/deps/chunk-7FCLUC5I.js?v=318df923:39:14)
    at once (http://localhost:1420/node_modules/.vite/deps/chunk-7FCLUC5I.js?v=318df923:45:10)
    at http://localhost:1420/src/services/brainClient.ts:20:10
    at new Promise (<anonymous>)
    at onceWithTimeout (http://localhost:1420/src/services/brainClient.ts:19:16)
    at getWidgetsOnce (http://localhost:1420/src/services/brainClient.ts:198:10)
    at refresh (http://localhost:1420/src/views/HomeFloatNotes.vue?t=1788078159546:51:30)
    at http://localhost:1420/src/views/HomeFloatNotes.vue?t=1788078159546:59:14
[ 1738066ms] TypeError: Cannot read properties of undefined (reading 'transformCallback')
    at transformCallback (http://localhost:1420/node_modules/.vite/deps/chunk-G7S6KQDI.js?v=318df923:22:37)
    at listen (http://localhost:1420/node_modules/.vite/deps/chunk-7FCLUC5I.js?v=318df923:39:14)
    at once (http://localhost:1420/node_modules/.vite/deps/chunk-7FCLUC5I.js?v=318df923:45:10)
    at http://localhost:1420/src/services/brainClient.ts:20:10
    at new Promise (<anonymous>)
    at onceWithTimeout (http://localhost:1420/src/services/brainClient.ts:19:16)
    at getWidgetsOnce (http://localhost:1420/src/services/brainClient.ts:198:10)
    at refresh (http://localhost:1420/src/views/HomeFloatNotes.vue?t=1788078159546:51:30)
    at http://localhost:1420/src/views/HomeFloatNotes.vue?t=1788078159546:59:14
[ 1748113ms] TypeError: Cannot read properties of undefined (reading 'transformCallback')
    at transformCallback (http://localhost:1420/node_modules/.vite/deps/chunk-G7S6KQDI.js?v=318df923:22:37)
    at listen (http://localhost:1420/node_modules/.vite/deps/chunk-7FCLUC5I.js?v=318df923:39:14)
    at once (http://localhost:1420/node_modules/.vite/deps/chunk-7FCLUC5I.js?v=318df923:45:10)
    at http://localhost:1420/src/services/brainClient.ts:20:10
    at new Promise (<anonymous>)
    at onceWithTimeout (http://localhost:1420/src/services/brainClient.ts:19:16)
    at getWidgetsOnce (http://localhost:1420/src/services/brainClient.ts:198:10)
    at refresh (http://localhost:1420/src/views/HomeFloatNotes.vue?t=1788078159546:51:30)
    at http://localhost:1420/src/views/HomeFloatNotes.vue?t=1788078159546:59:14
[ 1750062ms] TypeError: Cannot read properties of undefined (reading 'transformCallback')
    at transformCallback (http://localhost:1420/node_modules/.vite/deps/chunk-G7S6KQDI.js?v=318df923:22:37)
    at listen (http://localhost:1420/node_modules/.vite/deps/chunk-7FCLUC5I.js?v=318df923:39:14)
    at once (http://localhost:1420/node_modules/.vite/deps/chunk-7FCLUC5I.js?v=318df923:45:10)
    at http://localhost:1420/src/services/brainClient.ts:20:10
    at new Promise (<anonymous>)
    at onceWithTimeout (http://localhost:1420/src/services/brainClient.ts:19:16)
    at getWidgetsOnce (http://localhost:1420/src/services/brainClient.ts:198:10)
    at refresh (http://localhost:1420/src/views/HomeFloatNotes.vue?t=1788078159546:51:30)
    at http://localhost:1420/src/views/HomeFloatNotes.vue?t=1788078159546:59:14
[ 1760112ms] TypeError: Cannot read properties of undefined (reading 'transformCallback')
    at transformCallback (http://localhost:1420/node_modules/.vite/deps/chunk-G7S6KQDI.js?v=318df923:22:37)
    at listen (http://localhost:1420/node_modules/.vite/deps/chunk-7FCLUC5I.js?v=318df923:39:14)
    at once (http://localhost:1420/node_modules/.vite/deps/chunk-7FCLUC5I.js?v=318df923:45:10)
    at http://localhost:1420/src/services/brainClient.ts:20:10
    at new Promise (<anonymous>)
    at onceWithTimeout (http://localhost:1420/src/services/brainClient.ts:19:16)
    at getWidgetsOnce (http://localhost:1420/src/services/brainClient.ts:198:10)
    at refresh (http://localhost:1420/src/views/HomeFloatNotes.vue?t=1788078159546:51:30)
    at http://localhost:1420/src/views/HomeFloatNotes.vue?t=1788078159546:59:14
[ 1761986ms] TypeError: Cannot read properties of undefined (reading 'transformCallback')
    at transformCallback (http://localhost:1420/node_modules/.vite/deps/chunk-G7S6KQDI.js?v=318df923:22:37)
    at listen (http://localhost:1420/node_modules/.vite/deps/chunk-7FCLUC5I.js?v=318df923:39:14)
    at once (http://localhost:1420/node_modules/.vite/deps/chunk-7FCLUC5I.js?v=318df923:45:10)
    at http://localhost:1420/src/services/brainClient.ts:20:10
    at new Promise (<anonymous>)
    at onceWithTimeout (http://localhost:1420/src/services/brainClient.ts:19:16)
    at getWidgetsOnce (http://localhost:1420/src/services/brainClient.ts:198:10)
    at refresh (http://localhost:1420/src/views/HomeFloatNotes.vue?t=1788089530969:51:30)
    at http://localhost:1420/src/views/HomeFloatNotes.vue?t=1788089530969:57:13
    at http://localhost:1420/node_modules/.vite/deps/vue.js?v=318df923:5342:40
[ 1761986ms] TypeError: Cannot read properties of undefined (reading 'transformCallback')
    at transformCallback (http://localhost:1420/node_modules/.vite/deps/chunk-G7S6KQDI.js?v=318df923:22:37)
    at listen (http://localhost:1420/node_modules/.vite/deps/chunk-7FCLUC5I.js?v=318df923:39:14)
    at once (http://localhost:1420/node_modules/.vite/deps/chunk-7FCLUC5I.js?v=318df923:45:10)
    at http://localhost:1420/src/services/brainClient.ts:20:10
    at new Promise (<anonymous>)
    at onceWithTimeout (http://localhost:1420/src/services/brainClient.ts:19:16)
    at getWidgetsOnce (http://localhost:1420/src/services/brainClient.ts:198:10)
    at http://localhost:1420/src/views/HomeRemindCard.vue?t=1788089530969:16:25
    at http://localhost:1420/node_modules/.vite/deps/vue.js?v=318df923:5342:40
    at callWithErrorHandling (http://localhost:1420/node_modules/.vite/deps/vue.js?v=318df923:2379:19)
[ 1764986ms] TypeError: Cannot read properties of undefined (reading 'transformCallback')
    at transformCallback (http://localhost:1420/node_modules/.vite/deps/chunk-G7S6KQDI.js?v=318df923:22:37)
    at listen (http://localhost:1420/node_modules/.vite/deps/chunk-7FCLUC5I.js?v=318df923:39:14)
    at once (http://localhost:1420/node_modules/.vite/deps/chunk-7FCLUC5I.js?v=318df923:45:10)
    at http://localhost:1420/src/services/brainClient.ts:20:10
    at new Promise (<anonymous>)
    at onceWithTimeout (http://localhost:1420/src/services/brainClient.ts:19:16)
    at getFeedOnce (http://localhost:1420/src/services/brainClient.ts:150:10)
    at http://localhost:1420/src/views/HomeRemindCard.vue?t=1788089530969:18:25
[ 1772111ms] TypeError: Cannot read properties of undefined (reading 'transformCallback')
    at transformCallback (http://localhost:1420/node_modules/.vite/deps/chunk-G7S6KQDI.js?v=318df923:22:37)
    at listen (http://localhost:1420/node_modules/.vite/deps/chunk-7FCLUC5I.js?v=318df923:39:14)
    at once (http://localhost:1420/node_modules/.vite/deps/chunk-7FCLUC5I.js?v=318df923:45:10)
    at http://localhost:1420/src/services/brainClient.ts:20:10
    at new Promise (<anonymous>)
    at onceWithTimeout (http://localhost:1420/src/services/brainClient.ts:19:16)
    at getWidgetsOnce (http://localhost:1420/src/services/brainClient.ts:198:10)
    at refresh (http://localhost:1420/src/views/HomeFloatNotes.vue?t=1788078159546:51:30)
    at http://localhost:1420/src/views/HomeFloatNotes.vue?t=1788078159546:59:14
[ 1772112ms] TypeError: Cannot read properties of undefined (reading 'transformCallback')
    at transformCallback (http://localhost:1420/node_modules/.vite/deps/chunk-G7S6KQDI.js?v=318df923:22:37)
    at listen (http://localhost:1420/node_modules/.vite/deps/chunk-7FCLUC5I.js?v=318df923:39:14)
    at onBrainEvent (http://localhost:1420/src/services/brainClient.ts:299:10)
    at http://localhost:1420/src/lib/home/home-panel-run.ts:12:12
    at new Promise (<anonymous>)
    at runPanelAction (http://localhost:1420/src/lib/home/home-panel-run.ts:6:18)
    at refreshMat (http://localhost:1420/src/views/HomeShelfStats.vue?t=1788087739424:18:28)
[ 1774062ms] TypeError: Cannot read properties of undefined (reading 'transformCallback')
    at transformCallback (http://localhost:1420/node_modules/.vite/deps/chunk-G7S6KQDI.js?v=318df923:22:37)
    at listen (http://localhost:1420/node_modules/.vite/deps/chunk-7FCLUC5I.js?v=318df923:39:14)
    at onBrainEvent (http://localhost:1420/src/services/brainClient.ts:299:10)
    at http://localhost:1420/src/lib/home/home-panel-run.ts:12:12
    at new Promise (<anonymous>)
    at runPanelAction (http://localhost:1420/src/lib/home/home-panel-run.ts:6:18)
    at refreshMat (http://localhost:1420/src/views/HomeShelfStats.vue?t=1788087739424:18:28)
[ 1776986ms] TypeError: Cannot read properties of undefined (reading 'transformCallback')
    at transformCallback (http://localhost:1420/node_modules/.vite/deps/chunk-G7S6KQDI.js?v=318df923:22:37)
    at listen (http://localhost:1420/node_modules/.vite/deps/chunk-7FCLUC5I.js?v=318df923:39:14)
    at once (http://localhost:1420/node_modules/.vite/deps/chunk-7FCLUC5I.js?v=318df923:45:10)
    at http://localhost:1420/src/services/brainClient.ts:20:10
    at new Promise (<anonymous>)
    at onceWithTimeout (http://localhost:1420/src/services/brainClient.ts:19:16)
    at getWidgetsOnce (http://localhost:1420/src/services/brainClient.ts:198:10)
    at refresh (http://localhost:1420/src/views/HomeFloatNotes.vue?t=1788089530969:51:30)
    at http://localhost:1420/src/views/HomeFloatNotes.vue?t=1788089530969:59:14
[ 1784110ms] TypeError: Cannot read properties of undefined (reading 'transformCallback')
    at transformCallback (http://localhost:1420/node_modules/.vite/deps/chunk-G7S6KQDI.js?v=318df923:22:37)
    at listen (http://localhost:1420/node_modules/.vite/deps/chunk-7FCLUC5I.js?v=318df923:39:14)
    at once (http://localhost:1420/node_modules/.vite/deps/chunk-7FCLUC5I.js?v=318df923:45:10)
    at http://localhost:1420/src/services/brainClient.ts:20:10
    at new Promise (<anonymous>)
    at onceWithTimeout (http://localhost:1420/src/services/brainClient.ts:19:16)
    at getWidgetsOnce (http://localhost:1420/src/services/brainClient.ts:198:10)
    at refresh (http://localhost:1420/src/views/HomeFloatNotes.vue?t=1788078159546:51:30)
    at http://localhost:1420/src/views/HomeFloatNotes.vue?t=1788078159546:59:14
[ 1788985ms] TypeError: Cannot read properties of undefined (reading 'transformCallback')
    at transformCallback (http://localhost:1420/node_modules/.vite/deps/chunk-G7S6KQDI.js?v=318df923:22:37)
    at listen (http://localhost:1420/node_modules/.vite/deps/chunk-7FCLUC5I.js?v=318df923:39:14)
    at once (http://localhost:1420/node_modules/.vite/deps/chunk-7FCLUC5I.js?v=318df923:45:10)
    at http://localhost:1420/src/services/brainClient.ts:20:10
    at new Promise (<anonymous>)
    at onceWithTimeout (http://localhost:1420/src/services/brainClient.ts:19:16)
    at getWidgetsOnce (http://localhost:1420/src/services/brainClient.ts:198:10)
    at refresh (http://localhost:1420/src/views/HomeFloatNotes.vue?t=1788089530969:51:30)
    at http://localhost:1420/src/views/HomeFloatNotes.vue?t=1788089530969:59:14
[ 1791621ms] TypeError: Cannot read properties of undefined (reading 'transformCallback')
    at transformCallback (http://localhost:1420/node_modules/.vite/deps/chunk-G7S6KQDI.js?v=318df923:22:37)
    at listen (http://localhost:1420/node_modules/.vite/deps/chunk-7FCLUC5I.js?v=318df923:39:14)
    at once (http://localhost:1420/node_modules/.vite/deps/chunk-7FCLUC5I.js?v=318df923:45:10)
    at http://localhost:1420/src/services/brainClient.ts:20:10
    at new Promise (<anonymous>)
    at onceWithTimeout (http://localhost:1420/src/services/brainClient.ts:19:16)
    at getWidgetsOnce (http://localhost:1420/src/services/brainClient.ts:198:10)
    at http://localhost:1420/src/views/HomeRemindCard.vue?t=1788089560606:16:25
    at http://localhost:1420/node_modules/.vite/deps/vue.js?v=318df923:5342:40
    at callWithErrorHandling (http://localhost:1420/node_modules/.vite/deps/vue.js?v=318df923:2379:19)
[ 1794619ms] TypeError: Cannot read properties of undefined (reading 'transformCallback')
    at transformCallback (http://localhost:1420/node_modules/.vite/deps/chunk-G7S6KQDI.js?v=318df923:22:37)
    at listen (http://localhost:1420/node_modules/.vite/deps/chunk-7FCLUC5I.js?v=318df923:39:14)
    at once (http://localhost:1420/node_modules/.vite/deps/chunk-7FCLUC5I.js?v=318df923:45:10)
    at http://localhost:1420/src/services/brainClient.ts:20:10
    at new Promise (<anonymous>)
    at onceWithTimeout (http://localhost:1420/src/services/brainClient.ts:19:16)
    at getFeedOnce (http://localhost:1420/src/services/brainClient.ts:150:10)
    at http://localhost:1420/src/views/HomeRemindCard.vue?t=1788089560606:18:25
[ 1796111ms] TypeError: Cannot read properties of undefined (reading 'transformCallback')
    at transformCallback (http://localhost:1420/node_modules/.vite/deps/chunk-G7S6KQDI.js?v=318df923:22:37)
    at listen (http://localhost:1420/node_modules/.vite/deps/chunk-7FCLUC5I.js?v=318df923:39:14)
    at once (http://localhost:1420/node_modules/.vite/deps/chunk-7FCLUC5I.js?v=318df923:45:10)
    at http://localhost:1420/src/services/brainClient.ts:20:10
    at new Promise (<anonymous>)
    at onceWithTimeout (http://localhost:1420/src/services/brainClient.ts:19:16)
    at getWidgetsOnce (http://localhost:1420/src/services/brainClient.ts:198:10)
    at refresh (http://localhost:1420/src/views/HomeFloatNotes.vue?t=1788078159546:51:30)
    at http://localhost:1420/src/views/HomeFloatNotes.vue?t=1788078159546:59:14
[ 1800986ms] TypeError: Cannot read properties of undefined (reading 'transformCallback')
    at transformCallback (http://localhost:1420/node_modules/.vite/deps/chunk-G7S6KQDI.js?v=318df923:22:37)
    at listen (http://localhost:1420/node_modules/.vite/deps/chunk-7FCLUC5I.js?v=318df923:39:14)
    at once (http://localhost:1420/node_modules/.vite/deps/chunk-7FCLUC5I.js?v=318df923:45:10)
    at http://localhost:1420/src/services/brainClient.ts:20:10
    at new Promise (<anonymous>)
    at onceWithTimeout (http://localhost:1420/src/services/brainClient.ts:19:16)
    at getWidgetsOnce (http://localhost:1420/src/services/brainClient.ts:198:10)
    at refresh (http://localhost:1420/src/views/HomeFloatNotes.vue?t=1788089530969:51:30)
    at http://localhost:1420/src/views/HomeFloatNotes.vue?t=1788089530969:59:14
[ 1808111ms] TypeError: Cannot read properties of undefined (reading 'transformCallback')
    at transformCallback (http://localhost:1420/node_modules/.vite/deps/chunk-G7S6KQDI.js?v=318df923:22:37)
    at listen (http://localhost:1420/node_modules/.vite/deps/chunk-7FCLUC5I.js?v=318df923:39:14)
    at once (http://localhost:1420/node_modules/.vite/deps/chunk-7FCLUC5I.js?v=318df923:45:10)
    at http://localhost:1420/src/services/brainClient.ts:20:10
    at new Promise (<anonymous>)
    at onceWithTimeout (http://localhost:1420/src/services/brainClient.ts:19:16)
    at getWidgetsOnce (http://localhost:1420/src/services/brainClient.ts:198:10)
    at refresh (http://localhost:1420/src/views/HomeFloatNotes.vue?t=1788078159546:51:30)
    at http://localhost:1420/src/views/HomeFloatNotes.vue?t=1788078159546:59:14
[ 1812986ms] TypeError: Cannot read properties of undefined (reading 'transformCallback')
    at transformCallback (http://localhost:1420/node_modules/.vite/deps/chunk-G7S6KQDI.js?v=318df923:22:37)
    at listen (http://localhost:1420/node_modules/.vite/deps/chunk-7FCLUC5I.js?v=318df923:39:14)
    at once (http://localhost:1420/node_modules/.vite/deps/chunk-7FCLUC5I.js?v=318df923:45:10)
    at http://localhost:1420/src/services/brainClient.ts:20:10
    at new Promise (<anonymous>)
    at onceWithTimeout (http://localhost:1420/src/services/brainClient.ts:19:16)
    at getWidgetsOnce (http://localhost:1420/src/services/brainClient.ts:198:10)
    at refresh (http://localhost:1420/src/views/HomeFloatNotes.vue?t=1788089530969:51:30)
    at http://localhost:1420/src/views/HomeFloatNotes.vue?t=1788089530969:59:14
[ 1820112ms] TypeError: Cannot read properties of undefined (reading 'transformCallback')
    at transformCallback (http://localhost:1420/node_modules/.vite/deps/chunk-G7S6KQDI.js?v=318df923:22:37)
    at listen (http://localhost:1420/node_modules/.vite/deps/chunk-7FCLUC5I.js?v=318df923:39:14)
    at once (http://localhost:1420/node_modules/.vite/deps/chunk-7FCLUC5I.js?v=318df923:45:10)
    at http://localhost:1420/src/services/brainClient.ts:20:10
    at new Promise (<anonymous>)
    at onceWithTimeout (http://localhost:1420/src/services/brainClient.ts:19:16)
    at getWidgetsOnce (http://localhost:1420/src/services/brainClient.ts:198:10)
    at refresh (http://localhost:1420/src/views/HomeFloatNotes.vue?t=1788078159546:51:30)
    at http://localhost:1420/src/views/HomeFloatNotes.vue?t=1788078159546:59:14
[ 1824989ms] TypeError: Cannot read properties of undefined (reading 'transformCallback')
    at transformCallback (http://localhost:1420/node_modules/.vite/deps/chunk-G7S6KQDI.js?v=318df923:22:37)
    at listen (http://localhost:1420/node_modules/.vite/deps/chunk-7FCLUC5I.js?v=318df923:39:14)
    at once (http://localhost:1420/node_modules/.vite/deps/chunk-7FCLUC5I.js?v=318df923:45:10)
    at http://localhost:1420/src/services/brainClient.ts:20:10
    at new Promise (<anonymous>)
    at onceWithTimeout (http://localhost:1420/src/services/brainClient.ts:19:16)
    at getWidgetsOnce (http://localhost:1420/src/services/brainClient.ts:198:10)
    at refresh (http://localhost:1420/src/views/HomeFloatNotes.vue?t=1788089530969:51:30)
    at http://localhost:1420/src/views/HomeFloatNotes.vue?t=1788089530969:59:14
[ 1832112ms] TypeError: Cannot read properties of undefined (reading 'transformCallback')
    at transformCallback (http://localhost:1420/node_modules/.vite/deps/chunk-G7S6KQDI.js?v=318df923:22:37)
    at listen (http://localhost:1420/node_modules/.vite/deps/chunk-7FCLUC5I.js?v=318df923:39:14)
    at once (http://localhost:1420/node_modules/.vite/deps/chunk-7FCLUC5I.js?v=318df923:45:10)
    at http://localhost:1420/src/services/brainClient.ts:20:10
    at new Promise (<anonymous>)
    at onceWithTimeout (http://localhost:1420/src/services/brainClient.ts:19:16)
    at getWidgetsOnce (http://localhost:1420/src/services/brainClient.ts:198:10)
    at refresh (http://localhost:1420/src/views/HomeFloatNotes.vue?t=1788078159546:51:30)
    at http://localhost:1420/src/views/HomeFloatNotes.vue?t=1788078159546:59:14
[ 1832112ms] TypeError: Cannot read properties of undefined (reading 'transformCallback')
    at transformCallback (http://localhost:1420/node_modules/.vite/deps/chunk-G7S6KQDI.js?v=318df923:22:37)
    at listen (http://localhost:1420/node_modules/.vite/deps/chunk-7FCLUC5I.js?v=318df923:39:14)
    at onBrainEvent (http://localhost:1420/src/services/brainClient.ts:299:10)
    at http://localhost:1420/src/lib/home/home-panel-run.ts:12:12
    at new Promise (<anonymous>)
    at runPanelAction (http://localhost:1420/src/lib/home/home-panel-run.ts:6:18)
    at refreshMat (http://localhost:1420/src/views/HomeShelfStats.vue?t=1788087739424:18:28)
[ 1834063ms] TypeError: Cannot read properties of undefined (reading 'transformCallback')
    at transformCallback (http://localhost:1420/node_modules/.vite/deps/chunk-G7S6KQDI.js?v=318df923:22:37)
    at listen (http://localhost:1420/node_modules/.vite/deps/chunk-7FCLUC5I.js?v=318df923:39:14)
    at onBrainEvent (http://localhost:1420/src/services/brainClient.ts:299:10)
    at http://localhost:1420/src/lib/home/home-panel-run.ts:12:12
    at new Promise (<anonymous>)
    at runPanelAction (http://localhost:1420/src/lib/home/home-panel-run.ts:6:18)
    at refreshMat (http://localhost:1420/src/views/HomeShelfStats.vue?t=1788087739424:18:28)
[ 1836987ms] TypeError: Cannot read properties of undefined (reading 'transformCallback')
    at transformCallback (http://localhost:1420/node_modules/.vite/deps/chunk-G7S6KQDI.js?v=318df923:22:37)
    at listen (http://localhost:1420/node_modules/.vite/deps/chunk-7FCLUC5I.js?v=318df923:39:14)
    at once (http://localhost:1420/node_modules/.vite/deps/chunk-7FCLUC5I.js?v=318df923:45:10)
    at http://localhost:1420/src/services/brainClient.ts:20:10
    at new Promise (<anonymous>)
    at onceWithTimeout (http://localhost:1420/src/services/brainClient.ts:19:16)
    at getWidgetsOnce (http://localhost:1420/src/services/brainClient.ts:198:10)
    at refresh (http://localhost:1420/src/views/HomeFloatNotes.vue?t=1788089530969:51:30)
    at http://localhost:1420/src/views/HomeFloatNotes.vue?t=1788089530969:59:14
[ 1844119ms] TypeError: Cannot read properties of undefined (reading 'transformCallback')
    at transformCallback (http://localhost:1420/node_modules/.vite/deps/chunk-G7S6KQDI.js?v=318df923:22:37)
    at listen (http://localhost:1420/node_modules/.vite/deps/chunk-7FCLUC5I.js?v=318df923:39:14)
    at once (http://localhost:1420/node_modules/.vite/deps/chunk-7FCLUC5I.js?v=318df923:45:10)
    at http://localhost:1420/src/services/brainClient.ts:20:10
    at new Promise (<anonymous>)
    at onceWithTimeout (http://localhost:1420/src/services/brainClient.ts:19:16)
    at getWidgetsOnce (http://localhost:1420/src/services/brainClient.ts:198:10)
    at refresh (http://localhost:1420/src/views/HomeFloatNotes.vue?t=1788078159546:51:30)
    at http://localhost:1420/src/views/HomeFloatNotes.vue?t=1788078159546:59:14
[ 1848987ms] TypeError: Cannot read properties of undefined (reading 'transformCallback')
    at transformCallback (http://localhost:1420/node_modules/.vite/deps/chunk-G7S6KQDI.js?v=318df923:22:37)
    at listen (http://localhost:1420/node_modules/.vite/deps/chunk-7FCLUC5I.js?v=318df923:39:14)
    at once (http://localhost:1420/node_modules/.vite/deps/chunk-7FCLUC5I.js?v=318df923:45:10)
    at http://localhost:1420/src/services/brainClient.ts:20:10
    at new Promise (<anonymous>)
    at onceWithTimeout (http://localhost:1420/src/services/brainClient.ts:19:16)
    at getWidgetsOnce (http://localhost:1420/src/services/brainClient.ts:198:10)
    at refresh (http://localhost:1420/src/views/HomeFloatNotes.vue?t=1788089530969:51:30)
    at http://localhost:1420/src/views/HomeFloatNotes.vue?t=1788089530969:59:14
[ 1856111ms] TypeError: Cannot read properties of undefined (reading 'transformCallback')
    at transformCallback (http://localhost:1420/node_modules/.vite/deps/chunk-G7S6KQDI.js?v=318df923:22:37)
    at listen (http://localhost:1420/node_modules/.vite/deps/chunk-7FCLUC5I.js?v=318df923:39:14)
    at once (http://localhost:1420/node_modules/.vite/deps/chunk-7FCLUC5I.js?v=318df923:45:10)
    at http://localhost:1420/src/services/brainClient.ts:20:10
    at new Promise (<anonymous>)
    at onceWithTimeout (http://localhost:1420/src/services/brainClient.ts:19:16)
    at getWidgetsOnce (http://localhost:1420/src/services/brainClient.ts:198:10)
    at refresh (http://localhost:1420/src/views/HomeFloatNotes.vue?t=1788078159546:51:30)
    at http://localhost:1420/src/views/HomeFloatNotes.vue?t=1788078159546:59:14
[ 1860986ms] TypeError: Cannot read properties of undefined (reading 'transformCallback')
    at transformCallback (http://localhost:1420/node_modules/.vite/deps/chunk-G7S6KQDI.js?v=318df923:22:37)
    at listen (http://localhost:1420/node_modules/.vite/deps/chunk-7FCLUC5I.js?v=318df923:39:14)
    at once (http://localhost:1420/node_modules/.vite/deps/chunk-7FCLUC5I.js?v=318df923:45:10)
    at http://localhost:1420/src/services/brainClient.ts:20:10
    at new Promise (<anonymous>)
    at onceWithTimeout (http://localhost:1420/src/services/brainClient.ts:19:16)
    at getWidgetsOnce (http://localhost:1420/src/services/brainClient.ts:198:10)
    at refresh (http://localhost:1420/src/views/HomeFloatNotes.vue?t=1788089530969:51:30)
    at http://localhost:1420/src/views/HomeFloatNotes.vue?t=1788089530969:59:14
