[     371ms] [WARNING] [Vue warn]: Unhandled error during execution of mounted hook 
  at <CapabilityConversationRail surface=null active=false onClose=fn<hideSurface>  ... > 
  at <BaseTransition appear=false persisted=true mode=undefined  ... > 
  at <Transition name="scene-rail" persisted="" > 
  at <HomeWindow> @ http://localhost:1420/node_modules/.vite/deps/vue.js?v=318df923:2231
[     372ms] [WARNING] [Vue warn]: Unhandled error during execution of mounted hook 
  at <GeneralSection key=0 > 
  at <SettingsView key=0 > 
  at <BaseTransition appear=false persisted=true mode=undefined  ... > 
  at <Transition name="view-fade" persisted="" > 
  at <HomeWindow> @ http://localhost:1420/node_modules/.vite/deps/vue.js?v=318df923:2231
[     379ms] [VERBOSE] [DOM] Password field is not contained in a form: (More info: https://goo.gl/9p2vKq) %o @ http://localhost:1420/home.html:0
[     393ms] TypeError: Cannot read properties of undefined (reading 'transformCallback')
    at transformCallback (http://localhost:1420/node_modules/.vite/deps/chunk-G7S6KQDI.js?v=318df923:22:37)
    at listen (http://localhost:1420/node_modules/.vite/deps/chunk-7FCLUC5I.js?v=318df923:39:14)
    at onBrainEvent (http://localhost:1420/src/services/brainClient.ts:299:10)
    at http://localhost:1420/src/lib/home/home-panel-run.ts:12:12
    at new Promise (<anonymous>)
    at runPanelAction (http://localhost:1420/src/lib/home/home-panel-run.ts:6:18)
    at http://localhost:1420/src/views/plugins/CapabilityHome.vue:25:25
    at http://localhost:1420/node_modules/.vite/deps/vue.js?v=318df923:5342:40
    at callWithErrorHandling (http://localhost:1420/node_modules/.vite/deps/vue.js?v=318df923:2379:19)
    at callWithAsyncErrorHandling (http://localhost:1420/node_modules/.vite/deps/vue.js?v=318df923:2386:17)
[     394ms] TypeError: Cannot read properties of undefined (reading 'transformCallback')
    at transformCallback (http://localhost:1420/node_modules/.vite/deps/chunk-G7S6KQDI.js?v=318df923:22:37)
    at listen (http://localhost:1420/node_modules/.vite/deps/chunk-7FCLUC5I.js?v=318df923:39:14)
    at once (http://localhost:1420/node_modules/.vite/deps/chunk-7FCLUC5I.js?v=318df923:45:10)
    at http://localhost:1420/src/services/brainClient.ts:20:10
    at new Promise (<anonymous>)
    at onceWithTimeout (http://localhost:1420/src/services/brainClient.ts:19:16)
    at getSettingsOnce (http://localhost:1420/src/services/brainClient.ts:245:19)
    at http://localhost:1420/src/views/HomeDayTitle.vue?t=1788070913325:19:30
    at http://localhost:1420/node_modules/.vite/deps/vue.js?v=318df923:5342:40
    at callWithErrorHandling (http://localhost:1420/node_modules/.vite/deps/vue.js?v=318df923:2379:19)
[     394ms] TypeError: Cannot read properties of undefined (reading 'transformCallback')
    at transformCallback (http://localhost:1420/node_modules/.vite/deps/chunk-G7S6KQDI.js?v=318df923:22:37)
    at listen (http://localhost:1420/node_modules/.vite/deps/chunk-7FCLUC5I.js?v=318df923:39:14)
    at once (http://localhost:1420/node_modules/.vite/deps/chunk-7FCLUC5I.js?v=318df923:45:10)
    at http://localhost:1420/src/services/brainClient.ts:20:10
    at new Promise (<anonymous>)
    at onceWithTimeout (http://localhost:1420/src/services/brainClient.ts:19:16)
    at getWidgetsOnce (http://localhost:1420/src/services/brainClient.ts:198:10)
    at refresh (http://localhost:1420/src/views/HomeFloatNotes.vue:51:30)
    at http://localhost:1420/src/views/HomeFloatNotes.vue:57:13
    at http://localhost:1420/node_modules/.vite/deps/vue.js?v=318df923:5342:40
[     394ms] TypeError: Cannot read properties of undefined (reading 'transformCallback')
    at transformCallback (http://localhost:1420/node_modules/.vite/deps/chunk-G7S6KQDI.js?v=318df923:22:37)
    at listen (http://localhost:1420/node_modules/.vite/deps/chunk-7FCLUC5I.js?v=318df923:39:14)
    at once (http://localhost:1420/node_modules/.vite/deps/chunk-7FCLUC5I.js?v=318df923:45:10)
    at http://localhost:1420/src/services/brainClient.ts:20:10
    at new Promise (<anonymous>)
    at onceWithTimeout (http://localhost:1420/src/services/brainClient.ts:19:16)
    at getFeedOnce (http://localhost:1420/src/services/brainClient.ts:150:10)
    at http://localhost:1420/src/views/HomeTodayPanel.vue?t=1788070812924:17:28
    at http://localhost:1420/node_modules/.vite/deps/vue.js?v=318df923:5342:40
    at callWithErrorHandling (http://localhost:1420/node_modules/.vite/deps/vue.js?v=318df923:2379:19)
[     394ms] TypeError: Cannot read properties of undefined (reading 'transformCallback')
    at transformCallback (http://localhost:1420/node_modules/.vite/deps/chunk-G7S6KQDI.js?v=318df923:22:37)
    at listen (http://localhost:1420/node_modules/.vite/deps/chunk-7FCLUC5I.js?v=318df923:39:14)
    at once (http://localhost:1420/node_modules/.vite/deps/chunk-7FCLUC5I.js?v=318df923:45:10)
    at http://localhost:1420/src/services/brainClient.ts:20:10
    at new Promise (<anonymous>)
    at onceWithTimeout (http://localhost:1420/src/services/brainClient.ts:19:16)
    at getFeedOnce (http://localhost:1420/src/services/brainClient.ts:150:10)
    at http://localhost:1420/src/views/HomeGlance.vue?t=1788077365760:66:28
    at http://localhost:1420/node_modules/.vite/deps/vue.js?v=318df923:5342:40
    at callWithErrorHandling (http://localhost:1420/node_modules/.vite/deps/vue.js?v=318df923:2379:19)
[     394ms] TypeError: Cannot read properties of undefined (reading 'transformCallback')
    at transformCallback (http://localhost:1420/node_modules/.vite/deps/chunk-G7S6KQDI.js?v=318df923:22:37)
    at listen (http://localhost:1420/node_modules/.vite/deps/chunk-7FCLUC5I.js?v=318df923:39:14)
    at once (http://localhost:1420/node_modules/.vite/deps/chunk-7FCLUC5I.js?v=318df923:45:10)
    at http://localhost:1420/src/services/brainClient.ts:20:10
    at new Promise (<anonymous>)
    at onceWithTimeout (http://localhost:1420/src/services/brainClient.ts:19:16)
    at getWidgetsOnce (http://localhost:1420/src/services/brainClient.ts:198:10)
    at http://localhost:1420/src/views/HomeBench.vue?t=1788077365760:40:9
    at http://localhost:1420/node_modules/.vite/deps/vue.js?v=318df923:5342:40
    at callWithErrorHandling (http://localhost:1420/node_modules/.vite/deps/vue.js?v=318df923:2379:19)
[     394ms] TypeError: Cannot read properties of undefined (reading 'transformCallback')
    at transformCallback (http://localhost:1420/node_modules/.vite/deps/chunk-G7S6KQDI.js?v=318df923:22:37)
    at listen (http://localhost:1420/node_modules/.vite/deps/chunk-7FCLUC5I.js?v=318df923:39:14)
    at once (http://localhost:1420/node_modules/.vite/deps/chunk-7FCLUC5I.js?v=318df923:45:10)
    at http://localhost:1420/src/services/brainClient.ts:20:10
    at new Promise (<anonymous>)
    at onceWithTimeout (http://localhost:1420/src/services/brainClient.ts:19:16)
    at getFeedOnce (http://localhost:1420/src/services/brainClient.ts:150:10)
    at http://localhost:1420/src/views/HomeBench.vue?t=1788077365760:41:9
    at http://localhost:1420/node_modules/.vite/deps/vue.js?v=318df923:5342:40
    at callWithErrorHandling (http://localhost:1420/node_modules/.vite/deps/vue.js?v=318df923:2379:19)
[     394ms] TypeError: Cannot read properties of undefined (reading 'transformCallback')
    at transformCallback (http://localhost:1420/node_modules/.vite/deps/chunk-G7S6KQDI.js?v=318df923:22:37)
    at listen (http://localhost:1420/node_modules/.vite/deps/chunk-7FCLUC5I.js?v=318df923:39:14)
    at once (http://localhost:1420/node_modules/.vite/deps/chunk-7FCLUC5I.js?v=318df923:45:10)
    at http://localhost:1420/src/services/brainClient.ts:20:10
    at new Promise (<anonymous>)
    at onceWithTimeout (http://localhost:1420/src/services/brainClient.ts:19:16)
    at getWidgetsOnce (http://localhost:1420/src/services/brainClient.ts:198:10)
    at http://localhost:1420/src/views/HomeJot.vue?t=1788077365760:21:28
    at http://localhost:1420/node_modules/.vite/deps/vue.js?v=318df923:5342:40
    at callWithErrorHandling (http://localhost:1420/node_modules/.vite/deps/vue.js?v=318df923:2379:19)
[     394ms] TypeError: Cannot read properties of undefined (reading 'transformCallback')
    at transformCallback (http://localhost:1420/node_modules/.vite/deps/chunk-G7S6KQDI.js?v=318df923:22:37)
    at listen (http://localhost:1420/node_modules/.vite/deps/chunk-7FCLUC5I.js?v=318df923:39:14)
    at once (http://localhost:1420/node_modules/.vite/deps/chunk-7FCLUC5I.js?v=318df923:45:10)
    at http://localhost:1420/src/services/brainClient.ts:20:10
    at new Promise (<anonymous>)
    at onceWithTimeout (http://localhost:1420/src/services/brainClient.ts:19:16)
    at getFeedOnce (http://localhost:1420/src/services/brainClient.ts:150:10)
    at http://localhost:1420/src/views/chat/HorizonBar.vue?t=1788076324598:26:28
    at http://localhost:1420/node_modules/.vite/deps/vue.js?v=318df923:5342:40
    at callWithErrorHandling (http://localhost:1420/node_modules/.vite/deps/vue.js?v=318df923:2379:19)
[     405ms] TypeError: Cannot read properties of undefined (reading 'transformCallback')
    at transformCallback (http://localhost:1420/node_modules/.vite/deps/chunk-G7S6KQDI.js?v=318df923:22:37)
    at listen (http://localhost:1420/node_modules/.vite/deps/chunk-7FCLUC5I.js?v=318df923:39:14)
    at onBrainEvent (http://localhost:1420/src/services/brainClient.ts:299:10)
    at http://localhost:1420/src/views/CapabilityConversationRail.vue:178:24
[     405ms] TypeError: Cannot read properties of undefined (reading 'transformCallback')
    at transformCallback (http://localhost:1420/node_modules/.vite/deps/chunk-G7S6KQDI.js?v=318df923:22:37)
    at listen (http://localhost:1420/node_modules/.vite/deps/chunk-7FCLUC5I.js?v=318df923:39:14)
    at once (http://localhost:1420/node_modules/.vite/deps/chunk-7FCLUC5I.js?v=318df923:45:10)
    at http://localhost:1420/src/services/brainClient.ts:20:10
    at new Promise (<anonymous>)
    at onceWithTimeout (http://localhost:1420/src/services/brainClient.ts:19:16)
    at getPerceptionOnce (http://localhost:1420/src/services/brainClient.ts:274:10)
    at loadPerception (http://localhost:1420/src/views/settings/DataView.vue:34:23)
    at http://localhost:1420/src/views/settings/DataView.vue:182:12
    at http://localhost:1420/node_modules/.vite/deps/vue.js?v=318df923:5342:40
[     405ms] TypeError: Cannot read properties of undefined (reading 'transformCallback')
    at transformCallback (http://localhost:1420/node_modules/.vite/deps/chunk-G7S6KQDI.js?v=318df923:22:37)
    at listen (http://localhost:1420/node_modules/.vite/deps/chunk-7FCLUC5I.js?v=318df923:39:14)
    at once (http://localhost:1420/node_modules/.vite/deps/chunk-7FCLUC5I.js?v=318df923:45:10)
    at http://localhost:1420/src/services/brainClient.ts:20:10
    at new Promise (<anonymous>)
    at onceWithTimeout (http://localhost:1420/src/services/brainClient.ts:19:16)
    at getMemListOnce (http://localhost:1420/src/services/brainClient.ts:216:10)
    at loadMem (http://localhost:1420/src/views/settings/DataView.vue:116:23)
    at http://localhost:1420/src/views/settings/DataView.vue:183:12
    at http://localhost:1420/node_modules/.vite/deps/vue.js?v=318df923:5342:40
[     405ms] TypeError: Cannot read properties of undefined (reading 'transformCallback')
    at transformCallback (http://localhost:1420/node_modules/.vite/deps/chunk-G7S6KQDI.js?v=318df923:22:37)
    at listen (http://localhost:1420/node_modules/.vite/deps/chunk-7FCLUC5I.js?v=318df923:39:14)
    at once (http://localhost:1420/node_modules/.vite/deps/chunk-7FCLUC5I.js?v=318df923:45:10)
    at http://localhost:1420/src/services/brainClient.ts:20:10
    at new Promise (<anonymous>)
    at onceWithTimeout (http://localhost:1420/src/services/brainClient.ts:19:16)
    at getSettingsOnce (http://localhost:1420/src/services/brainClient.ts:245:19)
    at http://localhost:1420/src/views/settings/DataView.vue:184:12
    at http://localhost:1420/node_modules/.vite/deps/vue.js?v=318df923:5342:40
    at callWithErrorHandling (http://localhost:1420/node_modules/.vite/deps/vue.js?v=318df923:2379:19)
[     405ms] TypeError: Cannot read properties of undefined (reading 'transformCallback')
    at transformCallback (http://localhost:1420/node_modules/.vite/deps/chunk-G7S6KQDI.js?v=318df923:22:37)
    at listen (http://localhost:1420/node_modules/.vite/deps/chunk-7FCLUC5I.js?v=318df923:39:14)
    at onBrainStatus (http://localhost:1420/src/services/brainClient.ts:305:10)
    at http://localhost:1420/src/views/settings/GeneralSection.vue?t=1788077365760:273:30
[     405ms] TypeError: Cannot read properties of undefined (reading 'transformCallback')
    at transformCallback (http://localhost:1420/node_modules/.vite/deps/chunk-G7S6KQDI.js?v=318df923:22:37)
    at listen (http://localhost:1420/node_modules/.vite/deps/chunk-7FCLUC5I.js?v=318df923:39:14)
    at once (http://localhost:1420/node_modules/.vite/deps/chunk-7FCLUC5I.js?v=318df923:45:10)
    at http://localhost:1420/src/services/brainClient.ts:20:10
    at new Promise (<anonymous>)
    at onceWithTimeout (http://localhost:1420/src/services/brainClient.ts:19:16)
    at getSettingsOnce (http://localhost:1420/src/services/brainClient.ts:245:19)
    at http://localhost:1420/src/views/settings/GeneralSection.vue?t=1788077365760:262:12
[     406ms] TypeError: Cannot read properties of undefined (reading 'transformCallback')
    at transformCallback (http://localhost:1420/node_modules/.vite/deps/chunk-G7S6KQDI.js?v=318df923:22:37)
    at listen (http://localhost:1420/node_modules/.vite/deps/chunk-7FCLUC5I.js?v=318df923:39:14)
    at once (http://localhost:1420/node_modules/.vite/deps/chunk-7FCLUC5I.js?v=318df923:45:10)
    at http://localhost:1420/src/services/brainClient.ts:20:10
    at new Promise (<anonymous>)
    at onceWithTimeout (http://localhost:1420/src/services/brainClient.ts:19:16)
    at getHttpPairInfoOnce (http://localhost:1420/src/services/brainClient.ts:266:10)
    at refreshPair (http://localhost:1420/src/views/settings/GeneralSection.vue?t=1788077365760:149:29)
    at http://localhost:1420/src/views/settings/GeneralSection.vue?t=1788077365760:272:12
[     397ms] [WARNING] [Vue warn]: Unhandled error during execution of mounted hook 
  at <HomeChat key=0 draft=undefined workstation=null  ... > 
  at <BaseTransition appear=false persisted=true mode=undefined  ... > 
  at <Transition name="view-fade" persisted="" > 
  at <HomeWindow> @ http://localhost:1420/node_modules/.vite/deps/vue.js?v=318df923:2231
[     421ms] TypeError: Cannot read properties of undefined (reading 'transformCallback')
    at transformCallback (http://localhost:1420/node_modules/.vite/deps/chunk-G7S6KQDI.js?v=318df923:22:37)
    at listen (http://localhost:1420/node_modules/.vite/deps/chunk-7FCLUC5I.js?v=318df923:39:14)
    at onBrainEvent (http://localhost:1420/src/services/brainClient.ts:299:10)
    at http://localhost:1420/src/views/chat/HomeChat.vue?t=1788077407382:623:24
[    3369ms] [WARNING] [Vue warn]: Unhandled error during execution of mounted hook 
  at <HomeTodayPanel state="idle" only="today" onChat=fn<onInfoChat> > 
  at <HomeFrame thinking=false state="idle" peek=false  ... > 
  at <HomeChat key=0 draft=undefined workstation=null  ... > 
  at <BaseTransition appear=false persisted=true mode=undefined  ... > 
  at <Transition name="view-fade" persisted="" > 
  at <HomeWindow> @ http://localhost:1420/node_modules/.vite/deps/vue.js?v=318df923:2231
[    3372ms] TypeError: Cannot read properties of undefined (reading 'transformCallback')
    at transformCallback (http://localhost:1420/node_modules/.vite/deps/chunk-G7S6KQDI.js?v=318df923:22:37)
    at listen (http://localhost:1420/node_modules/.vite/deps/chunk-7FCLUC5I.js?v=318df923:39:14)
    at onFeed (http://localhost:1420/src/services/brainClient.ts:147:10)
    at http://localhost:1420/src/views/HomeTodayPanel.vue?t=1788070812924:21:22
[    3370ms] [WARNING] [Vue warn]: Unhandled error during execution of mounted hook 
  at <HorizonBar state="idle" proc=null shelf=false  ... > 
  at <HomeChat key=0 draft=undefined workstation=null  ... > 
  at <BaseTransition appear=false persisted=true mode=undefined  ... > 
  at <Transition name="view-fade" persisted="" > 
  at <HomeWindow> @ http://localhost:1420/node_modules/.vite/deps/vue.js?v=318df923:2231
[    3372ms] TypeError: Cannot read properties of undefined (reading 'transformCallback')
    at transformCallback (http://localhost:1420/node_modules/.vite/deps/chunk-G7S6KQDI.js?v=318df923:22:37)
    at listen (http://localhost:1420/node_modules/.vite/deps/chunk-7FCLUC5I.js?v=318df923:39:14)
    at once (http://localhost:1420/node_modules/.vite/deps/chunk-7FCLUC5I.js?v=318df923:45:10)
    at http://localhost:1420/src/services/brainClient.ts:20:10
    at new Promise (<anonymous>)
    at onceWithTimeout (http://localhost:1420/src/services/brainClient.ts:19:16)
    at getWidgetsOnce (http://localhost:1420/src/services/brainClient.ts:198:10)
    at http://localhost:1420/src/views/HomeGlance.vue?t=1788077365760:79:30
[    3372ms] TypeError: Cannot read properties of undefined (reading 'transformCallback')
    at transformCallback (http://localhost:1420/node_modules/.vite/deps/chunk-G7S6KQDI.js?v=318df923:22:37)
    at listen (http://localhost:1420/node_modules/.vite/deps/chunk-7FCLUC5I.js?v=318df923:39:14)
    at onBrainEvent (http://localhost:1420/src/services/brainClient.ts:299:10)
    at http://localhost:1420/src/lib/home/home-panel-run.ts:12:12
    at new Promise (<anonymous>)
    at runPanelAction (http://localhost:1420/src/lib/home/home-panel-run.ts:6:18)
    at refreshCoding (http://localhost:1420/src/views/HomeBench.vue?t=1788077365760:30:28)
    at http://localhost:1420/src/views/HomeBench.vue?t=1788077365760:45:13
[    3372ms] TypeError: Cannot read properties of undefined (reading 'transformCallback')
    at transformCallback (http://localhost:1420/node_modules/.vite/deps/chunk-G7S6KQDI.js?v=318df923:22:37)
    at listen (http://localhost:1420/node_modules/.vite/deps/chunk-7FCLUC5I.js?v=318df923:39:14)
    at onFeed (http://localhost:1420/src/services/brainClient.ts:147:10)
    at http://localhost:1420/src/views/chat/HorizonBar.vue?t=1788076324598:31:22
[   15370ms] TypeError: Cannot read properties of undefined (reading 'transformCallback')
    at transformCallback (http://localhost:1420/node_modules/.vite/deps/chunk-G7S6KQDI.js?v=318df923:22:37)
    at listen (http://localhost:1420/node_modules/.vite/deps/chunk-7FCLUC5I.js?v=318df923:39:14)
    at once (http://localhost:1420/node_modules/.vite/deps/chunk-7FCLUC5I.js?v=318df923:45:10)
    at http://localhost:1420/src/services/brainClient.ts:20:10
    at new Promise (<anonymous>)
    at onceWithTimeout (http://localhost:1420/src/services/brainClient.ts:19:16)
    at getWidgetsOnce (http://localhost:1420/src/services/brainClient.ts:198:10)
    at refresh (http://localhost:1420/src/views/HomeFloatNotes.vue:51:30)
    at http://localhost:1420/src/views/HomeFloatNotes.vue:59:14
[   27310ms] TypeError: Cannot read properties of undefined (reading 'transformCallback')
    at transformCallback (http://localhost:1420/node_modules/.vite/deps/chunk-G7S6KQDI.js?v=318df923:22:37)
    at listen (http://localhost:1420/node_modules/.vite/deps/chunk-7FCLUC5I.js?v=318df923:39:14)
    at once (http://localhost:1420/node_modules/.vite/deps/chunk-7FCLUC5I.js?v=318df923:45:10)
    at http://localhost:1420/src/services/brainClient.ts:20:10
    at new Promise (<anonymous>)
    at onceWithTimeout (http://localhost:1420/src/services/brainClient.ts:19:16)
    at getFeedOnce (http://localhost:1420/src/services/brainClient.ts:150:10)
    at http://localhost:1420/src/views/HomeTodayPanel.vue?t=1788070812924:17:28
    at http://localhost:1420/node_modules/.vite/deps/vue.js?v=318df923:5342:40
    at callWithErrorHandling (http://localhost:1420/node_modules/.vite/deps/vue.js?v=318df923:2379:19)
[   27378ms] TypeError: Cannot read properties of undefined (reading 'transformCallback')
    at transformCallback (http://localhost:1420/node_modules/.vite/deps/chunk-G7S6KQDI.js?v=318df923:22:37)
    at listen (http://localhost:1420/node_modules/.vite/deps/chunk-7FCLUC5I.js?v=318df923:39:14)
    at once (http://localhost:1420/node_modules/.vite/deps/chunk-7FCLUC5I.js?v=318df923:45:10)
    at http://localhost:1420/src/services/brainClient.ts:20:10
    at new Promise (<anonymous>)
    at onceWithTimeout (http://localhost:1420/src/services/brainClient.ts:19:16)
    at getWidgetsOnce (http://localhost:1420/src/services/brainClient.ts:198:10)
    at refresh (http://localhost:1420/src/views/HomeFloatNotes.vue:51:30)
    at http://localhost:1420/src/views/HomeFloatNotes.vue:59:14
[   27378ms] TypeError: Cannot read properties of undefined (reading 'transformCallback')
    at transformCallback (http://localhost:1420/node_modules/.vite/deps/chunk-G7S6KQDI.js?v=318df923:22:37)
    at listen (http://localhost:1420/node_modules/.vite/deps/chunk-7FCLUC5I.js?v=318df923:39:14)
    at onBrainEvent (http://localhost:1420/src/services/brainClient.ts:299:10)
    at http://localhost:1420/src/lib/home/home-panel-run.ts:12:12
    at new Promise (<anonymous>)
    at runPanelAction (http://localhost:1420/src/lib/home/home-panel-run.ts:6:18)
    at refreshCoding (http://localhost:1420/src/views/HomeBench.vue?t=1788077365760:30:28)
    at http://localhost:1420/src/views/HomeBench.vue?t=1788077365760:47:14
[   30311ms] [WARNING] [Vue warn]: Unhandled error during execution of mounted hook 
  at <HomeTodayPanel state="idle" only="today" onChat=fn<onInfoChat> > 
  at <HomeFrame thinking=false state="idle" peek=false  ... > 
  at <HomeChat key=0 draft=undefined workstation=null  ... > 
  at <BaseTransition appear=false persisted=true mode=undefined  ... > 
  at <Transition name="view-fade" persisted="" > 
  at <HomeWindow> @ http://localhost:1420/node_modules/.vite/deps/vue.js?v=318df923:2231
[   30312ms] TypeError: Cannot read properties of undefined (reading 'transformCallback')
    at transformCallback (http://localhost:1420/node_modules/.vite/deps/chunk-G7S6KQDI.js?v=318df923:22:37)
    at listen (http://localhost:1420/node_modules/.vite/deps/chunk-7FCLUC5I.js?v=318df923:39:14)
    at onFeed (http://localhost:1420/src/services/brainClient.ts:147:10)
    at http://localhost:1420/src/views/HomeTodayPanel.vue?t=1788070812924:21:22
[   39371ms] TypeError: Cannot read properties of undefined (reading 'transformCallback')
    at transformCallback (http://localhost:1420/node_modules/.vite/deps/chunk-G7S6KQDI.js?v=318df923:22:37)
    at listen (http://localhost:1420/node_modules/.vite/deps/chunk-7FCLUC5I.js?v=318df923:39:14)
    at once (http://localhost:1420/node_modules/.vite/deps/chunk-7FCLUC5I.js?v=318df923:45:10)
    at http://localhost:1420/src/services/brainClient.ts:20:10
    at new Promise (<anonymous>)
    at onceWithTimeout (http://localhost:1420/src/services/brainClient.ts:19:16)
    at getWidgetsOnce (http://localhost:1420/src/services/brainClient.ts:198:10)
    at refresh (http://localhost:1420/src/views/HomeFloatNotes.vue:51:30)
    at http://localhost:1420/src/views/HomeFloatNotes.vue:59:14
[   39371ms] TypeError: Cannot read properties of undefined (reading 'transformCallback')
    at transformCallback (http://localhost:1420/node_modules/.vite/deps/chunk-G7S6KQDI.js?v=318df923:22:37)
    at listen (http://localhost:1420/node_modules/.vite/deps/chunk-7FCLUC5I.js?v=318df923:39:14)
    at onBrainEvent (http://localhost:1420/src/services/brainClient.ts:299:10)
    at http://localhost:1420/src/lib/home/home-panel-run.ts:12:12
    at new Promise (<anonymous>)
    at runPanelAction (http://localhost:1420/src/lib/home/home-panel-run.ts:6:18)
    at refreshCoding (http://localhost:1420/src/views/HomeBench.vue?t=1788077365760:30:28)
    at http://localhost:1420/src/views/HomeBench.vue?t=1788077365760:47:14
[   51371ms] TypeError: Cannot read properties of undefined (reading 'transformCallback')
    at transformCallback (http://localhost:1420/node_modules/.vite/deps/chunk-G7S6KQDI.js?v=318df923:22:37)
    at listen (http://localhost:1420/node_modules/.vite/deps/chunk-7FCLUC5I.js?v=318df923:39:14)
    at once (http://localhost:1420/node_modules/.vite/deps/chunk-7FCLUC5I.js?v=318df923:45:10)
    at http://localhost:1420/src/services/brainClient.ts:20:10
    at new Promise (<anonymous>)
    at onceWithTimeout (http://localhost:1420/src/services/brainClient.ts:19:16)
    at getWidgetsOnce (http://localhost:1420/src/services/brainClient.ts:198:10)
    at refresh (http://localhost:1420/src/views/HomeFloatNotes.vue:51:30)
    at http://localhost:1420/src/views/HomeFloatNotes.vue:59:14
[   51371ms] TypeError: Cannot read properties of undefined (reading 'transformCallback')
    at transformCallback (http://localhost:1420/node_modules/.vite/deps/chunk-G7S6KQDI.js?v=318df923:22:37)
    at listen (http://localhost:1420/node_modules/.vite/deps/chunk-7FCLUC5I.js?v=318df923:39:14)
    at onBrainEvent (http://localhost:1420/src/services/brainClient.ts:299:10)
    at http://localhost:1420/src/lib/home/home-panel-run.ts:12:12
    at new Promise (<anonymous>)
    at runPanelAction (http://localhost:1420/src/lib/home/home-panel-run.ts:6:18)
    at refreshCoding (http://localhost:1420/src/views/HomeBench.vue?t=1788077365760:30:28)
    at http://localhost:1420/src/views/HomeBench.vue?t=1788077365760:47:14
[   63371ms] TypeError: Cannot read properties of undefined (reading 'transformCallback')
    at transformCallback (http://localhost:1420/node_modules/.vite/deps/chunk-G7S6KQDI.js?v=318df923:22:37)
    at listen (http://localhost:1420/node_modules/.vite/deps/chunk-7FCLUC5I.js?v=318df923:39:14)
    at once (http://localhost:1420/node_modules/.vite/deps/chunk-7FCLUC5I.js?v=318df923:45:10)
    at http://localhost:1420/src/services/brainClient.ts:20:10
    at new Promise (<anonymous>)
    at onceWithTimeout (http://localhost:1420/src/services/brainClient.ts:19:16)
    at getWidgetsOnce (http://localhost:1420/src/services/brainClient.ts:198:10)
    at refresh (http://localhost:1420/src/views/HomeFloatNotes.vue:51:30)
    at http://localhost:1420/src/views/HomeFloatNotes.vue:59:14
[   63371ms] TypeError: Cannot read properties of undefined (reading 'transformCallback')
    at transformCallback (http://localhost:1420/node_modules/.vite/deps/chunk-G7S6KQDI.js?v=318df923:22:37)
    at listen (http://localhost:1420/node_modules/.vite/deps/chunk-7FCLUC5I.js?v=318df923:39:14)
    at onBrainEvent (http://localhost:1420/src/services/brainClient.ts:299:10)
    at http://localhost:1420/src/lib/home/home-panel-run.ts:12:12
    at new Promise (<anonymous>)
    at runPanelAction (http://localhost:1420/src/lib/home/home-panel-run.ts:6:18)
    at refreshCoding (http://localhost:1420/src/views/HomeBench.vue?t=1788077365760:30:28)
    at http://localhost:1420/src/views/HomeBench.vue?t=1788077365760:47:14
[   75371ms] TypeError: Cannot read properties of undefined (reading 'transformCallback')
    at transformCallback (http://localhost:1420/node_modules/.vite/deps/chunk-G7S6KQDI.js?v=318df923:22:37)
    at listen (http://localhost:1420/node_modules/.vite/deps/chunk-7FCLUC5I.js?v=318df923:39:14)
    at once (http://localhost:1420/node_modules/.vite/deps/chunk-7FCLUC5I.js?v=318df923:45:10)
    at http://localhost:1420/src/services/brainClient.ts:20:10
    at new Promise (<anonymous>)
    at onceWithTimeout (http://localhost:1420/src/services/brainClient.ts:19:16)
    at getWidgetsOnce (http://localhost:1420/src/services/brainClient.ts:198:10)
    at refresh (http://localhost:1420/src/views/HomeFloatNotes.vue:51:30)
    at http://localhost:1420/src/views/HomeFloatNotes.vue:59:14
[   75371ms] TypeError: Cannot read properties of undefined (reading 'transformCallback')
    at transformCallback (http://localhost:1420/node_modules/.vite/deps/chunk-G7S6KQDI.js?v=318df923:22:37)
    at listen (http://localhost:1420/node_modules/.vite/deps/chunk-7FCLUC5I.js?v=318df923:39:14)
    at onBrainEvent (http://localhost:1420/src/services/brainClient.ts:299:10)
    at http://localhost:1420/src/lib/home/home-panel-run.ts:12:12
    at new Promise (<anonymous>)
    at runPanelAction (http://localhost:1420/src/lib/home/home-panel-run.ts:6:18)
    at refreshCoding (http://localhost:1420/src/views/HomeBench.vue?t=1788077365760:30:28)
    at http://localhost:1420/src/views/HomeBench.vue?t=1788077365760:47:14
[   87372ms] TypeError: Cannot read properties of undefined (reading 'transformCallback')
    at transformCallback (http://localhost:1420/node_modules/.vite/deps/chunk-G7S6KQDI.js?v=318df923:22:37)
    at listen (http://localhost:1420/node_modules/.vite/deps/chunk-7FCLUC5I.js?v=318df923:39:14)
    at once (http://localhost:1420/node_modules/.vite/deps/chunk-7FCLUC5I.js?v=318df923:45:10)
    at http://localhost:1420/src/services/brainClient.ts:20:10
    at new Promise (<anonymous>)
    at onceWithTimeout (http://localhost:1420/src/services/brainClient.ts:19:16)
    at getWidgetsOnce (http://localhost:1420/src/services/brainClient.ts:198:10)
    at refresh (http://localhost:1420/src/views/HomeFloatNotes.vue:51:30)
    at http://localhost:1420/src/views/HomeFloatNotes.vue:59:14
[   87372ms] TypeError: Cannot read properties of undefined (reading 'transformCallback')
    at transformCallback (http://localhost:1420/node_modules/.vite/deps/chunk-G7S6KQDI.js?v=318df923:22:37)
    at listen (http://localhost:1420/node_modules/.vite/deps/chunk-7FCLUC5I.js?v=318df923:39:14)
    at onBrainEvent (http://localhost:1420/src/services/brainClient.ts:299:10)
    at http://localhost:1420/src/lib/home/home-panel-run.ts:12:12
    at new Promise (<anonymous>)
    at runPanelAction (http://localhost:1420/src/lib/home/home-panel-run.ts:6:18)
    at refreshCoding (http://localhost:1420/src/views/HomeBench.vue?t=1788077365760:30:28)
    at http://localhost:1420/src/views/HomeBench.vue?t=1788077365760:47:14
[   99372ms] TypeError: Cannot read properties of undefined (reading 'transformCallback')
    at transformCallback (http://localhost:1420/node_modules/.vite/deps/chunk-G7S6KQDI.js?v=318df923:22:37)
    at listen (http://localhost:1420/node_modules/.vite/deps/chunk-7FCLUC5I.js?v=318df923:39:14)
    at once (http://localhost:1420/node_modules/.vite/deps/chunk-7FCLUC5I.js?v=318df923:45:10)
    at http://localhost:1420/src/services/brainClient.ts:20:10
    at new Promise (<anonymous>)
    at onceWithTimeout (http://localhost:1420/src/services/brainClient.ts:19:16)
    at getWidgetsOnce (http://localhost:1420/src/services/brainClient.ts:198:10)
    at refresh (http://localhost:1420/src/views/HomeFloatNotes.vue:51:30)
    at http://localhost:1420/src/views/HomeFloatNotes.vue:59:14
[   99372ms] TypeError: Cannot read properties of undefined (reading 'transformCallback')
    at transformCallback (http://localhost:1420/node_modules/.vite/deps/chunk-G7S6KQDI.js?v=318df923:22:37)
    at listen (http://localhost:1420/node_modules/.vite/deps/chunk-7FCLUC5I.js?v=318df923:39:14)
    at onBrainEvent (http://localhost:1420/src/services/brainClient.ts:299:10)
    at http://localhost:1420/src/lib/home/home-panel-run.ts:12:12
    at new Promise (<anonymous>)
    at runPanelAction (http://localhost:1420/src/lib/home/home-panel-run.ts:6:18)
    at refreshCoding (http://localhost:1420/src/views/HomeBench.vue?t=1788077365760:30:28)
    at http://localhost:1420/src/views/HomeBench.vue?t=1788077365760:47:14
[  111372ms] TypeError: Cannot read properties of undefined (reading 'transformCallback')
    at transformCallback (http://localhost:1420/node_modules/.vite/deps/chunk-G7S6KQDI.js?v=318df923:22:37)
    at listen (http://localhost:1420/node_modules/.vite/deps/chunk-7FCLUC5I.js?v=318df923:39:14)
    at once (http://localhost:1420/node_modules/.vite/deps/chunk-7FCLUC5I.js?v=318df923:45:10)
    at http://localhost:1420/src/services/brainClient.ts:20:10
    at new Promise (<anonymous>)
    at onceWithTimeout (http://localhost:1420/src/services/brainClient.ts:19:16)
    at getWidgetsOnce (http://localhost:1420/src/services/brainClient.ts:198:10)
    at refresh (http://localhost:1420/src/views/HomeFloatNotes.vue:51:30)
    at http://localhost:1420/src/views/HomeFloatNotes.vue:59:14
[  111373ms] TypeError: Cannot read properties of undefined (reading 'transformCallback')
    at transformCallback (http://localhost:1420/node_modules/.vite/deps/chunk-G7S6KQDI.js?v=318df923:22:37)
    at listen (http://localhost:1420/node_modules/.vite/deps/chunk-7FCLUC5I.js?v=318df923:39:14)
    at onBrainEvent (http://localhost:1420/src/services/brainClient.ts:299:10)
    at http://localhost:1420/src/lib/home/home-panel-run.ts:12:12
    at new Promise (<anonymous>)
    at runPanelAction (http://localhost:1420/src/lib/home/home-panel-run.ts:6:18)
    at refreshCoding (http://localhost:1420/src/views/HomeBench.vue?t=1788077365760:30:28)
    at http://localhost:1420/src/views/HomeBench.vue?t=1788077365760:47:14
[  123372ms] TypeError: Cannot read properties of undefined (reading 'transformCallback')
    at transformCallback (http://localhost:1420/node_modules/.vite/deps/chunk-G7S6KQDI.js?v=318df923:22:37)
    at listen (http://localhost:1420/node_modules/.vite/deps/chunk-7FCLUC5I.js?v=318df923:39:14)
    at once (http://localhost:1420/node_modules/.vite/deps/chunk-7FCLUC5I.js?v=318df923:45:10)
    at http://localhost:1420/src/services/brainClient.ts:20:10
    at new Promise (<anonymous>)
    at onceWithTimeout (http://localhost:1420/src/services/brainClient.ts:19:16)
    at getWidgetsOnce (http://localhost:1420/src/services/brainClient.ts:198:10)
    at refresh (http://localhost:1420/src/views/HomeFloatNotes.vue:51:30)
    at http://localhost:1420/src/views/HomeFloatNotes.vue:59:14
[  123373ms] TypeError: Cannot read properties of undefined (reading 'transformCallback')
    at transformCallback (http://localhost:1420/node_modules/.vite/deps/chunk-G7S6KQDI.js?v=318df923:22:37)
    at listen (http://localhost:1420/node_modules/.vite/deps/chunk-7FCLUC5I.js?v=318df923:39:14)
    at onBrainEvent (http://localhost:1420/src/services/brainClient.ts:299:10)
    at http://localhost:1420/src/lib/home/home-panel-run.ts:12:12
    at new Promise (<anonymous>)
    at runPanelAction (http://localhost:1420/src/lib/home/home-panel-run.ts:6:18)
    at refreshCoding (http://localhost:1420/src/views/HomeBench.vue?t=1788077365760:30:28)
    at http://localhost:1420/src/views/HomeBench.vue?t=1788077365760:47:14
[  135372ms] TypeError: Cannot read properties of undefined (reading 'transformCallback')
    at transformCallback (http://localhost:1420/node_modules/.vite/deps/chunk-G7S6KQDI.js?v=318df923:22:37)
    at listen (http://localhost:1420/node_modules/.vite/deps/chunk-7FCLUC5I.js?v=318df923:39:14)
    at once (http://localhost:1420/node_modules/.vite/deps/chunk-7FCLUC5I.js?v=318df923:45:10)
    at http://localhost:1420/src/services/brainClient.ts:20:10
    at new Promise (<anonymous>)
    at onceWithTimeout (http://localhost:1420/src/services/brainClient.ts:19:16)
    at getWidgetsOnce (http://localhost:1420/src/services/brainClient.ts:198:10)
    at refresh (http://localhost:1420/src/views/HomeFloatNotes.vue:51:30)
    at http://localhost:1420/src/views/HomeFloatNotes.vue:59:14
[  135372ms] TypeError: Cannot read properties of undefined (reading 'transformCallback')
    at transformCallback (http://localhost:1420/node_modules/.vite/deps/chunk-G7S6KQDI.js?v=318df923:22:37)
    at listen (http://localhost:1420/node_modules/.vite/deps/chunk-7FCLUC5I.js?v=318df923:39:14)
    at onBrainEvent (http://localhost:1420/src/services/brainClient.ts:299:10)
    at http://localhost:1420/src/lib/home/home-panel-run.ts:12:12
    at new Promise (<anonymous>)
    at runPanelAction (http://localhost:1420/src/lib/home/home-panel-run.ts:6:18)
    at refreshCoding (http://localhost:1420/src/views/HomeBench.vue?t=1788077365760:30:28)
    at http://localhost:1420/src/views/HomeBench.vue?t=1788077365760:47:14
[  147373ms] TypeError: Cannot read properties of undefined (reading 'transformCallback')
    at transformCallback (http://localhost:1420/node_modules/.vite/deps/chunk-G7S6KQDI.js?v=318df923:22:37)
    at listen (http://localhost:1420/node_modules/.vite/deps/chunk-7FCLUC5I.js?v=318df923:39:14)
    at once (http://localhost:1420/node_modules/.vite/deps/chunk-7FCLUC5I.js?v=318df923:45:10)
    at http://localhost:1420/src/services/brainClient.ts:20:10
    at new Promise (<anonymous>)
    at onceWithTimeout (http://localhost:1420/src/services/brainClient.ts:19:16)
    at getWidgetsOnce (http://localhost:1420/src/services/brainClient.ts:198:10)
    at refresh (http://localhost:1420/src/views/HomeFloatNotes.vue:51:30)
    at http://localhost:1420/src/views/HomeFloatNotes.vue:59:14
[  147373ms] TypeError: Cannot read properties of undefined (reading 'transformCallback')
    at transformCallback (http://localhost:1420/node_modules/.vite/deps/chunk-G7S6KQDI.js?v=318df923:22:37)
    at listen (http://localhost:1420/node_modules/.vite/deps/chunk-7FCLUC5I.js?v=318df923:39:14)
    at onBrainEvent (http://localhost:1420/src/services/brainClient.ts:299:10)
    at http://localhost:1420/src/lib/home/home-panel-run.ts:12:12
    at new Promise (<anonymous>)
    at runPanelAction (http://localhost:1420/src/lib/home/home-panel-run.ts:6:18)
    at refreshCoding (http://localhost:1420/src/views/HomeBench.vue?t=1788077365760:30:28)
    at http://localhost:1420/src/views/HomeBench.vue?t=1788077365760:47:14
[  159373ms] TypeError: Cannot read properties of undefined (reading 'transformCallback')
    at transformCallback (http://localhost:1420/node_modules/.vite/deps/chunk-G7S6KQDI.js?v=318df923:22:37)
    at listen (http://localhost:1420/node_modules/.vite/deps/chunk-7FCLUC5I.js?v=318df923:39:14)
    at once (http://localhost:1420/node_modules/.vite/deps/chunk-7FCLUC5I.js?v=318df923:45:10)
    at http://localhost:1420/src/services/brainClient.ts:20:10
    at new Promise (<anonymous>)
    at onceWithTimeout (http://localhost:1420/src/services/brainClient.ts:19:16)
    at getWidgetsOnce (http://localhost:1420/src/services/brainClient.ts:198:10)
    at refresh (http://localhost:1420/src/views/HomeFloatNotes.vue:51:30)
    at http://localhost:1420/src/views/HomeFloatNotes.vue:59:14
[  159373ms] TypeError: Cannot read properties of undefined (reading 'transformCallback')
    at transformCallback (http://localhost:1420/node_modules/.vite/deps/chunk-G7S6KQDI.js?v=318df923:22:37)
    at listen (http://localhost:1420/node_modules/.vite/deps/chunk-7FCLUC5I.js?v=318df923:39:14)
    at onBrainEvent (http://localhost:1420/src/services/brainClient.ts:299:10)
    at http://localhost:1420/src/lib/home/home-panel-run.ts:12:12
    at new Promise (<anonymous>)
    at runPanelAction (http://localhost:1420/src/lib/home/home-panel-run.ts:6:18)
    at refreshCoding (http://localhost:1420/src/views/HomeBench.vue?t=1788077365760:30:28)
    at http://localhost:1420/src/views/HomeBench.vue?t=1788077365760:47:14
[  171374ms] TypeError: Cannot read properties of undefined (reading 'transformCallback')
    at transformCallback (http://localhost:1420/node_modules/.vite/deps/chunk-G7S6KQDI.js?v=318df923:22:37)
    at listen (http://localhost:1420/node_modules/.vite/deps/chunk-7FCLUC5I.js?v=318df923:39:14)
    at once (http://localhost:1420/node_modules/.vite/deps/chunk-7FCLUC5I.js?v=318df923:45:10)
    at http://localhost:1420/src/services/brainClient.ts:20:10
    at new Promise (<anonymous>)
    at onceWithTimeout (http://localhost:1420/src/services/brainClient.ts:19:16)
    at getWidgetsOnce (http://localhost:1420/src/services/brainClient.ts:198:10)
    at refresh (http://localhost:1420/src/views/HomeFloatNotes.vue:51:30)
    at http://localhost:1420/src/views/HomeFloatNotes.vue:59:14
[  171374ms] TypeError: Cannot read properties of undefined (reading 'transformCallback')
    at transformCallback (http://localhost:1420/node_modules/.vite/deps/chunk-G7S6KQDI.js?v=318df923:22:37)
    at listen (http://localhost:1420/node_modules/.vite/deps/chunk-7FCLUC5I.js?v=318df923:39:14)
    at onBrainEvent (http://localhost:1420/src/services/brainClient.ts:299:10)
    at http://localhost:1420/src/lib/home/home-panel-run.ts:12:12
    at new Promise (<anonymous>)
    at runPanelAction (http://localhost:1420/src/lib/home/home-panel-run.ts:6:18)
    at refreshCoding (http://localhost:1420/src/views/HomeBench.vue?t=1788077365760:30:28)
    at http://localhost:1420/src/views/HomeBench.vue?t=1788077365760:47:14
[  183374ms] TypeError: Cannot read properties of undefined (reading 'transformCallback')
    at transformCallback (http://localhost:1420/node_modules/.vite/deps/chunk-G7S6KQDI.js?v=318df923:22:37)
    at listen (http://localhost:1420/node_modules/.vite/deps/chunk-7FCLUC5I.js?v=318df923:39:14)
    at once (http://localhost:1420/node_modules/.vite/deps/chunk-7FCLUC5I.js?v=318df923:45:10)
    at http://localhost:1420/src/services/brainClient.ts:20:10
    at new Promise (<anonymous>)
    at onceWithTimeout (http://localhost:1420/src/services/brainClient.ts:19:16)
    at getWidgetsOnce (http://localhost:1420/src/services/brainClient.ts:198:10)
    at refresh (http://localhost:1420/src/views/HomeFloatNotes.vue:51:30)
    at http://localhost:1420/src/views/HomeFloatNotes.vue:59:14
[  183375ms] TypeError: Cannot read properties of undefined (reading 'transformCallback')
    at transformCallback (http://localhost:1420/node_modules/.vite/deps/chunk-G7S6KQDI.js?v=318df923:22:37)
    at listen (http://localhost:1420/node_modules/.vite/deps/chunk-7FCLUC5I.js?v=318df923:39:14)
    at onBrainEvent (http://localhost:1420/src/services/brainClient.ts:299:10)
    at http://localhost:1420/src/lib/home/home-panel-run.ts:12:12
    at new Promise (<anonymous>)
    at runPanelAction (http://localhost:1420/src/lib/home/home-panel-run.ts:6:18)
    at refreshCoding (http://localhost:1420/src/views/HomeBench.vue?t=1788077365760:30:28)
    at http://localhost:1420/src/views/HomeBench.vue?t=1788077365760:47:14
[  195374ms] TypeError: Cannot read properties of undefined (reading 'transformCallback')
    at transformCallback (http://localhost:1420/node_modules/.vite/deps/chunk-G7S6KQDI.js?v=318df923:22:37)
    at listen (http://localhost:1420/node_modules/.vite/deps/chunk-7FCLUC5I.js?v=318df923:39:14)
    at once (http://localhost:1420/node_modules/.vite/deps/chunk-7FCLUC5I.js?v=318df923:45:10)
    at http://localhost:1420/src/services/brainClient.ts:20:10
    at new Promise (<anonymous>)
    at onceWithTimeout (http://localhost:1420/src/services/brainClient.ts:19:16)
    at getWidgetsOnce (http://localhost:1420/src/services/brainClient.ts:198:10)
    at refresh (http://localhost:1420/src/views/HomeFloatNotes.vue:51:30)
    at http://localhost:1420/src/views/HomeFloatNotes.vue:59:14
[  195374ms] TypeError: Cannot read properties of undefined (reading 'transformCallback')
    at transformCallback (http://localhost:1420/node_modules/.vite/deps/chunk-G7S6KQDI.js?v=318df923:22:37)
    at listen (http://localhost:1420/node_modules/.vite/deps/chunk-7FCLUC5I.js?v=318df923:39:14)
    at onBrainEvent (http://localhost:1420/src/services/brainClient.ts:299:10)
    at http://localhost:1420/src/lib/home/home-panel-run.ts:12:12
    at new Promise (<anonymous>)
    at runPanelAction (http://localhost:1420/src/lib/home/home-panel-run.ts:6:18)
    at refreshCoding (http://localhost:1420/src/views/HomeBench.vue?t=1788077365760:30:28)
    at http://localhost:1420/src/views/HomeBench.vue?t=1788077365760:47:14
[  207374ms] TypeError: Cannot read properties of undefined (reading 'transformCallback')
    at transformCallback (http://localhost:1420/node_modules/.vite/deps/chunk-G7S6KQDI.js?v=318df923:22:37)
    at listen (http://localhost:1420/node_modules/.vite/deps/chunk-7FCLUC5I.js?v=318df923:39:14)
    at once (http://localhost:1420/node_modules/.vite/deps/chunk-7FCLUC5I.js?v=318df923:45:10)
    at http://localhost:1420/src/services/brainClient.ts:20:10
    at new Promise (<anonymous>)
    at onceWithTimeout (http://localhost:1420/src/services/brainClient.ts:19:16)
    at getWidgetsOnce (http://localhost:1420/src/services/brainClient.ts:198:10)
    at refresh (http://localhost:1420/src/views/HomeFloatNotes.vue:51:30)
    at http://localhost:1420/src/views/HomeFloatNotes.vue:59:14
[  207374ms] TypeError: Cannot read properties of undefined (reading 'transformCallback')
    at transformCallback (http://localhost:1420/node_modules/.vite/deps/chunk-G7S6KQDI.js?v=318df923:22:37)
    at listen (http://localhost:1420/node_modules/.vite/deps/chunk-7FCLUC5I.js?v=318df923:39:14)
    at onBrainEvent (http://localhost:1420/src/services/brainClient.ts:299:10)
    at http://localhost:1420/src/lib/home/home-panel-run.ts:12:12
    at new Promise (<anonymous>)
    at runPanelAction (http://localhost:1420/src/lib/home/home-panel-run.ts:6:18)
    at refreshCoding (http://localhost:1420/src/views/HomeBench.vue?t=1788077365760:30:28)
    at http://localhost:1420/src/views/HomeBench.vue?t=1788077365760:47:14
[  219374ms] TypeError: Cannot read properties of undefined (reading 'transformCallback')
    at transformCallback (http://localhost:1420/node_modules/.vite/deps/chunk-G7S6KQDI.js?v=318df923:22:37)
    at listen (http://localhost:1420/node_modules/.vite/deps/chunk-7FCLUC5I.js?v=318df923:39:14)
    at once (http://localhost:1420/node_modules/.vite/deps/chunk-7FCLUC5I.js?v=318df923:45:10)
    at http://localhost:1420/src/services/brainClient.ts:20:10
    at new Promise (<anonymous>)
    at onceWithTimeout (http://localhost:1420/src/services/brainClient.ts:19:16)
    at getWidgetsOnce (http://localhost:1420/src/services/brainClient.ts:198:10)
    at refresh (http://localhost:1420/src/views/HomeFloatNotes.vue:51:30)
    at http://localhost:1420/src/views/HomeFloatNotes.vue:59:14
[  219374ms] TypeError: Cannot read properties of undefined (reading 'transformCallback')
    at transformCallback (http://localhost:1420/node_modules/.vite/deps/chunk-G7S6KQDI.js?v=318df923:22:37)
    at listen (http://localhost:1420/node_modules/.vite/deps/chunk-7FCLUC5I.js?v=318df923:39:14)
    at onBrainEvent (http://localhost:1420/src/services/brainClient.ts:299:10)
    at http://localhost:1420/src/lib/home/home-panel-run.ts:12:12
    at new Promise (<anonymous>)
    at runPanelAction (http://localhost:1420/src/lib/home/home-panel-run.ts:6:18)
    at refreshCoding (http://localhost:1420/src/views/HomeBench.vue?t=1788077365760:30:28)
    at http://localhost:1420/src/views/HomeBench.vue?t=1788077365760:47:14
[  231375ms] TypeError: Cannot read properties of undefined (reading 'transformCallback')
    at transformCallback (http://localhost:1420/node_modules/.vite/deps/chunk-G7S6KQDI.js?v=318df923:22:37)
    at listen (http://localhost:1420/node_modules/.vite/deps/chunk-7FCLUC5I.js?v=318df923:39:14)
    at once (http://localhost:1420/node_modules/.vite/deps/chunk-7FCLUC5I.js?v=318df923:45:10)
    at http://localhost:1420/src/services/brainClient.ts:20:10
    at new Promise (<anonymous>)
    at onceWithTimeout (http://localhost:1420/src/services/brainClient.ts:19:16)
    at getWidgetsOnce (http://localhost:1420/src/services/brainClient.ts:198:10)
    at refresh (http://localhost:1420/src/views/HomeFloatNotes.vue:51:30)
    at http://localhost:1420/src/views/HomeFloatNotes.vue:59:14
[  231375ms] TypeError: Cannot read properties of undefined (reading 'transformCallback')
    at transformCallback (http://localhost:1420/node_modules/.vite/deps/chunk-G7S6KQDI.js?v=318df923:22:37)
    at listen (http://localhost:1420/node_modules/.vite/deps/chunk-7FCLUC5I.js?v=318df923:39:14)
    at onBrainEvent (http://localhost:1420/src/services/brainClient.ts:299:10)
    at http://localhost:1420/src/lib/home/home-panel-run.ts:12:12
    at new Promise (<anonymous>)
    at runPanelAction (http://localhost:1420/src/lib/home/home-panel-run.ts:6:18)
    at refreshCoding (http://localhost:1420/src/views/HomeBench.vue?t=1788077365760:30:28)
    at http://localhost:1420/src/views/HomeBench.vue?t=1788077365760:47:14
[  243375ms] TypeError: Cannot read properties of undefined (reading 'transformCallback')
    at transformCallback (http://localhost:1420/node_modules/.vite/deps/chunk-G7S6KQDI.js?v=318df923:22:37)
    at listen (http://localhost:1420/node_modules/.vite/deps/chunk-7FCLUC5I.js?v=318df923:39:14)
    at once (http://localhost:1420/node_modules/.vite/deps/chunk-7FCLUC5I.js?v=318df923:45:10)
    at http://localhost:1420/src/services/brainClient.ts:20:10
    at new Promise (<anonymous>)
    at onceWithTimeout (http://localhost:1420/src/services/brainClient.ts:19:16)
    at getWidgetsOnce (http://localhost:1420/src/services/brainClient.ts:198:10)
    at refresh (http://localhost:1420/src/views/HomeFloatNotes.vue:51:30)
    at http://localhost:1420/src/views/HomeFloatNotes.vue:59:14
[  243375ms] TypeError: Cannot read properties of undefined (reading 'transformCallback')
    at transformCallback (http://localhost:1420/node_modules/.vite/deps/chunk-G7S6KQDI.js?v=318df923:22:37)
    at listen (http://localhost:1420/node_modules/.vite/deps/chunk-7FCLUC5I.js?v=318df923:39:14)
    at onBrainEvent (http://localhost:1420/src/services/brainClient.ts:299:10)
    at http://localhost:1420/src/lib/home/home-panel-run.ts:12:12
    at new Promise (<anonymous>)
    at runPanelAction (http://localhost:1420/src/lib/home/home-panel-run.ts:6:18)
    at refreshCoding (http://localhost:1420/src/views/HomeBench.vue?t=1788077365760:30:28)
    at http://localhost:1420/src/views/HomeBench.vue?t=1788077365760:47:14
[  255374ms] TypeError: Cannot read properties of undefined (reading 'transformCallback')
    at transformCallback (http://localhost:1420/node_modules/.vite/deps/chunk-G7S6KQDI.js?v=318df923:22:37)
    at listen (http://localhost:1420/node_modules/.vite/deps/chunk-7FCLUC5I.js?v=318df923:39:14)
    at once (http://localhost:1420/node_modules/.vite/deps/chunk-7FCLUC5I.js?v=318df923:45:10)
    at http://localhost:1420/src/services/brainClient.ts:20:10
    at new Promise (<anonymous>)
    at onceWithTimeout (http://localhost:1420/src/services/brainClient.ts:19:16)
    at getWidgetsOnce (http://localhost:1420/src/services/brainClient.ts:198:10)
    at refresh (http://localhost:1420/src/views/HomeFloatNotes.vue:51:30)
    at http://localhost:1420/src/views/HomeFloatNotes.vue:59:14
[  255374ms] TypeError: Cannot read properties of undefined (reading 'transformCallback')
    at transformCallback (http://localhost:1420/node_modules/.vite/deps/chunk-G7S6KQDI.js?v=318df923:22:37)
    at listen (http://localhost:1420/node_modules/.vite/deps/chunk-7FCLUC5I.js?v=318df923:39:14)
    at onBrainEvent (http://localhost:1420/src/services/brainClient.ts:299:10)
    at http://localhost:1420/src/lib/home/home-panel-run.ts:12:12
    at new Promise (<anonymous>)
    at runPanelAction (http://localhost:1420/src/lib/home/home-panel-run.ts:6:18)
    at refreshCoding (http://localhost:1420/src/views/HomeBench.vue?t=1788077365760:30:28)
    at http://localhost:1420/src/views/HomeBench.vue?t=1788077365760:47:14
[  267374ms] TypeError: Cannot read properties of undefined (reading 'transformCallback')
    at transformCallback (http://localhost:1420/node_modules/.vite/deps/chunk-G7S6KQDI.js?v=318df923:22:37)
    at listen (http://localhost:1420/node_modules/.vite/deps/chunk-7FCLUC5I.js?v=318df923:39:14)
    at once (http://localhost:1420/node_modules/.vite/deps/chunk-7FCLUC5I.js?v=318df923:45:10)
    at http://localhost:1420/src/services/brainClient.ts:20:10
    at new Promise (<anonymous>)
    at onceWithTimeout (http://localhost:1420/src/services/brainClient.ts:19:16)
    at getWidgetsOnce (http://localhost:1420/src/services/brainClient.ts:198:10)
    at refresh (http://localhost:1420/src/views/HomeFloatNotes.vue:51:30)
    at http://localhost:1420/src/views/HomeFloatNotes.vue:59:14
[  267374ms] TypeError: Cannot read properties of undefined (reading 'transformCallback')
    at transformCallback (http://localhost:1420/node_modules/.vite/deps/chunk-G7S6KQDI.js?v=318df923:22:37)
    at listen (http://localhost:1420/node_modules/.vite/deps/chunk-7FCLUC5I.js?v=318df923:39:14)
    at onBrainEvent (http://localhost:1420/src/services/brainClient.ts:299:10)
    at http://localhost:1420/src/lib/home/home-panel-run.ts:12:12
    at new Promise (<anonymous>)
    at runPanelAction (http://localhost:1420/src/lib/home/home-panel-run.ts:6:18)
    at refreshCoding (http://localhost:1420/src/views/HomeBench.vue?t=1788077365760:30:28)
    at http://localhost:1420/src/views/HomeBench.vue?t=1788077365760:47:14
[  279374ms] TypeError: Cannot read properties of undefined (reading 'transformCallback')
    at transformCallback (http://localhost:1420/node_modules/.vite/deps/chunk-G7S6KQDI.js?v=318df923:22:37)
    at listen (http://localhost:1420/node_modules/.vite/deps/chunk-7FCLUC5I.js?v=318df923:39:14)
    at once (http://localhost:1420/node_modules/.vite/deps/chunk-7FCLUC5I.js?v=318df923:45:10)
    at http://localhost:1420/src/services/brainClient.ts:20:10
    at new Promise (<anonymous>)
    at onceWithTimeout (http://localhost:1420/src/services/brainClient.ts:19:16)
    at getWidgetsOnce (http://localhost:1420/src/services/brainClient.ts:198:10)
    at refresh (http://localhost:1420/src/views/HomeFloatNotes.vue:51:30)
    at http://localhost:1420/src/views/HomeFloatNotes.vue:59:14
[  279374ms] TypeError: Cannot read properties of undefined (reading 'transformCallback')
    at transformCallback (http://localhost:1420/node_modules/.vite/deps/chunk-G7S6KQDI.js?v=318df923:22:37)
    at listen (http://localhost:1420/node_modules/.vite/deps/chunk-7FCLUC5I.js?v=318df923:39:14)
    at onBrainEvent (http://localhost:1420/src/services/brainClient.ts:299:10)
    at http://localhost:1420/src/lib/home/home-panel-run.ts:12:12
    at new Promise (<anonymous>)
    at runPanelAction (http://localhost:1420/src/lib/home/home-panel-run.ts:6:18)
    at refreshCoding (http://localhost:1420/src/views/HomeBench.vue?t=1788077365760:30:28)
    at http://localhost:1420/src/views/HomeBench.vue?t=1788077365760:47:14
[  291375ms] TypeError: Cannot read properties of undefined (reading 'transformCallback')
    at transformCallback (http://localhost:1420/node_modules/.vite/deps/chunk-G7S6KQDI.js?v=318df923:22:37)
    at listen (http://localhost:1420/node_modules/.vite/deps/chunk-7FCLUC5I.js?v=318df923:39:14)
    at once (http://localhost:1420/node_modules/.vite/deps/chunk-7FCLUC5I.js?v=318df923:45:10)
    at http://localhost:1420/src/services/brainClient.ts:20:10
    at new Promise (<anonymous>)
    at onceWithTimeout (http://localhost:1420/src/services/brainClient.ts:19:16)
    at getWidgetsOnce (http://localhost:1420/src/services/brainClient.ts:198:10)
    at refresh (http://localhost:1420/src/views/HomeFloatNotes.vue:51:30)
    at http://localhost:1420/src/views/HomeFloatNotes.vue:59:14
[  291375ms] TypeError: Cannot read properties of undefined (reading 'transformCallback')
    at transformCallback (http://localhost:1420/node_modules/.vite/deps/chunk-G7S6KQDI.js?v=318df923:22:37)
    at listen (http://localhost:1420/node_modules/.vite/deps/chunk-7FCLUC5I.js?v=318df923:39:14)
    at onBrainEvent (http://localhost:1420/src/services/brainClient.ts:299:10)
    at http://localhost:1420/src/lib/home/home-panel-run.ts:12:12
    at new Promise (<anonymous>)
    at runPanelAction (http://localhost:1420/src/lib/home/home-panel-run.ts:6:18)
    at refreshCoding (http://localhost:1420/src/views/HomeBench.vue?t=1788077365760:30:28)
    at http://localhost:1420/src/views/HomeBench.vue?t=1788077365760:47:14
[  303375ms] TypeError: Cannot read properties of undefined (reading 'transformCallback')
    at transformCallback (http://localhost:1420/node_modules/.vite/deps/chunk-G7S6KQDI.js?v=318df923:22:37)
    at listen (http://localhost:1420/node_modules/.vite/deps/chunk-7FCLUC5I.js?v=318df923:39:14)
    at once (http://localhost:1420/node_modules/.vite/deps/chunk-7FCLUC5I.js?v=318df923:45:10)
    at http://localhost:1420/src/services/brainClient.ts:20:10
    at new Promise (<anonymous>)
    at onceWithTimeout (http://localhost:1420/src/services/brainClient.ts:19:16)
    at getWidgetsOnce (http://localhost:1420/src/services/brainClient.ts:198:10)
    at refresh (http://localhost:1420/src/views/HomeFloatNotes.vue:51:30)
    at http://localhost:1420/src/views/HomeFloatNotes.vue:59:14
[  303376ms] TypeError: Cannot read properties of undefined (reading 'transformCallback')
    at transformCallback (http://localhost:1420/node_modules/.vite/deps/chunk-G7S6KQDI.js?v=318df923:22:37)
    at listen (http://localhost:1420/node_modules/.vite/deps/chunk-7FCLUC5I.js?v=318df923:39:14)
    at onBrainEvent (http://localhost:1420/src/services/brainClient.ts:299:10)
    at http://localhost:1420/src/lib/home/home-panel-run.ts:12:12
    at new Promise (<anonymous>)
    at runPanelAction (http://localhost:1420/src/lib/home/home-panel-run.ts:6:18)
    at refreshCoding (http://localhost:1420/src/views/HomeBench.vue?t=1788077365760:30:28)
    at http://localhost:1420/src/views/HomeBench.vue?t=1788077365760:47:14
[  315375ms] TypeError: Cannot read properties of undefined (reading 'transformCallback')
    at transformCallback (http://localhost:1420/node_modules/.vite/deps/chunk-G7S6KQDI.js?v=318df923:22:37)
    at listen (http://localhost:1420/node_modules/.vite/deps/chunk-7FCLUC5I.js?v=318df923:39:14)
    at once (http://localhost:1420/node_modules/.vite/deps/chunk-7FCLUC5I.js?v=318df923:45:10)
    at http://localhost:1420/src/services/brainClient.ts:20:10
    at new Promise (<anonymous>)
    at onceWithTimeout (http://localhost:1420/src/services/brainClient.ts:19:16)
    at getWidgetsOnce (http://localhost:1420/src/services/brainClient.ts:198:10)
    at refresh (http://localhost:1420/src/views/HomeFloatNotes.vue:51:30)
    at http://localhost:1420/src/views/HomeFloatNotes.vue:59:14
[  315375ms] TypeError: Cannot read properties of undefined (reading 'transformCallback')
    at transformCallback (http://localhost:1420/node_modules/.vite/deps/chunk-G7S6KQDI.js?v=318df923:22:37)
    at listen (http://localhost:1420/node_modules/.vite/deps/chunk-7FCLUC5I.js?v=318df923:39:14)
    at onBrainEvent (http://localhost:1420/src/services/brainClient.ts:299:10)
    at http://localhost:1420/src/lib/home/home-panel-run.ts:12:12
    at new Promise (<anonymous>)
    at runPanelAction (http://localhost:1420/src/lib/home/home-panel-run.ts:6:18)
    at refreshCoding (http://localhost:1420/src/views/HomeBench.vue?t=1788077365760:30:28)
    at http://localhost:1420/src/views/HomeBench.vue?t=1788077365760:47:14
[  327375ms] TypeError: Cannot read properties of undefined (reading 'transformCallback')
    at transformCallback (http://localhost:1420/node_modules/.vite/deps/chunk-G7S6KQDI.js?v=318df923:22:37)
    at listen (http://localhost:1420/node_modules/.vite/deps/chunk-7FCLUC5I.js?v=318df923:39:14)
    at once (http://localhost:1420/node_modules/.vite/deps/chunk-7FCLUC5I.js?v=318df923:45:10)
    at http://localhost:1420/src/services/brainClient.ts:20:10
    at new Promise (<anonymous>)
    at onceWithTimeout (http://localhost:1420/src/services/brainClient.ts:19:16)
    at getWidgetsOnce (http://localhost:1420/src/services/brainClient.ts:198:10)
    at refresh (http://localhost:1420/src/views/HomeFloatNotes.vue:51:30)
    at http://localhost:1420/src/views/HomeFloatNotes.vue:59:14
[  327376ms] TypeError: Cannot read properties of undefined (reading 'transformCallback')
    at transformCallback (http://localhost:1420/node_modules/.vite/deps/chunk-G7S6KQDI.js?v=318df923:22:37)
    at listen (http://localhost:1420/node_modules/.vite/deps/chunk-7FCLUC5I.js?v=318df923:39:14)
    at onBrainEvent (http://localhost:1420/src/services/brainClient.ts:299:10)
    at http://localhost:1420/src/lib/home/home-panel-run.ts:12:12
    at new Promise (<anonymous>)
    at runPanelAction (http://localhost:1420/src/lib/home/home-panel-run.ts:6:18)
    at refreshCoding (http://localhost:1420/src/views/HomeBench.vue?t=1788077365760:30:28)
    at http://localhost:1420/src/views/HomeBench.vue?t=1788077365760:47:14
[  339377ms] TypeError: Cannot read properties of undefined (reading 'transformCallback')
    at transformCallback (http://localhost:1420/node_modules/.vite/deps/chunk-G7S6KQDI.js?v=318df923:22:37)
    at listen (http://localhost:1420/node_modules/.vite/deps/chunk-7FCLUC5I.js?v=318df923:39:14)
    at once (http://localhost:1420/node_modules/.vite/deps/chunk-7FCLUC5I.js?v=318df923:45:10)
    at http://localhost:1420/src/services/brainClient.ts:20:10
    at new Promise (<anonymous>)
    at onceWithTimeout (http://localhost:1420/src/services/brainClient.ts:19:16)
    at getWidgetsOnce (http://localhost:1420/src/services/brainClient.ts:198:10)
    at refresh (http://localhost:1420/src/views/HomeFloatNotes.vue:51:30)
    at http://localhost:1420/src/views/HomeFloatNotes.vue:59:14
[  339377ms] TypeError: Cannot read properties of undefined (reading 'transformCallback')
    at transformCallback (http://localhost:1420/node_modules/.vite/deps/chunk-G7S6KQDI.js?v=318df923:22:37)
    at listen (http://localhost:1420/node_modules/.vite/deps/chunk-7FCLUC5I.js?v=318df923:39:14)
    at onBrainEvent (http://localhost:1420/src/services/brainClient.ts:299:10)
    at http://localhost:1420/src/lib/home/home-panel-run.ts:12:12
    at new Promise (<anonymous>)
    at runPanelAction (http://localhost:1420/src/lib/home/home-panel-run.ts:6:18)
    at refreshCoding (http://localhost:1420/src/views/HomeBench.vue?t=1788077365760:30:28)
    at http://localhost:1420/src/views/HomeBench.vue?t=1788077365760:47:14
[  351376ms] TypeError: Cannot read properties of undefined (reading 'transformCallback')
    at transformCallback (http://localhost:1420/node_modules/.vite/deps/chunk-G7S6KQDI.js?v=318df923:22:37)
    at listen (http://localhost:1420/node_modules/.vite/deps/chunk-7FCLUC5I.js?v=318df923:39:14)
    at once (http://localhost:1420/node_modules/.vite/deps/chunk-7FCLUC5I.js?v=318df923:45:10)
    at http://localhost:1420/src/services/brainClient.ts:20:10
    at new Promise (<anonymous>)
    at onceWithTimeout (http://localhost:1420/src/services/brainClient.ts:19:16)
    at getWidgetsOnce (http://localhost:1420/src/services/brainClient.ts:198:10)
    at refresh (http://localhost:1420/src/views/HomeFloatNotes.vue:51:30)
    at http://localhost:1420/src/views/HomeFloatNotes.vue:59:14
[  351376ms] TypeError: Cannot read properties of undefined (reading 'transformCallback')
    at transformCallback (http://localhost:1420/node_modules/.vite/deps/chunk-G7S6KQDI.js?v=318df923:22:37)
    at listen (http://localhost:1420/node_modules/.vite/deps/chunk-7FCLUC5I.js?v=318df923:39:14)
    at onBrainEvent (http://localhost:1420/src/services/brainClient.ts:299:10)
    at http://localhost:1420/src/lib/home/home-panel-run.ts:12:12
    at new Promise (<anonymous>)
    at runPanelAction (http://localhost:1420/src/lib/home/home-panel-run.ts:6:18)
    at refreshCoding (http://localhost:1420/src/views/HomeBench.vue?t=1788077365760:30:28)
    at http://localhost:1420/src/views/HomeBench.vue?t=1788077365760:47:14
[  363376ms] TypeError: Cannot read properties of undefined (reading 'transformCallback')
    at transformCallback (http://localhost:1420/node_modules/.vite/deps/chunk-G7S6KQDI.js?v=318df923:22:37)
    at listen (http://localhost:1420/node_modules/.vite/deps/chunk-7FCLUC5I.js?v=318df923:39:14)
    at once (http://localhost:1420/node_modules/.vite/deps/chunk-7FCLUC5I.js?v=318df923:45:10)
    at http://localhost:1420/src/services/brainClient.ts:20:10
    at new Promise (<anonymous>)
    at onceWithTimeout (http://localhost:1420/src/services/brainClient.ts:19:16)
    at getWidgetsOnce (http://localhost:1420/src/services/brainClient.ts:198:10)
    at refresh (http://localhost:1420/src/views/HomeFloatNotes.vue:51:30)
    at http://localhost:1420/src/views/HomeFloatNotes.vue:59:14
[  363376ms] TypeError: Cannot read properties of undefined (reading 'transformCallback')
    at transformCallback (http://localhost:1420/node_modules/.vite/deps/chunk-G7S6KQDI.js?v=318df923:22:37)
    at listen (http://localhost:1420/node_modules/.vite/deps/chunk-7FCLUC5I.js?v=318df923:39:14)
    at onBrainEvent (http://localhost:1420/src/services/brainClient.ts:299:10)
    at http://localhost:1420/src/lib/home/home-panel-run.ts:12:12
    at new Promise (<anonymous>)
    at runPanelAction (http://localhost:1420/src/lib/home/home-panel-run.ts:6:18)
    at refreshCoding (http://localhost:1420/src/views/HomeBench.vue?t=1788077365760:30:28)
    at http://localhost:1420/src/views/HomeBench.vue?t=1788077365760:47:14
[  375376ms] TypeError: Cannot read properties of undefined (reading 'transformCallback')
    at transformCallback (http://localhost:1420/node_modules/.vite/deps/chunk-G7S6KQDI.js?v=318df923:22:37)
    at listen (http://localhost:1420/node_modules/.vite/deps/chunk-7FCLUC5I.js?v=318df923:39:14)
    at once (http://localhost:1420/node_modules/.vite/deps/chunk-7FCLUC5I.js?v=318df923:45:10)
    at http://localhost:1420/src/services/brainClient.ts:20:10
    at new Promise (<anonymous>)
    at onceWithTimeout (http://localhost:1420/src/services/brainClient.ts:19:16)
    at getWidgetsOnce (http://localhost:1420/src/services/brainClient.ts:198:10)
    at refresh (http://localhost:1420/src/views/HomeFloatNotes.vue:51:30)
    at http://localhost:1420/src/views/HomeFloatNotes.vue:59:14
[  375376ms] TypeError: Cannot read properties of undefined (reading 'transformCallback')
    at transformCallback (http://localhost:1420/node_modules/.vite/deps/chunk-G7S6KQDI.js?v=318df923:22:37)
    at listen (http://localhost:1420/node_modules/.vite/deps/chunk-7FCLUC5I.js?v=318df923:39:14)
    at onBrainEvent (http://localhost:1420/src/services/brainClient.ts:299:10)
    at http://localhost:1420/src/lib/home/home-panel-run.ts:12:12
    at new Promise (<anonymous>)
    at runPanelAction (http://localhost:1420/src/lib/home/home-panel-run.ts:6:18)
    at refreshCoding (http://localhost:1420/src/views/HomeBench.vue?t=1788077365760:30:28)
    at http://localhost:1420/src/views/HomeBench.vue?t=1788077365760:47:14
[  387376ms] TypeError: Cannot read properties of undefined (reading 'transformCallback')
    at transformCallback (http://localhost:1420/node_modules/.vite/deps/chunk-G7S6KQDI.js?v=318df923:22:37)
    at listen (http://localhost:1420/node_modules/.vite/deps/chunk-7FCLUC5I.js?v=318df923:39:14)
    at once (http://localhost:1420/node_modules/.vite/deps/chunk-7FCLUC5I.js?v=318df923:45:10)
    at http://localhost:1420/src/services/brainClient.ts:20:10
    at new Promise (<anonymous>)
    at onceWithTimeout (http://localhost:1420/src/services/brainClient.ts:19:16)
    at getWidgetsOnce (http://localhost:1420/src/services/brainClient.ts:198:10)
    at refresh (http://localhost:1420/src/views/HomeFloatNotes.vue:51:30)
    at http://localhost:1420/src/views/HomeFloatNotes.vue:59:14
[  387376ms] TypeError: Cannot read properties of undefined (reading 'transformCallback')
    at transformCallback (http://localhost:1420/node_modules/.vite/deps/chunk-G7S6KQDI.js?v=318df923:22:37)
    at listen (http://localhost:1420/node_modules/.vite/deps/chunk-7FCLUC5I.js?v=318df923:39:14)
    at onBrainEvent (http://localhost:1420/src/services/brainClient.ts:299:10)
    at http://localhost:1420/src/lib/home/home-panel-run.ts:12:12
    at new Promise (<anonymous>)
    at runPanelAction (http://localhost:1420/src/lib/home/home-panel-run.ts:6:18)
    at refreshCoding (http://localhost:1420/src/views/HomeBench.vue?t=1788077365760:30:28)
    at http://localhost:1420/src/views/HomeBench.vue?t=1788077365760:47:14
[  399376ms] TypeError: Cannot read properties of undefined (reading 'transformCallback')
    at transformCallback (http://localhost:1420/node_modules/.vite/deps/chunk-G7S6KQDI.js?v=318df923:22:37)
    at listen (http://localhost:1420/node_modules/.vite/deps/chunk-7FCLUC5I.js?v=318df923:39:14)
    at once (http://localhost:1420/node_modules/.vite/deps/chunk-7FCLUC5I.js?v=318df923:45:10)
    at http://localhost:1420/src/services/brainClient.ts:20:10
    at new Promise (<anonymous>)
    at onceWithTimeout (http://localhost:1420/src/services/brainClient.ts:19:16)
    at getWidgetsOnce (http://localhost:1420/src/services/brainClient.ts:198:10)
    at refresh (http://localhost:1420/src/views/HomeFloatNotes.vue:51:30)
    at http://localhost:1420/src/views/HomeFloatNotes.vue:59:14
[  399376ms] TypeError: Cannot read properties of undefined (reading 'transformCallback')
    at transformCallback (http://localhost:1420/node_modules/.vite/deps/chunk-G7S6KQDI.js?v=318df923:22:37)
    at listen (http://localhost:1420/node_modules/.vite/deps/chunk-7FCLUC5I.js?v=318df923:39:14)
    at onBrainEvent (http://localhost:1420/src/services/brainClient.ts:299:10)
    at http://localhost:1420/src/lib/home/home-panel-run.ts:12:12
    at new Promise (<anonymous>)
    at runPanelAction (http://localhost:1420/src/lib/home/home-panel-run.ts:6:18)
    at refreshCoding (http://localhost:1420/src/views/HomeBench.vue?t=1788077365760:30:28)
    at http://localhost:1420/src/views/HomeBench.vue?t=1788077365760:47:14
[  411378ms] TypeError: Cannot read properties of undefined (reading 'transformCallback')
    at transformCallback (http://localhost:1420/node_modules/.vite/deps/chunk-G7S6KQDI.js?v=318df923:22:37)
    at listen (http://localhost:1420/node_modules/.vite/deps/chunk-7FCLUC5I.js?v=318df923:39:14)
    at once (http://localhost:1420/node_modules/.vite/deps/chunk-7FCLUC5I.js?v=318df923:45:10)
    at http://localhost:1420/src/services/brainClient.ts:20:10
    at new Promise (<anonymous>)
    at onceWithTimeout (http://localhost:1420/src/services/brainClient.ts:19:16)
    at getWidgetsOnce (http://localhost:1420/src/services/brainClient.ts:198:10)
    at refresh (http://localhost:1420/src/views/HomeFloatNotes.vue:51:30)
    at http://localhost:1420/src/views/HomeFloatNotes.vue:59:14
[  411378ms] TypeError: Cannot read properties of undefined (reading 'transformCallback')
    at transformCallback (http://localhost:1420/node_modules/.vite/deps/chunk-G7S6KQDI.js?v=318df923:22:37)
    at listen (http://localhost:1420/node_modules/.vite/deps/chunk-7FCLUC5I.js?v=318df923:39:14)
    at onBrainEvent (http://localhost:1420/src/services/brainClient.ts:299:10)
    at http://localhost:1420/src/lib/home/home-panel-run.ts:12:12
    at new Promise (<anonymous>)
    at runPanelAction (http://localhost:1420/src/lib/home/home-panel-run.ts:6:18)
    at refreshCoding (http://localhost:1420/src/views/HomeBench.vue?t=1788077365760:30:28)
    at http://localhost:1420/src/views/HomeBench.vue?t=1788077365760:47:14
[  423377ms] TypeError: Cannot read properties of undefined (reading 'transformCallback')
    at transformCallback (http://localhost:1420/node_modules/.vite/deps/chunk-G7S6KQDI.js?v=318df923:22:37)
    at listen (http://localhost:1420/node_modules/.vite/deps/chunk-7FCLUC5I.js?v=318df923:39:14)
    at once (http://localhost:1420/node_modules/.vite/deps/chunk-7FCLUC5I.js?v=318df923:45:10)
    at http://localhost:1420/src/services/brainClient.ts:20:10
    at new Promise (<anonymous>)
    at onceWithTimeout (http://localhost:1420/src/services/brainClient.ts:19:16)
    at getWidgetsOnce (http://localhost:1420/src/services/brainClient.ts:198:10)
    at refresh (http://localhost:1420/src/views/HomeFloatNotes.vue:51:30)
    at http://localhost:1420/src/views/HomeFloatNotes.vue:59:14
[  423377ms] TypeError: Cannot read properties of undefined (reading 'transformCallback')
    at transformCallback (http://localhost:1420/node_modules/.vite/deps/chunk-G7S6KQDI.js?v=318df923:22:37)
    at listen (http://localhost:1420/node_modules/.vite/deps/chunk-7FCLUC5I.js?v=318df923:39:14)
    at onBrainEvent (http://localhost:1420/src/services/brainClient.ts:299:10)
    at http://localhost:1420/src/lib/home/home-panel-run.ts:12:12
    at new Promise (<anonymous>)
    at runPanelAction (http://localhost:1420/src/lib/home/home-panel-run.ts:6:18)
    at refreshCoding (http://localhost:1420/src/views/HomeBench.vue?t=1788077365760:30:28)
    at http://localhost:1420/src/views/HomeBench.vue?t=1788077365760:47:14
[  435378ms] TypeError: Cannot read properties of undefined (reading 'transformCallback')
    at transformCallback (http://localhost:1420/node_modules/.vite/deps/chunk-G7S6KQDI.js?v=318df923:22:37)
    at listen (http://localhost:1420/node_modules/.vite/deps/chunk-7FCLUC5I.js?v=318df923:39:14)
    at once (http://localhost:1420/node_modules/.vite/deps/chunk-7FCLUC5I.js?v=318df923:45:10)
    at http://localhost:1420/src/services/brainClient.ts:20:10
    at new Promise (<anonymous>)
    at onceWithTimeout (http://localhost:1420/src/services/brainClient.ts:19:16)
    at getWidgetsOnce (http://localhost:1420/src/services/brainClient.ts:198:10)
    at refresh (http://localhost:1420/src/views/HomeFloatNotes.vue:51:30)
    at http://localhost:1420/src/views/HomeFloatNotes.vue:59:14
[  435378ms] TypeError: Cannot read properties of undefined (reading 'transformCallback')
    at transformCallback (http://localhost:1420/node_modules/.vite/deps/chunk-G7S6KQDI.js?v=318df923:22:37)
    at listen (http://localhost:1420/node_modules/.vite/deps/chunk-7FCLUC5I.js?v=318df923:39:14)
    at onBrainEvent (http://localhost:1420/src/services/brainClient.ts:299:10)
    at http://localhost:1420/src/lib/home/home-panel-run.ts:12:12
    at new Promise (<anonymous>)
    at runPanelAction (http://localhost:1420/src/lib/home/home-panel-run.ts:6:18)
    at refreshCoding (http://localhost:1420/src/views/HomeBench.vue?t=1788077365760:30:28)
    at http://localhost:1420/src/views/HomeBench.vue?t=1788077365760:47:14
[  447377ms] TypeError: Cannot read properties of undefined (reading 'transformCallback')
    at transformCallback (http://localhost:1420/node_modules/.vite/deps/chunk-G7S6KQDI.js?v=318df923:22:37)
    at listen (http://localhost:1420/node_modules/.vite/deps/chunk-7FCLUC5I.js?v=318df923:39:14)
    at once (http://localhost:1420/node_modules/.vite/deps/chunk-7FCLUC5I.js?v=318df923:45:10)
    at http://localhost:1420/src/services/brainClient.ts:20:10
    at new Promise (<anonymous>)
    at onceWithTimeout (http://localhost:1420/src/services/brainClient.ts:19:16)
    at getWidgetsOnce (http://localhost:1420/src/services/brainClient.ts:198:10)
    at refresh (http://localhost:1420/src/views/HomeFloatNotes.vue:51:30)
    at http://localhost:1420/src/views/HomeFloatNotes.vue:59:14
[  447377ms] TypeError: Cannot read properties of undefined (reading 'transformCallback')
    at transformCallback (http://localhost:1420/node_modules/.vite/deps/chunk-G7S6KQDI.js?v=318df923:22:37)
    at listen (http://localhost:1420/node_modules/.vite/deps/chunk-7FCLUC5I.js?v=318df923:39:14)
    at onBrainEvent (http://localhost:1420/src/services/brainClient.ts:299:10)
    at http://localhost:1420/src/lib/home/home-panel-run.ts:12:12
    at new Promise (<anonymous>)
    at runPanelAction (http://localhost:1420/src/lib/home/home-panel-run.ts:6:18)
    at refreshCoding (http://localhost:1420/src/views/HomeBench.vue?t=1788077365760:30:28)
    at http://localhost:1420/src/views/HomeBench.vue?t=1788077365760:47:14
[  459377ms] TypeError: Cannot read properties of undefined (reading 'transformCallback')
    at transformCallback (http://localhost:1420/node_modules/.vite/deps/chunk-G7S6KQDI.js?v=318df923:22:37)
    at listen (http://localhost:1420/node_modules/.vite/deps/chunk-7FCLUC5I.js?v=318df923:39:14)
    at once (http://localhost:1420/node_modules/.vite/deps/chunk-7FCLUC5I.js?v=318df923:45:10)
    at http://localhost:1420/src/services/brainClient.ts:20:10
    at new Promise (<anonymous>)
    at onceWithTimeout (http://localhost:1420/src/services/brainClient.ts:19:16)
    at getWidgetsOnce (http://localhost:1420/src/services/brainClient.ts:198:10)
    at refresh (http://localhost:1420/src/views/HomeFloatNotes.vue:51:30)
    at http://localhost:1420/src/views/HomeFloatNotes.vue:59:14
[  459378ms] TypeError: Cannot read properties of undefined (reading 'transformCallback')
    at transformCallback (http://localhost:1420/node_modules/.vite/deps/chunk-G7S6KQDI.js?v=318df923:22:37)
    at listen (http://localhost:1420/node_modules/.vite/deps/chunk-7FCLUC5I.js?v=318df923:39:14)
    at onBrainEvent (http://localhost:1420/src/services/brainClient.ts:299:10)
    at http://localhost:1420/src/lib/home/home-panel-run.ts:12:12
    at new Promise (<anonymous>)
    at runPanelAction (http://localhost:1420/src/lib/home/home-panel-run.ts:6:18)
    at refreshCoding (http://localhost:1420/src/views/HomeBench.vue?t=1788077365760:30:28)
    at http://localhost:1420/src/views/HomeBench.vue?t=1788077365760:47:14
[  471377ms] TypeError: Cannot read properties of undefined (reading 'transformCallback')
    at transformCallback (http://localhost:1420/node_modules/.vite/deps/chunk-G7S6KQDI.js?v=318df923:22:37)
    at listen (http://localhost:1420/node_modules/.vite/deps/chunk-7FCLUC5I.js?v=318df923:39:14)
    at once (http://localhost:1420/node_modules/.vite/deps/chunk-7FCLUC5I.js?v=318df923:45:10)
    at http://localhost:1420/src/services/brainClient.ts:20:10
    at new Promise (<anonymous>)
    at onceWithTimeout (http://localhost:1420/src/services/brainClient.ts:19:16)
    at getWidgetsOnce (http://localhost:1420/src/services/brainClient.ts:198:10)
    at refresh (http://localhost:1420/src/views/HomeFloatNotes.vue:51:30)
    at http://localhost:1420/src/views/HomeFloatNotes.vue:59:14
[  471377ms] TypeError: Cannot read properties of undefined (reading 'transformCallback')
    at transformCallback (http://localhost:1420/node_modules/.vite/deps/chunk-G7S6KQDI.js?v=318df923:22:37)
    at listen (http://localhost:1420/node_modules/.vite/deps/chunk-7FCLUC5I.js?v=318df923:39:14)
    at onBrainEvent (http://localhost:1420/src/services/brainClient.ts:299:10)
    at http://localhost:1420/src/lib/home/home-panel-run.ts:12:12
    at new Promise (<anonymous>)
    at runPanelAction (http://localhost:1420/src/lib/home/home-panel-run.ts:6:18)
    at refreshCoding (http://localhost:1420/src/views/HomeBench.vue?t=1788077365760:30:28)
    at http://localhost:1420/src/views/HomeBench.vue?t=1788077365760:47:14
[  483378ms] TypeError: Cannot read properties of undefined (reading 'transformCallback')
    at transformCallback (http://localhost:1420/node_modules/.vite/deps/chunk-G7S6KQDI.js?v=318df923:22:37)
    at listen (http://localhost:1420/node_modules/.vite/deps/chunk-7FCLUC5I.js?v=318df923:39:14)
    at once (http://localhost:1420/node_modules/.vite/deps/chunk-7FCLUC5I.js?v=318df923:45:10)
    at http://localhost:1420/src/services/brainClient.ts:20:10
    at new Promise (<anonymous>)
    at onceWithTimeout (http://localhost:1420/src/services/brainClient.ts:19:16)
    at getWidgetsOnce (http://localhost:1420/src/services/brainClient.ts:198:10)
    at refresh (http://localhost:1420/src/views/HomeFloatNotes.vue:51:30)
    at http://localhost:1420/src/views/HomeFloatNotes.vue:59:14
[  483378ms] TypeError: Cannot read properties of undefined (reading 'transformCallback')
    at transformCallback (http://localhost:1420/node_modules/.vite/deps/chunk-G7S6KQDI.js?v=318df923:22:37)
    at listen (http://localhost:1420/node_modules/.vite/deps/chunk-7FCLUC5I.js?v=318df923:39:14)
    at onBrainEvent (http://localhost:1420/src/services/brainClient.ts:299:10)
    at http://localhost:1420/src/lib/home/home-panel-run.ts:12:12
    at new Promise (<anonymous>)
    at runPanelAction (http://localhost:1420/src/lib/home/home-panel-run.ts:6:18)
    at refreshCoding (http://localhost:1420/src/views/HomeBench.vue?t=1788077365760:30:28)
    at http://localhost:1420/src/views/HomeBench.vue?t=1788077365760:47:14
[  495378ms] TypeError: Cannot read properties of undefined (reading 'transformCallback')
    at transformCallback (http://localhost:1420/node_modules/.vite/deps/chunk-G7S6KQDI.js?v=318df923:22:37)
    at listen (http://localhost:1420/node_modules/.vite/deps/chunk-7FCLUC5I.js?v=318df923:39:14)
    at once (http://localhost:1420/node_modules/.vite/deps/chunk-7FCLUC5I.js?v=318df923:45:10)
    at http://localhost:1420/src/services/brainClient.ts:20:10
    at new Promise (<anonymous>)
    at onceWithTimeout (http://localhost:1420/src/services/brainClient.ts:19:16)
    at getWidgetsOnce (http://localhost:1420/src/services/brainClient.ts:198:10)
    at refresh (http://localhost:1420/src/views/HomeFloatNotes.vue:51:30)
    at http://localhost:1420/src/views/HomeFloatNotes.vue:59:14
[  495378ms] TypeError: Cannot read properties of undefined (reading 'transformCallback')
    at transformCallback (http://localhost:1420/node_modules/.vite/deps/chunk-G7S6KQDI.js?v=318df923:22:37)
    at listen (http://localhost:1420/node_modules/.vite/deps/chunk-7FCLUC5I.js?v=318df923:39:14)
    at onBrainEvent (http://localhost:1420/src/services/brainClient.ts:299:10)
    at http://localhost:1420/src/lib/home/home-panel-run.ts:12:12
    at new Promise (<anonymous>)
    at runPanelAction (http://localhost:1420/src/lib/home/home-panel-run.ts:6:18)
    at refreshCoding (http://localhost:1420/src/views/HomeBench.vue?t=1788077365760:30:28)
    at http://localhost:1420/src/views/HomeBench.vue?t=1788077365760:47:14
[  507378ms] TypeError: Cannot read properties of undefined (reading 'transformCallback')
    at transformCallback (http://localhost:1420/node_modules/.vite/deps/chunk-G7S6KQDI.js?v=318df923:22:37)
    at listen (http://localhost:1420/node_modules/.vite/deps/chunk-7FCLUC5I.js?v=318df923:39:14)
    at once (http://localhost:1420/node_modules/.vite/deps/chunk-7FCLUC5I.js?v=318df923:45:10)
    at http://localhost:1420/src/services/brainClient.ts:20:10
    at new Promise (<anonymous>)
    at onceWithTimeout (http://localhost:1420/src/services/brainClient.ts:19:16)
    at getWidgetsOnce (http://localhost:1420/src/services/brainClient.ts:198:10)
    at refresh (http://localhost:1420/src/views/HomeFloatNotes.vue:51:30)
    at http://localhost:1420/src/views/HomeFloatNotes.vue:59:14
[  507378ms] TypeError: Cannot read properties of undefined (reading 'transformCallback')
    at transformCallback (http://localhost:1420/node_modules/.vite/deps/chunk-G7S6KQDI.js?v=318df923:22:37)
    at listen (http://localhost:1420/node_modules/.vite/deps/chunk-7FCLUC5I.js?v=318df923:39:14)
    at onBrainEvent (http://localhost:1420/src/services/brainClient.ts:299:10)
    at http://localhost:1420/src/lib/home/home-panel-run.ts:12:12
    at new Promise (<anonymous>)
    at runPanelAction (http://localhost:1420/src/lib/home/home-panel-run.ts:6:18)
    at refreshCoding (http://localhost:1420/src/views/HomeBench.vue?t=1788077365760:30:28)
    at http://localhost:1420/src/views/HomeBench.vue?t=1788077365760:47:14
[  519378ms] TypeError: Cannot read properties of undefined (reading 'transformCallback')
    at transformCallback (http://localhost:1420/node_modules/.vite/deps/chunk-G7S6KQDI.js?v=318df923:22:37)
    at listen (http://localhost:1420/node_modules/.vite/deps/chunk-7FCLUC5I.js?v=318df923:39:14)
    at once (http://localhost:1420/node_modules/.vite/deps/chunk-7FCLUC5I.js?v=318df923:45:10)
    at http://localhost:1420/src/services/brainClient.ts:20:10
    at new Promise (<anonymous>)
    at onceWithTimeout (http://localhost:1420/src/services/brainClient.ts:19:16)
    at getWidgetsOnce (http://localhost:1420/src/services/brainClient.ts:198:10)
    at refresh (http://localhost:1420/src/views/HomeFloatNotes.vue:51:30)
    at http://localhost:1420/src/views/HomeFloatNotes.vue:59:14
[  519378ms] TypeError: Cannot read properties of undefined (reading 'transformCallback')
    at transformCallback (http://localhost:1420/node_modules/.vite/deps/chunk-G7S6KQDI.js?v=318df923:22:37)
    at listen (http://localhost:1420/node_modules/.vite/deps/chunk-7FCLUC5I.js?v=318df923:39:14)
    at onBrainEvent (http://localhost:1420/src/services/brainClient.ts:299:10)
    at http://localhost:1420/src/lib/home/home-panel-run.ts:12:12
    at new Promise (<anonymous>)
    at runPanelAction (http://localhost:1420/src/lib/home/home-panel-run.ts:6:18)
    at refreshCoding (http://localhost:1420/src/views/HomeBench.vue?t=1788077365760:30:28)
    at http://localhost:1420/src/views/HomeBench.vue?t=1788077365760:47:14
[  531378ms] TypeError: Cannot read properties of undefined (reading 'transformCallback')
    at transformCallback (http://localhost:1420/node_modules/.vite/deps/chunk-G7S6KQDI.js?v=318df923:22:37)
    at listen (http://localhost:1420/node_modules/.vite/deps/chunk-7FCLUC5I.js?v=318df923:39:14)
    at once (http://localhost:1420/node_modules/.vite/deps/chunk-7FCLUC5I.js?v=318df923:45:10)
    at http://localhost:1420/src/services/brainClient.ts:20:10
    at new Promise (<anonymous>)
    at onceWithTimeout (http://localhost:1420/src/services/brainClient.ts:19:16)
    at getWidgetsOnce (http://localhost:1420/src/services/brainClient.ts:198:10)
    at refresh (http://localhost:1420/src/views/HomeFloatNotes.vue:51:30)
    at http://localhost:1420/src/views/HomeFloatNotes.vue:59:14
[  531378ms] TypeError: Cannot read properties of undefined (reading 'transformCallback')
    at transformCallback (http://localhost:1420/node_modules/.vite/deps/chunk-G7S6KQDI.js?v=318df923:22:37)
    at listen (http://localhost:1420/node_modules/.vite/deps/chunk-7FCLUC5I.js?v=318df923:39:14)
    at onBrainEvent (http://localhost:1420/src/services/brainClient.ts:299:10)
    at http://localhost:1420/src/lib/home/home-panel-run.ts:12:12
    at new Promise (<anonymous>)
    at runPanelAction (http://localhost:1420/src/lib/home/home-panel-run.ts:6:18)
    at refreshCoding (http://localhost:1420/src/views/HomeBench.vue?t=1788077365760:30:28)
    at http://localhost:1420/src/views/HomeBench.vue?t=1788077365760:47:14
[  543378ms] TypeError: Cannot read properties of undefined (reading 'transformCallback')
    at transformCallback (http://localhost:1420/node_modules/.vite/deps/chunk-G7S6KQDI.js?v=318df923:22:37)
    at listen (http://localhost:1420/node_modules/.vite/deps/chunk-7FCLUC5I.js?v=318df923:39:14)
    at once (http://localhost:1420/node_modules/.vite/deps/chunk-7FCLUC5I.js?v=318df923:45:10)
    at http://localhost:1420/src/services/brainClient.ts:20:10
    at new Promise (<anonymous>)
    at onceWithTimeout (http://localhost:1420/src/services/brainClient.ts:19:16)
    at getWidgetsOnce (http://localhost:1420/src/services/brainClient.ts:198:10)
    at refresh (http://localhost:1420/src/views/HomeFloatNotes.vue:51:30)
    at http://localhost:1420/src/views/HomeFloatNotes.vue:59:14
[  543378ms] TypeError: Cannot read properties of undefined (reading 'transformCallback')
    at transformCallback (http://localhost:1420/node_modules/.vite/deps/chunk-G7S6KQDI.js?v=318df923:22:37)
    at listen (http://localhost:1420/node_modules/.vite/deps/chunk-7FCLUC5I.js?v=318df923:39:14)
    at onBrainEvent (http://localhost:1420/src/services/brainClient.ts:299:10)
    at http://localhost:1420/src/lib/home/home-panel-run.ts:12:12
    at new Promise (<anonymous>)
    at runPanelAction (http://localhost:1420/src/lib/home/home-panel-run.ts:6:18)
    at refreshCoding (http://localhost:1420/src/views/HomeBench.vue?t=1788077365760:30:28)
    at http://localhost:1420/src/views/HomeBench.vue?t=1788077365760:47:14
[  555378ms] TypeError: Cannot read properties of undefined (reading 'transformCallback')
    at transformCallback (http://localhost:1420/node_modules/.vite/deps/chunk-G7S6KQDI.js?v=318df923:22:37)
    at listen (http://localhost:1420/node_modules/.vite/deps/chunk-7FCLUC5I.js?v=318df923:39:14)
    at once (http://localhost:1420/node_modules/.vite/deps/chunk-7FCLUC5I.js?v=318df923:45:10)
    at http://localhost:1420/src/services/brainClient.ts:20:10
    at new Promise (<anonymous>)
    at onceWithTimeout (http://localhost:1420/src/services/brainClient.ts:19:16)
    at getWidgetsOnce (http://localhost:1420/src/services/brainClient.ts:198:10)
    at refresh (http://localhost:1420/src/views/HomeFloatNotes.vue:51:30)
    at http://localhost:1420/src/views/HomeFloatNotes.vue:59:14
[  555378ms] TypeError: Cannot read properties of undefined (reading 'transformCallback')
    at transformCallback (http://localhost:1420/node_modules/.vite/deps/chunk-G7S6KQDI.js?v=318df923:22:37)
    at listen (http://localhost:1420/node_modules/.vite/deps/chunk-7FCLUC5I.js?v=318df923:39:14)
    at onBrainEvent (http://localhost:1420/src/services/brainClient.ts:299:10)
    at http://localhost:1420/src/lib/home/home-panel-run.ts:12:12
    at new Promise (<anonymous>)
    at runPanelAction (http://localhost:1420/src/lib/home/home-panel-run.ts:6:18)
    at refreshCoding (http://localhost:1420/src/views/HomeBench.vue?t=1788077365760:30:28)
    at http://localhost:1420/src/views/HomeBench.vue?t=1788077365760:47:14
[  567379ms] TypeError: Cannot read properties of undefined (reading 'transformCallback')
    at transformCallback (http://localhost:1420/node_modules/.vite/deps/chunk-G7S6KQDI.js?v=318df923:22:37)
    at listen (http://localhost:1420/node_modules/.vite/deps/chunk-7FCLUC5I.js?v=318df923:39:14)
    at once (http://localhost:1420/node_modules/.vite/deps/chunk-7FCLUC5I.js?v=318df923:45:10)
    at http://localhost:1420/src/services/brainClient.ts:20:10
    at new Promise (<anonymous>)
    at onceWithTimeout (http://localhost:1420/src/services/brainClient.ts:19:16)
    at getWidgetsOnce (http://localhost:1420/src/services/brainClient.ts:198:10)
    at refresh (http://localhost:1420/src/views/HomeFloatNotes.vue:51:30)
    at http://localhost:1420/src/views/HomeFloatNotes.vue:59:14
[  567379ms] TypeError: Cannot read properties of undefined (reading 'transformCallback')
    at transformCallback (http://localhost:1420/node_modules/.vite/deps/chunk-G7S6KQDI.js?v=318df923:22:37)
    at listen (http://localhost:1420/node_modules/.vite/deps/chunk-7FCLUC5I.js?v=318df923:39:14)
    at onBrainEvent (http://localhost:1420/src/services/brainClient.ts:299:10)
    at http://localhost:1420/src/lib/home/home-panel-run.ts:12:12
    at new Promise (<anonymous>)
    at runPanelAction (http://localhost:1420/src/lib/home/home-panel-run.ts:6:18)
    at refreshCoding (http://localhost:1420/src/views/HomeBench.vue?t=1788077365760:30:28)
    at http://localhost:1420/src/views/HomeBench.vue?t=1788077365760:47:14
[  579379ms] TypeError: Cannot read properties of undefined (reading 'transformCallback')
    at transformCallback (http://localhost:1420/node_modules/.vite/deps/chunk-G7S6KQDI.js?v=318df923:22:37)
    at listen (http://localhost:1420/node_modules/.vite/deps/chunk-7FCLUC5I.js?v=318df923:39:14)
    at once (http://localhost:1420/node_modules/.vite/deps/chunk-7FCLUC5I.js?v=318df923:45:10)
    at http://localhost:1420/src/services/brainClient.ts:20:10
    at new Promise (<anonymous>)
    at onceWithTimeout (http://localhost:1420/src/services/brainClient.ts:19:16)
    at getWidgetsOnce (http://localhost:1420/src/services/brainClient.ts:198:10)
    at refresh (http://localhost:1420/src/views/HomeFloatNotes.vue:51:30)
    at http://localhost:1420/src/views/HomeFloatNotes.vue:59:14
[  579379ms] TypeError: Cannot read properties of undefined (reading 'transformCallback')
    at transformCallback (http://localhost:1420/node_modules/.vite/deps/chunk-G7S6KQDI.js?v=318df923:22:37)
    at listen (http://localhost:1420/node_modules/.vite/deps/chunk-7FCLUC5I.js?v=318df923:39:14)
    at onBrainEvent (http://localhost:1420/src/services/brainClient.ts:299:10)
    at http://localhost:1420/src/lib/home/home-panel-run.ts:12:12
    at new Promise (<anonymous>)
    at runPanelAction (http://localhost:1420/src/lib/home/home-panel-run.ts:6:18)
    at refreshCoding (http://localhost:1420/src/views/HomeBench.vue?t=1788077365760:30:28)
    at http://localhost:1420/src/views/HomeBench.vue?t=1788077365760:47:14
[  591380ms] TypeError: Cannot read properties of undefined (reading 'transformCallback')
    at transformCallback (http://localhost:1420/node_modules/.vite/deps/chunk-G7S6KQDI.js?v=318df923:22:37)
    at listen (http://localhost:1420/node_modules/.vite/deps/chunk-7FCLUC5I.js?v=318df923:39:14)
    at once (http://localhost:1420/node_modules/.vite/deps/chunk-7FCLUC5I.js?v=318df923:45:10)
    at http://localhost:1420/src/services/brainClient.ts:20:10
    at new Promise (<anonymous>)
    at onceWithTimeout (http://localhost:1420/src/services/brainClient.ts:19:16)
    at getWidgetsOnce (http://localhost:1420/src/services/brainClient.ts:198:10)
    at refresh (http://localhost:1420/src/views/HomeFloatNotes.vue:51:30)
    at http://localhost:1420/src/views/HomeFloatNotes.vue:59:14
[  591380ms] TypeError: Cannot read properties of undefined (reading 'transformCallback')
    at transformCallback (http://localhost:1420/node_modules/.vite/deps/chunk-G7S6KQDI.js?v=318df923:22:37)
    at listen (http://localhost:1420/node_modules/.vite/deps/chunk-7FCLUC5I.js?v=318df923:39:14)
    at onBrainEvent (http://localhost:1420/src/services/brainClient.ts:299:10)
    at http://localhost:1420/src/lib/home/home-panel-run.ts:12:12
    at new Promise (<anonymous>)
    at runPanelAction (http://localhost:1420/src/lib/home/home-panel-run.ts:6:18)
    at refreshCoding (http://localhost:1420/src/views/HomeBench.vue?t=1788077365760:30:28)
    at http://localhost:1420/src/views/HomeBench.vue?t=1788077365760:47:14
[  603381ms] TypeError: Cannot read properties of undefined (reading 'transformCallback')
    at transformCallback (http://localhost:1420/node_modules/.vite/deps/chunk-G7S6KQDI.js?v=318df923:22:37)
    at listen (http://localhost:1420/node_modules/.vite/deps/chunk-7FCLUC5I.js?v=318df923:39:14)
    at once (http://localhost:1420/node_modules/.vite/deps/chunk-7FCLUC5I.js?v=318df923:45:10)
    at http://localhost:1420/src/services/brainClient.ts:20:10
    at new Promise (<anonymous>)
    at onceWithTimeout (http://localhost:1420/src/services/brainClient.ts:19:16)
    at getWidgetsOnce (http://localhost:1420/src/services/brainClient.ts:198:10)
    at refresh (http://localhost:1420/src/views/HomeFloatNotes.vue:51:30)
    at http://localhost:1420/src/views/HomeFloatNotes.vue:59:14
[  603381ms] TypeError: Cannot read properties of undefined (reading 'transformCallback')
    at transformCallback (http://localhost:1420/node_modules/.vite/deps/chunk-G7S6KQDI.js?v=318df923:22:37)
    at listen (http://localhost:1420/node_modules/.vite/deps/chunk-7FCLUC5I.js?v=318df923:39:14)
    at onBrainEvent (http://localhost:1420/src/services/brainClient.ts:299:10)
    at http://localhost:1420/src/lib/home/home-panel-run.ts:12:12
    at new Promise (<anonymous>)
    at runPanelAction (http://localhost:1420/src/lib/home/home-panel-run.ts:6:18)
    at refreshCoding (http://localhost:1420/src/views/HomeBench.vue?t=1788077365760:30:28)
    at http://localhost:1420/src/views/HomeBench.vue?t=1788077365760:47:14
[  615380ms] TypeError: Cannot read properties of undefined (reading 'transformCallback')
    at transformCallback (http://localhost:1420/node_modules/.vite/deps/chunk-G7S6KQDI.js?v=318df923:22:37)
    at listen (http://localhost:1420/node_modules/.vite/deps/chunk-7FCLUC5I.js?v=318df923:39:14)
    at once (http://localhost:1420/node_modules/.vite/deps/chunk-7FCLUC5I.js?v=318df923:45:10)
    at http://localhost:1420/src/services/brainClient.ts:20:10
    at new Promise (<anonymous>)
    at onceWithTimeout (http://localhost:1420/src/services/brainClient.ts:19:16)
    at getWidgetsOnce (http://localhost:1420/src/services/brainClient.ts:198:10)
    at refresh (http://localhost:1420/src/views/HomeFloatNotes.vue:51:30)
    at http://localhost:1420/src/views/HomeFloatNotes.vue:59:14
[  615380ms] TypeError: Cannot read properties of undefined (reading 'transformCallback')
    at transformCallback (http://localhost:1420/node_modules/.vite/deps/chunk-G7S6KQDI.js?v=318df923:22:37)
    at listen (http://localhost:1420/node_modules/.vite/deps/chunk-7FCLUC5I.js?v=318df923:39:14)
    at onBrainEvent (http://localhost:1420/src/services/brainClient.ts:299:10)
    at http://localhost:1420/src/lib/home/home-panel-run.ts:12:12
    at new Promise (<anonymous>)
    at runPanelAction (http://localhost:1420/src/lib/home/home-panel-run.ts:6:18)
    at refreshCoding (http://localhost:1420/src/views/HomeBench.vue?t=1788077365760:30:28)
    at http://localhost:1420/src/views/HomeBench.vue?t=1788077365760:47:14
[  627379ms] TypeError: Cannot read properties of undefined (reading 'transformCallback')
    at transformCallback (http://localhost:1420/node_modules/.vite/deps/chunk-G7S6KQDI.js?v=318df923:22:37)
    at listen (http://localhost:1420/node_modules/.vite/deps/chunk-7FCLUC5I.js?v=318df923:39:14)
    at once (http://localhost:1420/node_modules/.vite/deps/chunk-7FCLUC5I.js?v=318df923:45:10)
    at http://localhost:1420/src/services/brainClient.ts:20:10
    at new Promise (<anonymous>)
    at onceWithTimeout (http://localhost:1420/src/services/brainClient.ts:19:16)
    at getWidgetsOnce (http://localhost:1420/src/services/brainClient.ts:198:10)
    at refresh (http://localhost:1420/src/views/HomeFloatNotes.vue:51:30)
    at http://localhost:1420/src/views/HomeFloatNotes.vue:59:14
[  627379ms] TypeError: Cannot read properties of undefined (reading 'transformCallback')
    at transformCallback (http://localhost:1420/node_modules/.vite/deps/chunk-G7S6KQDI.js?v=318df923:22:37)
    at listen (http://localhost:1420/node_modules/.vite/deps/chunk-7FCLUC5I.js?v=318df923:39:14)
    at onBrainEvent (http://localhost:1420/src/services/brainClient.ts:299:10)
    at http://localhost:1420/src/lib/home/home-panel-run.ts:12:12
    at new Promise (<anonymous>)
    at runPanelAction (http://localhost:1420/src/lib/home/home-panel-run.ts:6:18)
    at refreshCoding (http://localhost:1420/src/views/HomeBench.vue?t=1788077365760:30:28)
    at http://localhost:1420/src/views/HomeBench.vue?t=1788077365760:47:14
[  639380ms] TypeError: Cannot read properties of undefined (reading 'transformCallback')
    at transformCallback (http://localhost:1420/node_modules/.vite/deps/chunk-G7S6KQDI.js?v=318df923:22:37)
    at listen (http://localhost:1420/node_modules/.vite/deps/chunk-7FCLUC5I.js?v=318df923:39:14)
    at once (http://localhost:1420/node_modules/.vite/deps/chunk-7FCLUC5I.js?v=318df923:45:10)
    at http://localhost:1420/src/services/brainClient.ts:20:10
    at new Promise (<anonymous>)
    at onceWithTimeout (http://localhost:1420/src/services/brainClient.ts:19:16)
    at getWidgetsOnce (http://localhost:1420/src/services/brainClient.ts:198:10)
    at refresh (http://localhost:1420/src/views/HomeFloatNotes.vue:51:30)
    at http://localhost:1420/src/views/HomeFloatNotes.vue:59:14
[  639380ms] TypeError: Cannot read properties of undefined (reading 'transformCallback')
    at transformCallback (http://localhost:1420/node_modules/.vite/deps/chunk-G7S6KQDI.js?v=318df923:22:37)
    at listen (http://localhost:1420/node_modules/.vite/deps/chunk-7FCLUC5I.js?v=318df923:39:14)
    at onBrainEvent (http://localhost:1420/src/services/brainClient.ts:299:10)
    at http://localhost:1420/src/lib/home/home-panel-run.ts:12:12
    at new Promise (<anonymous>)
    at runPanelAction (http://localhost:1420/src/lib/home/home-panel-run.ts:6:18)
    at refreshCoding (http://localhost:1420/src/views/HomeBench.vue?t=1788077365760:30:28)
    at http://localhost:1420/src/views/HomeBench.vue?t=1788077365760:47:14
[  651382ms] TypeError: Cannot read properties of undefined (reading 'transformCallback')
    at transformCallback (http://localhost:1420/node_modules/.vite/deps/chunk-G7S6KQDI.js?v=318df923:22:37)
    at listen (http://localhost:1420/node_modules/.vite/deps/chunk-7FCLUC5I.js?v=318df923:39:14)
    at once (http://localhost:1420/node_modules/.vite/deps/chunk-7FCLUC5I.js?v=318df923:45:10)
    at http://localhost:1420/src/services/brainClient.ts:20:10
    at new Promise (<anonymous>)
    at onceWithTimeout (http://localhost:1420/src/services/brainClient.ts:19:16)
    at getWidgetsOnce (http://localhost:1420/src/services/brainClient.ts:198:10)
    at refresh (http://localhost:1420/src/views/HomeFloatNotes.vue:51:30)
    at http://localhost:1420/src/views/HomeFloatNotes.vue:59:14
[  651382ms] TypeError: Cannot read properties of undefined (reading 'transformCallback')
    at transformCallback (http://localhost:1420/node_modules/.vite/deps/chunk-G7S6KQDI.js?v=318df923:22:37)
    at listen (http://localhost:1420/node_modules/.vite/deps/chunk-7FCLUC5I.js?v=318df923:39:14)
    at onBrainEvent (http://localhost:1420/src/services/brainClient.ts:299:10)
    at http://localhost:1420/src/lib/home/home-panel-run.ts:12:12
    at new Promise (<anonymous>)
    at runPanelAction (http://localhost:1420/src/lib/home/home-panel-run.ts:6:18)
    at refreshCoding (http://localhost:1420/src/views/HomeBench.vue?t=1788077365760:30:28)
    at http://localhost:1420/src/views/HomeBench.vue?t=1788077365760:47:14
[  663381ms] TypeError: Cannot read properties of undefined (reading 'transformCallback')
    at transformCallback (http://localhost:1420/node_modules/.vite/deps/chunk-G7S6KQDI.js?v=318df923:22:37)
    at listen (http://localhost:1420/node_modules/.vite/deps/chunk-7FCLUC5I.js?v=318df923:39:14)
    at once (http://localhost:1420/node_modules/.vite/deps/chunk-7FCLUC5I.js?v=318df923:45:10)
    at http://localhost:1420/src/services/brainClient.ts:20:10
    at new Promise (<anonymous>)
    at onceWithTimeout (http://localhost:1420/src/services/brainClient.ts:19:16)
    at getWidgetsOnce (http://localhost:1420/src/services/brainClient.ts:198:10)
    at refresh (http://localhost:1420/src/views/HomeFloatNotes.vue:51:30)
    at http://localhost:1420/src/views/HomeFloatNotes.vue:59:14
[  663382ms] TypeError: Cannot read properties of undefined (reading 'transformCallback')
    at transformCallback (http://localhost:1420/node_modules/.vite/deps/chunk-G7S6KQDI.js?v=318df923:22:37)
    at listen (http://localhost:1420/node_modules/.vite/deps/chunk-7FCLUC5I.js?v=318df923:39:14)
    at onBrainEvent (http://localhost:1420/src/services/brainClient.ts:299:10)
    at http://localhost:1420/src/lib/home/home-panel-run.ts:12:12
    at new Promise (<anonymous>)
    at runPanelAction (http://localhost:1420/src/lib/home/home-panel-run.ts:6:18)
    at refreshCoding (http://localhost:1420/src/views/HomeBench.vue?t=1788077365760:30:28)
    at http://localhost:1420/src/views/HomeBench.vue?t=1788077365760:47:14
[  675380ms] TypeError: Cannot read properties of undefined (reading 'transformCallback')
    at transformCallback (http://localhost:1420/node_modules/.vite/deps/chunk-G7S6KQDI.js?v=318df923:22:37)
    at listen (http://localhost:1420/node_modules/.vite/deps/chunk-7FCLUC5I.js?v=318df923:39:14)
    at once (http://localhost:1420/node_modules/.vite/deps/chunk-7FCLUC5I.js?v=318df923:45:10)
    at http://localhost:1420/src/services/brainClient.ts:20:10
    at new Promise (<anonymous>)
    at onceWithTimeout (http://localhost:1420/src/services/brainClient.ts:19:16)
    at getWidgetsOnce (http://localhost:1420/src/services/brainClient.ts:198:10)
    at refresh (http://localhost:1420/src/views/HomeFloatNotes.vue:51:30)
    at http://localhost:1420/src/views/HomeFloatNotes.vue:59:14
[  675380ms] TypeError: Cannot read properties of undefined (reading 'transformCallback')
    at transformCallback (http://localhost:1420/node_modules/.vite/deps/chunk-G7S6KQDI.js?v=318df923:22:37)
    at listen (http://localhost:1420/node_modules/.vite/deps/chunk-7FCLUC5I.js?v=318df923:39:14)
    at onBrainEvent (http://localhost:1420/src/services/brainClient.ts:299:10)
    at http://localhost:1420/src/lib/home/home-panel-run.ts:12:12
    at new Promise (<anonymous>)
    at runPanelAction (http://localhost:1420/src/lib/home/home-panel-run.ts:6:18)
    at refreshCoding (http://localhost:1420/src/views/HomeBench.vue?t=1788077365760:30:28)
    at http://localhost:1420/src/views/HomeBench.vue?t=1788077365760:47:14
[  687382ms] TypeError: Cannot read properties of undefined (reading 'transformCallback')
    at transformCallback (http://localhost:1420/node_modules/.vite/deps/chunk-G7S6KQDI.js?v=318df923:22:37)
    at listen (http://localhost:1420/node_modules/.vite/deps/chunk-7FCLUC5I.js?v=318df923:39:14)
    at once (http://localhost:1420/node_modules/.vite/deps/chunk-7FCLUC5I.js?v=318df923:45:10)
    at http://localhost:1420/src/services/brainClient.ts:20:10
    at new Promise (<anonymous>)
    at onceWithTimeout (http://localhost:1420/src/services/brainClient.ts:19:16)
    at getWidgetsOnce (http://localhost:1420/src/services/brainClient.ts:198:10)
    at refresh (http://localhost:1420/src/views/HomeFloatNotes.vue:51:30)
    at http://localhost:1420/src/views/HomeFloatNotes.vue:59:14
[  687382ms] TypeError: Cannot read properties of undefined (reading 'transformCallback')
    at transformCallback (http://localhost:1420/node_modules/.vite/deps/chunk-G7S6KQDI.js?v=318df923:22:37)
    at listen (http://localhost:1420/node_modules/.vite/deps/chunk-7FCLUC5I.js?v=318df923:39:14)
    at onBrainEvent (http://localhost:1420/src/services/brainClient.ts:299:10)
    at http://localhost:1420/src/lib/home/home-panel-run.ts:12:12
    at new Promise (<anonymous>)
    at runPanelAction (http://localhost:1420/src/lib/home/home-panel-run.ts:6:18)
    at refreshCoding (http://localhost:1420/src/views/HomeBench.vue?t=1788077365760:30:28)
    at http://localhost:1420/src/views/HomeBench.vue?t=1788077365760:47:14
[  699381ms] TypeError: Cannot read properties of undefined (reading 'transformCallback')
    at transformCallback (http://localhost:1420/node_modules/.vite/deps/chunk-G7S6KQDI.js?v=318df923:22:37)
    at listen (http://localhost:1420/node_modules/.vite/deps/chunk-7FCLUC5I.js?v=318df923:39:14)
    at once (http://localhost:1420/node_modules/.vite/deps/chunk-7FCLUC5I.js?v=318df923:45:10)
    at http://localhost:1420/src/services/brainClient.ts:20:10
    at new Promise (<anonymous>)
    at onceWithTimeout (http://localhost:1420/src/services/brainClient.ts:19:16)
    at getWidgetsOnce (http://localhost:1420/src/services/brainClient.ts:198:10)
    at refresh (http://localhost:1420/src/views/HomeFloatNotes.vue:51:30)
    at http://localhost:1420/src/views/HomeFloatNotes.vue:59:14
[  699381ms] TypeError: Cannot read properties of undefined (reading 'transformCallback')
    at transformCallback (http://localhost:1420/node_modules/.vite/deps/chunk-G7S6KQDI.js?v=318df923:22:37)
    at listen (http://localhost:1420/node_modules/.vite/deps/chunk-7FCLUC5I.js?v=318df923:39:14)
    at onBrainEvent (http://localhost:1420/src/services/brainClient.ts:299:10)
    at http://localhost:1420/src/lib/home/home-panel-run.ts:12:12
    at new Promise (<anonymous>)
    at runPanelAction (http://localhost:1420/src/lib/home/home-panel-run.ts:6:18)
    at refreshCoding (http://localhost:1420/src/views/HomeBench.vue?t=1788077365760:30:28)
    at http://localhost:1420/src/views/HomeBench.vue?t=1788077365760:47:14
[  711382ms] TypeError: Cannot read properties of undefined (reading 'transformCallback')
    at transformCallback (http://localhost:1420/node_modules/.vite/deps/chunk-G7S6KQDI.js?v=318df923:22:37)
    at listen (http://localhost:1420/node_modules/.vite/deps/chunk-7FCLUC5I.js?v=318df923:39:14)
    at once (http://localhost:1420/node_modules/.vite/deps/chunk-7FCLUC5I.js?v=318df923:45:10)
    at http://localhost:1420/src/services/brainClient.ts:20:10
    at new Promise (<anonymous>)
    at onceWithTimeout (http://localhost:1420/src/services/brainClient.ts:19:16)
    at getWidgetsOnce (http://localhost:1420/src/services/brainClient.ts:198:10)
    at refresh (http://localhost:1420/src/views/HomeFloatNotes.vue:51:30)
    at http://localhost:1420/src/views/HomeFloatNotes.vue:59:14
[  711382ms] TypeError: Cannot read properties of undefined (reading 'transformCallback')
    at transformCallback (http://localhost:1420/node_modules/.vite/deps/chunk-G7S6KQDI.js?v=318df923:22:37)
    at listen (http://localhost:1420/node_modules/.vite/deps/chunk-7FCLUC5I.js?v=318df923:39:14)
    at onBrainEvent (http://localhost:1420/src/services/brainClient.ts:299:10)
    at http://localhost:1420/src/lib/home/home-panel-run.ts:12:12
    at new Promise (<anonymous>)
    at runPanelAction (http://localhost:1420/src/lib/home/home-panel-run.ts:6:18)
    at refreshCoding (http://localhost:1420/src/views/HomeBench.vue?t=1788077365760:30:28)
    at http://localhost:1420/src/views/HomeBench.vue?t=1788077365760:47:14
[  716378ms] TypeError: Cannot read properties of undefined (reading 'transformCallback')
    at transformCallback (http://localhost:1420/node_modules/.vite/deps/chunk-G7S6KQDI.js?v=318df923:22:37)
    at listen (http://localhost:1420/node_modules/.vite/deps/chunk-7FCLUC5I.js?v=318df923:39:14)
    at once (http://localhost:1420/node_modules/.vite/deps/chunk-7FCLUC5I.js?v=318df923:45:10)
    at http://localhost:1420/src/services/brainClient.ts:20:10
    at new Promise (<anonymous>)
    at onceWithTimeout (http://localhost:1420/src/services/brainClient.ts:19:16)
    at getWidgetsOnce (http://localhost:1420/src/services/brainClient.ts:198:10)
    at refresh (http://localhost:1420/src/views/HomeFloatNotes.vue?t=1788078159546:51:30)
    at http://localhost:1420/src/views/HomeFloatNotes.vue?t=1788078159546:57:13
    at http://localhost:1420/node_modules/.vite/deps/vue.js?v=318df923:5342:40
[  723382ms] TypeError: Cannot read properties of undefined (reading 'transformCallback')
    at transformCallback (http://localhost:1420/node_modules/.vite/deps/chunk-G7S6KQDI.js?v=318df923:22:37)
    at listen (http://localhost:1420/node_modules/.vite/deps/chunk-7FCLUC5I.js?v=318df923:39:14)
    at onBrainEvent (http://localhost:1420/src/services/brainClient.ts:299:10)
    at http://localhost:1420/src/lib/home/home-panel-run.ts:12:12
    at new Promise (<anonymous>)
    at runPanelAction (http://localhost:1420/src/lib/home/home-panel-run.ts:6:18)
    at refreshCoding (http://localhost:1420/src/views/HomeBench.vue?t=1788077365760:30:28)
    at http://localhost:1420/src/views/HomeBench.vue?t=1788077365760:47:14
[  731382ms] TypeError: Cannot read properties of undefined (reading 'transformCallback')
    at transformCallback (http://localhost:1420/node_modules/.vite/deps/chunk-G7S6KQDI.js?v=318df923:22:37)
    at listen (http://localhost:1420/node_modules/.vite/deps/chunk-7FCLUC5I.js?v=318df923:39:14)
    at once (http://localhost:1420/node_modules/.vite/deps/chunk-7FCLUC5I.js?v=318df923:45:10)
    at http://localhost:1420/src/services/brainClient.ts:20:10
    at new Promise (<anonymous>)
    at onceWithTimeout (http://localhost:1420/src/services/brainClient.ts:19:16)
    at getWidgetsOnce (http://localhost:1420/src/services/brainClient.ts:198:10)
    at refresh (http://localhost:1420/src/views/HomeFloatNotes.vue?t=1788078159546:51:30)
    at http://localhost:1420/src/views/HomeFloatNotes.vue?t=1788078159546:59:14
[  735382ms] TypeError: Cannot read properties of undefined (reading 'transformCallback')
    at transformCallback (http://localhost:1420/node_modules/.vite/deps/chunk-G7S6KQDI.js?v=318df923:22:37)
    at listen (http://localhost:1420/node_modules/.vite/deps/chunk-7FCLUC5I.js?v=318df923:39:14)
    at onBrainEvent (http://localhost:1420/src/services/brainClient.ts:299:10)
    at http://localhost:1420/src/lib/home/home-panel-run.ts:12:12
    at new Promise (<anonymous>)
    at runPanelAction (http://localhost:1420/src/lib/home/home-panel-run.ts:6:18)
    at refreshCoding (http://localhost:1420/src/views/HomeBench.vue?t=1788077365760:30:28)
    at http://localhost:1420/src/views/HomeBench.vue?t=1788077365760:47:14
[  743382ms] TypeError: Cannot read properties of undefined (reading 'transformCallback')
    at transformCallback (http://localhost:1420/node_modules/.vite/deps/chunk-G7S6KQDI.js?v=318df923:22:37)
    at listen (http://localhost:1420/node_modules/.vite/deps/chunk-7FCLUC5I.js?v=318df923:39:14)
    at once (http://localhost:1420/node_modules/.vite/deps/chunk-7FCLUC5I.js?v=318df923:45:10)
    at http://localhost:1420/src/services/brainClient.ts:20:10
    at new Promise (<anonymous>)
    at onceWithTimeout (http://localhost:1420/src/services/brainClient.ts:19:16)
    at getWidgetsOnce (http://localhost:1420/src/services/brainClient.ts:198:10)
    at refresh (http://localhost:1420/src/views/HomeFloatNotes.vue?t=1788078159546:51:30)
    at http://localhost:1420/src/views/HomeFloatNotes.vue?t=1788078159546:59:14
[  747383ms] TypeError: Cannot read properties of undefined (reading 'transformCallback')
    at transformCallback (http://localhost:1420/node_modules/.vite/deps/chunk-G7S6KQDI.js?v=318df923:22:37)
    at listen (http://localhost:1420/node_modules/.vite/deps/chunk-7FCLUC5I.js?v=318df923:39:14)
    at onBrainEvent (http://localhost:1420/src/services/brainClient.ts:299:10)
    at http://localhost:1420/src/lib/home/home-panel-run.ts:12:12
    at new Promise (<anonymous>)
    at runPanelAction (http://localhost:1420/src/lib/home/home-panel-run.ts:6:18)
    at refreshCoding (http://localhost:1420/src/views/HomeBench.vue?t=1788077365760:30:28)
    at http://localhost:1420/src/views/HomeBench.vue?t=1788077365760:47:14
[  755382ms] TypeError: Cannot read properties of undefined (reading 'transformCallback')
    at transformCallback (http://localhost:1420/node_modules/.vite/deps/chunk-G7S6KQDI.js?v=318df923:22:37)
    at listen (http://localhost:1420/node_modules/.vite/deps/chunk-7FCLUC5I.js?v=318df923:39:14)
    at once (http://localhost:1420/node_modules/.vite/deps/chunk-7FCLUC5I.js?v=318df923:45:10)
    at http://localhost:1420/src/services/brainClient.ts:20:10
    at new Promise (<anonymous>)
    at onceWithTimeout (http://localhost:1420/src/services/brainClient.ts:19:16)
    at getWidgetsOnce (http://localhost:1420/src/services/brainClient.ts:198:10)
    at refresh (http://localhost:1420/src/views/HomeFloatNotes.vue?t=1788078159546:51:30)
    at http://localhost:1420/src/views/HomeFloatNotes.vue?t=1788078159546:59:14
[  759382ms] TypeError: Cannot read properties of undefined (reading 'transformCallback')
    at transformCallback (http://localhost:1420/node_modules/.vite/deps/chunk-G7S6KQDI.js?v=318df923:22:37)
    at listen (http://localhost:1420/node_modules/.vite/deps/chunk-7FCLUC5I.js?v=318df923:39:14)
    at onBrainEvent (http://localhost:1420/src/services/brainClient.ts:299:10)
    at http://localhost:1420/src/lib/home/home-panel-run.ts:12:12
    at new Promise (<anonymous>)
    at runPanelAction (http://localhost:1420/src/lib/home/home-panel-run.ts:6:18)
    at refreshCoding (http://localhost:1420/src/views/HomeBench.vue?t=1788077365760:30:28)
    at http://localhost:1420/src/views/HomeBench.vue?t=1788077365760:47:14
[  767383ms] TypeError: Cannot read properties of undefined (reading 'transformCallback')
    at transformCallback (http://localhost:1420/node_modules/.vite/deps/chunk-G7S6KQDI.js?v=318df923:22:37)
    at listen (http://localhost:1420/node_modules/.vite/deps/chunk-7FCLUC5I.js?v=318df923:39:14)
    at once (http://localhost:1420/node_modules/.vite/deps/chunk-7FCLUC5I.js?v=318df923:45:10)
    at http://localhost:1420/src/services/brainClient.ts:20:10
    at new Promise (<anonymous>)
    at onceWithTimeout (http://localhost:1420/src/services/brainClient.ts:19:16)
    at getWidgetsOnce (http://localhost:1420/src/services/brainClient.ts:198:10)
    at refresh (http://localhost:1420/src/views/HomeFloatNotes.vue?t=1788078159546:51:30)
    at http://localhost:1420/src/views/HomeFloatNotes.vue?t=1788078159546:59:14
[  771383ms] TypeError: Cannot read properties of undefined (reading 'transformCallback')
    at transformCallback (http://localhost:1420/node_modules/.vite/deps/chunk-G7S6KQDI.js?v=318df923:22:37)
    at listen (http://localhost:1420/node_modules/.vite/deps/chunk-7FCLUC5I.js?v=318df923:39:14)
    at onBrainEvent (http://localhost:1420/src/services/brainClient.ts:299:10)
    at http://localhost:1420/src/lib/home/home-panel-run.ts:12:12
    at new Promise (<anonymous>)
    at runPanelAction (http://localhost:1420/src/lib/home/home-panel-run.ts:6:18)
    at refreshCoding (http://localhost:1420/src/views/HomeBench.vue?t=1788077365760:30:28)
    at http://localhost:1420/src/views/HomeBench.vue?t=1788077365760:47:14
[  779383ms] TypeError: Cannot read properties of undefined (reading 'transformCallback')
    at transformCallback (http://localhost:1420/node_modules/.vite/deps/chunk-G7S6KQDI.js?v=318df923:22:37)
    at listen (http://localhost:1420/node_modules/.vite/deps/chunk-7FCLUC5I.js?v=318df923:39:14)
    at once (http://localhost:1420/node_modules/.vite/deps/chunk-7FCLUC5I.js?v=318df923:45:10)
    at http://localhost:1420/src/services/brainClient.ts:20:10
    at new Promise (<anonymous>)
    at onceWithTimeout (http://localhost:1420/src/services/brainClient.ts:19:16)
    at getWidgetsOnce (http://localhost:1420/src/services/brainClient.ts:198:10)
    at refresh (http://localhost:1420/src/views/HomeFloatNotes.vue?t=1788078159546:51:30)
    at http://localhost:1420/src/views/HomeFloatNotes.vue?t=1788078159546:59:14
[  783383ms] TypeError: Cannot read properties of undefined (reading 'transformCallback')
    at transformCallback (http://localhost:1420/node_modules/.vite/deps/chunk-G7S6KQDI.js?v=318df923:22:37)
    at listen (http://localhost:1420/node_modules/.vite/deps/chunk-7FCLUC5I.js?v=318df923:39:14)
    at onBrainEvent (http://localhost:1420/src/services/brainClient.ts:299:10)
    at http://localhost:1420/src/lib/home/home-panel-run.ts:12:12
    at new Promise (<anonymous>)
    at runPanelAction (http://localhost:1420/src/lib/home/home-panel-run.ts:6:18)
    at refreshCoding (http://localhost:1420/src/views/HomeBench.vue?t=1788077365760:30:28)
    at http://localhost:1420/src/views/HomeBench.vue?t=1788077365760:47:14
[  791382ms] TypeError: Cannot read properties of undefined (reading 'transformCallback')
    at transformCallback (http://localhost:1420/node_modules/.vite/deps/chunk-G7S6KQDI.js?v=318df923:22:37)
    at listen (http://localhost:1420/node_modules/.vite/deps/chunk-7FCLUC5I.js?v=318df923:39:14)
    at once (http://localhost:1420/node_modules/.vite/deps/chunk-7FCLUC5I.js?v=318df923:45:10)
    at http://localhost:1420/src/services/brainClient.ts:20:10
    at new Promise (<anonymous>)
    at onceWithTimeout (http://localhost:1420/src/services/brainClient.ts:19:16)
    at getWidgetsOnce (http://localhost:1420/src/services/brainClient.ts:198:10)
    at refresh (http://localhost:1420/src/views/HomeFloatNotes.vue?t=1788078159546:51:30)
    at http://localhost:1420/src/views/HomeFloatNotes.vue?t=1788078159546:59:14
[  795384ms] TypeError: Cannot read properties of undefined (reading 'transformCallback')
    at transformCallback (http://localhost:1420/node_modules/.vite/deps/chunk-G7S6KQDI.js?v=318df923:22:37)
    at listen (http://localhost:1420/node_modules/.vite/deps/chunk-7FCLUC5I.js?v=318df923:39:14)
    at onBrainEvent (http://localhost:1420/src/services/brainClient.ts:299:10)
    at http://localhost:1420/src/lib/home/home-panel-run.ts:12:12
    at new Promise (<anonymous>)
    at runPanelAction (http://localhost:1420/src/lib/home/home-panel-run.ts:6:18)
    at refreshCoding (http://localhost:1420/src/views/HomeBench.vue?t=1788077365760:30:28)
    at http://localhost:1420/src/views/HomeBench.vue?t=1788077365760:47:14
[  803383ms] TypeError: Cannot read properties of undefined (reading 'transformCallback')
    at transformCallback (http://localhost:1420/node_modules/.vite/deps/chunk-G7S6KQDI.js?v=318df923:22:37)
    at listen (http://localhost:1420/node_modules/.vite/deps/chunk-7FCLUC5I.js?v=318df923:39:14)
    at once (http://localhost:1420/node_modules/.vite/deps/chunk-7FCLUC5I.js?v=318df923:45:10)
    at http://localhost:1420/src/services/brainClient.ts:20:10
    at new Promise (<anonymous>)
    at onceWithTimeout (http://localhost:1420/src/services/brainClient.ts:19:16)
    at getWidgetsOnce (http://localhost:1420/src/services/brainClient.ts:198:10)
    at refresh (http://localhost:1420/src/views/HomeFloatNotes.vue?t=1788078159546:51:30)
    at http://localhost:1420/src/views/HomeFloatNotes.vue?t=1788078159546:59:14
[  807384ms] TypeError: Cannot read properties of undefined (reading 'transformCallback')
    at transformCallback (http://localhost:1420/node_modules/.vite/deps/chunk-G7S6KQDI.js?v=318df923:22:37)
    at listen (http://localhost:1420/node_modules/.vite/deps/chunk-7FCLUC5I.js?v=318df923:39:14)
    at onBrainEvent (http://localhost:1420/src/services/brainClient.ts:299:10)
    at http://localhost:1420/src/lib/home/home-panel-run.ts:12:12
    at new Promise (<anonymous>)
    at runPanelAction (http://localhost:1420/src/lib/home/home-panel-run.ts:6:18)
    at refreshCoding (http://localhost:1420/src/views/HomeBench.vue?t=1788077365760:30:28)
    at http://localhost:1420/src/views/HomeBench.vue?t=1788077365760:47:14
[  815382ms] TypeError: Cannot read properties of undefined (reading 'transformCallback')
    at transformCallback (http://localhost:1420/node_modules/.vite/deps/chunk-G7S6KQDI.js?v=318df923:22:37)
    at listen (http://localhost:1420/node_modules/.vite/deps/chunk-7FCLUC5I.js?v=318df923:39:14)
    at once (http://localhost:1420/node_modules/.vite/deps/chunk-7FCLUC5I.js?v=318df923:45:10)
    at http://localhost:1420/src/services/brainClient.ts:20:10
    at new Promise (<anonymous>)
    at onceWithTimeout (http://localhost:1420/src/services/brainClient.ts:19:16)
    at getWidgetsOnce (http://localhost:1420/src/services/brainClient.ts:198:10)
    at refresh (http://localhost:1420/src/views/HomeFloatNotes.vue?t=1788078159546:51:30)
    at http://localhost:1420/src/views/HomeFloatNotes.vue?t=1788078159546:59:14
[  819383ms] TypeError: Cannot read properties of undefined (reading 'transformCallback')
    at transformCallback (http://localhost:1420/node_modules/.vite/deps/chunk-G7S6KQDI.js?v=318df923:22:37)
    at listen (http://localhost:1420/node_modules/.vite/deps/chunk-7FCLUC5I.js?v=318df923:39:14)
    at onBrainEvent (http://localhost:1420/src/services/brainClient.ts:299:10)
    at http://localhost:1420/src/lib/home/home-panel-run.ts:12:12
    at new Promise (<anonymous>)
    at runPanelAction (http://localhost:1420/src/lib/home/home-panel-run.ts:6:18)
    at refreshCoding (http://localhost:1420/src/views/HomeBench.vue?t=1788077365760:30:28)
    at http://localhost:1420/src/views/HomeBench.vue?t=1788077365760:47:14
[  827383ms] TypeError: Cannot read properties of undefined (reading 'transformCallback')
    at transformCallback (http://localhost:1420/node_modules/.vite/deps/chunk-G7S6KQDI.js?v=318df923:22:37)
    at listen (http://localhost:1420/node_modules/.vite/deps/chunk-7FCLUC5I.js?v=318df923:39:14)
    at once (http://localhost:1420/node_modules/.vite/deps/chunk-7FCLUC5I.js?v=318df923:45:10)
    at http://localhost:1420/src/services/brainClient.ts:20:10
    at new Promise (<anonymous>)
    at onceWithTimeout (http://localhost:1420/src/services/brainClient.ts:19:16)
    at getWidgetsOnce (http://localhost:1420/src/services/brainClient.ts:198:10)
    at refresh (http://localhost:1420/src/views/HomeFloatNotes.vue?t=1788078159546:51:30)
    at http://localhost:1420/src/views/HomeFloatNotes.vue?t=1788078159546:59:14
[  831383ms] TypeError: Cannot read properties of undefined (reading 'transformCallback')
    at transformCallback (http://localhost:1420/node_modules/.vite/deps/chunk-G7S6KQDI.js?v=318df923:22:37)
    at listen (http://localhost:1420/node_modules/.vite/deps/chunk-7FCLUC5I.js?v=318df923:39:14)
    at onBrainEvent (http://localhost:1420/src/services/brainClient.ts:299:10)
    at http://localhost:1420/src/lib/home/home-panel-run.ts:12:12
    at new Promise (<anonymous>)
    at runPanelAction (http://localhost:1420/src/lib/home/home-panel-run.ts:6:18)
    at refreshCoding (http://localhost:1420/src/views/HomeBench.vue?t=1788077365760:30:28)
    at http://localhost:1420/src/views/HomeBench.vue?t=1788077365760:47:14
[  839383ms] TypeError: Cannot read properties of undefined (reading 'transformCallback')
    at transformCallback (http://localhost:1420/node_modules/.vite/deps/chunk-G7S6KQDI.js?v=318df923:22:37)
    at listen (http://localhost:1420/node_modules/.vite/deps/chunk-7FCLUC5I.js?v=318df923:39:14)
    at once (http://localhost:1420/node_modules/.vite/deps/chunk-7FCLUC5I.js?v=318df923:45:10)
    at http://localhost:1420/src/services/brainClient.ts:20:10
    at new Promise (<anonymous>)
    at onceWithTimeout (http://localhost:1420/src/services/brainClient.ts:19:16)
    at getWidgetsOnce (http://localhost:1420/src/services/brainClient.ts:198:10)
    at refresh (http://localhost:1420/src/views/HomeFloatNotes.vue?t=1788078159546:51:30)
    at http://localhost:1420/src/views/HomeFloatNotes.vue?t=1788078159546:59:14
[  843384ms] TypeError: Cannot read properties of undefined (reading 'transformCallback')
    at transformCallback (http://localhost:1420/node_modules/.vite/deps/chunk-G7S6KQDI.js?v=318df923:22:37)
    at listen (http://localhost:1420/node_modules/.vite/deps/chunk-7FCLUC5I.js?v=318df923:39:14)
    at onBrainEvent (http://localhost:1420/src/services/brainClient.ts:299:10)
    at http://localhost:1420/src/lib/home/home-panel-run.ts:12:12
    at new Promise (<anonymous>)
    at runPanelAction (http://localhost:1420/src/lib/home/home-panel-run.ts:6:18)
    at refreshCoding (http://localhost:1420/src/views/HomeBench.vue?t=1788077365760:30:28)
    at http://localhost:1420/src/views/HomeBench.vue?t=1788077365760:47:14
[  851383ms] TypeError: Cannot read properties of undefined (reading 'transformCallback')
    at transformCallback (http://localhost:1420/node_modules/.vite/deps/chunk-G7S6KQDI.js?v=318df923:22:37)
    at listen (http://localhost:1420/node_modules/.vite/deps/chunk-7FCLUC5I.js?v=318df923:39:14)
    at once (http://localhost:1420/node_modules/.vite/deps/chunk-7FCLUC5I.js?v=318df923:45:10)
    at http://localhost:1420/src/services/brainClient.ts:20:10
    at new Promise (<anonymous>)
    at onceWithTimeout (http://localhost:1420/src/services/brainClient.ts:19:16)
    at getWidgetsOnce (http://localhost:1420/src/services/brainClient.ts:198:10)
    at refresh (http://localhost:1420/src/views/HomeFloatNotes.vue?t=1788078159546:51:30)
    at http://localhost:1420/src/views/HomeFloatNotes.vue?t=1788078159546:59:14
[  855384ms] TypeError: Cannot read properties of undefined (reading 'transformCallback')
    at transformCallback (http://localhost:1420/node_modules/.vite/deps/chunk-G7S6KQDI.js?v=318df923:22:37)
    at listen (http://localhost:1420/node_modules/.vite/deps/chunk-7FCLUC5I.js?v=318df923:39:14)
    at onBrainEvent (http://localhost:1420/src/services/brainClient.ts:299:10)
    at http://localhost:1420/src/lib/home/home-panel-run.ts:12:12
    at new Promise (<anonymous>)
    at runPanelAction (http://localhost:1420/src/lib/home/home-panel-run.ts:6:18)
    at refreshCoding (http://localhost:1420/src/views/HomeBench.vue?t=1788077365760:30:28)
    at http://localhost:1420/src/views/HomeBench.vue?t=1788077365760:47:14
[  863385ms] TypeError: Cannot read properties of undefined (reading 'transformCallback')
    at transformCallback (http://localhost:1420/node_modules/.vite/deps/chunk-G7S6KQDI.js?v=318df923:22:37)
    at listen (http://localhost:1420/node_modules/.vite/deps/chunk-7FCLUC5I.js?v=318df923:39:14)
    at once (http://localhost:1420/node_modules/.vite/deps/chunk-7FCLUC5I.js?v=318df923:45:10)
    at http://localhost:1420/src/services/brainClient.ts:20:10
    at new Promise (<anonymous>)
    at onceWithTimeout (http://localhost:1420/src/services/brainClient.ts:19:16)
    at getWidgetsOnce (http://localhost:1420/src/services/brainClient.ts:198:10)
    at refresh (http://localhost:1420/src/views/HomeFloatNotes.vue?t=1788078159546:51:30)
    at http://localhost:1420/src/views/HomeFloatNotes.vue?t=1788078159546:59:14
[  867385ms] TypeError: Cannot read properties of undefined (reading 'transformCallback')
    at transformCallback (http://localhost:1420/node_modules/.vite/deps/chunk-G7S6KQDI.js?v=318df923:22:37)
    at listen (http://localhost:1420/node_modules/.vite/deps/chunk-7FCLUC5I.js?v=318df923:39:14)
    at onBrainEvent (http://localhost:1420/src/services/brainClient.ts:299:10)
    at http://localhost:1420/src/lib/home/home-panel-run.ts:12:12
    at new Promise (<anonymous>)
    at runPanelAction (http://localhost:1420/src/lib/home/home-panel-run.ts:6:18)
    at refreshCoding (http://localhost:1420/src/views/HomeBench.vue?t=1788077365760:30:28)
    at http://localhost:1420/src/views/HomeBench.vue?t=1788077365760:47:14
[  875391ms] TypeError: Cannot read properties of undefined (reading 'transformCallback')
    at transformCallback (http://localhost:1420/node_modules/.vite/deps/chunk-G7S6KQDI.js?v=318df923:22:37)
    at listen (http://localhost:1420/node_modules/.vite/deps/chunk-7FCLUC5I.js?v=318df923:39:14)
    at once (http://localhost:1420/node_modules/.vite/deps/chunk-7FCLUC5I.js?v=318df923:45:10)
    at http://localhost:1420/src/services/brainClient.ts:20:10
    at new Promise (<anonymous>)
    at onceWithTimeout (http://localhost:1420/src/services/brainClient.ts:19:16)
    at getWidgetsOnce (http://localhost:1420/src/services/brainClient.ts:198:10)
    at refresh (http://localhost:1420/src/views/HomeFloatNotes.vue?t=1788078159546:51:30)
    at http://localhost:1420/src/views/HomeFloatNotes.vue?t=1788078159546:59:14
[  879384ms] TypeError: Cannot read properties of undefined (reading 'transformCallback')
    at transformCallback (http://localhost:1420/node_modules/.vite/deps/chunk-G7S6KQDI.js?v=318df923:22:37)
    at listen (http://localhost:1420/node_modules/.vite/deps/chunk-7FCLUC5I.js?v=318df923:39:14)
    at onBrainEvent (http://localhost:1420/src/services/brainClient.ts:299:10)
    at http://localhost:1420/src/lib/home/home-panel-run.ts:12:12
    at new Promise (<anonymous>)
    at runPanelAction (http://localhost:1420/src/lib/home/home-panel-run.ts:6:18)
    at refreshCoding (http://localhost:1420/src/views/HomeBench.vue?t=1788077365760:30:28)
    at http://localhost:1420/src/views/HomeBench.vue?t=1788077365760:47:14
[  887383ms] TypeError: Cannot read properties of undefined (reading 'transformCallback')
    at transformCallback (http://localhost:1420/node_modules/.vite/deps/chunk-G7S6KQDI.js?v=318df923:22:37)
    at listen (http://localhost:1420/node_modules/.vite/deps/chunk-7FCLUC5I.js?v=318df923:39:14)
    at once (http://localhost:1420/node_modules/.vite/deps/chunk-7FCLUC5I.js?v=318df923:45:10)
    at http://localhost:1420/src/services/brainClient.ts:20:10
    at new Promise (<anonymous>)
    at onceWithTimeout (http://localhost:1420/src/services/brainClient.ts:19:16)
    at getWidgetsOnce (http://localhost:1420/src/services/brainClient.ts:198:10)
    at refresh (http://localhost:1420/src/views/HomeFloatNotes.vue?t=1788078159546:51:30)
    at http://localhost:1420/src/views/HomeFloatNotes.vue?t=1788078159546:59:14
[  891385ms] TypeError: Cannot read properties of undefined (reading 'transformCallback')
    at transformCallback (http://localhost:1420/node_modules/.vite/deps/chunk-G7S6KQDI.js?v=318df923:22:37)
    at listen (http://localhost:1420/node_modules/.vite/deps/chunk-7FCLUC5I.js?v=318df923:39:14)
    at onBrainEvent (http://localhost:1420/src/services/brainClient.ts:299:10)
    at http://localhost:1420/src/lib/home/home-panel-run.ts:12:12
    at new Promise (<anonymous>)
    at runPanelAction (http://localhost:1420/src/lib/home/home-panel-run.ts:6:18)
    at refreshCoding (http://localhost:1420/src/views/HomeBench.vue?t=1788077365760:30:28)
    at http://localhost:1420/src/views/HomeBench.vue?t=1788077365760:47:14
[  899384ms] TypeError: Cannot read properties of undefined (reading 'transformCallback')
    at transformCallback (http://localhost:1420/node_modules/.vite/deps/chunk-G7S6KQDI.js?v=318df923:22:37)
    at listen (http://localhost:1420/node_modules/.vite/deps/chunk-7FCLUC5I.js?v=318df923:39:14)
    at once (http://localhost:1420/node_modules/.vite/deps/chunk-7FCLUC5I.js?v=318df923:45:10)
    at http://localhost:1420/src/services/brainClient.ts:20:10
    at new Promise (<anonymous>)
    at onceWithTimeout (http://localhost:1420/src/services/brainClient.ts:19:16)
    at getWidgetsOnce (http://localhost:1420/src/services/brainClient.ts:198:10)
    at refresh (http://localhost:1420/src/views/HomeFloatNotes.vue?t=1788078159546:51:30)
    at http://localhost:1420/src/views/HomeFloatNotes.vue?t=1788078159546:59:14
[  903384ms] TypeError: Cannot read properties of undefined (reading 'transformCallback')
    at transformCallback (http://localhost:1420/node_modules/.vite/deps/chunk-G7S6KQDI.js?v=318df923:22:37)
    at listen (http://localhost:1420/node_modules/.vite/deps/chunk-7FCLUC5I.js?v=318df923:39:14)
    at onBrainEvent (http://localhost:1420/src/services/brainClient.ts:299:10)
    at http://localhost:1420/src/lib/home/home-panel-run.ts:12:12
    at new Promise (<anonymous>)
    at runPanelAction (http://localhost:1420/src/lib/home/home-panel-run.ts:6:18)
    at refreshCoding (http://localhost:1420/src/views/HomeBench.vue?t=1788077365760:30:28)
    at http://localhost:1420/src/views/HomeBench.vue?t=1788077365760:47:14
[  911386ms] TypeError: Cannot read properties of undefined (reading 'transformCallback')
    at transformCallback (http://localhost:1420/node_modules/.vite/deps/chunk-G7S6KQDI.js?v=318df923:22:37)
    at listen (http://localhost:1420/node_modules/.vite/deps/chunk-7FCLUC5I.js?v=318df923:39:14)
    at once (http://localhost:1420/node_modules/.vite/deps/chunk-7FCLUC5I.js?v=318df923:45:10)
    at http://localhost:1420/src/services/brainClient.ts:20:10
    at new Promise (<anonymous>)
    at onceWithTimeout (http://localhost:1420/src/services/brainClient.ts:19:16)
    at getWidgetsOnce (http://localhost:1420/src/services/brainClient.ts:198:10)
    at refresh (http://localhost:1420/src/views/HomeFloatNotes.vue?t=1788078159546:51:30)
    at http://localhost:1420/src/views/HomeFloatNotes.vue?t=1788078159546:59:14
[  915384ms] TypeError: Cannot read properties of undefined (reading 'transformCallback')
    at transformCallback (http://localhost:1420/node_modules/.vite/deps/chunk-G7S6KQDI.js?v=318df923:22:37)
    at listen (http://localhost:1420/node_modules/.vite/deps/chunk-7FCLUC5I.js?v=318df923:39:14)
    at onBrainEvent (http://localhost:1420/src/services/brainClient.ts:299:10)
    at http://localhost:1420/src/lib/home/home-panel-run.ts:12:12
    at new Promise (<anonymous>)
    at runPanelAction (http://localhost:1420/src/lib/home/home-panel-run.ts:6:18)
    at refreshCoding (http://localhost:1420/src/views/HomeBench.vue?t=1788077365760:30:28)
    at http://localhost:1420/src/views/HomeBench.vue?t=1788077365760:47:14
[  923386ms] TypeError: Cannot read properties of undefined (reading 'transformCallback')
    at transformCallback (http://localhost:1420/node_modules/.vite/deps/chunk-G7S6KQDI.js?v=318df923:22:37)
    at listen (http://localhost:1420/node_modules/.vite/deps/chunk-7FCLUC5I.js?v=318df923:39:14)
    at once (http://localhost:1420/node_modules/.vite/deps/chunk-7FCLUC5I.js?v=318df923:45:10)
    at http://localhost:1420/src/services/brainClient.ts:20:10
    at new Promise (<anonymous>)
    at onceWithTimeout (http://localhost:1420/src/services/brainClient.ts:19:16)
    at getWidgetsOnce (http://localhost:1420/src/services/brainClient.ts:198:10)
    at refresh (http://localhost:1420/src/views/HomeFloatNotes.vue?t=1788078159546:51:30)
    at http://localhost:1420/src/views/HomeFloatNotes.vue?t=1788078159546:59:14
[  927385ms] TypeError: Cannot read properties of undefined (reading 'transformCallback')
    at transformCallback (http://localhost:1420/node_modules/.vite/deps/chunk-G7S6KQDI.js?v=318df923:22:37)
    at listen (http://localhost:1420/node_modules/.vite/deps/chunk-7FCLUC5I.js?v=318df923:39:14)
    at onBrainEvent (http://localhost:1420/src/services/brainClient.ts:299:10)
    at http://localhost:1420/src/lib/home/home-panel-run.ts:12:12
    at new Promise (<anonymous>)
    at runPanelAction (http://localhost:1420/src/lib/home/home-panel-run.ts:6:18)
    at refreshCoding (http://localhost:1420/src/views/HomeBench.vue?t=1788077365760:30:28)
    at http://localhost:1420/src/views/HomeBench.vue?t=1788077365760:47:14
[  935384ms] TypeError: Cannot read properties of undefined (reading 'transformCallback')
    at transformCallback (http://localhost:1420/node_modules/.vite/deps/chunk-G7S6KQDI.js?v=318df923:22:37)
    at listen (http://localhost:1420/node_modules/.vite/deps/chunk-7FCLUC5I.js?v=318df923:39:14)
    at once (http://localhost:1420/node_modules/.vite/deps/chunk-7FCLUC5I.js?v=318df923:45:10)
    at http://localhost:1420/src/services/brainClient.ts:20:10
    at new Promise (<anonymous>)
    at onceWithTimeout (http://localhost:1420/src/services/brainClient.ts:19:16)
    at getWidgetsOnce (http://localhost:1420/src/services/brainClient.ts:198:10)
    at refresh (http://localhost:1420/src/views/HomeFloatNotes.vue?t=1788078159546:51:30)
    at http://localhost:1420/src/views/HomeFloatNotes.vue?t=1788078159546:59:14
[  939386ms] TypeError: Cannot read properties of undefined (reading 'transformCallback')
    at transformCallback (http://localhost:1420/node_modules/.vite/deps/chunk-G7S6KQDI.js?v=318df923:22:37)
    at listen (http://localhost:1420/node_modules/.vite/deps/chunk-7FCLUC5I.js?v=318df923:39:14)
    at onBrainEvent (http://localhost:1420/src/services/brainClient.ts:299:10)
    at http://localhost:1420/src/lib/home/home-panel-run.ts:12:12
    at new Promise (<anonymous>)
    at runPanelAction (http://localhost:1420/src/lib/home/home-panel-run.ts:6:18)
    at refreshCoding (http://localhost:1420/src/views/HomeBench.vue?t=1788077365760:30:28)
    at http://localhost:1420/src/views/HomeBench.vue?t=1788077365760:47:14
[  947385ms] TypeError: Cannot read properties of undefined (reading 'transformCallback')
    at transformCallback (http://localhost:1420/node_modules/.vite/deps/chunk-G7S6KQDI.js?v=318df923:22:37)
    at listen (http://localhost:1420/node_modules/.vite/deps/chunk-7FCLUC5I.js?v=318df923:39:14)
    at once (http://localhost:1420/node_modules/.vite/deps/chunk-7FCLUC5I.js?v=318df923:45:10)
    at http://localhost:1420/src/services/brainClient.ts:20:10
    at new Promise (<anonymous>)
    at onceWithTimeout (http://localhost:1420/src/services/brainClient.ts:19:16)
    at getWidgetsOnce (http://localhost:1420/src/services/brainClient.ts:198:10)
    at refresh (http://localhost:1420/src/views/HomeFloatNotes.vue?t=1788078159546:51:30)
    at http://localhost:1420/src/views/HomeFloatNotes.vue?t=1788078159546:59:14
[  951386ms] TypeError: Cannot read properties of undefined (reading 'transformCallback')
    at transformCallback (http://localhost:1420/node_modules/.vite/deps/chunk-G7S6KQDI.js?v=318df923:22:37)
    at listen (http://localhost:1420/node_modules/.vite/deps/chunk-7FCLUC5I.js?v=318df923:39:14)
    at onBrainEvent (http://localhost:1420/src/services/brainClient.ts:299:10)
    at http://localhost:1420/src/lib/home/home-panel-run.ts:12:12
    at new Promise (<anonymous>)
    at runPanelAction (http://localhost:1420/src/lib/home/home-panel-run.ts:6:18)
    at refreshCoding (http://localhost:1420/src/views/HomeBench.vue?t=1788077365760:30:28)
    at http://localhost:1420/src/views/HomeBench.vue?t=1788077365760:47:14
[  959386ms] TypeError: Cannot read properties of undefined (reading 'transformCallback')
    at transformCallback (http://localhost:1420/node_modules/.vite/deps/chunk-G7S6KQDI.js?v=318df923:22:37)
    at listen (http://localhost:1420/node_modules/.vite/deps/chunk-7FCLUC5I.js?v=318df923:39:14)
    at once (http://localhost:1420/node_modules/.vite/deps/chunk-7FCLUC5I.js?v=318df923:45:10)
    at http://localhost:1420/src/services/brainClient.ts:20:10
    at new Promise (<anonymous>)
    at onceWithTimeout (http://localhost:1420/src/services/brainClient.ts:19:16)
    at getWidgetsOnce (http://localhost:1420/src/services/brainClient.ts:198:10)
    at refresh (http://localhost:1420/src/views/HomeFloatNotes.vue?t=1788078159546:51:30)
    at http://localhost:1420/src/views/HomeFloatNotes.vue?t=1788078159546:59:14
[  963386ms] TypeError: Cannot read properties of undefined (reading 'transformCallback')
    at transformCallback (http://localhost:1420/node_modules/.vite/deps/chunk-G7S6KQDI.js?v=318df923:22:37)
    at listen (http://localhost:1420/node_modules/.vite/deps/chunk-7FCLUC5I.js?v=318df923:39:14)
    at onBrainEvent (http://localhost:1420/src/services/brainClient.ts:299:10)
    at http://localhost:1420/src/lib/home/home-panel-run.ts:12:12
    at new Promise (<anonymous>)
    at runPanelAction (http://localhost:1420/src/lib/home/home-panel-run.ts:6:18)
    at refreshCoding (http://localhost:1420/src/views/HomeBench.vue?t=1788077365760:30:28)
    at http://localhost:1420/src/views/HomeBench.vue?t=1788077365760:47:14
[  971388ms] TypeError: Cannot read properties of undefined (reading 'transformCallback')
    at transformCallback (http://localhost:1420/node_modules/.vite/deps/chunk-G7S6KQDI.js?v=318df923:22:37)
    at listen (http://localhost:1420/node_modules/.vite/deps/chunk-7FCLUC5I.js?v=318df923:39:14)
    at once (http://localhost:1420/node_modules/.vite/deps/chunk-7FCLUC5I.js?v=318df923:45:10)
    at http://localhost:1420/src/services/brainClient.ts:20:10
    at new Promise (<anonymous>)
    at onceWithTimeout (http://localhost:1420/src/services/brainClient.ts:19:16)
    at getWidgetsOnce (http://localhost:1420/src/services/brainClient.ts:198:10)
    at refresh (http://localhost:1420/src/views/HomeFloatNotes.vue?t=1788078159546:51:30)
    at http://localhost:1420/src/views/HomeFloatNotes.vue?t=1788078159546:59:14
[  975386ms] TypeError: Cannot read properties of undefined (reading 'transformCallback')
    at transformCallback (http://localhost:1420/node_modules/.vite/deps/chunk-G7S6KQDI.js?v=318df923:22:37)
    at listen (http://localhost:1420/node_modules/.vite/deps/chunk-7FCLUC5I.js?v=318df923:39:14)
    at onBrainEvent (http://localhost:1420/src/services/brainClient.ts:299:10)
    at http://localhost:1420/src/lib/home/home-panel-run.ts:12:12
    at new Promise (<anonymous>)
    at runPanelAction (http://localhost:1420/src/lib/home/home-panel-run.ts:6:18)
    at refreshCoding (http://localhost:1420/src/views/HomeBench.vue?t=1788077365760:30:28)
    at http://localhost:1420/src/views/HomeBench.vue?t=1788077365760:47:14
[  983391ms] TypeError: Cannot read properties of undefined (reading 'transformCallback')
    at transformCallback (http://localhost:1420/node_modules/.vite/deps/chunk-G7S6KQDI.js?v=318df923:22:37)
    at listen (http://localhost:1420/node_modules/.vite/deps/chunk-7FCLUC5I.js?v=318df923:39:14)
    at once (http://localhost:1420/node_modules/.vite/deps/chunk-7FCLUC5I.js?v=318df923:45:10)
    at http://localhost:1420/src/services/brainClient.ts:20:10
    at new Promise (<anonymous>)
    at onceWithTimeout (http://localhost:1420/src/services/brainClient.ts:19:16)
    at getWidgetsOnce (http://localhost:1420/src/services/brainClient.ts:198:10)
    at refresh (http://localhost:1420/src/views/HomeFloatNotes.vue?t=1788078159546:51:30)
    at http://localhost:1420/src/views/HomeFloatNotes.vue?t=1788078159546:59:14
[  987386ms] TypeError: Cannot read properties of undefined (reading 'transformCallback')
    at transformCallback (http://localhost:1420/node_modules/.vite/deps/chunk-G7S6KQDI.js?v=318df923:22:37)
    at listen (http://localhost:1420/node_modules/.vite/deps/chunk-7FCLUC5I.js?v=318df923:39:14)
    at onBrainEvent (http://localhost:1420/src/services/brainClient.ts:299:10)
    at http://localhost:1420/src/lib/home/home-panel-run.ts:12:12
    at new Promise (<anonymous>)
    at runPanelAction (http://localhost:1420/src/lib/home/home-panel-run.ts:6:18)
    at refreshCoding (http://localhost:1420/src/views/HomeBench.vue?t=1788077365760:30:28)
    at http://localhost:1420/src/views/HomeBench.vue?t=1788077365760:47:14
[  995385ms] TypeError: Cannot read properties of undefined (reading 'transformCallback')
    at transformCallback (http://localhost:1420/node_modules/.vite/deps/chunk-G7S6KQDI.js?v=318df923:22:37)
    at listen (http://localhost:1420/node_modules/.vite/deps/chunk-7FCLUC5I.js?v=318df923:39:14)
    at once (http://localhost:1420/node_modules/.vite/deps/chunk-7FCLUC5I.js?v=318df923:45:10)
    at http://localhost:1420/src/services/brainClient.ts:20:10
    at new Promise (<anonymous>)
    at onceWithTimeout (http://localhost:1420/src/services/brainClient.ts:19:16)
    at getWidgetsOnce (http://localhost:1420/src/services/brainClient.ts:198:10)
    at refresh (http://localhost:1420/src/views/HomeFloatNotes.vue?t=1788078159546:51:30)
    at http://localhost:1420/src/views/HomeFloatNotes.vue?t=1788078159546:59:14
[  999385ms] TypeError: Cannot read properties of undefined (reading 'transformCallback')
    at transformCallback (http://localhost:1420/node_modules/.vite/deps/chunk-G7S6KQDI.js?v=318df923:22:37)
    at listen (http://localhost:1420/node_modules/.vite/deps/chunk-7FCLUC5I.js?v=318df923:39:14)
    at onBrainEvent (http://localhost:1420/src/services/brainClient.ts:299:10)
    at http://localhost:1420/src/lib/home/home-panel-run.ts:12:12
    at new Promise (<anonymous>)
    at runPanelAction (http://localhost:1420/src/lib/home/home-panel-run.ts:6:18)
    at refreshCoding (http://localhost:1420/src/views/HomeBench.vue?t=1788077365760:30:28)
    at http://localhost:1420/src/views/HomeBench.vue?t=1788077365760:47:14
[ 1007386ms] TypeError: Cannot read properties of undefined (reading 'transformCallback')
    at transformCallback (http://localhost:1420/node_modules/.vite/deps/chunk-G7S6KQDI.js?v=318df923:22:37)
    at listen (http://localhost:1420/node_modules/.vite/deps/chunk-7FCLUC5I.js?v=318df923:39:14)
    at once (http://localhost:1420/node_modules/.vite/deps/chunk-7FCLUC5I.js?v=318df923:45:10)
    at http://localhost:1420/src/services/brainClient.ts:20:10
    at new Promise (<anonymous>)
    at onceWithTimeout (http://localhost:1420/src/services/brainClient.ts:19:16)
    at getWidgetsOnce (http://localhost:1420/src/services/brainClient.ts:198:10)
    at refresh (http://localhost:1420/src/views/HomeFloatNotes.vue?t=1788078159546:51:30)
    at http://localhost:1420/src/views/HomeFloatNotes.vue?t=1788078159546:59:14
[ 1011388ms] TypeError: Cannot read properties of undefined (reading 'transformCallback')
    at transformCallback (http://localhost:1420/node_modules/.vite/deps/chunk-G7S6KQDI.js?v=318df923:22:37)
    at listen (http://localhost:1420/node_modules/.vite/deps/chunk-7FCLUC5I.js?v=318df923:39:14)
    at onBrainEvent (http://localhost:1420/src/services/brainClient.ts:299:10)
    at http://localhost:1420/src/lib/home/home-panel-run.ts:12:12
    at new Promise (<anonymous>)
    at runPanelAction (http://localhost:1420/src/lib/home/home-panel-run.ts:6:18)
    at refreshCoding (http://localhost:1420/src/views/HomeBench.vue?t=1788077365760:30:28)
    at http://localhost:1420/src/views/HomeBench.vue?t=1788077365760:47:14
[ 1019386ms] TypeError: Cannot read properties of undefined (reading 'transformCallback')
    at transformCallback (http://localhost:1420/node_modules/.vite/deps/chunk-G7S6KQDI.js?v=318df923:22:37)
    at listen (http://localhost:1420/node_modules/.vite/deps/chunk-7FCLUC5I.js?v=318df923:39:14)
    at once (http://localhost:1420/node_modules/.vite/deps/chunk-7FCLUC5I.js?v=318df923:45:10)
    at http://localhost:1420/src/services/brainClient.ts:20:10
    at new Promise (<anonymous>)
    at onceWithTimeout (http://localhost:1420/src/services/brainClient.ts:19:16)
    at getWidgetsOnce (http://localhost:1420/src/services/brainClient.ts:198:10)
    at refresh (http://localhost:1420/src/views/HomeFloatNotes.vue?t=1788078159546:51:30)
    at http://localhost:1420/src/views/HomeFloatNotes.vue?t=1788078159546:59:14
[ 1023387ms] TypeError: Cannot read properties of undefined (reading 'transformCallback')
    at transformCallback (http://localhost:1420/node_modules/.vite/deps/chunk-G7S6KQDI.js?v=318df923:22:37)
    at listen (http://localhost:1420/node_modules/.vite/deps/chunk-7FCLUC5I.js?v=318df923:39:14)
    at onBrainEvent (http://localhost:1420/src/services/brainClient.ts:299:10)
    at http://localhost:1420/src/lib/home/home-panel-run.ts:12:12
    at new Promise (<anonymous>)
    at runPanelAction (http://localhost:1420/src/lib/home/home-panel-run.ts:6:18)
    at refreshCoding (http://localhost:1420/src/views/HomeBench.vue?t=1788077365760:30:28)
    at http://localhost:1420/src/views/HomeBench.vue?t=1788077365760:47:14
[ 1031386ms] TypeError: Cannot read properties of undefined (reading 'transformCallback')
    at transformCallback (http://localhost:1420/node_modules/.vite/deps/chunk-G7S6KQDI.js?v=318df923:22:37)
    at listen (http://localhost:1420/node_modules/.vite/deps/chunk-7FCLUC5I.js?v=318df923:39:14)
    at once (http://localhost:1420/node_modules/.vite/deps/chunk-7FCLUC5I.js?v=318df923:45:10)
    at http://localhost:1420/src/services/brainClient.ts:20:10
    at new Promise (<anonymous>)
    at onceWithTimeout (http://localhost:1420/src/services/brainClient.ts:19:16)
    at getWidgetsOnce (http://localhost:1420/src/services/brainClient.ts:198:10)
    at refresh (http://localhost:1420/src/views/HomeFloatNotes.vue?t=1788078159546:51:30)
    at http://localhost:1420/src/views/HomeFloatNotes.vue?t=1788078159546:59:14
[ 1035388ms] TypeError: Cannot read properties of undefined (reading 'transformCallback')
    at transformCallback (http://localhost:1420/node_modules/.vite/deps/chunk-G7S6KQDI.js?v=318df923:22:37)
    at listen (http://localhost:1420/node_modules/.vite/deps/chunk-7FCLUC5I.js?v=318df923:39:14)
    at onBrainEvent (http://localhost:1420/src/services/brainClient.ts:299:10)
    at http://localhost:1420/src/lib/home/home-panel-run.ts:12:12
    at new Promise (<anonymous>)
    at runPanelAction (http://localhost:1420/src/lib/home/home-panel-run.ts:6:18)
    at refreshCoding (http://localhost:1420/src/views/HomeBench.vue?t=1788077365760:30:28)
    at http://localhost:1420/src/views/HomeBench.vue?t=1788077365760:47:14
[ 1043386ms] TypeError: Cannot read properties of undefined (reading 'transformCallback')
    at transformCallback (http://localhost:1420/node_modules/.vite/deps/chunk-G7S6KQDI.js?v=318df923:22:37)
    at listen (http://localhost:1420/node_modules/.vite/deps/chunk-7FCLUC5I.js?v=318df923:39:14)
    at once (http://localhost:1420/node_modules/.vite/deps/chunk-7FCLUC5I.js?v=318df923:45:10)
    at http://localhost:1420/src/services/brainClient.ts:20:10
    at new Promise (<anonymous>)
    at onceWithTimeout (http://localhost:1420/src/services/brainClient.ts:19:16)
    at getWidgetsOnce (http://localhost:1420/src/services/brainClient.ts:198:10)
    at refresh (http://localhost:1420/src/views/HomeFloatNotes.vue?t=1788078159546:51:30)
    at http://localhost:1420/src/views/HomeFloatNotes.vue?t=1788078159546:59:14
[ 1047387ms] TypeError: Cannot read properties of undefined (reading 'transformCallback')
    at transformCallback (http://localhost:1420/node_modules/.vite/deps/chunk-G7S6KQDI.js?v=318df923:22:37)
    at listen (http://localhost:1420/node_modules/.vite/deps/chunk-7FCLUC5I.js?v=318df923:39:14)
    at onBrainEvent (http://localhost:1420/src/services/brainClient.ts:299:10)
    at http://localhost:1420/src/lib/home/home-panel-run.ts:12:12
    at new Promise (<anonymous>)
    at runPanelAction (http://localhost:1420/src/lib/home/home-panel-run.ts:6:18)
    at refreshCoding (http://localhost:1420/src/views/HomeBench.vue?t=1788077365760:30:28)
    at http://localhost:1420/src/views/HomeBench.vue?t=1788077365760:47:14
[ 1055389ms] TypeError: Cannot read properties of undefined (reading 'transformCallback')
    at transformCallback (http://localhost:1420/node_modules/.vite/deps/chunk-G7S6KQDI.js?v=318df923:22:37)
    at listen (http://localhost:1420/node_modules/.vite/deps/chunk-7FCLUC5I.js?v=318df923:39:14)
    at once (http://localhost:1420/node_modules/.vite/deps/chunk-7FCLUC5I.js?v=318df923:45:10)
    at http://localhost:1420/src/services/brainClient.ts:20:10
    at new Promise (<anonymous>)
    at onceWithTimeout (http://localhost:1420/src/services/brainClient.ts:19:16)
    at getWidgetsOnce (http://localhost:1420/src/services/brainClient.ts:198:10)
    at refresh (http://localhost:1420/src/views/HomeFloatNotes.vue?t=1788078159546:51:30)
    at http://localhost:1420/src/views/HomeFloatNotes.vue?t=1788078159546:59:14
[ 1059387ms] TypeError: Cannot read properties of undefined (reading 'transformCallback')
    at transformCallback (http://localhost:1420/node_modules/.vite/deps/chunk-G7S6KQDI.js?v=318df923:22:37)
    at listen (http://localhost:1420/node_modules/.vite/deps/chunk-7FCLUC5I.js?v=318df923:39:14)
    at onBrainEvent (http://localhost:1420/src/services/brainClient.ts:299:10)
    at http://localhost:1420/src/lib/home/home-panel-run.ts:12:12
    at new Promise (<anonymous>)
    at runPanelAction (http://localhost:1420/src/lib/home/home-panel-run.ts:6:18)
    at refreshCoding (http://localhost:1420/src/views/HomeBench.vue?t=1788077365760:30:28)
    at http://localhost:1420/src/views/HomeBench.vue?t=1788077365760:47:14
[ 1066439ms] [WARNING] [Vue warn]: Unhandled error during execution of mounted hook 
  at <CapabilityConversationRail surface=null active=false onClose=fn<hideSurface>  ... > 
  at <BaseTransition appear=false persisted=true mode=undefined  ... > 
  at <Transition name="scene-rail" persisted="" > 
  at <HomeWindow> @ http://localhost:1420/node_modules/.vite/deps/vue.js?v=318df923:2231
[ 1066442ms] [WARNING] [Vue warn]: Unhandled error during execution of mounted hook 
  at <GeneralSection key=0 > 
  at <SettingsView key=0 > 
  at <BaseTransition appear=false persisted=true mode=undefined  ... > 
  at <Transition name="view-fade" persisted="" > 
  at <HomeWindow> @ http://localhost:1420/node_modules/.vite/deps/vue.js?v=318df923:2231
[ 1066451ms] [VERBOSE] [DOM] Password field is not contained in a form: (More info: https://goo.gl/9p2vKq) %o @ http://localhost:1420/home.html:0
[ 1066494ms] TypeError: Cannot read properties of undefined (reading 'transformCallback')
    at transformCallback (http://localhost:1420/node_modules/.vite/deps/chunk-G7S6KQDI.js?v=318df923:22:37)
    at listen (http://localhost:1420/node_modules/.vite/deps/chunk-7FCLUC5I.js?v=318df923:39:14)
    at onBrainEvent (http://localhost:1420/src/services/brainClient.ts:299:10)
    at http://localhost:1420/src/lib/home/home-panel-run.ts:12:12
    at new Promise (<anonymous>)
    at runPanelAction (http://localhost:1420/src/lib/home/home-panel-run.ts:6:18)
    at http://localhost:1420/src/views/plugins/CapabilityHome.vue:25:25
    at http://localhost:1420/node_modules/.vite/deps/vue.js?v=318df923:5342:40
    at callWithErrorHandling (http://localhost:1420/node_modules/.vite/deps/vue.js?v=318df923:2379:19)
    at callWithAsyncErrorHandling (http://localhost:1420/node_modules/.vite/deps/vue.js?v=318df923:2386:17)
[ 1066494ms] TypeError: Cannot read properties of undefined (reading 'transformCallback')
    at transformCallback (http://localhost:1420/node_modules/.vite/deps/chunk-G7S6KQDI.js?v=318df923:22:37)
    at listen (http://localhost:1420/node_modules/.vite/deps/chunk-7FCLUC5I.js?v=318df923:39:14)
    at once (http://localhost:1420/node_modules/.vite/deps/chunk-7FCLUC5I.js?v=318df923:45:10)
    at http://localhost:1420/src/services/brainClient.ts:20:10
    at new Promise (<anonymous>)
    at onceWithTimeout (http://localhost:1420/src/services/brainClient.ts:19:16)
    at getSettingsOnce (http://localhost:1420/src/services/brainClient.ts:245:19)
    at http://localhost:1420/src/views/HomeDayTitle.vue?t=1788070913325:19:30
    at http://localhost:1420/node_modules/.vite/deps/vue.js?v=318df923:5342:40
    at callWithErrorHandling (http://localhost:1420/node_modules/.vite/deps/vue.js?v=318df923:2379:19)
[ 1066494ms] TypeError: Cannot read properties of undefined (reading 'transformCallback')
    at transformCallback (http://localhost:1420/node_modules/.vite/deps/chunk-G7S6KQDI.js?v=318df923:22:37)
    at listen (http://localhost:1420/node_modules/.vite/deps/chunk-7FCLUC5I.js?v=318df923:39:14)
    at once (http://localhost:1420/node_modules/.vite/deps/chunk-7FCLUC5I.js?v=318df923:45:10)
    at http://localhost:1420/src/services/brainClient.ts:20:10
    at new Promise (<anonymous>)
    at onceWithTimeout (http://localhost:1420/src/services/brainClient.ts:19:16)
    at getWidgetsOnce (http://localhost:1420/src/services/brainClient.ts:198:10)
    at refresh (http://localhost:1420/src/views/HomeFloatNotes.vue?t=1788078159546:51:30)
    at http://localhost:1420/src/views/HomeFloatNotes.vue?t=1788078159546:57:13
    at http://localhost:1420/node_modules/.vite/deps/vue.js?v=318df923:5342:40
[ 1066495ms] TypeError: Cannot read properties of undefined (reading 'transformCallback')
    at transformCallback (http://localhost:1420/node_modules/.vite/deps/chunk-G7S6KQDI.js?v=318df923:22:37)
    at listen (http://localhost:1420/node_modules/.vite/deps/chunk-7FCLUC5I.js?v=318df923:39:14)
    at once (http://localhost:1420/node_modules/.vite/deps/chunk-7FCLUC5I.js?v=318df923:45:10)
    at http://localhost:1420/src/services/brainClient.ts:20:10
    at new Promise (<anonymous>)
    at onceWithTimeout (http://localhost:1420/src/services/brainClient.ts:19:16)
    at getFeedOnce (http://localhost:1420/src/services/brainClient.ts:150:10)
    at http://localhost:1420/src/views/HomeTodayPanel.vue?t=1788070812924:17:28
    at http://localhost:1420/node_modules/.vite/deps/vue.js?v=318df923:5342:40
    at callWithErrorHandling (http://localhost:1420/node_modules/.vite/deps/vue.js?v=318df923:2379:19)
[ 1066495ms] TypeError: Cannot read properties of undefined (reading 'transformCallback')
    at transformCallback (http://localhost:1420/node_modules/.vite/deps/chunk-G7S6KQDI.js?v=318df923:22:37)
    at listen (http://localhost:1420/node_modules/.vite/deps/chunk-7FCLUC5I.js?v=318df923:39:14)
    at once (http://localhost:1420/node_modules/.vite/deps/chunk-7FCLUC5I.js?v=318df923:45:10)
    at http://localhost:1420/src/services/brainClient.ts:20:10
    at new Promise (<anonymous>)
    at onceWithTimeout (http://localhost:1420/src/services/brainClient.ts:19:16)
    at getFeedOnce (http://localhost:1420/src/services/brainClient.ts:150:10)
    at http://localhost:1420/src/views/HomeGlance.vue?t=1788078509058:66:28
    at http://localhost:1420/node_modules/.vite/deps/vue.js?v=318df923:5342:40
    at callWithErrorHandling (http://localhost:1420/node_modules/.vite/deps/vue.js?v=318df923:2379:19)
[ 1066495ms] TypeError: Cannot read properties of undefined (reading 'transformCallback')
    at transformCallback (http://localhost:1420/node_modules/.vite/deps/chunk-G7S6KQDI.js?v=318df923:22:37)
    at listen (http://localhost:1420/node_modules/.vite/deps/chunk-7FCLUC5I.js?v=318df923:39:14)
    at once (http://localhost:1420/node_modules/.vite/deps/chunk-7FCLUC5I.js?v=318df923:45:10)
    at http://localhost:1420/src/services/brainClient.ts:20:10
    at new Promise (<anonymous>)
    at onceWithTimeout (http://localhost:1420/src/services/brainClient.ts:19:16)
    at getWidgetsOnce (http://localhost:1420/src/services/brainClient.ts:198:10)
    at http://localhost:1420/src/views/HomeBench.vue?t=1788078509058:40:9
    at http://localhost:1420/node_modules/.vite/deps/vue.js?v=318df923:5342:40
    at callWithErrorHandling (http://localhost:1420/node_modules/.vite/deps/vue.js?v=318df923:2379:19)
[ 1066495ms] TypeError: Cannot read properties of undefined (reading 'transformCallback')
    at transformCallback (http://localhost:1420/node_modules/.vite/deps/chunk-G7S6KQDI.js?v=318df923:22:37)
    at listen (http://localhost:1420/node_modules/.vite/deps/chunk-7FCLUC5I.js?v=318df923:39:14)
    at once (http://localhost:1420/node_modules/.vite/deps/chunk-7FCLUC5I.js?v=318df923:45:10)
    at http://localhost:1420/src/services/brainClient.ts:20:10
    at new Promise (<anonymous>)
    at onceWithTimeout (http://localhost:1420/src/services/brainClient.ts:19:16)
    at getFeedOnce (http://localhost:1420/src/services/brainClient.ts:150:10)
    at http://localhost:1420/src/views/HomeBench.vue?t=1788078509058:41:9
    at http://localhost:1420/node_modules/.vite/deps/vue.js?v=318df923:5342:40
    at callWithErrorHandling (http://localhost:1420/node_modules/.vite/deps/vue.js?v=318df923:2379:19)
[ 1066495ms] TypeError: Cannot read properties of undefined (reading 'transformCallback')
    at transformCallback (http://localhost:1420/node_modules/.vite/deps/chunk-G7S6KQDI.js?v=318df923:22:37)
    at listen (http://localhost:1420/node_modules/.vite/deps/chunk-7FCLUC5I.js?v=318df923:39:14)
    at once (http://localhost:1420/node_modules/.vite/deps/chunk-7FCLUC5I.js?v=318df923:45:10)
    at http://localhost:1420/src/services/brainClient.ts:20:10
    at new Promise (<anonymous>)
    at onceWithTimeout (http://localhost:1420/src/services/brainClient.ts:19:16)
    at getWidgetsOnce (http://localhost:1420/src/services/brainClient.ts:198:10)
    at http://localhost:1420/src/views/HomeJot.vue?t=1788078509058:21:28
    at http://localhost:1420/node_modules/.vite/deps/vue.js?v=318df923:5342:40
    at callWithErrorHandling (http://localhost:1420/node_modules/.vite/deps/vue.js?v=318df923:2379:19)
[ 1066495ms] TypeError: Cannot read properties of undefined (reading 'transformCallback')
    at transformCallback (http://localhost:1420/node_modules/.vite/deps/chunk-G7S6KQDI.js?v=318df923:22:37)
    at listen (http://localhost:1420/node_modules/.vite/deps/chunk-7FCLUC5I.js?v=318df923:39:14)
    at once (http://localhost:1420/node_modules/.vite/deps/chunk-7FCLUC5I.js?v=318df923:45:10)
    at http://localhost:1420/src/services/brainClient.ts:20:10
    at new Promise (<anonymous>)
    at onceWithTimeout (http://localhost:1420/src/services/brainClient.ts:19:16)
    at getFeedOnce (http://localhost:1420/src/services/brainClient.ts:150:10)
    at http://localhost:1420/src/views/chat/HorizonBar.vue?t=1788076324598:26:28
    at http://localhost:1420/node_modules/.vite/deps/vue.js?v=318df923:5342:40
    at callWithErrorHandling (http://localhost:1420/node_modules/.vite/deps/vue.js?v=318df923:2379:19)
[ 1066495ms] TypeError: Cannot read properties of undefined (reading 'transformCallback')
    at transformCallback (http://localhost:1420/node_modules/.vite/deps/chunk-G7S6KQDI.js?v=318df923:22:37)
    at listen (http://localhost:1420/node_modules/.vite/deps/chunk-7FCLUC5I.js?v=318df923:39:14)
    at onBrainEvent (http://localhost:1420/src/services/brainClient.ts:299:10)
    at http://localhost:1420/src/views/CapabilityConversationRail.vue:178:24
[ 1066495ms] TypeError: Cannot read properties of undefined (reading 'transformCallback')
    at transformCallback (http://localhost:1420/node_modules/.vite/deps/chunk-G7S6KQDI.js?v=318df923:22:37)
    at listen (http://localhost:1420/node_modules/.vite/deps/chunk-7FCLUC5I.js?v=318df923:39:14)
    at once (http://localhost:1420/node_modules/.vite/deps/chunk-7FCLUC5I.js?v=318df923:45:10)
    at http://localhost:1420/src/services/brainClient.ts:20:10
    at new Promise (<anonymous>)
    at onceWithTimeout (http://localhost:1420/src/services/brainClient.ts:19:16)
    at getPerceptionOnce (http://localhost:1420/src/services/brainClient.ts:274:10)
    at loadPerception (http://localhost:1420/src/views/settings/DataView.vue:34:23)
    at http://localhost:1420/src/views/settings/DataView.vue:182:12
    at http://localhost:1420/node_modules/.vite/deps/vue.js?v=318df923:5342:40
[ 1066495ms] TypeError: Cannot read properties of undefined (reading 'transformCallback')
    at transformCallback (http://localhost:1420/node_modules/.vite/deps/chunk-G7S6KQDI.js?v=318df923:22:37)
    at listen (http://localhost:1420/node_modules/.vite/deps/chunk-7FCLUC5I.js?v=318df923:39:14)
    at once (http://localhost:1420/node_modules/.vite/deps/chunk-7FCLUC5I.js?v=318df923:45:10)
    at http://localhost:1420/src/services/brainClient.ts:20:10
    at new Promise (<anonymous>)
    at onceWithTimeout (http://localhost:1420/src/services/brainClient.ts:19:16)
    at getMemListOnce (http://localhost:1420/src/services/brainClient.ts:216:10)
    at loadMem (http://localhost:1420/src/views/settings/DataView.vue:116:23)
    at http://localhost:1420/src/views/settings/DataView.vue:183:12
    at http://localhost:1420/node_modules/.vite/deps/vue.js?v=318df923:5342:40
[ 1066495ms] TypeError: Cannot read properties of undefined (reading 'transformCallback')
    at transformCallback (http://localhost:1420/node_modules/.vite/deps/chunk-G7S6KQDI.js?v=318df923:22:37)
    at listen (http://localhost:1420/node_modules/.vite/deps/chunk-7FCLUC5I.js?v=318df923:39:14)
    at once (http://localhost:1420/node_modules/.vite/deps/chunk-7FCLUC5I.js?v=318df923:45:10)
    at http://localhost:1420/src/services/brainClient.ts:20:10
    at new Promise (<anonymous>)
    at onceWithTimeout (http://localhost:1420/src/services/brainClient.ts:19:16)
    at getSettingsOnce (http://localhost:1420/src/services/brainClient.ts:245:19)
    at http://localhost:1420/src/views/settings/DataView.vue:184:12
    at http://localhost:1420/node_modules/.vite/deps/vue.js?v=318df923:5342:40
    at callWithErrorHandling (http://localhost:1420/node_modules/.vite/deps/vue.js?v=318df923:2379:19)
[ 1066496ms] TypeError: Cannot read properties of undefined (reading 'transformCallback')
    at transformCallback (http://localhost:1420/node_modules/.vite/deps/chunk-G7S6KQDI.js?v=318df923:22:37)
    at listen (http://localhost:1420/node_modules/.vite/deps/chunk-7FCLUC5I.js?v=318df923:39:14)
    at onBrainStatus (http://localhost:1420/src/services/brainClient.ts:305:10)
    at http://localhost:1420/src/views/settings/GeneralSection.vue?t=1788078509058:273:30
[ 1066496ms] TypeError: Cannot read properties of undefined (reading 'transformCallback')
    at transformCallback (http://localhost:1420/node_modules/.vite/deps/chunk-G7S6KQDI.js?v=318df923:22:37)
    at listen (http://localhost:1420/node_modules/.vite/deps/chunk-7FCLUC5I.js?v=318df923:39:14)
    at once (http://localhost:1420/node_modules/.vite/deps/chunk-7FCLUC5I.js?v=318df923:45:10)
    at http://localhost:1420/src/services/brainClient.ts:20:10
    at new Promise (<anonymous>)
    at onceWithTimeout (http://localhost:1420/src/services/brainClient.ts:19:16)
    at getSettingsOnce (http://localhost:1420/src/services/brainClient.ts:245:19)
    at http://localhost:1420/src/views/settings/GeneralSection.vue?t=1788078509058:262:12
[ 1066496ms] TypeError: Cannot read properties of undefined (reading 'transformCallback')
    at transformCallback (http://localhost:1420/node_modules/.vite/deps/chunk-G7S6KQDI.js?v=318df923:22:37)
    at listen (http://localhost:1420/node_modules/.vite/deps/chunk-7FCLUC5I.js?v=318df923:39:14)
    at once (http://localhost:1420/node_modules/.vite/deps/chunk-7FCLUC5I.js?v=318df923:45:10)
    at http://localhost:1420/src/services/brainClient.ts:20:10
    at new Promise (<anonymous>)
    at onceWithTimeout (http://localhost:1420/src/services/brainClient.ts:19:16)
    at getHttpPairInfoOnce (http://localhost:1420/src/services/brainClient.ts:266:10)
    at refreshPair (http://localhost:1420/src/views/settings/GeneralSection.vue?t=1788078509058:149:29)
    at http://localhost:1420/src/views/settings/GeneralSection.vue?t=1788078509058:272:12
[ 1066467ms] [WARNING] [Vue warn]: Unhandled error during execution of mounted hook 
  at <HomeChat key=0 draft=undefined workstation=null  ... > 
  at <BaseTransition appear=false persisted=true mode=undefined  ... > 
  at <Transition name="view-fade" persisted="" > 
  at <HomeWindow> @ http://localhost:1420/node_modules/.vite/deps/vue.js?v=318df923:2231
[ 1066496ms] TypeError: Cannot read properties of undefined (reading 'transformCallback')
    at transformCallback (http://localhost:1420/node_modules/.vite/deps/chunk-G7S6KQDI.js?v=318df923:22:37)
    at listen (http://localhost:1420/node_modules/.vite/deps/chunk-7FCLUC5I.js?v=318df923:39:14)
    at onBrainEvent (http://localhost:1420/src/services/brainClient.ts:299:10)
    at http://localhost:1420/src/views/chat/HomeChat.vue?t=1788078509058:623:24
[ 1067180ms] [ERROR] [vite] ReferenceError: HomeMaterialsStat is not defined
    at http://localhost:1420/src/composables/homeAssemblyUi.ts?t=1788078510351:30:22 @ http://localhost:1420/@vite/client:881
[ 1067180ms] [ERROR] [vite] Failed to reload /src/views/chat/HomeChat.vue. This could be due to syntax errors or importing non-existent modules. (see errors above) @ http://localhost:1420/@vite/client:881
[ 1068917ms] [ERROR] [vite] ReferenceError: HomeMaterialsStat is not defined
    at http://localhost:1420/src/composables/homeAssemblyUi.ts?t=1788078512086:30:22 @ http://localhost:1420/@vite/client:881
[ 1068917ms] [ERROR] [vite] Failed to reload /src/views/chat/HomeChat.vue. This could be due to syntax errors or importing non-existent modules. (see errors above) @ http://localhost:1420/@vite/client:881
[ 1069436ms] [WARNING] [Vue warn]: Unhandled error during execution of mounted hook 
  at <HomeTodayPanel state="idle" only="today" onChat=fn<onInfoChat> > 
  at <HomeFrame thinking=false state="idle" peek=false  ... > 
  at <HomeChat key=0 draft=undefined workstation=null  ... > 
  at <BaseTransition appear=false persisted=true mode=undefined  ... > 
  at <Transition name="view-fade" persisted="" > 
  at <HomeWindow> @ http://localhost:1420/node_modules/.vite/deps/vue.js?v=318df923:2231
[ 1069442ms] TypeError: Cannot read properties of undefined (reading 'transformCallback')
    at transformCallback (http://localhost:1420/node_modules/.vite/deps/chunk-G7S6KQDI.js?v=318df923:22:37)
    at listen (http://localhost:1420/node_modules/.vite/deps/chunk-7FCLUC5I.js?v=318df923:39:14)
    at onFeed (http://localhost:1420/src/services/brainClient.ts:147:10)
    at http://localhost:1420/src/views/HomeTodayPanel.vue?t=1788070812924:21:22
[ 1069438ms] [WARNING] [Vue warn]: Unhandled error during execution of mounted hook 
  at <HorizonBar state="idle" proc=null shelf=false  ... > 
  at <HomeChat key=0 draft=undefined workstation=null  ... > 
  at <BaseTransition appear=false persisted=true mode=undefined  ... > 
  at <Transition name="view-fade" persisted="" > 
  at <HomeWindow> @ http://localhost:1420/node_modules/.vite/deps/vue.js?v=318df923:2231
[ 1069442ms] TypeError: Cannot read properties of undefined (reading 'transformCallback')
    at transformCallback (http://localhost:1420/node_modules/.vite/deps/chunk-G7S6KQDI.js?v=318df923:22:37)
    at listen (http://localhost:1420/node_modules/.vite/deps/chunk-7FCLUC5I.js?v=318df923:39:14)
    at once (http://localhost:1420/node_modules/.vite/deps/chunk-7FCLUC5I.js?v=318df923:45:10)
    at http://localhost:1420/src/services/brainClient.ts:20:10
    at new Promise (<anonymous>)
    at onceWithTimeout (http://localhost:1420/src/services/brainClient.ts:19:16)
    at getWidgetsOnce (http://localhost:1420/src/services/brainClient.ts:198:10)
    at http://localhost:1420/src/views/HomeGlance.vue?t=1788078509058:79:30
[ 1069442ms] TypeError: Cannot read properties of undefined (reading 'transformCallback')
    at transformCallback (http://localhost:1420/node_modules/.vite/deps/chunk-G7S6KQDI.js?v=318df923:22:37)
    at listen (http://localhost:1420/node_modules/.vite/deps/chunk-7FCLUC5I.js?v=318df923:39:14)
    at onBrainEvent (http://localhost:1420/src/services/brainClient.ts:299:10)
    at http://localhost:1420/src/lib/home/home-panel-run.ts:12:12
    at new Promise (<anonymous>)
    at runPanelAction (http://localhost:1420/src/lib/home/home-panel-run.ts:6:18)
    at refreshCoding (http://localhost:1420/src/views/HomeBench.vue?t=1788078509058:30:28)
    at http://localhost:1420/src/views/HomeBench.vue?t=1788078509058:45:13
[ 1069442ms] TypeError: Cannot read properties of undefined (reading 'transformCallback')
    at transformCallback (http://localhost:1420/node_modules/.vite/deps/chunk-G7S6KQDI.js?v=318df923:22:37)
    at listen (http://localhost:1420/node_modules/.vite/deps/chunk-7FCLUC5I.js?v=318df923:39:14)
    at onFeed (http://localhost:1420/src/services/brainClient.ts:147:10)
    at http://localhost:1420/src/views/chat/HorizonBar.vue?t=1788076324598:31:22
[ 1081439ms] TypeError: Cannot read properties of undefined (reading 'transformCallback')
    at transformCallback (http://localhost:1420/node_modules/.vite/deps/chunk-G7S6KQDI.js?v=318df923:22:37)
    at listen (http://localhost:1420/node_modules/.vite/deps/chunk-7FCLUC5I.js?v=318df923:39:14)
    at once (http://localhost:1420/node_modules/.vite/deps/chunk-7FCLUC5I.js?v=318df923:45:10)
    at http://localhost:1420/src/services/brainClient.ts:20:10
    at new Promise (<anonymous>)
    at onceWithTimeout (http://localhost:1420/src/services/brainClient.ts:19:16)
    at getWidgetsOnce (http://localhost:1420/src/services/brainClient.ts:198:10)
    at refresh (http://localhost:1420/src/views/HomeFloatNotes.vue?t=1788078159546:51:30)
    at http://localhost:1420/src/views/HomeFloatNotes.vue?t=1788078159546:59:14
[ 1093438ms] TypeError: Cannot read properties of undefined (reading 'transformCallback')
    at transformCallback (http://localhost:1420/node_modules/.vite/deps/chunk-G7S6KQDI.js?v=318df923:22:37)
    at listen (http://localhost:1420/node_modules/.vite/deps/chunk-7FCLUC5I.js?v=318df923:39:14)
    at once (http://localhost:1420/node_modules/.vite/deps/chunk-7FCLUC5I.js?v=318df923:45:10)
    at http://localhost:1420/src/services/brainClient.ts:20:10
    at new Promise (<anonymous>)
    at onceWithTimeout (http://localhost:1420/src/services/brainClient.ts:19:16)
    at getWidgetsOnce (http://localhost:1420/src/services/brainClient.ts:198:10)
    at refresh (http://localhost:1420/src/views/HomeFloatNotes.vue?t=1788078159546:51:30)
    at http://localhost:1420/src/views/HomeFloatNotes.vue?t=1788078159546:59:14
[ 1093440ms] TypeError: Cannot read properties of undefined (reading 'transformCallback')
    at transformCallback (http://localhost:1420/node_modules/.vite/deps/chunk-G7S6KQDI.js?v=318df923:22:37)
    at listen (http://localhost:1420/node_modules/.vite/deps/chunk-7FCLUC5I.js?v=318df923:39:14)
    at onBrainEvent (http://localhost:1420/src/services/brainClient.ts:299:10)
    at http://localhost:1420/src/lib/home/home-panel-run.ts:12:12
    at new Promise (<anonymous>)
    at runPanelAction (http://localhost:1420/src/lib/home/home-panel-run.ts:6:18)
    at refreshCoding (http://localhost:1420/src/views/HomeBench.vue?t=1788078509058:30:28)
    at http://localhost:1420/src/views/HomeBench.vue?t=1788078509058:47:14
[ 1105446ms] TypeError: Cannot read properties of undefined (reading 'transformCallback')
    at transformCallback (http://localhost:1420/node_modules/.vite/deps/chunk-G7S6KQDI.js?v=318df923:22:37)
    at listen (http://localhost:1420/node_modules/.vite/deps/chunk-7FCLUC5I.js?v=318df923:39:14)
    at once (http://localhost:1420/node_modules/.vite/deps/chunk-7FCLUC5I.js?v=318df923:45:10)
    at http://localhost:1420/src/services/brainClient.ts:20:10
    at new Promise (<anonymous>)
    at onceWithTimeout (http://localhost:1420/src/services/brainClient.ts:19:16)
    at getWidgetsOnce (http://localhost:1420/src/services/brainClient.ts:198:10)
    at refresh (http://localhost:1420/src/views/HomeFloatNotes.vue?t=1788078159546:51:30)
    at http://localhost:1420/src/views/HomeFloatNotes.vue?t=1788078159546:59:14
[ 1105447ms] TypeError: Cannot read properties of undefined (reading 'transformCallback')
    at transformCallback (http://localhost:1420/node_modules/.vite/deps/chunk-G7S6KQDI.js?v=318df923:22:37)
    at listen (http://localhost:1420/node_modules/.vite/deps/chunk-7FCLUC5I.js?v=318df923:39:14)
    at onBrainEvent (http://localhost:1420/src/services/brainClient.ts:299:10)
    at http://localhost:1420/src/lib/home/home-panel-run.ts:12:12
    at new Promise (<anonymous>)
    at runPanelAction (http://localhost:1420/src/lib/home/home-panel-run.ts:6:18)
    at refreshCoding (http://localhost:1420/src/views/HomeBench.vue?t=1788078509058:30:28)
    at http://localhost:1420/src/views/HomeBench.vue?t=1788078509058:47:14
[ 1117447ms] TypeError: Cannot read properties of undefined (reading 'transformCallback')
    at transformCallback (http://localhost:1420/node_modules/.vite/deps/chunk-G7S6KQDI.js?v=318df923:22:37)
    at listen (http://localhost:1420/node_modules/.vite/deps/chunk-7FCLUC5I.js?v=318df923:39:14)
    at once (http://localhost:1420/node_modules/.vite/deps/chunk-7FCLUC5I.js?v=318df923:45:10)
    at http://localhost:1420/src/services/brainClient.ts:20:10
    at new Promise (<anonymous>)
    at onceWithTimeout (http://localhost:1420/src/services/brainClient.ts:19:16)
    at getWidgetsOnce (http://localhost:1420/src/services/brainClient.ts:198:10)
    at refresh (http://localhost:1420/src/views/HomeFloatNotes.vue?t=1788078159546:51:30)
    at http://localhost:1420/src/views/HomeFloatNotes.vue?t=1788078159546:59:14
[ 1117448ms] TypeError: Cannot read properties of undefined (reading 'transformCallback')
    at transformCallback (http://localhost:1420/node_modules/.vite/deps/chunk-G7S6KQDI.js?v=318df923:22:37)
    at listen (http://localhost:1420/node_modules/.vite/deps/chunk-7FCLUC5I.js?v=318df923:39:14)
    at onBrainEvent (http://localhost:1420/src/services/brainClient.ts:299:10)
    at http://localhost:1420/src/lib/home/home-panel-run.ts:12:12
    at new Promise (<anonymous>)
    at runPanelAction (http://localhost:1420/src/lib/home/home-panel-run.ts:6:18)
    at refreshCoding (http://localhost:1420/src/views/HomeBench.vue?t=1788078509058:30:28)
    at http://localhost:1420/src/views/HomeBench.vue?t=1788078509058:47:14
[ 1129446ms] TypeError: Cannot read properties of undefined (reading 'transformCallback')
    at transformCallback (http://localhost:1420/node_modules/.vite/deps/chunk-G7S6KQDI.js?v=318df923:22:37)
    at listen (http://localhost:1420/node_modules/.vite/deps/chunk-7FCLUC5I.js?v=318df923:39:14)
    at once (http://localhost:1420/node_modules/.vite/deps/chunk-7FCLUC5I.js?v=318df923:45:10)
    at http://localhost:1420/src/services/brainClient.ts:20:10
    at new Promise (<anonymous>)
    at onceWithTimeout (http://localhost:1420/src/services/brainClient.ts:19:16)
    at getWidgetsOnce (http://localhost:1420/src/services/brainClient.ts:198:10)
    at refresh (http://localhost:1420/src/views/HomeFloatNotes.vue?t=1788078159546:51:30)
    at http://localhost:1420/src/views/HomeFloatNotes.vue?t=1788078159546:59:14
[ 1129447ms] TypeError: Cannot read properties of undefined (reading 'transformCallback')
    at transformCallback (http://localhost:1420/node_modules/.vite/deps/chunk-G7S6KQDI.js?v=318df923:22:37)
    at listen (http://localhost:1420/node_modules/.vite/deps/chunk-7FCLUC5I.js?v=318df923:39:14)
    at onBrainEvent (http://localhost:1420/src/services/brainClient.ts:299:10)
    at http://localhost:1420/src/lib/home/home-panel-run.ts:12:12
    at new Promise (<anonymous>)
    at runPanelAction (http://localhost:1420/src/lib/home/home-panel-run.ts:6:18)
    at refreshCoding (http://localhost:1420/src/views/HomeBench.vue?t=1788078509058:30:28)
    at http://localhost:1420/src/views/HomeBench.vue?t=1788078509058:47:14
[ 1141446ms] TypeError: Cannot read properties of undefined (reading 'transformCallback')
    at transformCallback (http://localhost:1420/node_modules/.vite/deps/chunk-G7S6KQDI.js?v=318df923:22:37)
    at listen (http://localhost:1420/node_modules/.vite/deps/chunk-7FCLUC5I.js?v=318df923:39:14)
    at once (http://localhost:1420/node_modules/.vite/deps/chunk-7FCLUC5I.js?v=318df923:45:10)
    at http://localhost:1420/src/services/brainClient.ts:20:10
    at new Promise (<anonymous>)
    at onceWithTimeout (http://localhost:1420/src/services/brainClient.ts:19:16)
    at getWidgetsOnce (http://localhost:1420/src/services/brainClient.ts:198:10)
    at refresh (http://localhost:1420/src/views/HomeFloatNotes.vue?t=1788078159546:51:30)
    at http://localhost:1420/src/views/HomeFloatNotes.vue?t=1788078159546:59:14
[ 1141448ms] TypeError: Cannot read properties of undefined (reading 'transformCallback')
    at transformCallback (http://localhost:1420/node_modules/.vite/deps/chunk-G7S6KQDI.js?v=318df923:22:37)
    at listen (http://localhost:1420/node_modules/.vite/deps/chunk-7FCLUC5I.js?v=318df923:39:14)
    at onBrainEvent (http://localhost:1420/src/services/brainClient.ts:299:10)
    at http://localhost:1420/src/lib/home/home-panel-run.ts:12:12
    at new Promise (<anonymous>)
    at runPanelAction (http://localhost:1420/src/lib/home/home-panel-run.ts:6:18)
    at refreshCoding (http://localhost:1420/src/views/HomeBench.vue?t=1788078509058:30:28)
    at http://localhost:1420/src/views/HomeBench.vue?t=1788078509058:47:14
[ 1146287ms] [ERROR] [vite] ReferenceError: HomeMaterialsStat is not defined
    at http://localhost:1420/src/composables/homeAssemblyUi.ts?t=1788078589468:30:22 @ http://localhost:1420/@vite/client:881
[ 1146287ms] [ERROR] [vite] Failed to reload /src/views/chat/HomeChat.vue. This could be due to syntax errors or importing non-existent modules. (see errors above) @ http://localhost:1420/@vite/client:881
[ 1148106ms] [WARNING] [Vue warn]: Unhandled error during execution of mounted hook 
  at <HomeChat key=0 draft=undefined workstation=null  ... > 
  at <BaseTransition appear=false persisted=true mode=undefined  ... > 
  at <Transition name="view-fade" persisted="" > 
  at <HomeWindow> @ http://localhost:1420/node_modules/.vite/deps/vue.js?v=318df923:2231
[ 1148114ms] TypeError: Cannot read properties of undefined (reading 'transformCallback')
    at transformCallback (http://localhost:1420/node_modules/.vite/deps/chunk-G7S6KQDI.js?v=318df923:22:37)
    at listen (http://localhost:1420/node_modules/.vite/deps/chunk-7FCLUC5I.js?v=318df923:39:14)
    at once (http://localhost:1420/node_modules/.vite/deps/chunk-7FCLUC5I.js?v=318df923:45:10)
    at http://localhost:1420/src/services/brainClient.ts:20:10
    at new Promise (<anonymous>)
    at onceWithTimeout (http://localhost:1420/src/services/brainClient.ts:19:16)
    at getSettingsOnce (http://localhost:1420/src/services/brainClient.ts:245:19)
    at http://localhost:1420/src/views/HomeDayTitle.vue?t=1788070913325:19:30
    at http://localhost:1420/node_modules/.vite/deps/vue.js?v=318df923:5342:40
    at callWithErrorHandling (http://localhost:1420/node_modules/.vite/deps/vue.js?v=318df923:2379:19)
[ 1148115ms] TypeError: Cannot read properties of undefined (reading 'transformCallback')
    at transformCallback (http://localhost:1420/node_modules/.vite/deps/chunk-G7S6KQDI.js?v=318df923:22:37)
    at listen (http://localhost:1420/node_modules/.vite/deps/chunk-7FCLUC5I.js?v=318df923:39:14)
    at once (http://localhost:1420/node_modules/.vite/deps/chunk-7FCLUC5I.js?v=318df923:45:10)
    at http://localhost:1420/src/services/brainClient.ts:20:10
    at new Promise (<anonymous>)
    at onceWithTimeout (http://localhost:1420/src/services/brainClient.ts:19:16)
    at getWidgetsOnce (http://localhost:1420/src/services/brainClient.ts:198:10)
    at refresh (http://localhost:1420/src/views/HomeFloatNotes.vue?t=1788078159546:51:30)
    at http://localhost:1420/src/views/HomeFloatNotes.vue?t=1788078159546:57:13
    at http://localhost:1420/node_modules/.vite/deps/vue.js?v=318df923:5342:40
[ 1148115ms] TypeError: Cannot read properties of undefined (reading 'transformCallback')
    at transformCallback (http://localhost:1420/node_modules/.vite/deps/chunk-G7S6KQDI.js?v=318df923:22:37)
    at listen (http://localhost:1420/node_modules/.vite/deps/chunk-7FCLUC5I.js?v=318df923:39:14)
    at once (http://localhost:1420/node_modules/.vite/deps/chunk-7FCLUC5I.js?v=318df923:45:10)
    at http://localhost:1420/src/services/brainClient.ts:20:10
    at new Promise (<anonymous>)
    at onceWithTimeout (http://localhost:1420/src/services/brainClient.ts:19:16)
    at getFeedOnce (http://localhost:1420/src/services/brainClient.ts:150:10)
    at http://localhost:1420/src/views/HomeTodayPanel.vue?t=1788070812924:17:28
    at http://localhost:1420/node_modules/.vite/deps/vue.js?v=318df923:5342:40
    at callWithErrorHandling (http://localhost:1420/node_modules/.vite/deps/vue.js?v=318df923:2379:19)
[ 1148115ms] TypeError: Cannot read properties of undefined (reading 'transformCallback')
    at transformCallback (http://localhost:1420/node_modules/.vite/deps/chunk-G7S6KQDI.js?v=318df923:22:37)
    at listen (http://localhost:1420/node_modules/.vite/deps/chunk-7FCLUC5I.js?v=318df923:39:14)
    at once (http://localhost:1420/node_modules/.vite/deps/chunk-7FCLUC5I.js?v=318df923:45:10)
    at http://localhost:1420/src/services/brainClient.ts:20:10
    at new Promise (<anonymous>)
    at onceWithTimeout (http://localhost:1420/src/services/brainClient.ts:19:16)
    at getFeedOnce (http://localhost:1420/src/services/brainClient.ts:150:10)
    at http://localhost:1420/src/views/HomeGlance.vue?t=1788078509058:66:28
    at http://localhost:1420/node_modules/.vite/deps/vue.js?v=318df923:5342:40
    at callWithErrorHandling (http://localhost:1420/node_modules/.vite/deps/vue.js?v=318df923:2379:19)
[ 1148115ms] TypeError: Cannot read properties of undefined (reading 'transformCallback')
    at transformCallback (http://localhost:1420/node_modules/.vite/deps/chunk-G7S6KQDI.js?v=318df923:22:37)
    at listen (http://localhost:1420/node_modules/.vite/deps/chunk-7FCLUC5I.js?v=318df923:39:14)
    at once (http://localhost:1420/node_modules/.vite/deps/chunk-7FCLUC5I.js?v=318df923:45:10)
    at http://localhost:1420/src/services/brainClient.ts:20:10
    at new Promise (<anonymous>)
    at onceWithTimeout (http://localhost:1420/src/services/brainClient.ts:19:16)
    at getWidgetsOnce (http://localhost:1420/src/services/brainClient.ts:198:10)
    at http://localhost:1420/src/views/HomeBench.vue?t=1788078509058:40:9
    at http://localhost:1420/node_modules/.vite/deps/vue.js?v=318df923:5342:40
    at callWithErrorHandling (http://localhost:1420/node_modules/.vite/deps/vue.js?v=318df923:2379:19)
[ 1148115ms] TypeError: Cannot read properties of undefined (reading 'transformCallback')
    at transformCallback (http://localhost:1420/node_modules/.vite/deps/chunk-G7S6KQDI.js?v=318df923:22:37)
    at listen (http://localhost:1420/node_modules/.vite/deps/chunk-7FCLUC5I.js?v=318df923:39:14)
    at once (http://localhost:1420/node_modules/.vite/deps/chunk-7FCLUC5I.js?v=318df923:45:10)
    at http://localhost:1420/src/services/brainClient.ts:20:10
    at new Promise (<anonymous>)
    at onceWithTimeout (http://localhost:1420/src/services/brainClient.ts:19:16)
    at getFeedOnce (http://localhost:1420/src/services/brainClient.ts:150:10)
    at http://localhost:1420/src/views/HomeBench.vue?t=1788078509058:41:9
    at http://localhost:1420/node_modules/.vite/deps/vue.js?v=318df923:5342:40
    at callWithErrorHandling (http://localhost:1420/node_modules/.vite/deps/vue.js?v=318df923:2379:19)
[ 1148115ms] TypeError: Cannot read properties of undefined (reading 'transformCallback')
    at transformCallback (http://localhost:1420/node_modules/.vite/deps/chunk-G7S6KQDI.js?v=318df923:22:37)
    at listen (http://localhost:1420/node_modules/.vite/deps/chunk-7FCLUC5I.js?v=318df923:39:14)
    at once (http://localhost:1420/node_modules/.vite/deps/chunk-7FCLUC5I.js?v=318df923:45:10)
    at http://localhost:1420/src/services/brainClient.ts:20:10
    at new Promise (<anonymous>)
    at onceWithTimeout (http://localhost:1420/src/services/brainClient.ts:19:16)
    at getWidgetsOnce (http://localhost:1420/src/services/brainClient.ts:198:10)
    at http://localhost:1420/src/views/HomeJot.vue?t=1788078509058:21:28
    at http://localhost:1420/node_modules/.vite/deps/vue.js?v=318df923:5342:40
    at callWithErrorHandling (http://localhost:1420/node_modules/.vite/deps/vue.js?v=318df923:2379:19)
[ 1148115ms] TypeError: Cannot read properties of undefined (reading 'transformCallback')
    at transformCallback (http://localhost:1420/node_modules/.vite/deps/chunk-G7S6KQDI.js?v=318df923:22:37)
    at listen (http://localhost:1420/node_modules/.vite/deps/chunk-7FCLUC5I.js?v=318df923:39:14)
    at once (http://localhost:1420/node_modules/.vite/deps/chunk-7FCLUC5I.js?v=318df923:45:10)
    at http://localhost:1420/src/services/brainClient.ts:20:10
    at new Promise (<anonymous>)
    at onceWithTimeout (http://localhost:1420/src/services/brainClient.ts:19:16)
    at getFeedOnce (http://localhost:1420/src/services/brainClient.ts:150:10)
    at http://localhost:1420/src/views/chat/HorizonBar.vue?t=1788076324598:26:28
    at http://localhost:1420/node_modules/.vite/deps/vue.js?v=318df923:5342:40
    at callWithErrorHandling (http://localhost:1420/node_modules/.vite/deps/vue.js?v=318df923:2379:19)
[ 1148115ms] TypeError: Cannot read properties of undefined (reading 'transformCallback')
    at transformCallback (http://localhost:1420/node_modules/.vite/deps/chunk-G7S6KQDI.js?v=318df923:22:37)
    at listen (http://localhost:1420/node_modules/.vite/deps/chunk-7FCLUC5I.js?v=318df923:39:14)
    at onBrainEvent (http://localhost:1420/src/services/brainClient.ts:299:10)
    at http://localhost:1420/src/views/chat/HomeChat.vue?t=1788078591220:623:24
[ 1151107ms] [WARNING] [Vue warn]: Unhandled error during execution of mounted hook 
  at <HomeTodayPanel state="idle" only="today" onChat=fn<onInfoChat> > 
  at <HomeFrame thinking=false state="idle" peek=false  ... > 
  at <HomeChat key=0 draft=undefined workstation=null  ... > 
  at <BaseTransition appear=false persisted=true mode=undefined  ... > 
  at <Transition name="view-fade" persisted="" > 
  at <HomeWindow> @ http://localhost:1420/node_modules/.vite/deps/vue.js?v=318df923:2231
[ 1151115ms] TypeError: Cannot read properties of undefined (reading 'transformCallback')
    at transformCallback (http://localhost:1420/node_modules/.vite/deps/chunk-G7S6KQDI.js?v=318df923:22:37)
    at listen (http://localhost:1420/node_modules/.vite/deps/chunk-7FCLUC5I.js?v=318df923:39:14)
    at onFeed (http://localhost:1420/src/services/brainClient.ts:147:10)
    at http://localhost:1420/src/views/HomeTodayPanel.vue?t=1788070812924:21:22
[ 1151108ms] [WARNING] [Vue warn]: Unhandled error during execution of mounted hook 
  at <HorizonBar state="idle" proc=null shelf=false  ... > 
  at <HomeChat key=0 draft=undefined workstation=null  ... > 
  at <BaseTransition appear=false persisted=true mode=undefined  ... > 
  at <Transition name="view-fade" persisted="" > 
  at <HomeWindow> @ http://localhost:1420/node_modules/.vite/deps/vue.js?v=318df923:2231
[ 1151115ms] TypeError: Cannot read properties of undefined (reading 'transformCallback')
    at transformCallback (http://localhost:1420/node_modules/.vite/deps/chunk-G7S6KQDI.js?v=318df923:22:37)
    at listen (http://localhost:1420/node_modules/.vite/deps/chunk-7FCLUC5I.js?v=318df923:39:14)
    at once (http://localhost:1420/node_modules/.vite/deps/chunk-7FCLUC5I.js?v=318df923:45:10)
    at http://localhost:1420/src/services/brainClient.ts:20:10
    at new Promise (<anonymous>)
    at onceWithTimeout (http://localhost:1420/src/services/brainClient.ts:19:16)
    at getWidgetsOnce (http://localhost:1420/src/services/brainClient.ts:198:10)
    at http://localhost:1420/src/views/HomeGlance.vue?t=1788078509058:79:30
[ 1151115ms] TypeError: Cannot read properties of undefined (reading 'transformCallback')
    at transformCallback (http://localhost:1420/node_modules/.vite/deps/chunk-G7S6KQDI.js?v=318df923:22:37)
    at listen (http://localhost:1420/node_modules/.vite/deps/chunk-7FCLUC5I.js?v=318df923:39:14)
    at onBrainEvent (http://localhost:1420/src/services/brainClient.ts:299:10)
    at http://localhost:1420/src/lib/home/home-panel-run.ts:12:12
    at new Promise (<anonymous>)
    at runPanelAction (http://localhost:1420/src/lib/home/home-panel-run.ts:6:18)
    at refreshCoding (http://localhost:1420/src/views/HomeBench.vue?t=1788078509058:30:28)
    at http://localhost:1420/src/views/HomeBench.vue?t=1788078509058:45:13
[ 1151115ms] TypeError: Cannot read properties of undefined (reading 'transformCallback')
    at transformCallback (http://localhost:1420/node_modules/.vite/deps/chunk-G7S6KQDI.js?v=318df923:22:37)
    at listen (http://localhost:1420/node_modules/.vite/deps/chunk-7FCLUC5I.js?v=318df923:39:14)
    at onFeed (http://localhost:1420/src/services/brainClient.ts:147:10)
    at http://localhost:1420/src/views/chat/HorizonBar.vue?t=1788076324598:31:22
[ 1153448ms] TypeError: Cannot read properties of undefined (reading 'transformCallback')
    at transformCallback (http://localhost:1420/node_modules/.vite/deps/chunk-G7S6KQDI.js?v=318df923:22:37)
    at listen (http://localhost:1420/node_modules/.vite/deps/chunk-7FCLUC5I.js?v=318df923:39:14)
    at onBrainEvent (http://localhost:1420/src/services/brainClient.ts:299:10)
    at http://localhost:1420/src/lib/home/home-panel-run.ts:12:12
    at new Promise (<anonymous>)
    at runPanelAction (http://localhost:1420/src/lib/home/home-panel-run.ts:6:18)
    at refreshCoding (http://localhost:1420/src/views/HomeBench.vue?t=1788078509058:30:28)
    at http://localhost:1420/src/views/HomeBench.vue?t=1788078509058:47:14
[ 1163110ms] TypeError: Cannot read properties of undefined (reading 'transformCallback')
    at transformCallback (http://localhost:1420/node_modules/.vite/deps/chunk-G7S6KQDI.js?v=318df923:22:37)
    at listen (http://localhost:1420/node_modules/.vite/deps/chunk-7FCLUC5I.js?v=318df923:39:14)
    at once (http://localhost:1420/node_modules/.vite/deps/chunk-7FCLUC5I.js?v=318df923:45:10)
    at http://localhost:1420/src/services/brainClient.ts:20:10
    at new Promise (<anonymous>)
    at onceWithTimeout (http://localhost:1420/src/services/brainClient.ts:19:16)
    at getWidgetsOnce (http://localhost:1420/src/services/brainClient.ts:198:10)
    at refresh (http://localhost:1420/src/views/HomeFloatNotes.vue?t=1788078159546:51:30)
    at http://localhost:1420/src/views/HomeFloatNotes.vue?t=1788078159546:59:14
[ 1165448ms] TypeError: Cannot read properties of undefined (reading 'transformCallback')
    at transformCallback (http://localhost:1420/node_modules/.vite/deps/chunk-G7S6KQDI.js?v=318df923:22:37)
    at listen (http://localhost:1420/node_modules/.vite/deps/chunk-7FCLUC5I.js?v=318df923:39:14)
    at onBrainEvent (http://localhost:1420/src/services/brainClient.ts:299:10)
    at http://localhost:1420/src/lib/home/home-panel-run.ts:12:12
    at new Promise (<anonymous>)
    at runPanelAction (http://localhost:1420/src/lib/home/home-panel-run.ts:6:18)
    at refreshCoding (http://localhost:1420/src/views/HomeBench.vue?t=1788078509058:30:28)
    at http://localhost:1420/src/views/HomeBench.vue?t=1788078509058:47:14
[ 1175112ms] TypeError: Cannot read properties of undefined (reading 'transformCallback')
    at transformCallback (http://localhost:1420/node_modules/.vite/deps/chunk-G7S6KQDI.js?v=318df923:22:37)
    at listen (http://localhost:1420/node_modules/.vite/deps/chunk-7FCLUC5I.js?v=318df923:39:14)
    at once (http://localhost:1420/node_modules/.vite/deps/chunk-7FCLUC5I.js?v=318df923:45:10)
    at http://localhost:1420/src/services/brainClient.ts:20:10
    at new Promise (<anonymous>)
    at onceWithTimeout (http://localhost:1420/src/services/brainClient.ts:19:16)
    at getWidgetsOnce (http://localhost:1420/src/services/brainClient.ts:198:10)
    at refresh (http://localhost:1420/src/views/HomeFloatNotes.vue?t=1788078159546:51:30)
    at http://localhost:1420/src/views/HomeFloatNotes.vue?t=1788078159546:59:14
[ 1175113ms] TypeError: Cannot read properties of undefined (reading 'transformCallback')
    at transformCallback (http://localhost:1420/node_modules/.vite/deps/chunk-G7S6KQDI.js?v=318df923:22:37)
    at listen (http://localhost:1420/node_modules/.vite/deps/chunk-7FCLUC5I.js?v=318df923:39:14)
    at onBrainEvent (http://localhost:1420/src/services/brainClient.ts:299:10)
    at http://localhost:1420/src/lib/home/home-panel-run.ts:12:12
    at new Promise (<anonymous>)
    at runPanelAction (http://localhost:1420/src/lib/home/home-panel-run.ts:6:18)
    at refreshCoding (http://localhost:1420/src/views/HomeBench.vue?t=1788078509058:30:28)
    at http://localhost:1420/src/views/HomeBench.vue?t=1788078509058:47:14
[ 1177450ms] TypeError: Cannot read properties of undefined (reading 'transformCallback')
    at transformCallback (http://localhost:1420/node_modules/.vite/deps/chunk-G7S6KQDI.js?v=318df923:22:37)
    at listen (http://localhost:1420/node_modules/.vite/deps/chunk-7FCLUC5I.js?v=318df923:39:14)
    at onBrainEvent (http://localhost:1420/src/services/brainClient.ts:299:10)
    at http://localhost:1420/src/lib/home/home-panel-run.ts:12:12
    at new Promise (<anonymous>)
    at runPanelAction (http://localhost:1420/src/lib/home/home-panel-run.ts:6:18)
    at refreshCoding (http://localhost:1420/src/views/HomeBench.vue?t=1788078509058:30:28)
    at http://localhost:1420/src/views/HomeBench.vue?t=1788078509058:47:14
[ 1187110ms] TypeError: Cannot read properties of undefined (reading 'transformCallback')
    at transformCallback (http://localhost:1420/node_modules/.vite/deps/chunk-G7S6KQDI.js?v=318df923:22:37)
    at listen (http://localhost:1420/node_modules/.vite/deps/chunk-7FCLUC5I.js?v=318df923:39:14)
    at once (http://localhost:1420/node_modules/.vite/deps/chunk-7FCLUC5I.js?v=318df923:45:10)
    at http://localhost:1420/src/services/brainClient.ts:20:10
    at new Promise (<anonymous>)
    at onceWithTimeout (http://localhost:1420/src/services/brainClient.ts:19:16)
    at getWidgetsOnce (http://localhost:1420/src/services/brainClient.ts:198:10)
    at refresh (http://localhost:1420/src/views/HomeFloatNotes.vue?t=1788078159546:51:30)
    at http://localhost:1420/src/views/HomeFloatNotes.vue?t=1788078159546:59:14
[ 1187110ms] TypeError: Cannot read properties of undefined (reading 'transformCallback')
    at transformCallback (http://localhost:1420/node_modules/.vite/deps/chunk-G7S6KQDI.js?v=318df923:22:37)
    at listen (http://localhost:1420/node_modules/.vite/deps/chunk-7FCLUC5I.js?v=318df923:39:14)
    at onBrainEvent (http://localhost:1420/src/services/brainClient.ts:299:10)
    at http://localhost:1420/src/lib/home/home-panel-run.ts:12:12
    at new Promise (<anonymous>)
    at runPanelAction (http://localhost:1420/src/lib/home/home-panel-run.ts:6:18)
    at refreshCoding (http://localhost:1420/src/views/HomeBench.vue?t=1788078509058:30:28)
    at http://localhost:1420/src/views/HomeBench.vue?t=1788078509058:47:14
[ 1189449ms] TypeError: Cannot read properties of undefined (reading 'transformCallback')
    at transformCallback (http://localhost:1420/node_modules/.vite/deps/chunk-G7S6KQDI.js?v=318df923:22:37)
    at listen (http://localhost:1420/node_modules/.vite/deps/chunk-7FCLUC5I.js?v=318df923:39:14)
    at onBrainEvent (http://localhost:1420/src/services/brainClient.ts:299:10)
    at http://localhost:1420/src/lib/home/home-panel-run.ts:12:12
    at new Promise (<anonymous>)
    at runPanelAction (http://localhost:1420/src/lib/home/home-panel-run.ts:6:18)
    at refreshCoding (http://localhost:1420/src/views/HomeBench.vue?t=1788078509058:30:28)
    at http://localhost:1420/src/views/HomeBench.vue?t=1788078509058:47:14
[ 1199110ms] TypeError: Cannot read properties of undefined (reading 'transformCallback')
    at transformCallback (http://localhost:1420/node_modules/.vite/deps/chunk-G7S6KQDI.js?v=318df923:22:37)
    at listen (http://localhost:1420/node_modules/.vite/deps/chunk-7FCLUC5I.js?v=318df923:39:14)
    at once (http://localhost:1420/node_modules/.vite/deps/chunk-7FCLUC5I.js?v=318df923:45:10)
    at http://localhost:1420/src/services/brainClient.ts:20:10
    at new Promise (<anonymous>)
    at onceWithTimeout (http://localhost:1420/src/services/brainClient.ts:19:16)
    at getWidgetsOnce (http://localhost:1420/src/services/brainClient.ts:198:10)
    at refresh (http://localhost:1420/src/views/HomeFloatNotes.vue?t=1788078159546:51:30)
    at http://localhost:1420/src/views/HomeFloatNotes.vue?t=1788078159546:59:14
[ 1199110ms] TypeError: Cannot read properties of undefined (reading 'transformCallback')
    at transformCallback (http://localhost:1420/node_modules/.vite/deps/chunk-G7S6KQDI.js?v=318df923:22:37)
    at listen (http://localhost:1420/node_modules/.vite/deps/chunk-7FCLUC5I.js?v=318df923:39:14)
    at onBrainEvent (http://localhost:1420/src/services/brainClient.ts:299:10)
    at http://localhost:1420/src/lib/home/home-panel-run.ts:12:12
    at new Promise (<anonymous>)
    at runPanelAction (http://localhost:1420/src/lib/home/home-panel-run.ts:6:18)
    at refreshCoding (http://localhost:1420/src/views/HomeBench.vue?t=1788078509058:30:28)
    at http://localhost:1420/src/views/HomeBench.vue?t=1788078509058:47:14
[ 1201450ms] TypeError: Cannot read properties of undefined (reading 'transformCallback')
    at transformCallback (http://localhost:1420/node_modules/.vite/deps/chunk-G7S6KQDI.js?v=318df923:22:37)
    at listen (http://localhost:1420/node_modules/.vite/deps/chunk-7FCLUC5I.js?v=318df923:39:14)
    at onBrainEvent (http://localhost:1420/src/services/brainClient.ts:299:10)
    at http://localhost:1420/src/lib/home/home-panel-run.ts:12:12
    at new Promise (<anonymous>)
    at runPanelAction (http://localhost:1420/src/lib/home/home-panel-run.ts:6:18)
    at refreshCoding (http://localhost:1420/src/views/HomeBench.vue?t=1788078509058:30:28)
    at http://localhost:1420/src/views/HomeBench.vue?t=1788078509058:47:14
[ 1211110ms] TypeError: Cannot read properties of undefined (reading 'transformCallback')
    at transformCallback (http://localhost:1420/node_modules/.vite/deps/chunk-G7S6KQDI.js?v=318df923:22:37)
    at listen (http://localhost:1420/node_modules/.vite/deps/chunk-7FCLUC5I.js?v=318df923:39:14)
    at once (http://localhost:1420/node_modules/.vite/deps/chunk-7FCLUC5I.js?v=318df923:45:10)
    at http://localhost:1420/src/services/brainClient.ts:20:10
    at new Promise (<anonymous>)
    at onceWithTimeout (http://localhost:1420/src/services/brainClient.ts:19:16)
    at getWidgetsOnce (http://localhost:1420/src/services/brainClient.ts:198:10)
    at refresh (http://localhost:1420/src/views/HomeFloatNotes.vue?t=1788078159546:51:30)
    at http://localhost:1420/src/views/HomeFloatNotes.vue?t=1788078159546:59:14
[ 1211111ms] TypeError: Cannot read properties of undefined (reading 'transformCallback')
    at transformCallback (http://localhost:1420/node_modules/.vite/deps/chunk-G7S6KQDI.js?v=318df923:22:37)
    at listen (http://localhost:1420/node_modules/.vite/deps/chunk-7FCLUC5I.js?v=318df923:39:14)
    at onBrainEvent (http://localhost:1420/src/services/brainClient.ts:299:10)
    at http://localhost:1420/src/lib/home/home-panel-run.ts:12:12
    at new Promise (<anonymous>)
    at runPanelAction (http://localhost:1420/src/lib/home/home-panel-run.ts:6:18)
    at refreshCoding (http://localhost:1420/src/views/HomeBench.vue?t=1788078509058:30:28)
    at http://localhost:1420/src/views/HomeBench.vue?t=1788078509058:47:14
[ 1213451ms] TypeError: Cannot read properties of undefined (reading 'transformCallback')
    at transformCallback (http://localhost:1420/node_modules/.vite/deps/chunk-G7S6KQDI.js?v=318df923:22:37)
    at listen (http://localhost:1420/node_modules/.vite/deps/chunk-7FCLUC5I.js?v=318df923:39:14)
    at onBrainEvent (http://localhost:1420/src/services/brainClient.ts:299:10)
    at http://localhost:1420/src/lib/home/home-panel-run.ts:12:12
    at new Promise (<anonymous>)
    at runPanelAction (http://localhost:1420/src/lib/home/home-panel-run.ts:6:18)
    at refreshCoding (http://localhost:1420/src/views/HomeBench.vue?t=1788078509058:30:28)
    at http://localhost:1420/src/views/HomeBench.vue?t=1788078509058:47:14
[ 1223111ms] TypeError: Cannot read properties of undefined (reading 'transformCallback')
    at transformCallback (http://localhost:1420/node_modules/.vite/deps/chunk-G7S6KQDI.js?v=318df923:22:37)
    at listen (http://localhost:1420/node_modules/.vite/deps/chunk-7FCLUC5I.js?v=318df923:39:14)
    at once (http://localhost:1420/node_modules/.vite/deps/chunk-7FCLUC5I.js?v=318df923:45:10)
    at http://localhost:1420/src/services/brainClient.ts:20:10
    at new Promise (<anonymous>)
    at onceWithTimeout (http://localhost:1420/src/services/brainClient.ts:19:16)
    at getWidgetsOnce (http://localhost:1420/src/services/brainClient.ts:198:10)
    at refresh (http://localhost:1420/src/views/HomeFloatNotes.vue?t=1788078159546:51:30)
    at http://localhost:1420/src/views/HomeFloatNotes.vue?t=1788078159546:59:14
[ 1223111ms] TypeError: Cannot read properties of undefined (reading 'transformCallback')
    at transformCallback (http://localhost:1420/node_modules/.vite/deps/chunk-G7S6KQDI.js?v=318df923:22:37)
    at listen (http://localhost:1420/node_modules/.vite/deps/chunk-7FCLUC5I.js?v=318df923:39:14)
    at onBrainEvent (http://localhost:1420/src/services/brainClient.ts:299:10)
    at http://localhost:1420/src/lib/home/home-panel-run.ts:12:12
    at new Promise (<anonymous>)
    at runPanelAction (http://localhost:1420/src/lib/home/home-panel-run.ts:6:18)
    at refreshCoding (http://localhost:1420/src/views/HomeBench.vue?t=1788078509058:30:28)
    at http://localhost:1420/src/views/HomeBench.vue?t=1788078509058:47:14
[ 1225450ms] TypeError: Cannot read properties of undefined (reading 'transformCallback')
    at transformCallback (http://localhost:1420/node_modules/.vite/deps/chunk-G7S6KQDI.js?v=318df923:22:37)
    at listen (http://localhost:1420/node_modules/.vite/deps/chunk-7FCLUC5I.js?v=318df923:39:14)
    at onBrainEvent (http://localhost:1420/src/services/brainClient.ts:299:10)
    at http://localhost:1420/src/lib/home/home-panel-run.ts:12:12
    at new Promise (<anonymous>)
    at runPanelAction (http://localhost:1420/src/lib/home/home-panel-run.ts:6:18)
    at refreshCoding (http://localhost:1420/src/views/HomeBench.vue?t=1788078509058:30:28)
    at http://localhost:1420/src/views/HomeBench.vue?t=1788078509058:47:14
[ 1235110ms] TypeError: Cannot read properties of undefined (reading 'transformCallback')
    at transformCallback (http://localhost:1420/node_modules/.vite/deps/chunk-G7S6KQDI.js?v=318df923:22:37)
    at listen (http://localhost:1420/node_modules/.vite/deps/chunk-7FCLUC5I.js?v=318df923:39:14)
    at once (http://localhost:1420/node_modules/.vite/deps/chunk-7FCLUC5I.js?v=318df923:45:10)
    at http://localhost:1420/src/services/brainClient.ts:20:10
    at new Promise (<anonymous>)
    at onceWithTimeout (http://localhost:1420/src/services/brainClient.ts:19:16)
    at getWidgetsOnce (http://localhost:1420/src/services/brainClient.ts:198:10)
    at refresh (http://localhost:1420/src/views/HomeFloatNotes.vue?t=1788078159546:51:30)
    at http://localhost:1420/src/views/HomeFloatNotes.vue?t=1788078159546:59:14
[ 1235111ms] TypeError: Cannot read properties of undefined (reading 'transformCallback')
    at transformCallback (http://localhost:1420/node_modules/.vite/deps/chunk-G7S6KQDI.js?v=318df923:22:37)
    at listen (http://localhost:1420/node_modules/.vite/deps/chunk-7FCLUC5I.js?v=318df923:39:14)
    at onBrainEvent (http://localhost:1420/src/services/brainClient.ts:299:10)
    at http://localhost:1420/src/lib/home/home-panel-run.ts:12:12
    at new Promise (<anonymous>)
    at runPanelAction (http://localhost:1420/src/lib/home/home-panel-run.ts:6:18)
    at refreshCoding (http://localhost:1420/src/views/HomeBench.vue?t=1788078509058:30:28)
    at http://localhost:1420/src/views/HomeBench.vue?t=1788078509058:47:14
[ 1237450ms] TypeError: Cannot read properties of undefined (reading 'transformCallback')
    at transformCallback (http://localhost:1420/node_modules/.vite/deps/chunk-G7S6KQDI.js?v=318df923:22:37)
    at listen (http://localhost:1420/node_modules/.vite/deps/chunk-7FCLUC5I.js?v=318df923:39:14)
    at onBrainEvent (http://localhost:1420/src/services/brainClient.ts:299:10)
    at http://localhost:1420/src/lib/home/home-panel-run.ts:12:12
    at new Promise (<anonymous>)
    at runPanelAction (http://localhost:1420/src/lib/home/home-panel-run.ts:6:18)
    at refreshCoding (http://localhost:1420/src/views/HomeBench.vue?t=1788078509058:30:28)
    at http://localhost:1420/src/views/HomeBench.vue?t=1788078509058:47:14
[ 1247111ms] TypeError: Cannot read properties of undefined (reading 'transformCallback')
    at transformCallback (http://localhost:1420/node_modules/.vite/deps/chunk-G7S6KQDI.js?v=318df923:22:37)
    at listen (http://localhost:1420/node_modules/.vite/deps/chunk-7FCLUC5I.js?v=318df923:39:14)
    at once (http://localhost:1420/node_modules/.vite/deps/chunk-7FCLUC5I.js?v=318df923:45:10)
    at http://localhost:1420/src/services/brainClient.ts:20:10
    at new Promise (<anonymous>)
    at onceWithTimeout (http://localhost:1420/src/services/brainClient.ts:19:16)
    at getWidgetsOnce (http://localhost:1420/src/services/brainClient.ts:198:10)
    at refresh (http://localhost:1420/src/views/HomeFloatNotes.vue?t=1788078159546:51:30)
    at http://localhost:1420/src/views/HomeFloatNotes.vue?t=1788078159546:59:14
[ 1247111ms] TypeError: Cannot read properties of undefined (reading 'transformCallback')
    at transformCallback (http://localhost:1420/node_modules/.vite/deps/chunk-G7S6KQDI.js?v=318df923:22:37)
    at listen (http://localhost:1420/node_modules/.vite/deps/chunk-7FCLUC5I.js?v=318df923:39:14)
    at onBrainEvent (http://localhost:1420/src/services/brainClient.ts:299:10)
    at http://localhost:1420/src/lib/home/home-panel-run.ts:12:12
    at new Promise (<anonymous>)
    at runPanelAction (http://localhost:1420/src/lib/home/home-panel-run.ts:6:18)
    at refreshCoding (http://localhost:1420/src/views/HomeBench.vue?t=1788078509058:30:28)
    at http://localhost:1420/src/views/HomeBench.vue?t=1788078509058:47:14
[ 1249452ms] TypeError: Cannot read properties of undefined (reading 'transformCallback')
    at transformCallback (http://localhost:1420/node_modules/.vite/deps/chunk-G7S6KQDI.js?v=318df923:22:37)
    at listen (http://localhost:1420/node_modules/.vite/deps/chunk-7FCLUC5I.js?v=318df923:39:14)
    at onBrainEvent (http://localhost:1420/src/services/brainClient.ts:299:10)
    at http://localhost:1420/src/lib/home/home-panel-run.ts:12:12
    at new Promise (<anonymous>)
    at runPanelAction (http://localhost:1420/src/lib/home/home-panel-run.ts:6:18)
    at refreshCoding (http://localhost:1420/src/views/HomeBench.vue?t=1788078509058:30:28)
    at http://localhost:1420/src/views/HomeBench.vue?t=1788078509058:47:14
[ 1259110ms] TypeError: Cannot read properties of undefined (reading 'transformCallback')
    at transformCallback (http://localhost:1420/node_modules/.vite/deps/chunk-G7S6KQDI.js?v=318df923:22:37)
    at listen (http://localhost:1420/node_modules/.vite/deps/chunk-7FCLUC5I.js?v=318df923:39:14)
    at once (http://localhost:1420/node_modules/.vite/deps/chunk-7FCLUC5I.js?v=318df923:45:10)
    at http://localhost:1420/src/services/brainClient.ts:20:10
    at new Promise (<anonymous>)
    at onceWithTimeout (http://localhost:1420/src/services/brainClient.ts:19:16)
    at getWidgetsOnce (http://localhost:1420/src/services/brainClient.ts:198:10)
    at refresh (http://localhost:1420/src/views/HomeFloatNotes.vue?t=1788078159546:51:30)
    at http://localhost:1420/src/views/HomeFloatNotes.vue?t=1788078159546:59:14
[ 1259112ms] TypeError: Cannot read properties of undefined (reading 'transformCallback')
    at transformCallback (http://localhost:1420/node_modules/.vite/deps/chunk-G7S6KQDI.js?v=318df923:22:37)
    at listen (http://localhost:1420/node_modules/.vite/deps/chunk-7FCLUC5I.js?v=318df923:39:14)
    at onBrainEvent (http://localhost:1420/src/services/brainClient.ts:299:10)
    at http://localhost:1420/src/lib/home/home-panel-run.ts:12:12
    at new Promise (<anonymous>)
    at runPanelAction (http://localhost:1420/src/lib/home/home-panel-run.ts:6:18)
    at refreshCoding (http://localhost:1420/src/views/HomeBench.vue?t=1788078509058:30:28)
    at http://localhost:1420/src/views/HomeBench.vue?t=1788078509058:47:14
[ 1261451ms] TypeError: Cannot read properties of undefined (reading 'transformCallback')
    at transformCallback (http://localhost:1420/node_modules/.vite/deps/chunk-G7S6KQDI.js?v=318df923:22:37)
    at listen (http://localhost:1420/node_modules/.vite/deps/chunk-7FCLUC5I.js?v=318df923:39:14)
    at onBrainEvent (http://localhost:1420/src/services/brainClient.ts:299:10)
    at http://localhost:1420/src/lib/home/home-panel-run.ts:12:12
    at new Promise (<anonymous>)
    at runPanelAction (http://localhost:1420/src/lib/home/home-panel-run.ts:6:18)
    at refreshCoding (http://localhost:1420/src/views/HomeBench.vue?t=1788078509058:30:28)
    at http://localhost:1420/src/views/HomeBench.vue?t=1788078509058:47:14
[ 1271111ms] TypeError: Cannot read properties of undefined (reading 'transformCallback')
    at transformCallback (http://localhost:1420/node_modules/.vite/deps/chunk-G7S6KQDI.js?v=318df923:22:37)
    at listen (http://localhost:1420/node_modules/.vite/deps/chunk-7FCLUC5I.js?v=318df923:39:14)
    at once (http://localhost:1420/node_modules/.vite/deps/chunk-7FCLUC5I.js?v=318df923:45:10)
    at http://localhost:1420/src/services/brainClient.ts:20:10
    at new Promise (<anonymous>)
    at onceWithTimeout (http://localhost:1420/src/services/brainClient.ts:19:16)
    at getWidgetsOnce (http://localhost:1420/src/services/brainClient.ts:198:10)
    at refresh (http://localhost:1420/src/views/HomeFloatNotes.vue?t=1788078159546:51:30)
    at http://localhost:1420/src/views/HomeFloatNotes.vue?t=1788078159546:59:14
[ 1271111ms] TypeError: Cannot read properties of undefined (reading 'transformCallback')
    at transformCallback (http://localhost:1420/node_modules/.vite/deps/chunk-G7S6KQDI.js?v=318df923:22:37)
    at listen (http://localhost:1420/node_modules/.vite/deps/chunk-7FCLUC5I.js?v=318df923:39:14)
    at onBrainEvent (http://localhost:1420/src/services/brainClient.ts:299:10)
    at http://localhost:1420/src/lib/home/home-panel-run.ts:12:12
    at new Promise (<anonymous>)
    at runPanelAction (http://localhost:1420/src/lib/home/home-panel-run.ts:6:18)
    at refreshCoding (http://localhost:1420/src/views/HomeBench.vue?t=1788078509058:30:28)
    at http://localhost:1420/src/views/HomeBench.vue?t=1788078509058:47:14
[ 1273450ms] TypeError: Cannot read properties of undefined (reading 'transformCallback')
    at transformCallback (http://localhost:1420/node_modules/.vite/deps/chunk-G7S6KQDI.js?v=318df923:22:37)
    at listen (http://localhost:1420/node_modules/.vite/deps/chunk-7FCLUC5I.js?v=318df923:39:14)
    at onBrainEvent (http://localhost:1420/src/services/brainClient.ts:299:10)
    at http://localhost:1420/src/lib/home/home-panel-run.ts:12:12
    at new Promise (<anonymous>)
    at runPanelAction (http://localhost:1420/src/lib/home/home-panel-run.ts:6:18)
    at refreshCoding (http://localhost:1420/src/views/HomeBench.vue?t=1788078509058:30:28)
    at http://localhost:1420/src/views/HomeBench.vue?t=1788078509058:47:14
[ 1283111ms] TypeError: Cannot read properties of undefined (reading 'transformCallback')
    at transformCallback (http://localhost:1420/node_modules/.vite/deps/chunk-G7S6KQDI.js?v=318df923:22:37)
    at listen (http://localhost:1420/node_modules/.vite/deps/chunk-7FCLUC5I.js?v=318df923:39:14)
    at once (http://localhost:1420/node_modules/.vite/deps/chunk-7FCLUC5I.js?v=318df923:45:10)
    at http://localhost:1420/src/services/brainClient.ts:20:10
    at new Promise (<anonymous>)
    at onceWithTimeout (http://localhost:1420/src/services/brainClient.ts:19:16)
    at getWidgetsOnce (http://localhost:1420/src/services/brainClient.ts:198:10)
    at refresh (http://localhost:1420/src/views/HomeFloatNotes.vue?t=1788078159546:51:30)
    at http://localhost:1420/src/views/HomeFloatNotes.vue?t=1788078159546:59:14
[ 1283112ms] TypeError: Cannot read properties of undefined (reading 'transformCallback')
    at transformCallback (http://localhost:1420/node_modules/.vite/deps/chunk-G7S6KQDI.js?v=318df923:22:37)
    at listen (http://localhost:1420/node_modules/.vite/deps/chunk-7FCLUC5I.js?v=318df923:39:14)
    at onBrainEvent (http://localhost:1420/src/services/brainClient.ts:299:10)
    at http://localhost:1420/src/lib/home/home-panel-run.ts:12:12
    at new Promise (<anonymous>)
    at runPanelAction (http://localhost:1420/src/lib/home/home-panel-run.ts:6:18)
    at refreshCoding (http://localhost:1420/src/views/HomeBench.vue?t=1788078509058:30:28)
    at http://localhost:1420/src/views/HomeBench.vue?t=1788078509058:47:14
[ 1285451ms] TypeError: Cannot read properties of undefined (reading 'transformCallback')
    at transformCallback (http://localhost:1420/node_modules/.vite/deps/chunk-G7S6KQDI.js?v=318df923:22:37)
    at listen (http://localhost:1420/node_modules/.vite/deps/chunk-7FCLUC5I.js?v=318df923:39:14)
    at onBrainEvent (http://localhost:1420/src/services/brainClient.ts:299:10)
    at http://localhost:1420/src/lib/home/home-panel-run.ts:12:12
    at new Promise (<anonymous>)
    at runPanelAction (http://localhost:1420/src/lib/home/home-panel-run.ts:6:18)
    at refreshCoding (http://localhost:1420/src/views/HomeBench.vue?t=1788078509058:30:28)
    at http://localhost:1420/src/views/HomeBench.vue?t=1788078509058:47:14
[ 1295111ms] TypeError: Cannot read properties of undefined (reading 'transformCallback')
    at transformCallback (http://localhost:1420/node_modules/.vite/deps/chunk-G7S6KQDI.js?v=318df923:22:37)
    at listen (http://localhost:1420/node_modules/.vite/deps/chunk-7FCLUC5I.js?v=318df923:39:14)
    at once (http://localhost:1420/node_modules/.vite/deps/chunk-7FCLUC5I.js?v=318df923:45:10)
    at http://localhost:1420/src/services/brainClient.ts:20:10
    at new Promise (<anonymous>)
    at onceWithTimeout (http://localhost:1420/src/services/brainClient.ts:19:16)
    at getWidgetsOnce (http://localhost:1420/src/services/brainClient.ts:198:10)
    at refresh (http://localhost:1420/src/views/HomeFloatNotes.vue?t=1788078159546:51:30)
    at http://localhost:1420/src/views/HomeFloatNotes.vue?t=1788078159546:59:14
[ 1295112ms] TypeError: Cannot read properties of undefined (reading 'transformCallback')
    at transformCallback (http://localhost:1420/node_modules/.vite/deps/chunk-G7S6KQDI.js?v=318df923:22:37)
    at listen (http://localhost:1420/node_modules/.vite/deps/chunk-7FCLUC5I.js?v=318df923:39:14)
    at onBrainEvent (http://localhost:1420/src/services/brainClient.ts:299:10)
    at http://localhost:1420/src/lib/home/home-panel-run.ts:12:12
    at new Promise (<anonymous>)
    at runPanelAction (http://localhost:1420/src/lib/home/home-panel-run.ts:6:18)
    at refreshCoding (http://localhost:1420/src/views/HomeBench.vue?t=1788078509058:30:28)
    at http://localhost:1420/src/views/HomeBench.vue?t=1788078509058:47:14
[ 1297452ms] TypeError: Cannot read properties of undefined (reading 'transformCallback')
    at transformCallback (http://localhost:1420/node_modules/.vite/deps/chunk-G7S6KQDI.js?v=318df923:22:37)
    at listen (http://localhost:1420/node_modules/.vite/deps/chunk-7FCLUC5I.js?v=318df923:39:14)
    at onBrainEvent (http://localhost:1420/src/services/brainClient.ts:299:10)
    at http://localhost:1420/src/lib/home/home-panel-run.ts:12:12
    at new Promise (<anonymous>)
    at runPanelAction (http://localhost:1420/src/lib/home/home-panel-run.ts:6:18)
    at refreshCoding (http://localhost:1420/src/views/HomeBench.vue?t=1788078509058:30:28)
    at http://localhost:1420/src/views/HomeBench.vue?t=1788078509058:47:14
[ 1297965ms] [WARNING] [Vue warn]: Unhandled error during execution of mounted hook 
  at <CapabilityConversationRail surface=null active=false onClose=fn<hideSurface>  ... > 
  at <BaseTransition appear=false persisted=true mode=undefined  ... > 
  at <Transition name="scene-rail" persisted="" > 
  at <HomeWindow> @ http://localhost:1420/node_modules/.vite/deps/vue.js?v=318df923:2231
[ 1297966ms] [WARNING] [Vue warn]: Unhandled error during execution of mounted hook 
  at <GeneralSection key=0 > 
  at <SettingsView key=0 > 
  at <BaseTransition appear=false persisted=true mode=undefined  ... > 
  at <Transition name="view-fade" persisted="" > 
  at <HomeWindow> @ http://localhost:1420/node_modules/.vite/deps/vue.js?v=318df923:2231
[ 1297972ms] [VERBOSE] [DOM] Password field is not contained in a form: (More info: https://goo.gl/9p2vKq) %o @ http://localhost:1420/home.html:0
[ 1297982ms] TypeError: Cannot read properties of undefined (reading 'transformCallback')
    at transformCallback (http://localhost:1420/node_modules/.vite/deps/chunk-G7S6KQDI.js?v=318df923:22:37)
    at listen (http://localhost:1420/node_modules/.vite/deps/chunk-7FCLUC5I.js?v=318df923:39:14)
    at onBrainEvent (http://localhost:1420/src/services/brainClient.ts:299:10)
    at http://localhost:1420/src/lib/home/home-panel-run.ts:12:12
    at new Promise (<anonymous>)
    at runPanelAction (http://localhost:1420/src/lib/home/home-panel-run.ts:6:18)
    at http://localhost:1420/src/views/plugins/CapabilityHome.vue:25:25
    at http://localhost:1420/node_modules/.vite/deps/vue.js?v=318df923:5342:40
    at callWithErrorHandling (http://localhost:1420/node_modules/.vite/deps/vue.js?v=318df923:2379:19)
    at callWithAsyncErrorHandling (http://localhost:1420/node_modules/.vite/deps/vue.js?v=318df923:2386:17)
[ 1297983ms] TypeError: Cannot read properties of undefined (reading 'transformCallback')
    at transformCallback (http://localhost:1420/node_modules/.vite/deps/chunk-G7S6KQDI.js?v=318df923:22:37)
    at listen (http://localhost:1420/node_modules/.vite/deps/chunk-7FCLUC5I.js?v=318df923:39:14)
    at once (http://localhost:1420/node_modules/.vite/deps/chunk-7FCLUC5I.js?v=318df923:45:10)
    at http://localhost:1420/src/services/brainClient.ts:20:10
    at new Promise (<anonymous>)
    at onceWithTimeout (http://localhost:1420/src/services/brainClient.ts:19:16)
    at getSettingsOnce (http://localhost:1420/src/services/brainClient.ts:245:19)
    at http://localhost:1420/src/views/HomeDayTitle.vue?t=1788070913325:19:30
    at http://localhost:1420/node_modules/.vite/deps/vue.js?v=318df923:5342:40
    at callWithErrorHandling (http://localhost:1420/node_modules/.vite/deps/vue.js?v=318df923:2379:19)
[ 1297983ms] TypeError: Cannot read properties of undefined (reading 'transformCallback')
    at transformCallback (http://localhost:1420/node_modules/.vite/deps/chunk-G7S6KQDI.js?v=318df923:22:37)
    at listen (http://localhost:1420/node_modules/.vite/deps/chunk-7FCLUC5I.js?v=318df923:39:14)
    at once (http://localhost:1420/node_modules/.vite/deps/chunk-7FCLUC5I.js?v=318df923:45:10)
    at http://localhost:1420/src/services/brainClient.ts:20:10
    at new Promise (<anonymous>)
    at onceWithTimeout (http://localhost:1420/src/services/brainClient.ts:19:16)
    at getWidgetsOnce (http://localhost:1420/src/services/brainClient.ts:198:10)
    at refresh (http://localhost:1420/src/views/HomeFloatNotes.vue?t=1788078159546:51:30)
    at http://localhost:1420/src/views/HomeFloatNotes.vue?t=1788078159546:57:13
    at http://localhost:1420/node_modules/.vite/deps/vue.js?v=318df923:5342:40
[ 1297983ms] TypeError: Cannot read properties of undefined (reading 'transformCallback')
    at transformCallback (http://localhost:1420/node_modules/.vite/deps/chunk-G7S6KQDI.js?v=318df923:22:37)
    at listen (http://localhost:1420/node_modules/.vite/deps/chunk-7FCLUC5I.js?v=318df923:39:14)
    at once (http://localhost:1420/node_modules/.vite/deps/chunk-7FCLUC5I.js?v=318df923:45:10)
    at http://localhost:1420/src/services/brainClient.ts:20:10
    at new Promise (<anonymous>)
    at onceWithTimeout (http://localhost:1420/src/services/brainClient.ts:19:16)
    at getFeedOnce (http://localhost:1420/src/services/brainClient.ts:150:10)
    at http://localhost:1420/src/views/HomeTodayPanel.vue?t=1788070812924:17:28
    at http://localhost:1420/node_modules/.vite/deps/vue.js?v=318df923:5342:40
    at callWithErrorHandling (http://localhost:1420/node_modules/.vite/deps/vue.js?v=318df923:2379:19)
[ 1297983ms] TypeError: Cannot read properties of undefined (reading 'transformCallback')
    at transformCallback (http://localhost:1420/node_modules/.vite/deps/chunk-G7S6KQDI.js?v=318df923:22:37)
    at listen (http://localhost:1420/node_modules/.vite/deps/chunk-7FCLUC5I.js?v=318df923:39:14)
    at once (http://localhost:1420/node_modules/.vite/deps/chunk-7FCLUC5I.js?v=318df923:45:10)
    at http://localhost:1420/src/services/brainClient.ts:20:10
    at new Promise (<anonymous>)
    at onceWithTimeout (http://localhost:1420/src/services/brainClient.ts:19:16)
    at getFeedOnce (http://localhost:1420/src/services/brainClient.ts:150:10)
    at http://localhost:1420/src/views/HomeGlance.vue?t=1788078740876:66:28
    at http://localhost:1420/node_modules/.vite/deps/vue.js?v=318df923:5342:40
    at callWithErrorHandling (http://localhost:1420/node_modules/.vite/deps/vue.js?v=318df923:2379:19)
[ 1297983ms] TypeError: Cannot read properties of undefined (reading 'transformCallback')
    at transformCallback (http://localhost:1420/node_modules/.vite/deps/chunk-G7S6KQDI.js?v=318df923:22:37)
    at listen (http://localhost:1420/node_modules/.vite/deps/chunk-7FCLUC5I.js?v=318df923:39:14)
    at once (http://localhost:1420/node_modules/.vite/deps/chunk-7FCLUC5I.js?v=318df923:45:10)
    at http://localhost:1420/src/services/brainClient.ts:20:10
    at new Promise (<anonymous>)
    at onceWithTimeout (http://localhost:1420/src/services/brainClient.ts:19:16)
    at getFeedOnce (http://localhost:1420/src/services/brainClient.ts:150:10)
    at http://localhost:1420/src/views/chat/HorizonBar.vue?t=1788076324598:26:28
    at http://localhost:1420/node_modules/.vite/deps/vue.js?v=318df923:5342:40
    at callWithErrorHandling (http://localhost:1420/node_modules/.vite/deps/vue.js?v=318df923:2379:19)
[ 1297983ms] TypeError: Cannot read properties of undefined (reading 'transformCallback')
    at transformCallback (http://localhost:1420/node_modules/.vite/deps/chunk-G7S6KQDI.js?v=318df923:22:37)
    at listen (http://localhost:1420/node_modules/.vite/deps/chunk-7FCLUC5I.js?v=318df923:39:14)
    at onBrainEvent (http://localhost:1420/src/services/brainClient.ts:299:10)
    at http://localhost:1420/src/views/CapabilityConversationRail.vue:178:24
[ 1297983ms] TypeError: Cannot read properties of undefined (reading 'transformCallback')
    at transformCallback (http://localhost:1420/node_modules/.vite/deps/chunk-G7S6KQDI.js?v=318df923:22:37)
    at listen (http://localhost:1420/node_modules/.vite/deps/chunk-7FCLUC5I.js?v=318df923:39:14)
    at once (http://localhost:1420/node_modules/.vite/deps/chunk-7FCLUC5I.js?v=318df923:45:10)
    at http://localhost:1420/src/services/brainClient.ts:20:10
    at new Promise (<anonymous>)
    at onceWithTimeout (http://localhost:1420/src/services/brainClient.ts:19:16)
    at getPerceptionOnce (http://localhost:1420/src/services/brainClient.ts:274:10)
    at loadPerception (http://localhost:1420/src/views/settings/DataView.vue:34:23)
    at http://localhost:1420/src/views/settings/DataView.vue:182:12
    at http://localhost:1420/node_modules/.vite/deps/vue.js?v=318df923:5342:40
[ 1297983ms] TypeError: Cannot read properties of undefined (reading 'transformCallback')
    at transformCallback (http://localhost:1420/node_modules/.vite/deps/chunk-G7S6KQDI.js?v=318df923:22:37)
    at listen (http://localhost:1420/node_modules/.vite/deps/chunk-7FCLUC5I.js?v=318df923:39:14)
    at once (http://localhost:1420/node_modules/.vite/deps/chunk-7FCLUC5I.js?v=318df923:45:10)
    at http://localhost:1420/src/services/brainClient.ts:20:10
    at new Promise (<anonymous>)
    at onceWithTimeout (http://localhost:1420/src/services/brainClient.ts:19:16)
    at getMemListOnce (http://localhost:1420/src/services/brainClient.ts:216:10)
    at loadMem (http://localhost:1420/src/views/settings/DataView.vue:116:23)
    at http://localhost:1420/src/views/settings/DataView.vue:183:12
    at http://localhost:1420/node_modules/.vite/deps/vue.js?v=318df923:5342:40
[ 1297983ms] TypeError: Cannot read properties of undefined (reading 'transformCallback')
    at transformCallback (http://localhost:1420/node_modules/.vite/deps/chunk-G7S6KQDI.js?v=318df923:22:37)
    at listen (http://localhost:1420/node_modules/.vite/deps/chunk-7FCLUC5I.js?v=318df923:39:14)
    at once (http://localhost:1420/node_modules/.vite/deps/chunk-7FCLUC5I.js?v=318df923:45:10)
    at http://localhost:1420/src/services/brainClient.ts:20:10
    at new Promise (<anonymous>)
    at onceWithTimeout (http://localhost:1420/src/services/brainClient.ts:19:16)
    at getSettingsOnce (http://localhost:1420/src/services/brainClient.ts:245:19)
    at http://localhost:1420/src/views/settings/DataView.vue:184:12
    at http://localhost:1420/node_modules/.vite/deps/vue.js?v=318df923:5342:40
    at callWithErrorHandling (http://localhost:1420/node_modules/.vite/deps/vue.js?v=318df923:2379:19)
[ 1297983ms] TypeError: Cannot read properties of undefined (reading 'transformCallback')
    at transformCallback (http://localhost:1420/node_modules/.vite/deps/chunk-G7S6KQDI.js?v=318df923:22:37)
    at listen (http://localhost:1420/node_modules/.vite/deps/chunk-7FCLUC5I.js?v=318df923:39:14)
    at onBrainStatus (http://localhost:1420/src/services/brainClient.ts:305:10)
    at http://localhost:1420/src/views/settings/GeneralSection.vue?t=1788078740876:273:30
[ 1297983ms] TypeError: Cannot read properties of undefined (reading 'transformCallback')
    at transformCallback (http://localhost:1420/node_modules/.vite/deps/chunk-G7S6KQDI.js?v=318df923:22:37)
    at listen (http://localhost:1420/node_modules/.vite/deps/chunk-7FCLUC5I.js?v=318df923:39:14)
    at once (http://localhost:1420/node_modules/.vite/deps/chunk-7FCLUC5I.js?v=318df923:45:10)
    at http://localhost:1420/src/services/brainClient.ts:20:10
    at new Promise (<anonymous>)
    at onceWithTimeout (http://localhost:1420/src/services/brainClient.ts:19:16)
    at getSettingsOnce (http://localhost:1420/src/services/brainClient.ts:245:19)
    at http://localhost:1420/src/views/settings/GeneralSection.vue?t=1788078740876:262:12
[ 1297983ms] TypeError: Cannot read properties of undefined (reading 'transformCallback')
    at transformCallback (http://localhost:1420/node_modules/.vite/deps/chunk-G7S6KQDI.js?v=318df923:22:37)
    at listen (http://localhost:1420/node_modules/.vite/deps/chunk-7FCLUC5I.js?v=318df923:39:14)
    at once (http://localhost:1420/node_modules/.vite/deps/chunk-7FCLUC5I.js?v=318df923:45:10)
    at http://localhost:1420/src/services/brainClient.ts:20:10
    at new Promise (<anonymous>)
    at onceWithTimeout (http://localhost:1420/src/services/brainClient.ts:19:16)
    at getHttpPairInfoOnce (http://localhost:1420/src/services/brainClient.ts:266:10)
    at refreshPair (http://localhost:1420/src/views/settings/GeneralSection.vue?t=1788078740876:149:29)
    at http://localhost:1420/src/views/settings/GeneralSection.vue?t=1788078740876:272:12
[ 1297981ms] [WARNING] [Vue warn]: Unhandled error during execution of mounted hook 
  at <HomeChat key=0 draft=undefined workstation=null  ... > 
  at <BaseTransition appear=false persisted=true mode=undefined  ... > 
  at <Transition name="view-fade" persisted="" > 
  at <HomeWindow> @ http://localhost:1420/node_modules/.vite/deps/vue.js?v=318df923:2231
[ 1297984ms] TypeError: Cannot read properties of undefined (reading 'transformCallback')
    at transformCallback (http://localhost:1420/node_modules/.vite/deps/chunk-G7S6KQDI.js?v=318df923:22:37)
    at listen (http://localhost:1420/node_modules/.vite/deps/chunk-7FCLUC5I.js?v=318df923:39:14)
    at onBrainEvent (http://localhost:1420/src/services/brainClient.ts:299:10)
    at http://localhost:1420/src/views/chat/HomeChat.vue?t=1788078740876:623:24
[ 1300964ms] [WARNING] [Vue warn]: Unhandled error during execution of mounted hook 
  at <HomeTodayPanel state="idle" only="today" onChat=fn<onInfoChat> > 
  at <HomeFrame thinking=false state="idle" peek=false  ... > 
  at <HomeChat key=0 draft=undefined workstation=null  ... > 
  at <BaseTransition appear=false persisted=true mode=undefined  ... > 
  at <Transition name="view-fade" persisted="" > 
  at <HomeWindow> @ http://localhost:1420/node_modules/.vite/deps/vue.js?v=318df923:2231
[ 1300964ms] [WARNING] [Vue warn]: Unhandled error during execution of mounted hook 
  at <HorizonBar state="idle" proc=null shelf=false  ... > 
  at <HomeChat key=0 draft=undefined workstation=null  ... > 
  at <BaseTransition appear=false persisted=true mode=undefined  ... > 
  at <Transition name="view-fade" persisted="" > 
  at <HomeWindow> @ http://localhost:1420/node_modules/.vite/deps/vue.js?v=318df923:2231
[ 1300966ms] TypeError: Cannot read properties of undefined (reading 'transformCallback')
    at transformCallback (http://localhost:1420/node_modules/.vite/deps/chunk-G7S6KQDI.js?v=318df923:22:37)
    at listen (http://localhost:1420/node_modules/.vite/deps/chunk-7FCLUC5I.js?v=318df923:39:14)
    at onFeed (http://localhost:1420/src/services/brainClient.ts:147:10)
    at http://localhost:1420/src/views/HomeTodayPanel.vue?t=1788070812924:21:22
[ 1300966ms] TypeError: Cannot read properties of undefined (reading 'transformCallback')
    at transformCallback (http://localhost:1420/node_modules/.vite/deps/chunk-G7S6KQDI.js?v=318df923:22:37)
    at listen (http://localhost:1420/node_modules/.vite/deps/chunk-7FCLUC5I.js?v=318df923:39:14)
    at once (http://localhost:1420/node_modules/.vite/deps/chunk-7FCLUC5I.js?v=318df923:45:10)
    at http://localhost:1420/src/services/brainClient.ts:20:10
    at new Promise (<anonymous>)
    at onceWithTimeout (http://localhost:1420/src/services/brainClient.ts:19:16)
    at getWidgetsOnce (http://localhost:1420/src/services/brainClient.ts:198:10)
    at http://localhost:1420/src/views/HomeGlance.vue?t=1788078740876:79:30
[ 1300966ms] TypeError: Cannot read properties of undefined (reading 'transformCallback')
    at transformCallback (http://localhost:1420/node_modules/.vite/deps/chunk-G7S6KQDI.js?v=318df923:22:37)
    at listen (http://localhost:1420/node_modules/.vite/deps/chunk-7FCLUC5I.js?v=318df923:39:14)
    at onFeed (http://localhost:1420/src/services/brainClient.ts:147:10)
    at http://localhost:1420/src/views/chat/HorizonBar.vue?t=1788076324598:31:22
[ 1312965ms] TypeError: Cannot read properties of undefined (reading 'transformCallback')
    at transformCallback (http://localhost:1420/node_modules/.vite/deps/chunk-G7S6KQDI.js?v=318df923:22:37)
    at listen (http://localhost:1420/node_modules/.vite/deps/chunk-7FCLUC5I.js?v=318df923:39:14)
    at once (http://localhost:1420/node_modules/.vite/deps/chunk-7FCLUC5I.js?v=318df923:45:10)
    at http://localhost:1420/src/services/brainClient.ts:20:10
    at new Promise (<anonymous>)
    at onceWithTimeout (http://localhost:1420/src/services/brainClient.ts:19:16)
    at getWidgetsOnce (http://localhost:1420/src/services/brainClient.ts:198:10)
    at refresh (http://localhost:1420/src/views/HomeFloatNotes.vue?t=1788078159546:51:30)
    at http://localhost:1420/src/views/HomeFloatNotes.vue?t=1788078159546:59:14
[ 1324965ms] TypeError: Cannot read properties of undefined (reading 'transformCallback')
    at transformCallback (http://localhost:1420/node_modules/.vite/deps/chunk-G7S6KQDI.js?v=318df923:22:37)
    at listen (http://localhost:1420/node_modules/.vite/deps/chunk-7FCLUC5I.js?v=318df923:39:14)
    at once (http://localhost:1420/node_modules/.vite/deps/chunk-7FCLUC5I.js?v=318df923:45:10)
    at http://localhost:1420/src/services/brainClient.ts:20:10
    at new Promise (<anonymous>)
    at onceWithTimeout (http://localhost:1420/src/services/brainClient.ts:19:16)
    at getWidgetsOnce (http://localhost:1420/src/services/brainClient.ts:198:10)
    at refresh (http://localhost:1420/src/views/HomeFloatNotes.vue?t=1788078159546:51:30)
    at http://localhost:1420/src/views/HomeFloatNotes.vue?t=1788078159546:59:14
[ 1336967ms] TypeError: Cannot read properties of undefined (reading 'transformCallback')
    at transformCallback (http://localhost:1420/node_modules/.vite/deps/chunk-G7S6KQDI.js?v=318df923:22:37)
    at listen (http://localhost:1420/node_modules/.vite/deps/chunk-7FCLUC5I.js?v=318df923:39:14)
    at once (http://localhost:1420/node_modules/.vite/deps/chunk-7FCLUC5I.js?v=318df923:45:10)
    at http://localhost:1420/src/services/brainClient.ts:20:10
    at new Promise (<anonymous>)
    at onceWithTimeout (http://localhost:1420/src/services/brainClient.ts:19:16)
    at getWidgetsOnce (http://localhost:1420/src/services/brainClient.ts:198:10)
    at refresh (http://localhost:1420/src/views/HomeFloatNotes.vue?t=1788078159546:51:30)
    at http://localhost:1420/src/views/HomeFloatNotes.vue?t=1788078159546:59:14
[ 1348966ms] TypeError: Cannot read properties of undefined (reading 'transformCallback')
    at transformCallback (http://localhost:1420/node_modules/.vite/deps/chunk-G7S6KQDI.js?v=318df923:22:37)
    at listen (http://localhost:1420/node_modules/.vite/deps/chunk-7FCLUC5I.js?v=318df923:39:14)
    at once (http://localhost:1420/node_modules/.vite/deps/chunk-7FCLUC5I.js?v=318df923:45:10)
    at http://localhost:1420/src/services/brainClient.ts:20:10
    at new Promise (<anonymous>)
    at onceWithTimeout (http://localhost:1420/src/services/brainClient.ts:19:16)
    at getWidgetsOnce (http://localhost:1420/src/services/brainClient.ts:198:10)
    at refresh (http://localhost:1420/src/views/HomeFloatNotes.vue?t=1788078159546:51:30)
    at http://localhost:1420/src/views/HomeFloatNotes.vue?t=1788078159546:59:14
[ 1360966ms] TypeError: Cannot read properties of undefined (reading 'transformCallback')
    at transformCallback (http://localhost:1420/node_modules/.vite/deps/chunk-G7S6KQDI.js?v=318df923:22:37)
    at listen (http://localhost:1420/node_modules/.vite/deps/chunk-7FCLUC5I.js?v=318df923:39:14)
    at once (http://localhost:1420/node_modules/.vite/deps/chunk-7FCLUC5I.js?v=318df923:45:10)
    at http://localhost:1420/src/services/brainClient.ts:20:10
    at new Promise (<anonymous>)
    at onceWithTimeout (http://localhost:1420/src/services/brainClient.ts:19:16)
    at getWidgetsOnce (http://localhost:1420/src/services/brainClient.ts:198:10)
    at refresh (http://localhost:1420/src/views/HomeFloatNotes.vue?t=1788078159546:51:30)
    at http://localhost:1420/src/views/HomeFloatNotes.vue?t=1788078159546:59:14
[ 1368279ms] [WARNING] [Vue warn]: Unhandled error during execution of mounted hook 
  at <CapabilityConversationRail surface=null active=false onClose=fn<hideSurface>  ... > 
  at <BaseTransition appear=false persisted=true mode=undefined  ... > 
  at <Transition name="scene-rail" persisted="" > 
  at <HomeWindow> @ http://localhost:1420/node_modules/.vite/deps/vue.js?v=318df923:2231
[ 1368280ms] [WARNING] [Vue warn]: Unhandled error during execution of mounted hook 
  at <GeneralSection key=0 > 
  at <SettingsView key=0 > 
  at <BaseTransition appear=false persisted=true mode=undefined  ... > 
  at <Transition name="view-fade" persisted="" > 
  at <HomeWindow> @ http://localhost:1420/node_modules/.vite/deps/vue.js?v=318df923:2231
[ 1368289ms] [VERBOSE] [DOM] Password field is not contained in a form: (More info: https://goo.gl/9p2vKq) %o @ http://localhost:1420/home.html:0
[ 1368303ms] TypeError: Cannot read properties of undefined (reading 'transformCallback')
    at transformCallback (http://localhost:1420/node_modules/.vite/deps/chunk-G7S6KQDI.js?v=318df923:22:37)
    at listen (http://localhost:1420/node_modules/.vite/deps/chunk-7FCLUC5I.js?v=318df923:39:14)
    at onBrainEvent (http://localhost:1420/src/services/brainClient.ts:299:10)
    at http://localhost:1420/src/lib/home/home-panel-run.ts:12:12
    at new Promise (<anonymous>)
    at runPanelAction (http://localhost:1420/src/lib/home/home-panel-run.ts:6:18)
    at http://localhost:1420/src/views/plugins/CapabilityHome.vue:25:25
    at http://localhost:1420/node_modules/.vite/deps/vue.js?v=318df923:5342:40
    at callWithErrorHandling (http://localhost:1420/node_modules/.vite/deps/vue.js?v=318df923:2379:19)
    at callWithAsyncErrorHandling (http://localhost:1420/node_modules/.vite/deps/vue.js?v=318df923:2386:17)
[ 1368303ms] TypeError: Cannot read properties of undefined (reading 'transformCallback')
    at transformCallback (http://localhost:1420/node_modules/.vite/deps/chunk-G7S6KQDI.js?v=318df923:22:37)
    at listen (http://localhost:1420/node_modules/.vite/deps/chunk-7FCLUC5I.js?v=318df923:39:14)
    at once (http://localhost:1420/node_modules/.vite/deps/chunk-7FCLUC5I.js?v=318df923:45:10)
    at http://localhost:1420/src/services/brainClient.ts:20:10
    at new Promise (<anonymous>)
    at onceWithTimeout (http://localhost:1420/src/services/brainClient.ts:19:16)
    at getSettingsOnce (http://localhost:1420/src/services/brainClient.ts:245:19)
    at http://localhost:1420/src/views/HomeDayTitle.vue?t=1788070913325:19:30
    at http://localhost:1420/node_modules/.vite/deps/vue.js?v=318df923:5342:40
    at callWithErrorHandling (http://localhost:1420/node_modules/.vite/deps/vue.js?v=318df923:2379:19)
[ 1368303ms] TypeError: Cannot read properties of undefined (reading 'transformCallback')
    at transformCallback (http://localhost:1420/node_modules/.vite/deps/chunk-G7S6KQDI.js?v=318df923:22:37)
    at listen (http://localhost:1420/node_modules/.vite/deps/chunk-7FCLUC5I.js?v=318df923:39:14)
    at once (http://localhost:1420/node_modules/.vite/deps/chunk-7FCLUC5I.js?v=318df923:45:10)
    at http://localhost:1420/src/services/brainClient.ts:20:10
    at new Promise (<anonymous>)
    at onceWithTimeout (http://localhost:1420/src/services/brainClient.ts:19:16)
    at getWidgetsOnce (http://localhost:1420/src/services/brainClient.ts:198:10)
    at refresh (http://localhost:1420/src/views/HomeFloatNotes.vue?t=1788078159546:51:30)
    at http://localhost:1420/src/views/HomeFloatNotes.vue?t=1788078159546:57:13
    at http://localhost:1420/node_modules/.vite/deps/vue.js?v=318df923:5342:40
[ 1368303ms] TypeError: Cannot read properties of undefined (reading 'transformCallback')
    at transformCallback (http://localhost:1420/node_modules/.vite/deps/chunk-G7S6KQDI.js?v=318df923:22:37)
    at listen (http://localhost:1420/node_modules/.vite/deps/chunk-7FCLUC5I.js?v=318df923:39:14)
    at once (http://localhost:1420/node_modules/.vite/deps/chunk-7FCLUC5I.js?v=318df923:45:10)
    at http://localhost:1420/src/services/brainClient.ts:20:10
    at new Promise (<anonymous>)
    at onceWithTimeout (http://localhost:1420/src/services/brainClient.ts:19:16)
    at getFeedOnce (http://localhost:1420/src/services/brainClient.ts:150:10)
    at http://localhost:1420/src/views/HomeTodayPanel.vue?t=1788070812924:17:28
    at http://localhost:1420/node_modules/.vite/deps/vue.js?v=318df923:5342:40
    at callWithErrorHandling (http://localhost:1420/node_modules/.vite/deps/vue.js?v=318df923:2379:19)
[ 1368303ms] TypeError: Cannot read properties of undefined (reading 'transformCallback')
    at transformCallback (http://localhost:1420/node_modules/.vite/deps/chunk-G7S6KQDI.js?v=318df923:22:37)
    at listen (http://localhost:1420/node_modules/.vite/deps/chunk-7FCLUC5I.js?v=318df923:39:14)
    at once (http://localhost:1420/node_modules/.vite/deps/chunk-7FCLUC5I.js?v=318df923:45:10)
    at http://localhost:1420/src/services/brainClient.ts:20:10
    at new Promise (<anonymous>)
    at onceWithTimeout (http://localhost:1420/src/services/brainClient.ts:19:16)
    at getFeedOnce (http://localhost:1420/src/services/brainClient.ts:150:10)
    at http://localhost:1420/src/views/HomeGlance.vue?t=1788078811106:66:28
    at http://localhost:1420/node_modules/.vite/deps/vue.js?v=318df923:5342:40
    at callWithErrorHandling (http://localhost:1420/node_modules/.vite/deps/vue.js?v=318df923:2379:19)
[ 1368303ms] TypeError: Cannot read properties of undefined (reading 'transformCallback')
    at transformCallback (http://localhost:1420/node_modules/.vite/deps/chunk-G7S6KQDI.js?v=318df923:22:37)
    at listen (http://localhost:1420/node_modules/.vite/deps/chunk-7FCLUC5I.js?v=318df923:39:14)
    at once (http://localhost:1420/node_modules/.vite/deps/chunk-7FCLUC5I.js?v=318df923:45:10)
    at http://localhost:1420/src/services/brainClient.ts:20:10
    at new Promise (<anonymous>)
    at onceWithTimeout (http://localhost:1420/src/services/brainClient.ts:19:16)
    at getFeedOnce (http://localhost:1420/src/services/brainClient.ts:150:10)
    at http://localhost:1420/src/views/chat/HorizonBar.vue?t=1788076324598:26:28
    at http://localhost:1420/node_modules/.vite/deps/vue.js?v=318df923:5342:40
    at callWithErrorHandling (http://localhost:1420/node_modules/.vite/deps/vue.js?v=318df923:2379:19)
[ 1368303ms] TypeError: Cannot read properties of undefined (reading 'transformCallback')
    at transformCallback (http://localhost:1420/node_modules/.vite/deps/chunk-G7S6KQDI.js?v=318df923:22:37)
    at listen (http://localhost:1420/node_modules/.vite/deps/chunk-7FCLUC5I.js?v=318df923:39:14)
    at onBrainEvent (http://localhost:1420/src/services/brainClient.ts:299:10)
    at http://localhost:1420/src/views/CapabilityConversationRail.vue:178:24
[ 1368303ms] TypeError: Cannot read properties of undefined (reading 'transformCallback')
    at transformCallback (http://localhost:1420/node_modules/.vite/deps/chunk-G7S6KQDI.js?v=318df923:22:37)
    at listen (http://localhost:1420/node_modules/.vite/deps/chunk-7FCLUC5I.js?v=318df923:39:14)
    at once (http://localhost:1420/node_modules/.vite/deps/chunk-7FCLUC5I.js?v=318df923:45:10)
    at http://localhost:1420/src/services/brainClient.ts:20:10
    at new Promise (<anonymous>)
    at onceWithTimeout (http://localhost:1420/src/services/brainClient.ts:19:16)
    at getPerceptionOnce (http://localhost:1420/src/services/brainClient.ts:274:10)
    at loadPerception (http://localhost:1420/src/views/settings/DataView.vue:34:23)
    at http://localhost:1420/src/views/settings/DataView.vue:182:12
    at http://localhost:1420/node_modules/.vite/deps/vue.js?v=318df923:5342:40
[ 1368303ms] TypeError: Cannot read properties of undefined (reading 'transformCallback')
    at transformCallback (http://localhost:1420/node_modules/.vite/deps/chunk-G7S6KQDI.js?v=318df923:22:37)
    at listen (http://localhost:1420/node_modules/.vite/deps/chunk-7FCLUC5I.js?v=318df923:39:14)
    at once (http://localhost:1420/node_modules/.vite/deps/chunk-7FCLUC5I.js?v=318df923:45:10)
    at http://localhost:1420/src/services/brainClient.ts:20:10
    at new Promise (<anonymous>)
    at onceWithTimeout (http://localhost:1420/src/services/brainClient.ts:19:16)
    at getMemListOnce (http://localhost:1420/src/services/brainClient.ts:216:10)
    at loadMem (http://localhost:1420/src/views/settings/DataView.vue:116:23)
    at http://localhost:1420/src/views/settings/DataView.vue:183:12
    at http://localhost:1420/node_modules/.vite/deps/vue.js?v=318df923:5342:40
[ 1368303ms] TypeError: Cannot read properties of undefined (reading 'transformCallback')
    at transformCallback (http://localhost:1420/node_modules/.vite/deps/chunk-G7S6KQDI.js?v=318df923:22:37)
    at listen (http://localhost:1420/node_modules/.vite/deps/chunk-7FCLUC5I.js?v=318df923:39:14)
    at once (http://localhost:1420/node_modules/.vite/deps/chunk-7FCLUC5I.js?v=318df923:45:10)
    at http://localhost:1420/src/services/brainClient.ts:20:10
    at new Promise (<anonymous>)
    at onceWithTimeout (http://localhost:1420/src/services/brainClient.ts:19:16)
    at getSettingsOnce (http://localhost:1420/src/services/brainClient.ts:245:19)
    at http://localhost:1420/src/views/settings/DataView.vue:184:12
    at http://localhost:1420/node_modules/.vite/deps/vue.js?v=318df923:5342:40
    at callWithErrorHandling (http://localhost:1420/node_modules/.vite/deps/vue.js?v=318df923:2379:19)
[ 1368303ms] TypeError: Cannot read properties of undefined (reading 'transformCallback')
    at transformCallback (http://localhost:1420/node_modules/.vite/deps/chunk-G7S6KQDI.js?v=318df923:22:37)
    at listen (http://localhost:1420/node_modules/.vite/deps/chunk-7FCLUC5I.js?v=318df923:39:14)
    at onBrainStatus (http://localhost:1420/src/services/brainClient.ts:305:10)
    at http://localhost:1420/src/views/settings/GeneralSection.vue?t=1788078811106:273:30
[ 1368304ms] TypeError: Cannot read properties of undefined (reading 'transformCallback')
    at transformCallback (http://localhost:1420/node_modules/.vite/deps/chunk-G7S6KQDI.js?v=318df923:22:37)
    at listen (http://localhost:1420/node_modules/.vite/deps/chunk-7FCLUC5I.js?v=318df923:39:14)
    at once (http://localhost:1420/node_modules/.vite/deps/chunk-7FCLUC5I.js?v=318df923:45:10)
    at http://localhost:1420/src/services/brainClient.ts:20:10
    at new Promise (<anonymous>)
    at onceWithTimeout (http://localhost:1420/src/services/brainClient.ts:19:16)
    at getSettingsOnce (http://localhost:1420/src/services/brainClient.ts:245:19)
    at http://localhost:1420/src/views/settings/GeneralSection.vue?t=1788078811106:262:12
[ 1368304ms] TypeError: Cannot read properties of undefined (reading 'transformCallback')
    at transformCallback (http://localhost:1420/node_modules/.vite/deps/chunk-G7S6KQDI.js?v=318df923:22:37)
    at listen (http://localhost:1420/node_modules/.vite/deps/chunk-7FCLUC5I.js?v=318df923:39:14)
    at once (http://localhost:1420/node_modules/.vite/deps/chunk-7FCLUC5I.js?v=318df923:45:10)
    at http://localhost:1420/src/services/brainClient.ts:20:10
    at new Promise (<anonymous>)
    at onceWithTimeout (http://localhost:1420/src/services/brainClient.ts:19:16)
    at getHttpPairInfoOnce (http://localhost:1420/src/services/brainClient.ts:266:10)
    at refreshPair (http://localhost:1420/src/views/settings/GeneralSection.vue?t=1788078811106:149:29)
    at http://localhost:1420/src/views/settings/GeneralSection.vue?t=1788078811106:272:12
[ 1368303ms] [WARNING] [Vue warn]: Unhandled error during execution of mounted hook 
  at <HomeChat key=0 draft=undefined workstation=null  ... > 
  at <BaseTransition appear=false persisted=true mode=undefined  ... > 
  at <Transition name="view-fade" persisted="" > 
  at <HomeWindow> @ http://localhost:1420/node_modules/.vite/deps/vue.js?v=318df923:2231
[ 1368306ms] TypeError: Cannot read properties of undefined (reading 'transformCallback')
    at transformCallback (http://localhost:1420/node_modules/.vite/deps/chunk-G7S6KQDI.js?v=318df923:22:37)
    at listen (http://localhost:1420/node_modules/.vite/deps/chunk-7FCLUC5I.js?v=318df923:39:14)
    at onBrainEvent (http://localhost:1420/src/services/brainClient.ts:299:10)
    at http://localhost:1420/src/views/chat/HomeChat.vue?t=1788078811106:623:24
[ 1371277ms] [WARNING] [Vue warn]: Unhandled error during execution of mounted hook 
  at <HomeTodayPanel state="idle" only="today" onChat=fn<onInfoChat> > 
  at <HomeFrame thinking=false state="idle" peek=false  ... > 
  at <HomeChat key=0 draft=undefined workstation=null  ... > 
  at <BaseTransition appear=false persisted=true mode=undefined  ... > 
  at <Transition name="view-fade" persisted="" > 
  at <HomeWindow> @ http://localhost:1420/node_modules/.vite/deps/vue.js?v=318df923:2231
[ 1371277ms] [WARNING] [Vue warn]: Unhandled error during execution of mounted hook 
  at <HorizonBar state="idle" proc=null shelf=false  ... > 
  at <HomeChat key=0 draft=undefined workstation=null  ... > 
  at <BaseTransition appear=false persisted=true mode=undefined  ... > 
  at <Transition name="view-fade" persisted="" > 
  at <HomeWindow> @ http://localhost:1420/node_modules/.vite/deps/vue.js?v=318df923:2231
[ 1371279ms] TypeError: Cannot read properties of undefined (reading 'transformCallback')
    at transformCallback (http://localhost:1420/node_modules/.vite/deps/chunk-G7S6KQDI.js?v=318df923:22:37)
    at listen (http://localhost:1420/node_modules/.vite/deps/chunk-7FCLUC5I.js?v=318df923:39:14)
    at onFeed (http://localhost:1420/src/services/brainClient.ts:147:10)
    at http://localhost:1420/src/views/HomeTodayPanel.vue?t=1788070812924:21:22
[ 1371279ms] TypeError: Cannot read properties of undefined (reading 'transformCallback')
    at transformCallback (http://localhost:1420/node_modules/.vite/deps/chunk-G7S6KQDI.js?v=318df923:22:37)
    at listen (http://localhost:1420/node_modules/.vite/deps/chunk-7FCLUC5I.js?v=318df923:39:14)
    at once (http://localhost:1420/node_modules/.vite/deps/chunk-7FCLUC5I.js?v=318df923:45:10)
    at http://localhost:1420/src/services/brainClient.ts:20:10
    at new Promise (<anonymous>)
    at onceWithTimeout (http://localhost:1420/src/services/brainClient.ts:19:16)
    at getWidgetsOnce (http://localhost:1420/src/services/brainClient.ts:198:10)
    at http://localhost:1420/src/views/HomeGlance.vue?t=1788078811106:79:30
[ 1371279ms] TypeError: Cannot read properties of undefined (reading 'transformCallback')
    at transformCallback (http://localhost:1420/node_modules/.vite/deps/chunk-G7S6KQDI.js?v=318df923:22:37)
    at listen (http://localhost:1420/node_modules/.vite/deps/chunk-7FCLUC5I.js?v=318df923:39:14)
    at onFeed (http://localhost:1420/src/services/brainClient.ts:147:10)
    at http://localhost:1420/src/views/chat/HorizonBar.vue?t=1788076324598:31:22
[ 1383279ms] TypeError: Cannot read properties of undefined (reading 'transformCallback')
    at transformCallback (http://localhost:1420/node_modules/.vite/deps/chunk-G7S6KQDI.js?v=318df923:22:37)
    at listen (http://localhost:1420/node_modules/.vite/deps/chunk-7FCLUC5I.js?v=318df923:39:14)
    at once (http://localhost:1420/node_modules/.vite/deps/chunk-7FCLUC5I.js?v=318df923:45:10)
    at http://localhost:1420/src/services/brainClient.ts:20:10
    at new Promise (<anonymous>)
    at onceWithTimeout (http://localhost:1420/src/services/brainClient.ts:19:16)
    at getWidgetsOnce (http://localhost:1420/src/services/brainClient.ts:198:10)
    at refresh (http://localhost:1420/src/views/HomeFloatNotes.vue?t=1788078159546:51:30)
    at http://localhost:1420/src/views/HomeFloatNotes.vue?t=1788078159546:59:14
[ 1395279ms] TypeError: Cannot read properties of undefined (reading 'transformCallback')
    at transformCallback (http://localhost:1420/node_modules/.vite/deps/chunk-G7S6KQDI.js?v=318df923:22:37)
    at listen (http://localhost:1420/node_modules/.vite/deps/chunk-7FCLUC5I.js?v=318df923:39:14)
    at once (http://localhost:1420/node_modules/.vite/deps/chunk-7FCLUC5I.js?v=318df923:45:10)
    at http://localhost:1420/src/services/brainClient.ts:20:10
    at new Promise (<anonymous>)
    at onceWithTimeout (http://localhost:1420/src/services/brainClient.ts:19:16)
    at getWidgetsOnce (http://localhost:1420/src/services/brainClient.ts:198:10)
    at refresh (http://localhost:1420/src/views/HomeFloatNotes.vue?t=1788078159546:51:30)
    at http://localhost:1420/src/views/HomeFloatNotes.vue?t=1788078159546:59:14
[ 1407280ms] TypeError: Cannot read properties of undefined (reading 'transformCallback')
    at transformCallback (http://localhost:1420/node_modules/.vite/deps/chunk-G7S6KQDI.js?v=318df923:22:37)
    at listen (http://localhost:1420/node_modules/.vite/deps/chunk-7FCLUC5I.js?v=318df923:39:14)
    at once (http://localhost:1420/node_modules/.vite/deps/chunk-7FCLUC5I.js?v=318df923:45:10)
    at http://localhost:1420/src/services/brainClient.ts:20:10
    at new Promise (<anonymous>)
    at onceWithTimeout (http://localhost:1420/src/services/brainClient.ts:19:16)
    at getWidgetsOnce (http://localhost:1420/src/services/brainClient.ts:198:10)
    at refresh (http://localhost:1420/src/views/HomeFloatNotes.vue?t=1788078159546:51:30)
    at http://localhost:1420/src/views/HomeFloatNotes.vue?t=1788078159546:59:14
[ 1419280ms] TypeError: Cannot read properties of undefined (reading 'transformCallback')
    at transformCallback (http://localhost:1420/node_modules/.vite/deps/chunk-G7S6KQDI.js?v=318df923:22:37)
    at listen (http://localhost:1420/node_modules/.vite/deps/chunk-7FCLUC5I.js?v=318df923:39:14)
    at once (http://localhost:1420/node_modules/.vite/deps/chunk-7FCLUC5I.js?v=318df923:45:10)
    at http://localhost:1420/src/services/brainClient.ts:20:10
    at new Promise (<anonymous>)
    at onceWithTimeout (http://localhost:1420/src/services/brainClient.ts:19:16)
    at getWidgetsOnce (http://localhost:1420/src/services/brainClient.ts:198:10)
    at refresh (http://localhost:1420/src/views/HomeFloatNotes.vue?t=1788078159546:51:30)
    at http://localhost:1420/src/views/HomeFloatNotes.vue?t=1788078159546:59:14
[ 1431282ms] TypeError: Cannot read properties of undefined (reading 'transformCallback')
    at transformCallback (http://localhost:1420/node_modules/.vite/deps/chunk-G7S6KQDI.js?v=318df923:22:37)
    at listen (http://localhost:1420/node_modules/.vite/deps/chunk-7FCLUC5I.js?v=318df923:39:14)
    at once (http://localhost:1420/node_modules/.vite/deps/chunk-7FCLUC5I.js?v=318df923:45:10)
    at http://localhost:1420/src/services/brainClient.ts:20:10
    at new Promise (<anonymous>)
    at onceWithTimeout (http://localhost:1420/src/services/brainClient.ts:19:16)
    at getWidgetsOnce (http://localhost:1420/src/services/brainClient.ts:198:10)
    at refresh (http://localhost:1420/src/views/HomeFloatNotes.vue?t=1788078159546:51:30)
    at http://localhost:1420/src/views/HomeFloatNotes.vue?t=1788078159546:59:14
[ 1443283ms] TypeError: Cannot read properties of undefined (reading 'transformCallback')
    at transformCallback (http://localhost:1420/node_modules/.vite/deps/chunk-G7S6KQDI.js?v=318df923:22:37)
    at listen (http://localhost:1420/node_modules/.vite/deps/chunk-7FCLUC5I.js?v=318df923:39:14)
    at once (http://localhost:1420/node_modules/.vite/deps/chunk-7FCLUC5I.js?v=318df923:45:10)
    at http://localhost:1420/src/services/brainClient.ts:20:10
    at new Promise (<anonymous>)
    at onceWithTimeout (http://localhost:1420/src/services/brainClient.ts:19:16)
    at getWidgetsOnce (http://localhost:1420/src/services/brainClient.ts:198:10)
    at refresh (http://localhost:1420/src/views/HomeFloatNotes.vue?t=1788078159546:51:30)
    at http://localhost:1420/src/views/HomeFloatNotes.vue?t=1788078159546:59:14
[ 1455281ms] TypeError: Cannot read properties of undefined (reading 'transformCallback')
    at transformCallback (http://localhost:1420/node_modules/.vite/deps/chunk-G7S6KQDI.js?v=318df923:22:37)
    at listen (http://localhost:1420/node_modules/.vite/deps/chunk-7FCLUC5I.js?v=318df923:39:14)
    at once (http://localhost:1420/node_modules/.vite/deps/chunk-7FCLUC5I.js?v=318df923:45:10)
    at http://localhost:1420/src/services/brainClient.ts:20:10
    at new Promise (<anonymous>)
    at onceWithTimeout (http://localhost:1420/src/services/brainClient.ts:19:16)
    at getWidgetsOnce (http://localhost:1420/src/services/brainClient.ts:198:10)
    at refresh (http://localhost:1420/src/views/HomeFloatNotes.vue?t=1788078159546:51:30)
    at http://localhost:1420/src/views/HomeFloatNotes.vue?t=1788078159546:59:14
[ 1467281ms] TypeError: Cannot read properties of undefined (reading 'transformCallback')
    at transformCallback (http://localhost:1420/node_modules/.vite/deps/chunk-G7S6KQDI.js?v=318df923:22:37)
    at listen (http://localhost:1420/node_modules/.vite/deps/chunk-7FCLUC5I.js?v=318df923:39:14)
    at once (http://localhost:1420/node_modules/.vite/deps/chunk-7FCLUC5I.js?v=318df923:45:10)
    at http://localhost:1420/src/services/brainClient.ts:20:10
    at new Promise (<anonymous>)
    at onceWithTimeout (http://localhost:1420/src/services/brainClient.ts:19:16)
    at getWidgetsOnce (http://localhost:1420/src/services/brainClient.ts:198:10)
    at refresh (http://localhost:1420/src/views/HomeFloatNotes.vue?t=1788078159546:51:30)
    at http://localhost:1420/src/views/HomeFloatNotes.vue?t=1788078159546:59:14
[ 1479281ms] TypeError: Cannot read properties of undefined (reading 'transformCallback')
    at transformCallback (http://localhost:1420/node_modules/.vite/deps/chunk-G7S6KQDI.js?v=318df923:22:37)
    at listen (http://localhost:1420/node_modules/.vite/deps/chunk-7FCLUC5I.js?v=318df923:39:14)
    at once (http://localhost:1420/node_modules/.vite/deps/chunk-7FCLUC5I.js?v=318df923:45:10)
    at http://localhost:1420/src/services/brainClient.ts:20:10
    at new Promise (<anonymous>)
    at onceWithTimeout (http://localhost:1420/src/services/brainClient.ts:19:16)
    at getWidgetsOnce (http://localhost:1420/src/services/brainClient.ts:198:10)
    at refresh (http://localhost:1420/src/views/HomeFloatNotes.vue?t=1788078159546:51:30)
    at http://localhost:1420/src/views/HomeFloatNotes.vue?t=1788078159546:59:14
[ 1491282ms] TypeError: Cannot read properties of undefined (reading 'transformCallback')
    at transformCallback (http://localhost:1420/node_modules/.vite/deps/chunk-G7S6KQDI.js?v=318df923:22:37)
    at listen (http://localhost:1420/node_modules/.vite/deps/chunk-7FCLUC5I.js?v=318df923:39:14)
    at once (http://localhost:1420/node_modules/.vite/deps/chunk-7FCLUC5I.js?v=318df923:45:10)
    at http://localhost:1420/src/services/brainClient.ts:20:10
    at new Promise (<anonymous>)
    at onceWithTimeout (http://localhost:1420/src/services/brainClient.ts:19:16)
    at getWidgetsOnce (http://localhost:1420/src/services/brainClient.ts:198:10)
    at refresh (http://localhost:1420/src/views/HomeFloatNotes.vue?t=1788078159546:51:30)
    at http://localhost:1420/src/views/HomeFloatNotes.vue?t=1788078159546:59:14
[ 1503282ms] TypeError: Cannot read properties of undefined (reading 'transformCallback')
    at transformCallback (http://localhost:1420/node_modules/.vite/deps/chunk-G7S6KQDI.js?v=318df923:22:37)
    at listen (http://localhost:1420/node_modules/.vite/deps/chunk-7FCLUC5I.js?v=318df923:39:14)
    at once (http://localhost:1420/node_modules/.vite/deps/chunk-7FCLUC5I.js?v=318df923:45:10)
    at http://localhost:1420/src/services/brainClient.ts:20:10
    at new Promise (<anonymous>)
    at onceWithTimeout (http://localhost:1420/src/services/brainClient.ts:19:16)
    at getWidgetsOnce (http://localhost:1420/src/services/brainClient.ts:198:10)
    at refresh (http://localhost:1420/src/views/HomeFloatNotes.vue?t=1788078159546:51:30)
    at http://localhost:1420/src/views/HomeFloatNotes.vue?t=1788078159546:59:14
[ 1515282ms] TypeError: Cannot read properties of undefined (reading 'transformCallback')
    at transformCallback (http://localhost:1420/node_modules/.vite/deps/chunk-G7S6KQDI.js?v=318df923:22:37)
    at listen (http://localhost:1420/node_modules/.vite/deps/chunk-7FCLUC5I.js?v=318df923:39:14)
    at once (http://localhost:1420/node_modules/.vite/deps/chunk-7FCLUC5I.js?v=318df923:45:10)
    at http://localhost:1420/src/services/brainClient.ts:20:10
    at new Promise (<anonymous>)
    at onceWithTimeout (http://localhost:1420/src/services/brainClient.ts:19:16)
    at getWidgetsOnce (http://localhost:1420/src/services/brainClient.ts:198:10)
    at refresh (http://localhost:1420/src/views/HomeFloatNotes.vue?t=1788078159546:51:30)
    at http://localhost:1420/src/views/HomeFloatNotes.vue?t=1788078159546:59:14
[ 1527281ms] TypeError: Cannot read properties of undefined (reading 'transformCallback')
    at transformCallback (http://localhost:1420/node_modules/.vite/deps/chunk-G7S6KQDI.js?v=318df923:22:37)
    at listen (http://localhost:1420/node_modules/.vite/deps/chunk-7FCLUC5I.js?v=318df923:39:14)
    at once (http://localhost:1420/node_modules/.vite/deps/chunk-7FCLUC5I.js?v=318df923:45:10)
    at http://localhost:1420/src/services/brainClient.ts:20:10
    at new Promise (<anonymous>)
    at onceWithTimeout (http://localhost:1420/src/services/brainClient.ts:19:16)
    at getWidgetsOnce (http://localhost:1420/src/services/brainClient.ts:198:10)
    at refresh (http://localhost:1420/src/views/HomeFloatNotes.vue?t=1788078159546:51:30)
    at http://localhost:1420/src/views/HomeFloatNotes.vue?t=1788078159546:59:14
[ 1529369ms] [WARNING] [Vue warn]: Unhandled error during execution of mounted hook 
  at <CapabilityConversationRail surface=null active=false onClose=fn<hideSurface>  ... > 
  at <BaseTransition appear=false persisted=true mode=undefined  ... > 
  at <Transition name="scene-rail" persisted="" > 
  at <HomeWindow> @ http://localhost:1420/node_modules/.vite/deps/vue.js?v=318df923:2231
[ 1529370ms] [WARNING] [Vue warn]: Unhandled error during execution of mounted hook 
  at <GeneralSection key=0 > 
  at <SettingsView key=0 > 
  at <BaseTransition appear=false persisted=true mode=undefined  ... > 
  at <Transition name="view-fade" persisted="" > 
  at <HomeWindow> @ http://localhost:1420/node_modules/.vite/deps/vue.js?v=318df923:2231
[ 1529380ms] [VERBOSE] [DOM] Password field is not contained in a form: (More info: https://goo.gl/9p2vKq) %o @ http://localhost:1420/home.html:0
[ 1529405ms] TypeError: Cannot read properties of undefined (reading 'transformCallback')
    at transformCallback (http://localhost:1420/node_modules/.vite/deps/chunk-G7S6KQDI.js?v=318df923:22:37)
    at listen (http://localhost:1420/node_modules/.vite/deps/chunk-7FCLUC5I.js?v=318df923:39:14)
    at onBrainEvent (http://localhost:1420/src/services/brainClient.ts:299:10)
    at http://localhost:1420/src/lib/home/home-panel-run.ts:12:12
    at new Promise (<anonymous>)
    at runPanelAction (http://localhost:1420/src/lib/home/home-panel-run.ts:6:18)
    at http://localhost:1420/src/views/plugins/CapabilityHome.vue:25:25
    at http://localhost:1420/node_modules/.vite/deps/vue.js?v=318df923:5342:40
    at callWithErrorHandling (http://localhost:1420/node_modules/.vite/deps/vue.js?v=318df923:2379:19)
    at callWithAsyncErrorHandling (http://localhost:1420/node_modules/.vite/deps/vue.js?v=318df923:2386:17)
[ 1529405ms] TypeError: Cannot read properties of undefined (reading 'transformCallback')
    at transformCallback (http://localhost:1420/node_modules/.vite/deps/chunk-G7S6KQDI.js?v=318df923:22:37)
    at listen (http://localhost:1420/node_modules/.vite/deps/chunk-7FCLUC5I.js?v=318df923:39:14)
    at once (http://localhost:1420/node_modules/.vite/deps/chunk-7FCLUC5I.js?v=318df923:45:10)
    at http://localhost:1420/src/services/brainClient.ts:20:10
    at new Promise (<anonymous>)
    at onceWithTimeout (http://localhost:1420/src/services/brainClient.ts:19:16)
    at getSettingsOnce (http://localhost:1420/src/services/brainClient.ts:245:19)
    at http://localhost:1420/src/views/HomeDayTitle.vue?t=1788070913325:19:30
    at http://localhost:1420/node_modules/.vite/deps/vue.js?v=318df923:5342:40
    at callWithErrorHandling (http://localhost:1420/node_modules/.vite/deps/vue.js?v=318df923:2379:19)
[ 1529408ms] TypeError: Cannot read properties of undefined (reading 'transformCallback')
    at transformCallback (http://localhost:1420/node_modules/.vite/deps/chunk-G7S6KQDI.js?v=318df923:22:37)
    at listen (http://localhost:1420/node_modules/.vite/deps/chunk-7FCLUC5I.js?v=318df923:39:14)
    at once (http://localhost:1420/node_modules/.vite/deps/chunk-7FCLUC5I.js?v=318df923:45:10)
    at http://localhost:1420/src/services/brainClient.ts:20:10
    at new Promise (<anonymous>)
    at onceWithTimeout (http://localhost:1420/src/services/brainClient.ts:19:16)
    at getWidgetsOnce (http://localhost:1420/src/services/brainClient.ts:198:10)
    at refresh (http://localhost:1420/src/views/HomeFloatNotes.vue?t=1788078159546:51:30)
    at http://localhost:1420/src/views/HomeFloatNotes.vue?t=1788078159546:57:13
    at http://localhost:1420/node_modules/.vite/deps/vue.js?v=318df923:5342:40
[ 1529408ms] TypeError: Cannot read properties of undefined (reading 'transformCallback')
    at transformCallback (http://localhost:1420/node_modules/.vite/deps/chunk-G7S6KQDI.js?v=318df923:22:37)
    at listen (http://localhost:1420/node_modules/.vite/deps/chunk-7FCLUC5I.js?v=318df923:39:14)
    at once (http://localhost:1420/node_modules/.vite/deps/chunk-7FCLUC5I.js?v=318df923:45:10)
    at http://localhost:1420/src/services/brainClient.ts:20:10
    at new Promise (<anonymous>)
    at onceWithTimeout (http://localhost:1420/src/services/brainClient.ts:19:16)
    at getFeedOnce (http://localhost:1420/src/services/brainClient.ts:150:10)
    at http://localhost:1420/src/views/HomeTodayPanel.vue?t=1788070812924:17:28
    at http://localhost:1420/node_modules/.vite/deps/vue.js?v=318df923:5342:40
    at callWithErrorHandling (http://localhost:1420/node_modules/.vite/deps/vue.js?v=318df923:2379:19)
[ 1529408ms] TypeError: Cannot read properties of undefined (reading 'transformCallback')
    at transformCallback (http://localhost:1420/node_modules/.vite/deps/chunk-G7S6KQDI.js?v=318df923:22:37)
    at listen (http://localhost:1420/node_modules/.vite/deps/chunk-7FCLUC5I.js?v=318df923:39:14)
    at once (http://localhost:1420/node_modules/.vite/deps/chunk-7FCLUC5I.js?v=318df923:45:10)
    at http://localhost:1420/src/services/brainClient.ts:20:10
    at new Promise (<anonymous>)
    at onceWithTimeout (http://localhost:1420/src/services/brainClient.ts:19:16)
    at getFeedOnce (http://localhost:1420/src/services/brainClient.ts:150:10)
    at http://localhost:1420/src/views/HomeGlance.vue?t=1788078972323:66:28
    at http://localhost:1420/node_modules/.vite/deps/vue.js?v=318df923:5342:40
    at callWithErrorHandling (http://localhost:1420/node_modules/.vite/deps/vue.js?v=318df923:2379:19)
[ 1529408ms] TypeError: Cannot read properties of undefined (reading 'transformCallback')
    at transformCallback (http://localhost:1420/node_modules/.vite/deps/chunk-G7S6KQDI.js?v=318df923:22:37)
    at listen (http://localhost:1420/node_modules/.vite/deps/chunk-7FCLUC5I.js?v=318df923:39:14)
    at once (http://localhost:1420/node_modules/.vite/deps/chunk-7FCLUC5I.js?v=318df923:45:10)
    at http://localhost:1420/src/services/brainClient.ts:20:10
    at new Promise (<anonymous>)
    at onceWithTimeout (http://localhost:1420/src/services/brainClient.ts:19:16)
    at getFeedOnce (http://localhost:1420/src/services/brainClient.ts:150:10)
    at http://localhost:1420/src/views/chat/HorizonBar.vue?t=1788076324598:26:28
    at http://localhost:1420/node_modules/.vite/deps/vue.js?v=318df923:5342:40
    at callWithErrorHandling (http://localhost:1420/node_modules/.vite/deps/vue.js?v=318df923:2379:19)
[ 1529408ms] TypeError: Cannot read properties of undefined (reading 'transformCallback')
    at transformCallback (http://localhost:1420/node_modules/.vite/deps/chunk-G7S6KQDI.js?v=318df923:22:37)
    at listen (http://localhost:1420/node_modules/.vite/deps/chunk-7FCLUC5I.js?v=318df923:39:14)
    at onBrainEvent (http://localhost:1420/src/services/brainClient.ts:299:10)
    at http://localhost:1420/src/views/CapabilityConversationRail.vue:178:24
[ 1529408ms] TypeError: Cannot read properties of undefined (reading 'transformCallback')
    at transformCallback (http://localhost:1420/node_modules/.vite/deps/chunk-G7S6KQDI.js?v=318df923:22:37)
    at listen (http://localhost:1420/node_modules/.vite/deps/chunk-7FCLUC5I.js?v=318df923:39:14)
    at once (http://localhost:1420/node_modules/.vite/deps/chunk-7FCLUC5I.js?v=318df923:45:10)
    at http://localhost:1420/src/services/brainClient.ts:20:10
    at new Promise (<anonymous>)
    at onceWithTimeout (http://localhost:1420/src/services/brainClient.ts:19:16)
    at getPerceptionOnce (http://localhost:1420/src/services/brainClient.ts:274:10)
    at loadPerception (http://localhost:1420/src/views/settings/DataView.vue:34:23)
    at http://localhost:1420/src/views/settings/DataView.vue:182:12
    at http://localhost:1420/node_modules/.vite/deps/vue.js?v=318df923:5342:40
[ 1529408ms] TypeError: Cannot read properties of undefined (reading 'transformCallback')
    at transformCallback (http://localhost:1420/node_modules/.vite/deps/chunk-G7S6KQDI.js?v=318df923:22:37)
    at listen (http://localhost:1420/node_modules/.vite/deps/chunk-7FCLUC5I.js?v=318df923:39:14)
    at once (http://localhost:1420/node_modules/.vite/deps/chunk-7FCLUC5I.js?v=318df923:45:10)
    at http://localhost:1420/src/services/brainClient.ts:20:10
    at new Promise (<anonymous>)
    at onceWithTimeout (http://localhost:1420/src/services/brainClient.ts:19:16)
    at getMemListOnce (http://localhost:1420/src/services/brainClient.ts:216:10)
    at loadMem (http://localhost:1420/src/views/settings/DataView.vue:116:23)
    at http://localhost:1420/src/views/settings/DataView.vue:183:12
    at http://localhost:1420/node_modules/.vite/deps/vue.js?v=318df923:5342:40
[ 1529408ms] TypeError: Cannot read properties of undefined (reading 'transformCallback')
    at transformCallback (http://localhost:1420/node_modules/.vite/deps/chunk-G7S6KQDI.js?v=318df923:22:37)
    at listen (http://localhost:1420/node_modules/.vite/deps/chunk-7FCLUC5I.js?v=318df923:39:14)
    at once (http://localhost:1420/node_modules/.vite/deps/chunk-7FCLUC5I.js?v=318df923:45:10)
    at http://localhost:1420/src/services/brainClient.ts:20:10
    at new Promise (<anonymous>)
    at onceWithTimeout (http://localhost:1420/src/services/brainClient.ts:19:16)
    at getSettingsOnce (http://localhost:1420/src/services/brainClient.ts:245:19)
    at http://localhost:1420/src/views/settings/DataView.vue:184:12
    at http://localhost:1420/node_modules/.vite/deps/vue.js?v=318df923:5342:40
    at callWithErrorHandling (http://localhost:1420/node_modules/.vite/deps/vue.js?v=318df923:2379:19)
[ 1529408ms] TypeError: Cannot read properties of undefined (reading 'transformCallback')
    at transformCallback (http://localhost:1420/node_modules/.vite/deps/chunk-G7S6KQDI.js?v=318df923:22:37)
    at listen (http://localhost:1420/node_modules/.vite/deps/chunk-7FCLUC5I.js?v=318df923:39:14)
    at onBrainStatus (http://localhost:1420/src/services/brainClient.ts:305:10)
    at http://localhost:1420/src/views/settings/GeneralSection.vue?t=1788078972323:273:30
[ 1529408ms] TypeError: Cannot read properties of undefined (reading 'transformCallback')
    at transformCallback (http://localhost:1420/node_modules/.vite/deps/chunk-G7S6KQDI.js?v=318df923:22:37)
    at listen (http://localhost:1420/node_modules/.vite/deps/chunk-7FCLUC5I.js?v=318df923:39:14)
    at once (http://localhost:1420/node_modules/.vite/deps/chunk-7FCLUC5I.js?v=318df923:45:10)
    at http://localhost:1420/src/services/brainClient.ts:20:10
    at new Promise (<anonymous>)
    at onceWithTimeout (http://localhost:1420/src/services/brainClient.ts:19:16)
    at getSettingsOnce (http://localhost:1420/src/services/brainClient.ts:245:19)
    at http://localhost:1420/src/views/settings/GeneralSection.vue?t=1788078972323:262:12
[ 1529408ms] TypeError: Cannot read properties of undefined (reading 'transformCallback')
    at transformCallback (http://localhost:1420/node_modules/.vite/deps/chunk-G7S6KQDI.js?v=318df923:22:37)
    at listen (http://localhost:1420/node_modules/.vite/deps/chunk-7FCLUC5I.js?v=318df923:39:14)
    at once (http://localhost:1420/node_modules/.vite/deps/chunk-7FCLUC5I.js?v=318df923:45:10)
    at http://localhost:1420/src/services/brainClient.ts:20:10
    at new Promise (<anonymous>)
    at onceWithTimeout (http://localhost:1420/src/services/brainClient.ts:19:16)
    at getHttpPairInfoOnce (http://localhost:1420/src/services/brainClient.ts:266:10)
    at refreshPair (http://localhost:1420/src/views/settings/GeneralSection.vue?t=1788078972323:149:29)
    at http://localhost:1420/src/views/settings/GeneralSection.vue?t=1788078972323:272:12
[ 1529394ms] [WARNING] [Vue warn]: Unhandled error during execution of mounted hook 
  at <HomeChat key=0 draft=undefined workstation=null  ... > 
  at <BaseTransition appear=false persisted=true mode=undefined  ... > 
  at <Transition name="view-fade" persisted="" > 
  at <HomeWindow> @ http://localhost:1420/node_modules/.vite/deps/vue.js?v=318df923:2231
[ 1529409ms] TypeError: Cannot read properties of undefined (reading 'transformCallback')
    at transformCallback (http://localhost:1420/node_modules/.vite/deps/chunk-G7S6KQDI.js?v=318df923:22:37)
    at listen (http://localhost:1420/node_modules/.vite/deps/chunk-7FCLUC5I.js?v=318df923:39:14)
    at onBrainEvent (http://localhost:1420/src/services/brainClient.ts:299:10)
    at http://localhost:1420/src/views/chat/HomeChat.vue?t=1788078972323:623:24
[ 1532368ms] [WARNING] [Vue warn]: Unhandled error during execution of mounted hook 
  at <HomeTodayPanel state="idle" only="today" onChat=fn<onInfoChat> > 
  at <HomeFrame thinking=false state="idle" peek=false  ... > 
  at <HomeChat key=0 draft=undefined workstation=null  ... > 
  at <BaseTransition appear=false persisted=true mode=undefined  ... > 
  at <Transition name="view-fade" persisted="" > 
  at <HomeWindow> @ http://localhost:1420/node_modules/.vite/deps/vue.js?v=318df923:2231
[ 1532368ms] [WARNING] [Vue warn]: Unhandled error during execution of mounted hook 
  at <HorizonBar state="idle" proc=null shelf=false  ... > 
  at <HomeChat key=0 draft=undefined workstation=null  ... > 
  at <BaseTransition appear=false persisted=true mode=undefined  ... > 
  at <Transition name="view-fade" persisted="" > 
  at <HomeWindow> @ http://localhost:1420/node_modules/.vite/deps/vue.js?v=318df923:2231
[ 1532370ms] TypeError: Cannot read properties of undefined (reading 'transformCallback')
    at transformCallback (http://localhost:1420/node_modules/.vite/deps/chunk-G7S6KQDI.js?v=318df923:22:37)
    at listen (http://localhost:1420/node_modules/.vite/deps/chunk-7FCLUC5I.js?v=318df923:39:14)
    at onFeed (http://localhost:1420/src/services/brainClient.ts:147:10)
    at http://localhost:1420/src/views/HomeTodayPanel.vue?t=1788070812924:21:22
[ 1532370ms] TypeError: Cannot read properties of undefined (reading 'transformCallback')
    at transformCallback (http://localhost:1420/node_modules/.vite/deps/chunk-G7S6KQDI.js?v=318df923:22:37)
    at listen (http://localhost:1420/node_modules/.vite/deps/chunk-7FCLUC5I.js?v=318df923:39:14)
    at once (http://localhost:1420/node_modules/.vite/deps/chunk-7FCLUC5I.js?v=318df923:45:10)
    at http://localhost:1420/src/services/brainClient.ts:20:10
    at new Promise (<anonymous>)
    at onceWithTimeout (http://localhost:1420/src/services/brainClient.ts:19:16)
    at getWidgetsOnce (http://localhost:1420/src/services/brainClient.ts:198:10)
    at http://localhost:1420/src/views/HomeGlance.vue?t=1788078972323:79:30
[ 1532370ms] TypeError: Cannot read properties of undefined (reading 'transformCallback')
    at transformCallback (http://localhost:1420/node_modules/.vite/deps/chunk-G7S6KQDI.js?v=318df923:22:37)
    at listen (http://localhost:1420/node_modules/.vite/deps/chunk-7FCLUC5I.js?v=318df923:39:14)
    at onFeed (http://localhost:1420/src/services/brainClient.ts:147:10)
    at http://localhost:1420/src/views/chat/HorizonBar.vue?t=1788076324598:31:22
[ 1544369ms] TypeError: Cannot read properties of undefined (reading 'transformCallback')
    at transformCallback (http://localhost:1420/node_modules/.vite/deps/chunk-G7S6KQDI.js?v=318df923:22:37)
    at listen (http://localhost:1420/node_modules/.vite/deps/chunk-7FCLUC5I.js?v=318df923:39:14)
    at once (http://localhost:1420/node_modules/.vite/deps/chunk-7FCLUC5I.js?v=318df923:45:10)
    at http://localhost:1420/src/services/brainClient.ts:20:10
    at new Promise (<anonymous>)
    at onceWithTimeout (http://localhost:1420/src/services/brainClient.ts:19:16)
    at getWidgetsOnce (http://localhost:1420/src/services/brainClient.ts:198:10)
    at refresh (http://localhost:1420/src/views/HomeFloatNotes.vue?t=1788078159546:51:30)
    at http://localhost:1420/src/views/HomeFloatNotes.vue?t=1788078159546:59:14
[ 1556370ms] TypeError: Cannot read properties of undefined (reading 'transformCallback')
    at transformCallback (http://localhost:1420/node_modules/.vite/deps/chunk-G7S6KQDI.js?v=318df923:22:37)
    at listen (http://localhost:1420/node_modules/.vite/deps/chunk-7FCLUC5I.js?v=318df923:39:14)
    at once (http://localhost:1420/node_modules/.vite/deps/chunk-7FCLUC5I.js?v=318df923:45:10)
    at http://localhost:1420/src/services/brainClient.ts:20:10
    at new Promise (<anonymous>)
    at onceWithTimeout (http://localhost:1420/src/services/brainClient.ts:19:16)
    at getWidgetsOnce (http://localhost:1420/src/services/brainClient.ts:198:10)
    at refresh (http://localhost:1420/src/views/HomeFloatNotes.vue?t=1788078159546:51:30)
    at http://localhost:1420/src/views/HomeFloatNotes.vue?t=1788078159546:59:14
[ 1568370ms] TypeError: Cannot read properties of undefined (reading 'transformCallback')
    at transformCallback (http://localhost:1420/node_modules/.vite/deps/chunk-G7S6KQDI.js?v=318df923:22:37)
    at listen (http://localhost:1420/node_modules/.vite/deps/chunk-7FCLUC5I.js?v=318df923:39:14)
    at once (http://localhost:1420/node_modules/.vite/deps/chunk-7FCLUC5I.js?v=318df923:45:10)
    at http://localhost:1420/src/services/brainClient.ts:20:10
    at new Promise (<anonymous>)
    at onceWithTimeout (http://localhost:1420/src/services/brainClient.ts:19:16)
    at getWidgetsOnce (http://localhost:1420/src/services/brainClient.ts:198:10)
    at refresh (http://localhost:1420/src/views/HomeFloatNotes.vue?t=1788078159546:51:30)
    at http://localhost:1420/src/views/HomeFloatNotes.vue?t=1788078159546:59:14
[ 1580371ms] TypeError: Cannot read properties of undefined (reading 'transformCallback')
    at transformCallback (http://localhost:1420/node_modules/.vite/deps/chunk-G7S6KQDI.js?v=318df923:22:37)
    at listen (http://localhost:1420/node_modules/.vite/deps/chunk-7FCLUC5I.js?v=318df923:39:14)
    at once (http://localhost:1420/node_modules/.vite/deps/chunk-7FCLUC5I.js?v=318df923:45:10)
    at http://localhost:1420/src/services/brainClient.ts:20:10
    at new Promise (<anonymous>)
    at onceWithTimeout (http://localhost:1420/src/services/brainClient.ts:19:16)
    at getWidgetsOnce (http://localhost:1420/src/services/brainClient.ts:198:10)
    at refresh (http://localhost:1420/src/views/HomeFloatNotes.vue?t=1788078159546:51:30)
    at http://localhost:1420/src/views/HomeFloatNotes.vue?t=1788078159546:59:14
[ 1592370ms] TypeError: Cannot read properties of undefined (reading 'transformCallback')
    at transformCallback (http://localhost:1420/node_modules/.vite/deps/chunk-G7S6KQDI.js?v=318df923:22:37)
    at listen (http://localhost:1420/node_modules/.vite/deps/chunk-7FCLUC5I.js?v=318df923:39:14)
    at once (http://localhost:1420/node_modules/.vite/deps/chunk-7FCLUC5I.js?v=318df923:45:10)
    at http://localhost:1420/src/services/brainClient.ts:20:10
    at new Promise (<anonymous>)
    at onceWithTimeout (http://localhost:1420/src/services/brainClient.ts:19:16)
    at getWidgetsOnce (http://localhost:1420/src/services/brainClient.ts:198:10)
    at refresh (http://localhost:1420/src/views/HomeFloatNotes.vue?t=1788078159546:51:30)
    at http://localhost:1420/src/views/HomeFloatNotes.vue?t=1788078159546:59:14
[ 1604370ms] TypeError: Cannot read properties of undefined (reading 'transformCallback')
    at transformCallback (http://localhost:1420/node_modules/.vite/deps/chunk-G7S6KQDI.js?v=318df923:22:37)
    at listen (http://localhost:1420/node_modules/.vite/deps/chunk-7FCLUC5I.js?v=318df923:39:14)
    at once (http://localhost:1420/node_modules/.vite/deps/chunk-7FCLUC5I.js?v=318df923:45:10)
    at http://localhost:1420/src/services/brainClient.ts:20:10
    at new Promise (<anonymous>)
    at onceWithTimeout (http://localhost:1420/src/services/brainClient.ts:19:16)
    at getWidgetsOnce (http://localhost:1420/src/services/brainClient.ts:198:10)
    at refresh (http://localhost:1420/src/views/HomeFloatNotes.vue?t=1788078159546:51:30)
    at http://localhost:1420/src/views/HomeFloatNotes.vue?t=1788078159546:59:14
[ 1616371ms] TypeError: Cannot read properties of undefined (reading 'transformCallback')
    at transformCallback (http://localhost:1420/node_modules/.vite/deps/chunk-G7S6KQDI.js?v=318df923:22:37)
    at listen (http://localhost:1420/node_modules/.vite/deps/chunk-7FCLUC5I.js?v=318df923:39:14)
    at once (http://localhost:1420/node_modules/.vite/deps/chunk-7FCLUC5I.js?v=318df923:45:10)
    at http://localhost:1420/src/services/brainClient.ts:20:10
    at new Promise (<anonymous>)
    at onceWithTimeout (http://localhost:1420/src/services/brainClient.ts:19:16)
    at getWidgetsOnce (http://localhost:1420/src/services/brainClient.ts:198:10)
    at refresh (http://localhost:1420/src/views/HomeFloatNotes.vue?t=1788078159546:51:30)
    at http://localhost:1420/src/views/HomeFloatNotes.vue?t=1788078159546:59:14
