[     156ms] [WARNING] [Vue warn]: Unhandled error during execution of mounted hook 
  at <CapabilityConversationRail surface=null active=false onClose=fn<hideSurface>  ... > 
  at <BaseTransition appear=false persisted=true mode=undefined  ... > 
  at <Transition name="scene-rail" persisted="" > 
  at <HomeWindow> @ http://localhost:1420/node_modules/.vite/deps/vue.js?v=318df923:2231
[     157ms] [WARNING] [Vue warn]: Unhandled error during execution of mounted hook 
  at <GeneralSection key=0 > 
  at <SettingsView key=0 > 
  at <BaseTransition appear=false persisted=true mode=undefined  ... > 
  at <Transition name="view-fade" persisted="" > 
  at <HomeWindow> @ http://localhost:1420/node_modules/.vite/deps/vue.js?v=318df923:2231
[     160ms] [VERBOSE] [DOM] Password field is not contained in a form: (More info: https://goo.gl/9p2vKq) %o @ http://localhost:1420/home.html:0
[     179ms] TypeError: Cannot read properties of undefined (reading 'transformCallback')
    at transformCallback (http://localhost:1420/node_modules/.vite/deps/chunk-G7S6KQDI.js?v=318df923:22:37)
    at listen (http://localhost:1420/node_modules/.vite/deps/chunk-7FCLUC5I.js?v=318df923:39:14)
    at onBrainEvent (http://localhost:1420/src/services/brainClient.ts:299:10)
    at http://localhost:1420/src/lib/home/home-panel-run.ts:12:12
    at new Promise (<anonymous>)
    at runPanelAction (http://localhost:1420/src/lib/home/home-panel-run.ts:6:18)
    at http://localhost:1420/src/views/plugins/CapabilityHome.vue:25:25
    at http://localhost:1420/node_modules/.vite/deps/vue.js?v=318df923:5342:40
    at callWithErrorHandling (http://localhost:1420/node_modules/.vite/deps/vue.js?v=318df923:2379:19)
    at callWithAsyncErrorHandling (http://localhost:1420/node_modules/.vite/deps/vue.js?v=318df923:2386:17)
[     179ms] TypeError: Cannot read properties of undefined (reading 'transformCallback')
    at transformCallback (http://localhost:1420/node_modules/.vite/deps/chunk-G7S6KQDI.js?v=318df923:22:37)
    at listen (http://localhost:1420/node_modules/.vite/deps/chunk-7FCLUC5I.js?v=318df923:39:14)
    at once (http://localhost:1420/node_modules/.vite/deps/chunk-7FCLUC5I.js?v=318df923:45:10)
    at http://localhost:1420/src/services/brainClient.ts:20:10
    at new Promise (<anonymous>)
    at onceWithTimeout (http://localhost:1420/src/services/brainClient.ts:19:16)
    at getSettingsOnce (http://localhost:1420/src/services/brainClient.ts:245:19)
    at http://localhost:1420/src/views/HomeDayTitle.vue?t=1788070913325:19:30
    at http://localhost:1420/node_modules/.vite/deps/vue.js?v=318df923:5342:40
    at callWithErrorHandling (http://localhost:1420/node_modules/.vite/deps/vue.js?v=318df923:2379:19)
[     179ms] TypeError: Cannot read properties of undefined (reading 'transformCallback')
    at transformCallback (http://localhost:1420/node_modules/.vite/deps/chunk-G7S6KQDI.js?v=318df923:22:37)
    at listen (http://localhost:1420/node_modules/.vite/deps/chunk-7FCLUC5I.js?v=318df923:39:14)
    at once (http://localhost:1420/node_modules/.vite/deps/chunk-7FCLUC5I.js?v=318df923:45:10)
    at http://localhost:1420/src/services/brainClient.ts:20:10
    at new Promise (<anonymous>)
    at onceWithTimeout (http://localhost:1420/src/services/brainClient.ts:19:16)
    at getWidgetsOnce (http://localhost:1420/src/services/brainClient.ts:198:10)
    at refresh (http://localhost:1420/src/views/HomeFloatNotes.vue?t=1788089530969:51:30)
    at http://localhost:1420/src/views/HomeFloatNotes.vue?t=1788089530969:57:13
    at http://localhost:1420/node_modules/.vite/deps/vue.js?v=318df923:5342:40
[     179ms] TypeError: Cannot read properties of undefined (reading 'transformCallback')
    at transformCallback (http://localhost:1420/node_modules/.vite/deps/chunk-G7S6KQDI.js?v=318df923:22:37)
    at listen (http://localhost:1420/node_modules/.vite/deps/chunk-7FCLUC5I.js?v=318df923:39:14)
    at once (http://localhost:1420/node_modules/.vite/deps/chunk-7FCLUC5I.js?v=318df923:45:10)
    at http://localhost:1420/src/services/brainClient.ts:20:10
    at new Promise (<anonymous>)
    at onceWithTimeout (http://localhost:1420/src/services/brainClient.ts:19:16)
    at getFeedOnce (http://localhost:1420/src/services/brainClient.ts:150:10)
    at http://localhost:1420/src/views/HomeTodayPanel.vue?t=1788070812924:17:28
    at http://localhost:1420/node_modules/.vite/deps/vue.js?v=318df923:5342:40
    at callWithErrorHandling (http://localhost:1420/node_modules/.vite/deps/vue.js?v=318df923:2379:19)
[     179ms] TypeError: Cannot read properties of undefined (reading 'transformCallback')
    at transformCallback (http://localhost:1420/node_modules/.vite/deps/chunk-G7S6KQDI.js?v=318df923:22:37)
    at listen (http://localhost:1420/node_modules/.vite/deps/chunk-7FCLUC5I.js?v=318df923:39:14)
    at once (http://localhost:1420/node_modules/.vite/deps/chunk-7FCLUC5I.js?v=318df923:45:10)
    at http://localhost:1420/src/services/brainClient.ts:20:10
    at new Promise (<anonymous>)
    at onceWithTimeout (http://localhost:1420/src/services/brainClient.ts:19:16)
    at getWidgetsOnce (http://localhost:1420/src/services/brainClient.ts:198:10)
    at http://localhost:1420/src/views/HomeRemindCard.vue?t=1788089569691:16:25
    at http://localhost:1420/node_modules/.vite/deps/vue.js?v=318df923:5342:40
    at callWithErrorHandling (http://localhost:1420/node_modules/.vite/deps/vue.js?v=318df923:2379:19)
[     179ms] TypeError: Cannot read properties of undefined (reading 'transformCallback')
    at transformCallback (http://localhost:1420/node_modules/.vite/deps/chunk-G7S6KQDI.js?v=318df923:22:37)
    at listen (http://localhost:1420/node_modules/.vite/deps/chunk-7FCLUC5I.js?v=318df923:39:14)
    at once (http://localhost:1420/node_modules/.vite/deps/chunk-7FCLUC5I.js?v=318df923:45:10)
    at http://localhost:1420/src/services/brainClient.ts:20:10
    at new Promise (<anonymous>)
    at onceWithTimeout (http://localhost:1420/src/services/brainClient.ts:19:16)
    at getWidgetsOnce (http://localhost:1420/src/services/brainClient.ts:198:10)
    at http://localhost:1420/src/views/HomeShelfStats.vue?t=1788087739424:35:28
    at http://localhost:1420/node_modules/.vite/deps/vue.js?v=318df923:5342:40
    at callWithErrorHandling (http://localhost:1420/node_modules/.vite/deps/vue.js?v=318df923:2379:19)
[     179ms] TypeError: Cannot read properties of undefined (reading 'transformCallback')
    at transformCallback (http://localhost:1420/node_modules/.vite/deps/chunk-G7S6KQDI.js?v=318df923:22:37)
    at listen (http://localhost:1420/node_modules/.vite/deps/chunk-7FCLUC5I.js?v=318df923:39:14)
    at once (http://localhost:1420/node_modules/.vite/deps/chunk-7FCLUC5I.js?v=318df923:45:10)
    at http://localhost:1420/src/services/brainClient.ts:20:10
    at new Promise (<anonymous>)
    at onceWithTimeout (http://localhost:1420/src/services/brainClient.ts:19:16)
    at getFeedOnce (http://localhost:1420/src/services/brainClient.ts:150:10)
    at http://localhost:1420/src/views/chat/HorizonBar.vue?t=1788076324598:26:28
    at http://localhost:1420/node_modules/.vite/deps/vue.js?v=318df923:5342:40
    at callWithErrorHandling (http://localhost:1420/node_modules/.vite/deps/vue.js?v=318df923:2379:19)
[     179ms] TypeError: Cannot read properties of undefined (reading 'transformCallback')
    at transformCallback (http://localhost:1420/node_modules/.vite/deps/chunk-G7S6KQDI.js?v=318df923:22:37)
    at listen (http://localhost:1420/node_modules/.vite/deps/chunk-7FCLUC5I.js?v=318df923:39:14)
    at onBrainEvent (http://localhost:1420/src/services/brainClient.ts:299:10)
    at http://localhost:1420/src/views/CapabilityConversationRail.vue:178:24
[     179ms] TypeError: Cannot read properties of undefined (reading 'transformCallback')
    at transformCallback (http://localhost:1420/node_modules/.vite/deps/chunk-G7S6KQDI.js?v=318df923:22:37)
    at listen (http://localhost:1420/node_modules/.vite/deps/chunk-7FCLUC5I.js?v=318df923:39:14)
    at once (http://localhost:1420/node_modules/.vite/deps/chunk-7FCLUC5I.js?v=318df923:45:10)
    at http://localhost:1420/src/services/brainClient.ts:20:10
    at new Promise (<anonymous>)
    at onceWithTimeout (http://localhost:1420/src/services/brainClient.ts:19:16)
    at getPerceptionOnce (http://localhost:1420/src/services/brainClient.ts:274:10)
    at loadPerception (http://localhost:1420/src/views/settings/DataView.vue:34:23)
    at http://localhost:1420/src/views/settings/DataView.vue:182:12
    at http://localhost:1420/node_modules/.vite/deps/vue.js?v=318df923:5342:40
[     179ms] TypeError: Cannot read properties of undefined (reading 'transformCallback')
    at transformCallback (http://localhost:1420/node_modules/.vite/deps/chunk-G7S6KQDI.js?v=318df923:22:37)
    at listen (http://localhost:1420/node_modules/.vite/deps/chunk-7FCLUC5I.js?v=318df923:39:14)
    at once (http://localhost:1420/node_modules/.vite/deps/chunk-7FCLUC5I.js?v=318df923:45:10)
    at http://localhost:1420/src/services/brainClient.ts:20:10
    at new Promise (<anonymous>)
    at onceWithTimeout (http://localhost:1420/src/services/brainClient.ts:19:16)
    at getMemListOnce (http://localhost:1420/src/services/brainClient.ts:216:10)
    at loadMem (http://localhost:1420/src/views/settings/DataView.vue:116:23)
    at http://localhost:1420/src/views/settings/DataView.vue:183:12
    at http://localhost:1420/node_modules/.vite/deps/vue.js?v=318df923:5342:40
[     179ms] TypeError: Cannot read properties of undefined (reading 'transformCallback')
    at transformCallback (http://localhost:1420/node_modules/.vite/deps/chunk-G7S6KQDI.js?v=318df923:22:37)
    at listen (http://localhost:1420/node_modules/.vite/deps/chunk-7FCLUC5I.js?v=318df923:39:14)
    at once (http://localhost:1420/node_modules/.vite/deps/chunk-7FCLUC5I.js?v=318df923:45:10)
    at http://localhost:1420/src/services/brainClient.ts:20:10
    at new Promise (<anonymous>)
    at onceWithTimeout (http://localhost:1420/src/services/brainClient.ts:19:16)
    at getSettingsOnce (http://localhost:1420/src/services/brainClient.ts:245:19)
    at http://localhost:1420/src/views/settings/DataView.vue:184:12
    at http://localhost:1420/node_modules/.vite/deps/vue.js?v=318df923:5342:40
    at callWithErrorHandling (http://localhost:1420/node_modules/.vite/deps/vue.js?v=318df923:2379:19)
[     179ms] TypeError: Cannot read properties of undefined (reading 'transformCallback')
    at transformCallback (http://localhost:1420/node_modules/.vite/deps/chunk-G7S6KQDI.js?v=318df923:22:37)
    at listen (http://localhost:1420/node_modules/.vite/deps/chunk-7FCLUC5I.js?v=318df923:39:14)
    at onBrainStatus (http://localhost:1420/src/services/brainClient.ts:305:10)
    at http://localhost:1420/src/views/settings/GeneralSection.vue?t=1788087684762:273:30
[     179ms] TypeError: Cannot read properties of undefined (reading 'transformCallback')
    at transformCallback (http://localhost:1420/node_modules/.vite/deps/chunk-G7S6KQDI.js?v=318df923:22:37)
    at listen (http://localhost:1420/node_modules/.vite/deps/chunk-7FCLUC5I.js?v=318df923:39:14)
    at once (http://localhost:1420/node_modules/.vite/deps/chunk-7FCLUC5I.js?v=318df923:45:10)
    at http://localhost:1420/src/services/brainClient.ts:20:10
    at new Promise (<anonymous>)
    at onceWithTimeout (http://localhost:1420/src/services/brainClient.ts:19:16)
    at getSettingsOnce (http://localhost:1420/src/services/brainClient.ts:245:19)
    at http://localhost:1420/src/views/settings/GeneralSection.vue?t=1788087684762:262:12
[     179ms] TypeError: Cannot read properties of undefined (reading 'transformCallback')
    at transformCallback (http://localhost:1420/node_modules/.vite/deps/chunk-G7S6KQDI.js?v=318df923:22:37)
    at listen (http://localhost:1420/node_modules/.vite/deps/chunk-7FCLUC5I.js?v=318df923:39:14)
    at once (http://localhost:1420/node_modules/.vite/deps/chunk-7FCLUC5I.js?v=318df923:45:10)
    at http://localhost:1420/src/services/brainClient.ts:20:10
    at new Promise (<anonymous>)
    at onceWithTimeout (http://localhost:1420/src/services/brainClient.ts:19:16)
    at getHttpPairInfoOnce (http://localhost:1420/src/services/brainClient.ts:266:10)
    at refreshPair (http://localhost:1420/src/views/settings/GeneralSection.vue?t=1788087684762:149:29)
    at http://localhost:1420/src/views/settings/GeneralSection.vue?t=1788087684762:272:12
[     180ms] [WARNING] [Vue warn]: Unhandled error during execution of mounted hook 
  at <HomeChat key=0 draft=undefined workstation=null  ... > 
  at <BaseTransition appear=false persisted=true mode=undefined  ... > 
  at <Transition name="view-fade" persisted="" > 
  at <HomeWindow> @ http://localhost:1420/node_modules/.vite/deps/vue.js?v=318df923:2231
[     182ms] TypeError: Cannot read properties of undefined (reading 'transformCallback')
    at transformCallback (http://localhost:1420/node_modules/.vite/deps/chunk-G7S6KQDI.js?v=318df923:22:37)
    at listen (http://localhost:1420/node_modules/.vite/deps/chunk-7FCLUC5I.js?v=318df923:39:14)
    at onBrainEvent (http://localhost:1420/src/services/brainClient.ts:299:10)
    at http://localhost:1420/src/views/chat/HomeChat.vue?t=1788089569691:624:24
[    3157ms] [WARNING] [Vue warn]: Unhandled error during execution of mounted hook 
  at <HomeTodayPanel state="idle" only="today" onChat=fn<onInfoChat> > 
  at <HomeFrame thinking=false state="idle" peek=false  ... > 
  at <HomeChat key=0 draft=undefined workstation=null  ... > 
  at <BaseTransition appear=false persisted=true mode=undefined  ... > 
  at <Transition name="view-fade" persisted="" > 
  at <HomeWindow> @ http://localhost:1420/node_modules/.vite/deps/vue.js?v=318df923:2231
[    3157ms] [WARNING] [Vue warn]: Unhandled error during execution of mounted hook 
  at <HorizonBar state="idle" proc=null shelf=false  ... > 
  at <HomeChat key=0 draft=undefined workstation=null  ... > 
  at <BaseTransition appear=false persisted=true mode=undefined  ... > 
  at <Transition name="view-fade" persisted="" > 
  at <HomeWindow> @ http://localhost:1420/node_modules/.vite/deps/vue.js?v=318df923:2231
[    3159ms] TypeError: Cannot read properties of undefined (reading 'transformCallback')
    at transformCallback (http://localhost:1420/node_modules/.vite/deps/chunk-G7S6KQDI.js?v=318df923:22:37)
    at listen (http://localhost:1420/node_modules/.vite/deps/chunk-7FCLUC5I.js?v=318df923:39:14)
    at onFeed (http://localhost:1420/src/services/brainClient.ts:147:10)
    at http://localhost:1420/src/views/HomeTodayPanel.vue?t=1788070812924:21:22
[    3159ms] TypeError: Cannot read properties of undefined (reading 'transformCallback')
    at transformCallback (http://localhost:1420/node_modules/.vite/deps/chunk-G7S6KQDI.js?v=318df923:22:37)
    at listen (http://localhost:1420/node_modules/.vite/deps/chunk-7FCLUC5I.js?v=318df923:39:14)
    at once (http://localhost:1420/node_modules/.vite/deps/chunk-7FCLUC5I.js?v=318df923:45:10)
    at http://localhost:1420/src/services/brainClient.ts:20:10
    at new Promise (<anonymous>)
    at onceWithTimeout (http://localhost:1420/src/services/brainClient.ts:19:16)
    at getFeedOnce (http://localhost:1420/src/services/brainClient.ts:150:10)
    at http://localhost:1420/src/views/HomeRemindCard.vue?t=1788089569691:18:25
[    3159ms] TypeError: Cannot read properties of undefined (reading 'transformCallback')
    at transformCallback (http://localhost:1420/node_modules/.vite/deps/chunk-G7S6KQDI.js?v=318df923:22:37)
    at listen (http://localhost:1420/node_modules/.vite/deps/chunk-7FCLUC5I.js?v=318df923:39:14)
    at onBrainEvent (http://localhost:1420/src/services/brainClient.ts:299:10)
    at http://localhost:1420/src/lib/home/home-panel-run.ts:12:12
    at new Promise (<anonymous>)
    at runPanelAction (http://localhost:1420/src/lib/home/home-panel-run.ts:6:18)
    at refreshMat (http://localhost:1420/src/views/HomeShelfStats.vue?t=1788087739424:18:28)
    at http://localhost:1420/src/views/HomeShelfStats.vue?t=1788087739424:43:13
[    3159ms] TypeError: Cannot read properties of undefined (reading 'transformCallback')
    at transformCallback (http://localhost:1420/node_modules/.vite/deps/chunk-G7S6KQDI.js?v=318df923:22:37)
    at listen (http://localhost:1420/node_modules/.vite/deps/chunk-7FCLUC5I.js?v=318df923:39:14)
    at onFeed (http://localhost:1420/src/services/brainClient.ts:147:10)
    at http://localhost:1420/src/views/chat/HorizonBar.vue?t=1788076324598:31:22
[   15158ms] TypeError: Cannot read properties of undefined (reading 'transformCallback')
    at transformCallback (http://localhost:1420/node_modules/.vite/deps/chunk-G7S6KQDI.js?v=318df923:22:37)
    at listen (http://localhost:1420/node_modules/.vite/deps/chunk-7FCLUC5I.js?v=318df923:39:14)
    at once (http://localhost:1420/node_modules/.vite/deps/chunk-7FCLUC5I.js?v=318df923:45:10)
    at http://localhost:1420/src/services/brainClient.ts:20:10
    at new Promise (<anonymous>)
    at onceWithTimeout (http://localhost:1420/src/services/brainClient.ts:19:16)
    at getWidgetsOnce (http://localhost:1420/src/services/brainClient.ts:198:10)
    at refresh (http://localhost:1420/src/views/HomeFloatNotes.vue?t=1788089530969:51:30)
    at http://localhost:1420/src/views/HomeFloatNotes.vue?t=1788089530969:59:14
[   27158ms] TypeError: Cannot read properties of undefined (reading 'transformCallback')
    at transformCallback (http://localhost:1420/node_modules/.vite/deps/chunk-G7S6KQDI.js?v=318df923:22:37)
    at listen (http://localhost:1420/node_modules/.vite/deps/chunk-7FCLUC5I.js?v=318df923:39:14)
    at once (http://localhost:1420/node_modules/.vite/deps/chunk-7FCLUC5I.js?v=318df923:45:10)
    at http://localhost:1420/src/services/brainClient.ts:20:10
    at new Promise (<anonymous>)
    at onceWithTimeout (http://localhost:1420/src/services/brainClient.ts:19:16)
    at getWidgetsOnce (http://localhost:1420/src/services/brainClient.ts:198:10)
    at refresh (http://localhost:1420/src/views/HomeFloatNotes.vue?t=1788089530969:51:30)
    at http://localhost:1420/src/views/HomeFloatNotes.vue?t=1788089530969:59:14
[   39158ms] TypeError: Cannot read properties of undefined (reading 'transformCallback')
    at transformCallback (http://localhost:1420/node_modules/.vite/deps/chunk-G7S6KQDI.js?v=318df923:22:37)
    at listen (http://localhost:1420/node_modules/.vite/deps/chunk-7FCLUC5I.js?v=318df923:39:14)
    at once (http://localhost:1420/node_modules/.vite/deps/chunk-7FCLUC5I.js?v=318df923:45:10)
    at http://localhost:1420/src/services/brainClient.ts:20:10
    at new Promise (<anonymous>)
    at onceWithTimeout (http://localhost:1420/src/services/brainClient.ts:19:16)
    at getWidgetsOnce (http://localhost:1420/src/services/brainClient.ts:198:10)
    at refresh (http://localhost:1420/src/views/HomeFloatNotes.vue?t=1788089530969:51:30)
    at http://localhost:1420/src/views/HomeFloatNotes.vue?t=1788089530969:59:14
[   51158ms] TypeError: Cannot read properties of undefined (reading 'transformCallback')
    at transformCallback (http://localhost:1420/node_modules/.vite/deps/chunk-G7S6KQDI.js?v=318df923:22:37)
    at listen (http://localhost:1420/node_modules/.vite/deps/chunk-7FCLUC5I.js?v=318df923:39:14)
    at once (http://localhost:1420/node_modules/.vite/deps/chunk-7FCLUC5I.js?v=318df923:45:10)
    at http://localhost:1420/src/services/brainClient.ts:20:10
    at new Promise (<anonymous>)
    at onceWithTimeout (http://localhost:1420/src/services/brainClient.ts:19:16)
    at getWidgetsOnce (http://localhost:1420/src/services/brainClient.ts:198:10)
    at refresh (http://localhost:1420/src/views/HomeFloatNotes.vue?t=1788089530969:51:30)
    at http://localhost:1420/src/views/HomeFloatNotes.vue?t=1788089530969:59:14
[   63159ms] TypeError: Cannot read properties of undefined (reading 'transformCallback')
    at transformCallback (http://localhost:1420/node_modules/.vite/deps/chunk-G7S6KQDI.js?v=318df923:22:37)
    at listen (http://localhost:1420/node_modules/.vite/deps/chunk-7FCLUC5I.js?v=318df923:39:14)
    at once (http://localhost:1420/node_modules/.vite/deps/chunk-7FCLUC5I.js?v=318df923:45:10)
    at http://localhost:1420/src/services/brainClient.ts:20:10
    at new Promise (<anonymous>)
    at onceWithTimeout (http://localhost:1420/src/services/brainClient.ts:19:16)
    at getWidgetsOnce (http://localhost:1420/src/services/brainClient.ts:198:10)
    at refresh (http://localhost:1420/src/views/HomeFloatNotes.vue?t=1788089530969:51:30)
    at http://localhost:1420/src/views/HomeFloatNotes.vue?t=1788089530969:59:14
[   75158ms] TypeError: Cannot read properties of undefined (reading 'transformCallback')
    at transformCallback (http://localhost:1420/node_modules/.vite/deps/chunk-G7S6KQDI.js?v=318df923:22:37)
    at listen (http://localhost:1420/node_modules/.vite/deps/chunk-7FCLUC5I.js?v=318df923:39:14)
    at once (http://localhost:1420/node_modules/.vite/deps/chunk-7FCLUC5I.js?v=318df923:45:10)
    at http://localhost:1420/src/services/brainClient.ts:20:10
    at new Promise (<anonymous>)
    at onceWithTimeout (http://localhost:1420/src/services/brainClient.ts:19:16)
    at getWidgetsOnce (http://localhost:1420/src/services/brainClient.ts:198:10)
    at refresh (http://localhost:1420/src/views/HomeFloatNotes.vue?t=1788089530969:51:30)
    at http://localhost:1420/src/views/HomeFloatNotes.vue?t=1788089530969:59:14
[   75159ms] TypeError: Cannot read properties of undefined (reading 'transformCallback')
    at transformCallback (http://localhost:1420/node_modules/.vite/deps/chunk-G7S6KQDI.js?v=318df923:22:37)
    at listen (http://localhost:1420/node_modules/.vite/deps/chunk-7FCLUC5I.js?v=318df923:39:14)
    at onBrainEvent (http://localhost:1420/src/services/brainClient.ts:299:10)
    at http://localhost:1420/src/lib/home/home-panel-run.ts:12:12
    at new Promise (<anonymous>)
    at runPanelAction (http://localhost:1420/src/lib/home/home-panel-run.ts:6:18)
    at refreshMat (http://localhost:1420/src/views/HomeShelfStats.vue?t=1788087739424:18:28)
[   87159ms] TypeError: Cannot read properties of undefined (reading 'transformCallback')
    at transformCallback (http://localhost:1420/node_modules/.vite/deps/chunk-G7S6KQDI.js?v=318df923:22:37)
    at listen (http://localhost:1420/node_modules/.vite/deps/chunk-7FCLUC5I.js?v=318df923:39:14)
    at once (http://localhost:1420/node_modules/.vite/deps/chunk-7FCLUC5I.js?v=318df923:45:10)
    at http://localhost:1420/src/services/brainClient.ts:20:10
    at new Promise (<anonymous>)
    at onceWithTimeout (http://localhost:1420/src/services/brainClient.ts:19:16)
    at getWidgetsOnce (http://localhost:1420/src/services/brainClient.ts:198:10)
    at refresh (http://localhost:1420/src/views/HomeFloatNotes.vue?t=1788089530969:51:30)
    at http://localhost:1420/src/views/HomeFloatNotes.vue?t=1788089530969:59:14
[   99158ms] TypeError: Cannot read properties of undefined (reading 'transformCallback')
    at transformCallback (http://localhost:1420/node_modules/.vite/deps/chunk-G7S6KQDI.js?v=318df923:22:37)
    at listen (http://localhost:1420/node_modules/.vite/deps/chunk-7FCLUC5I.js?v=318df923:39:14)
    at once (http://localhost:1420/node_modules/.vite/deps/chunk-7FCLUC5I.js?v=318df923:45:10)
    at http://localhost:1420/src/services/brainClient.ts:20:10
    at new Promise (<anonymous>)
    at onceWithTimeout (http://localhost:1420/src/services/brainClient.ts:19:16)
    at getWidgetsOnce (http://localhost:1420/src/services/brainClient.ts:198:10)
    at refresh (http://localhost:1420/src/views/HomeFloatNotes.vue?t=1788089530969:51:30)
    at http://localhost:1420/src/views/HomeFloatNotes.vue?t=1788089530969:59:14
[  111159ms] TypeError: Cannot read properties of undefined (reading 'transformCallback')
    at transformCallback (http://localhost:1420/node_modules/.vite/deps/chunk-G7S6KQDI.js?v=318df923:22:37)
    at listen (http://localhost:1420/node_modules/.vite/deps/chunk-7FCLUC5I.js?v=318df923:39:14)
    at once (http://localhost:1420/node_modules/.vite/deps/chunk-7FCLUC5I.js?v=318df923:45:10)
    at http://localhost:1420/src/services/brainClient.ts:20:10
    at new Promise (<anonymous>)
    at onceWithTimeout (http://localhost:1420/src/services/brainClient.ts:19:16)
    at getWidgetsOnce (http://localhost:1420/src/services/brainClient.ts:198:10)
    at refresh (http://localhost:1420/src/views/HomeFloatNotes.vue?t=1788089530969:51:30)
    at http://localhost:1420/src/views/HomeFloatNotes.vue?t=1788089530969:59:14
[  123159ms] TypeError: Cannot read properties of undefined (reading 'transformCallback')
    at transformCallback (http://localhost:1420/node_modules/.vite/deps/chunk-G7S6KQDI.js?v=318df923:22:37)
    at listen (http://localhost:1420/node_modules/.vite/deps/chunk-7FCLUC5I.js?v=318df923:39:14)
    at once (http://localhost:1420/node_modules/.vite/deps/chunk-7FCLUC5I.js?v=318df923:45:10)
    at http://localhost:1420/src/services/brainClient.ts:20:10
    at new Promise (<anonymous>)
    at onceWithTimeout (http://localhost:1420/src/services/brainClient.ts:19:16)
    at getWidgetsOnce (http://localhost:1420/src/services/brainClient.ts:198:10)
    at refresh (http://localhost:1420/src/views/HomeFloatNotes.vue?t=1788089530969:51:30)
    at http://localhost:1420/src/views/HomeFloatNotes.vue?t=1788089530969:59:14
[  135158ms] TypeError: Cannot read properties of undefined (reading 'transformCallback')
    at transformCallback (http://localhost:1420/node_modules/.vite/deps/chunk-G7S6KQDI.js?v=318df923:22:37)
    at listen (http://localhost:1420/node_modules/.vite/deps/chunk-7FCLUC5I.js?v=318df923:39:14)
    at once (http://localhost:1420/node_modules/.vite/deps/chunk-7FCLUC5I.js?v=318df923:45:10)
    at http://localhost:1420/src/services/brainClient.ts:20:10
    at new Promise (<anonymous>)
    at onceWithTimeout (http://localhost:1420/src/services/brainClient.ts:19:16)
    at getWidgetsOnce (http://localhost:1420/src/services/brainClient.ts:198:10)
    at refresh (http://localhost:1420/src/views/HomeFloatNotes.vue?t=1788089530969:51:30)
    at http://localhost:1420/src/views/HomeFloatNotes.vue?t=1788089530969:59:14
[  135160ms] TypeError: Cannot read properties of undefined (reading 'transformCallback')
    at transformCallback (http://localhost:1420/node_modules/.vite/deps/chunk-G7S6KQDI.js?v=318df923:22:37)
    at listen (http://localhost:1420/node_modules/.vite/deps/chunk-7FCLUC5I.js?v=318df923:39:14)
    at onBrainEvent (http://localhost:1420/src/services/brainClient.ts:299:10)
    at http://localhost:1420/src/lib/home/home-panel-run.ts:12:12
    at new Promise (<anonymous>)
    at runPanelAction (http://localhost:1420/src/lib/home/home-panel-run.ts:6:18)
    at refreshMat (http://localhost:1420/src/views/HomeShelfStats.vue?t=1788087739424:18:28)
[  147159ms] TypeError: Cannot read properties of undefined (reading 'transformCallback')
    at transformCallback (http://localhost:1420/node_modules/.vite/deps/chunk-G7S6KQDI.js?v=318df923:22:37)
    at listen (http://localhost:1420/node_modules/.vite/deps/chunk-7FCLUC5I.js?v=318df923:39:14)
    at once (http://localhost:1420/node_modules/.vite/deps/chunk-7FCLUC5I.js?v=318df923:45:10)
    at http://localhost:1420/src/services/brainClient.ts:20:10
    at new Promise (<anonymous>)
    at onceWithTimeout (http://localhost:1420/src/services/brainClient.ts:19:16)
    at getWidgetsOnce (http://localhost:1420/src/services/brainClient.ts:198:10)
    at refresh (http://localhost:1420/src/views/HomeFloatNotes.vue?t=1788089530969:51:30)
    at http://localhost:1420/src/views/HomeFloatNotes.vue?t=1788089530969:59:14
[  159159ms] TypeError: Cannot read properties of undefined (reading 'transformCallback')
    at transformCallback (http://localhost:1420/node_modules/.vite/deps/chunk-G7S6KQDI.js?v=318df923:22:37)
    at listen (http://localhost:1420/node_modules/.vite/deps/chunk-7FCLUC5I.js?v=318df923:39:14)
    at once (http://localhost:1420/node_modules/.vite/deps/chunk-7FCLUC5I.js?v=318df923:45:10)
    at http://localhost:1420/src/services/brainClient.ts:20:10
    at new Promise (<anonymous>)
    at onceWithTimeout (http://localhost:1420/src/services/brainClient.ts:19:16)
    at getWidgetsOnce (http://localhost:1420/src/services/brainClient.ts:198:10)
    at refresh (http://localhost:1420/src/views/HomeFloatNotes.vue?t=1788089530969:51:30)
    at http://localhost:1420/src/views/HomeFloatNotes.vue?t=1788089530969:59:14
[  171159ms] TypeError: Cannot read properties of undefined (reading 'transformCallback')
    at transformCallback (http://localhost:1420/node_modules/.vite/deps/chunk-G7S6KQDI.js?v=318df923:22:37)
    at listen (http://localhost:1420/node_modules/.vite/deps/chunk-7FCLUC5I.js?v=318df923:39:14)
    at once (http://localhost:1420/node_modules/.vite/deps/chunk-7FCLUC5I.js?v=318df923:45:10)
    at http://localhost:1420/src/services/brainClient.ts:20:10
    at new Promise (<anonymous>)
    at onceWithTimeout (http://localhost:1420/src/services/brainClient.ts:19:16)
    at getWidgetsOnce (http://localhost:1420/src/services/brainClient.ts:198:10)
    at refresh (http://localhost:1420/src/views/HomeFloatNotes.vue?t=1788089530969:51:30)
    at http://localhost:1420/src/views/HomeFloatNotes.vue?t=1788089530969:59:14
[  183160ms] TypeError: Cannot read properties of undefined (reading 'transformCallback')
    at transformCallback (http://localhost:1420/node_modules/.vite/deps/chunk-G7S6KQDI.js?v=318df923:22:37)
    at listen (http://localhost:1420/node_modules/.vite/deps/chunk-7FCLUC5I.js?v=318df923:39:14)
    at once (http://localhost:1420/node_modules/.vite/deps/chunk-7FCLUC5I.js?v=318df923:45:10)
    at http://localhost:1420/src/services/brainClient.ts:20:10
    at new Promise (<anonymous>)
    at onceWithTimeout (http://localhost:1420/src/services/brainClient.ts:19:16)
    at getWidgetsOnce (http://localhost:1420/src/services/brainClient.ts:198:10)
    at refresh (http://localhost:1420/src/views/HomeFloatNotes.vue?t=1788089530969:51:30)
    at http://localhost:1420/src/views/HomeFloatNotes.vue?t=1788089530969:59:14
[  195160ms] TypeError: Cannot read properties of undefined (reading 'transformCallback')
    at transformCallback (http://localhost:1420/node_modules/.vite/deps/chunk-G7S6KQDI.js?v=318df923:22:37)
    at listen (http://localhost:1420/node_modules/.vite/deps/chunk-7FCLUC5I.js?v=318df923:39:14)
    at once (http://localhost:1420/node_modules/.vite/deps/chunk-7FCLUC5I.js?v=318df923:45:10)
    at http://localhost:1420/src/services/brainClient.ts:20:10
    at new Promise (<anonymous>)
    at onceWithTimeout (http://localhost:1420/src/services/brainClient.ts:19:16)
    at getWidgetsOnce (http://localhost:1420/src/services/brainClient.ts:198:10)
    at refresh (http://localhost:1420/src/views/HomeFloatNotes.vue?t=1788089530969:51:30)
    at http://localhost:1420/src/views/HomeFloatNotes.vue?t=1788089530969:59:14
[  195160ms] TypeError: Cannot read properties of undefined (reading 'transformCallback')
    at transformCallback (http://localhost:1420/node_modules/.vite/deps/chunk-G7S6KQDI.js?v=318df923:22:37)
    at listen (http://localhost:1420/node_modules/.vite/deps/chunk-7FCLUC5I.js?v=318df923:39:14)
    at onBrainEvent (http://localhost:1420/src/services/brainClient.ts:299:10)
    at http://localhost:1420/src/lib/home/home-panel-run.ts:12:12
    at new Promise (<anonymous>)
    at runPanelAction (http://localhost:1420/src/lib/home/home-panel-run.ts:6:18)
    at refreshMat (http://localhost:1420/src/views/HomeShelfStats.vue?t=1788087739424:18:28)
[  207159ms] TypeError: Cannot read properties of undefined (reading 'transformCallback')
    at transformCallback (http://localhost:1420/node_modules/.vite/deps/chunk-G7S6KQDI.js?v=318df923:22:37)
    at listen (http://localhost:1420/node_modules/.vite/deps/chunk-7FCLUC5I.js?v=318df923:39:14)
    at once (http://localhost:1420/node_modules/.vite/deps/chunk-7FCLUC5I.js?v=318df923:45:10)
    at http://localhost:1420/src/services/brainClient.ts:20:10
    at new Promise (<anonymous>)
    at onceWithTimeout (http://localhost:1420/src/services/brainClient.ts:19:16)
    at getWidgetsOnce (http://localhost:1420/src/services/brainClient.ts:198:10)
    at refresh (http://localhost:1420/src/views/HomeFloatNotes.vue?t=1788089530969:51:30)
    at http://localhost:1420/src/views/HomeFloatNotes.vue?t=1788089530969:59:14
[  219159ms] TypeError: Cannot read properties of undefined (reading 'transformCallback')
    at transformCallback (http://localhost:1420/node_modules/.vite/deps/chunk-G7S6KQDI.js?v=318df923:22:37)
    at listen (http://localhost:1420/node_modules/.vite/deps/chunk-7FCLUC5I.js?v=318df923:39:14)
    at once (http://localhost:1420/node_modules/.vite/deps/chunk-7FCLUC5I.js?v=318df923:45:10)
    at http://localhost:1420/src/services/brainClient.ts:20:10
    at new Promise (<anonymous>)
    at onceWithTimeout (http://localhost:1420/src/services/brainClient.ts:19:16)
    at getWidgetsOnce (http://localhost:1420/src/services/brainClient.ts:198:10)
    at refresh (http://localhost:1420/src/views/HomeFloatNotes.vue?t=1788089530969:51:30)
    at http://localhost:1420/src/views/HomeFloatNotes.vue?t=1788089530969:59:14
[  231160ms] TypeError: Cannot read properties of undefined (reading 'transformCallback')
    at transformCallback (http://localhost:1420/node_modules/.vite/deps/chunk-G7S6KQDI.js?v=318df923:22:37)
    at listen (http://localhost:1420/node_modules/.vite/deps/chunk-7FCLUC5I.js?v=318df923:39:14)
    at once (http://localhost:1420/node_modules/.vite/deps/chunk-7FCLUC5I.js?v=318df923:45:10)
    at http://localhost:1420/src/services/brainClient.ts:20:10
    at new Promise (<anonymous>)
    at onceWithTimeout (http://localhost:1420/src/services/brainClient.ts:19:16)
    at getWidgetsOnce (http://localhost:1420/src/services/brainClient.ts:198:10)
    at refresh (http://localhost:1420/src/views/HomeFloatNotes.vue?t=1788089530969:51:30)
    at http://localhost:1420/src/views/HomeFloatNotes.vue?t=1788089530969:59:14
[  243159ms] TypeError: Cannot read properties of undefined (reading 'transformCallback')
    at transformCallback (http://localhost:1420/node_modules/.vite/deps/chunk-G7S6KQDI.js?v=318df923:22:37)
    at listen (http://localhost:1420/node_modules/.vite/deps/chunk-7FCLUC5I.js?v=318df923:39:14)
    at once (http://localhost:1420/node_modules/.vite/deps/chunk-7FCLUC5I.js?v=318df923:45:10)
    at http://localhost:1420/src/services/brainClient.ts:20:10
    at new Promise (<anonymous>)
    at onceWithTimeout (http://localhost:1420/src/services/brainClient.ts:19:16)
    at getWidgetsOnce (http://localhost:1420/src/services/brainClient.ts:198:10)
    at refresh (http://localhost:1420/src/views/HomeFloatNotes.vue?t=1788089530969:51:30)
    at http://localhost:1420/src/views/HomeFloatNotes.vue?t=1788089530969:59:14
[  255161ms] TypeError: Cannot read properties of undefined (reading 'transformCallback')
    at transformCallback (http://localhost:1420/node_modules/.vite/deps/chunk-G7S6KQDI.js?v=318df923:22:37)
    at listen (http://localhost:1420/node_modules/.vite/deps/chunk-7FCLUC5I.js?v=318df923:39:14)
    at once (http://localhost:1420/node_modules/.vite/deps/chunk-7FCLUC5I.js?v=318df923:45:10)
    at http://localhost:1420/src/services/brainClient.ts:20:10
    at new Promise (<anonymous>)
    at onceWithTimeout (http://localhost:1420/src/services/brainClient.ts:19:16)
    at getWidgetsOnce (http://localhost:1420/src/services/brainClient.ts:198:10)
    at refresh (http://localhost:1420/src/views/HomeFloatNotes.vue?t=1788089530969:51:30)
    at http://localhost:1420/src/views/HomeFloatNotes.vue?t=1788089530969:59:14
[  255161ms] TypeError: Cannot read properties of undefined (reading 'transformCallback')
    at transformCallback (http://localhost:1420/node_modules/.vite/deps/chunk-G7S6KQDI.js?v=318df923:22:37)
    at listen (http://localhost:1420/node_modules/.vite/deps/chunk-7FCLUC5I.js?v=318df923:39:14)
    at onBrainEvent (http://localhost:1420/src/services/brainClient.ts:299:10)
    at http://localhost:1420/src/lib/home/home-panel-run.ts:12:12
    at new Promise (<anonymous>)
    at runPanelAction (http://localhost:1420/src/lib/home/home-panel-run.ts:6:18)
    at refreshMat (http://localhost:1420/src/views/HomeShelfStats.vue?t=1788087739424:18:28)
[  267160ms] TypeError: Cannot read properties of undefined (reading 'transformCallback')
    at transformCallback (http://localhost:1420/node_modules/.vite/deps/chunk-G7S6KQDI.js?v=318df923:22:37)
    at listen (http://localhost:1420/node_modules/.vite/deps/chunk-7FCLUC5I.js?v=318df923:39:14)
    at once (http://localhost:1420/node_modules/.vite/deps/chunk-7FCLUC5I.js?v=318df923:45:10)
    at http://localhost:1420/src/services/brainClient.ts:20:10
    at new Promise (<anonymous>)
    at onceWithTimeout (http://localhost:1420/src/services/brainClient.ts:19:16)
    at getWidgetsOnce (http://localhost:1420/src/services/brainClient.ts:198:10)
    at refresh (http://localhost:1420/src/views/HomeFloatNotes.vue?t=1788089530969:51:30)
    at http://localhost:1420/src/views/HomeFloatNotes.vue?t=1788089530969:59:14
[  279161ms] TypeError: Cannot read properties of undefined (reading 'transformCallback')
    at transformCallback (http://localhost:1420/node_modules/.vite/deps/chunk-G7S6KQDI.js?v=318df923:22:37)
    at listen (http://localhost:1420/node_modules/.vite/deps/chunk-7FCLUC5I.js?v=318df923:39:14)
    at once (http://localhost:1420/node_modules/.vite/deps/chunk-7FCLUC5I.js?v=318df923:45:10)
    at http://localhost:1420/src/services/brainClient.ts:20:10
    at new Promise (<anonymous>)
    at onceWithTimeout (http://localhost:1420/src/services/brainClient.ts:19:16)
    at getWidgetsOnce (http://localhost:1420/src/services/brainClient.ts:198:10)
    at refresh (http://localhost:1420/src/views/HomeFloatNotes.vue?t=1788089530969:51:30)
    at http://localhost:1420/src/views/HomeFloatNotes.vue?t=1788089530969:59:14
[  291161ms] TypeError: Cannot read properties of undefined (reading 'transformCallback')
    at transformCallback (http://localhost:1420/node_modules/.vite/deps/chunk-G7S6KQDI.js?v=318df923:22:37)
    at listen (http://localhost:1420/node_modules/.vite/deps/chunk-7FCLUC5I.js?v=318df923:39:14)
    at once (http://localhost:1420/node_modules/.vite/deps/chunk-7FCLUC5I.js?v=318df923:45:10)
    at http://localhost:1420/src/services/brainClient.ts:20:10
    at new Promise (<anonymous>)
    at onceWithTimeout (http://localhost:1420/src/services/brainClient.ts:19:16)
    at getWidgetsOnce (http://localhost:1420/src/services/brainClient.ts:198:10)
    at refresh (http://localhost:1420/src/views/HomeFloatNotes.vue?t=1788089530969:51:30)
    at http://localhost:1420/src/views/HomeFloatNotes.vue?t=1788089530969:59:14
[  303160ms] TypeError: Cannot read properties of undefined (reading 'transformCallback')
    at transformCallback (http://localhost:1420/node_modules/.vite/deps/chunk-G7S6KQDI.js?v=318df923:22:37)
    at listen (http://localhost:1420/node_modules/.vite/deps/chunk-7FCLUC5I.js?v=318df923:39:14)
    at once (http://localhost:1420/node_modules/.vite/deps/chunk-7FCLUC5I.js?v=318df923:45:10)
    at http://localhost:1420/src/services/brainClient.ts:20:10
    at new Promise (<anonymous>)
    at onceWithTimeout (http://localhost:1420/src/services/brainClient.ts:19:16)
    at getWidgetsOnce (http://localhost:1420/src/services/brainClient.ts:198:10)
    at refresh (http://localhost:1420/src/views/HomeFloatNotes.vue?t=1788089530969:51:30)
    at http://localhost:1420/src/views/HomeFloatNotes.vue?t=1788089530969:59:14
[  315161ms] TypeError: Cannot read properties of undefined (reading 'transformCallback')
    at transformCallback (http://localhost:1420/node_modules/.vite/deps/chunk-G7S6KQDI.js?v=318df923:22:37)
    at listen (http://localhost:1420/node_modules/.vite/deps/chunk-7FCLUC5I.js?v=318df923:39:14)
    at once (http://localhost:1420/node_modules/.vite/deps/chunk-7FCLUC5I.js?v=318df923:45:10)
    at http://localhost:1420/src/services/brainClient.ts:20:10
    at new Promise (<anonymous>)
    at onceWithTimeout (http://localhost:1420/src/services/brainClient.ts:19:16)
    at getWidgetsOnce (http://localhost:1420/src/services/brainClient.ts:198:10)
    at refresh (http://localhost:1420/src/views/HomeFloatNotes.vue?t=1788089530969:51:30)
    at http://localhost:1420/src/views/HomeFloatNotes.vue?t=1788089530969:59:14
[  315161ms] TypeError: Cannot read properties of undefined (reading 'transformCallback')
    at transformCallback (http://localhost:1420/node_modules/.vite/deps/chunk-G7S6KQDI.js?v=318df923:22:37)
    at listen (http://localhost:1420/node_modules/.vite/deps/chunk-7FCLUC5I.js?v=318df923:39:14)
    at onBrainEvent (http://localhost:1420/src/services/brainClient.ts:299:10)
    at http://localhost:1420/src/lib/home/home-panel-run.ts:12:12
    at new Promise (<anonymous>)
    at runPanelAction (http://localhost:1420/src/lib/home/home-panel-run.ts:6:18)
    at refreshMat (http://localhost:1420/src/views/HomeShelfStats.vue?t=1788087739424:18:28)
[  327161ms] TypeError: Cannot read properties of undefined (reading 'transformCallback')
    at transformCallback (http://localhost:1420/node_modules/.vite/deps/chunk-G7S6KQDI.js?v=318df923:22:37)
    at listen (http://localhost:1420/node_modules/.vite/deps/chunk-7FCLUC5I.js?v=318df923:39:14)
    at once (http://localhost:1420/node_modules/.vite/deps/chunk-7FCLUC5I.js?v=318df923:45:10)
    at http://localhost:1420/src/services/brainClient.ts:20:10
    at new Promise (<anonymous>)
    at onceWithTimeout (http://localhost:1420/src/services/brainClient.ts:19:16)
    at getWidgetsOnce (http://localhost:1420/src/services/brainClient.ts:198:10)
    at refresh (http://localhost:1420/src/views/HomeFloatNotes.vue?t=1788089530969:51:30)
    at http://localhost:1420/src/views/HomeFloatNotes.vue?t=1788089530969:59:14
[  339161ms] TypeError: Cannot read properties of undefined (reading 'transformCallback')
    at transformCallback (http://localhost:1420/node_modules/.vite/deps/chunk-G7S6KQDI.js?v=318df923:22:37)
    at listen (http://localhost:1420/node_modules/.vite/deps/chunk-7FCLUC5I.js?v=318df923:39:14)
    at once (http://localhost:1420/node_modules/.vite/deps/chunk-7FCLUC5I.js?v=318df923:45:10)
    at http://localhost:1420/src/services/brainClient.ts:20:10
    at new Promise (<anonymous>)
    at onceWithTimeout (http://localhost:1420/src/services/brainClient.ts:19:16)
    at getWidgetsOnce (http://localhost:1420/src/services/brainClient.ts:198:10)
    at refresh (http://localhost:1420/src/views/HomeFloatNotes.vue?t=1788089530969:51:30)
    at http://localhost:1420/src/views/HomeFloatNotes.vue?t=1788089530969:59:14
[  351161ms] TypeError: Cannot read properties of undefined (reading 'transformCallback')
    at transformCallback (http://localhost:1420/node_modules/.vite/deps/chunk-G7S6KQDI.js?v=318df923:22:37)
    at listen (http://localhost:1420/node_modules/.vite/deps/chunk-7FCLUC5I.js?v=318df923:39:14)
    at once (http://localhost:1420/node_modules/.vite/deps/chunk-7FCLUC5I.js?v=318df923:45:10)
    at http://localhost:1420/src/services/brainClient.ts:20:10
    at new Promise (<anonymous>)
    at onceWithTimeout (http://localhost:1420/src/services/brainClient.ts:19:16)
    at getWidgetsOnce (http://localhost:1420/src/services/brainClient.ts:198:10)
    at refresh (http://localhost:1420/src/views/HomeFloatNotes.vue?t=1788089530969:51:30)
    at http://localhost:1420/src/views/HomeFloatNotes.vue?t=1788089530969:59:14
[  363162ms] TypeError: Cannot read properties of undefined (reading 'transformCallback')
    at transformCallback (http://localhost:1420/node_modules/.vite/deps/chunk-G7S6KQDI.js?v=318df923:22:37)
    at listen (http://localhost:1420/node_modules/.vite/deps/chunk-7FCLUC5I.js?v=318df923:39:14)
    at once (http://localhost:1420/node_modules/.vite/deps/chunk-7FCLUC5I.js?v=318df923:45:10)
    at http://localhost:1420/src/services/brainClient.ts:20:10
    at new Promise (<anonymous>)
    at onceWithTimeout (http://localhost:1420/src/services/brainClient.ts:19:16)
    at getWidgetsOnce (http://localhost:1420/src/services/brainClient.ts:198:10)
    at refresh (http://localhost:1420/src/views/HomeFloatNotes.vue?t=1788089530969:51:30)
    at http://localhost:1420/src/views/HomeFloatNotes.vue?t=1788089530969:59:14
[  375162ms] TypeError: Cannot read properties of undefined (reading 'transformCallback')
    at transformCallback (http://localhost:1420/node_modules/.vite/deps/chunk-G7S6KQDI.js?v=318df923:22:37)
    at listen (http://localhost:1420/node_modules/.vite/deps/chunk-7FCLUC5I.js?v=318df923:39:14)
    at once (http://localhost:1420/node_modules/.vite/deps/chunk-7FCLUC5I.js?v=318df923:45:10)
    at http://localhost:1420/src/services/brainClient.ts:20:10
    at new Promise (<anonymous>)
    at onceWithTimeout (http://localhost:1420/src/services/brainClient.ts:19:16)
    at getWidgetsOnce (http://localhost:1420/src/services/brainClient.ts:198:10)
    at refresh (http://localhost:1420/src/views/HomeFloatNotes.vue?t=1788089530969:51:30)
    at http://localhost:1420/src/views/HomeFloatNotes.vue?t=1788089530969:59:14
[  375162ms] TypeError: Cannot read properties of undefined (reading 'transformCallback')
    at transformCallback (http://localhost:1420/node_modules/.vite/deps/chunk-G7S6KQDI.js?v=318df923:22:37)
    at listen (http://localhost:1420/node_modules/.vite/deps/chunk-7FCLUC5I.js?v=318df923:39:14)
    at onBrainEvent (http://localhost:1420/src/services/brainClient.ts:299:10)
    at http://localhost:1420/src/lib/home/home-panel-run.ts:12:12
    at new Promise (<anonymous>)
    at runPanelAction (http://localhost:1420/src/lib/home/home-panel-run.ts:6:18)
    at refreshMat (http://localhost:1420/src/views/HomeShelfStats.vue?t=1788087739424:18:28)
[  387162ms] TypeError: Cannot read properties of undefined (reading 'transformCallback')
    at transformCallback (http://localhost:1420/node_modules/.vite/deps/chunk-G7S6KQDI.js?v=318df923:22:37)
    at listen (http://localhost:1420/node_modules/.vite/deps/chunk-7FCLUC5I.js?v=318df923:39:14)
    at once (http://localhost:1420/node_modules/.vite/deps/chunk-7FCLUC5I.js?v=318df923:45:10)
    at http://localhost:1420/src/services/brainClient.ts:20:10
    at new Promise (<anonymous>)
    at onceWithTimeout (http://localhost:1420/src/services/brainClient.ts:19:16)
    at getWidgetsOnce (http://localhost:1420/src/services/brainClient.ts:198:10)
    at refresh (http://localhost:1420/src/views/HomeFloatNotes.vue?t=1788089530969:51:30)
    at http://localhost:1420/src/views/HomeFloatNotes.vue?t=1788089530969:59:14
[  399161ms] TypeError: Cannot read properties of undefined (reading 'transformCallback')
    at transformCallback (http://localhost:1420/node_modules/.vite/deps/chunk-G7S6KQDI.js?v=318df923:22:37)
    at listen (http://localhost:1420/node_modules/.vite/deps/chunk-7FCLUC5I.js?v=318df923:39:14)
    at once (http://localhost:1420/node_modules/.vite/deps/chunk-7FCLUC5I.js?v=318df923:45:10)
    at http://localhost:1420/src/services/brainClient.ts:20:10
    at new Promise (<anonymous>)
    at onceWithTimeout (http://localhost:1420/src/services/brainClient.ts:19:16)
    at getWidgetsOnce (http://localhost:1420/src/services/brainClient.ts:198:10)
    at refresh (http://localhost:1420/src/views/HomeFloatNotes.vue?t=1788089530969:51:30)
    at http://localhost:1420/src/views/HomeFloatNotes.vue?t=1788089530969:59:14
[  411162ms] TypeError: Cannot read properties of undefined (reading 'transformCallback')
    at transformCallback (http://localhost:1420/node_modules/.vite/deps/chunk-G7S6KQDI.js?v=318df923:22:37)
    at listen (http://localhost:1420/node_modules/.vite/deps/chunk-7FCLUC5I.js?v=318df923:39:14)
    at once (http://localhost:1420/node_modules/.vite/deps/chunk-7FCLUC5I.js?v=318df923:45:10)
    at http://localhost:1420/src/services/brainClient.ts:20:10
    at new Promise (<anonymous>)
    at onceWithTimeout (http://localhost:1420/src/services/brainClient.ts:19:16)
    at getWidgetsOnce (http://localhost:1420/src/services/brainClient.ts:198:10)
    at refresh (http://localhost:1420/src/views/HomeFloatNotes.vue?t=1788089530969:51:30)
    at http://localhost:1420/src/views/HomeFloatNotes.vue?t=1788089530969:59:14
[  423162ms] TypeError: Cannot read properties of undefined (reading 'transformCallback')
    at transformCallback (http://localhost:1420/node_modules/.vite/deps/chunk-G7S6KQDI.js?v=318df923:22:37)
    at listen (http://localhost:1420/node_modules/.vite/deps/chunk-7FCLUC5I.js?v=318df923:39:14)
    at once (http://localhost:1420/node_modules/.vite/deps/chunk-7FCLUC5I.js?v=318df923:45:10)
    at http://localhost:1420/src/services/brainClient.ts:20:10
    at new Promise (<anonymous>)
    at onceWithTimeout (http://localhost:1420/src/services/brainClient.ts:19:16)
    at getWidgetsOnce (http://localhost:1420/src/services/brainClient.ts:198:10)
    at refresh (http://localhost:1420/src/views/HomeFloatNotes.vue?t=1788089530969:51:30)
    at http://localhost:1420/src/views/HomeFloatNotes.vue?t=1788089530969:59:14
[  435162ms] TypeError: Cannot read properties of undefined (reading 'transformCallback')
    at transformCallback (http://localhost:1420/node_modules/.vite/deps/chunk-G7S6KQDI.js?v=318df923:22:37)
    at listen (http://localhost:1420/node_modules/.vite/deps/chunk-7FCLUC5I.js?v=318df923:39:14)
    at once (http://localhost:1420/node_modules/.vite/deps/chunk-7FCLUC5I.js?v=318df923:45:10)
    at http://localhost:1420/src/services/brainClient.ts:20:10
    at new Promise (<anonymous>)
    at onceWithTimeout (http://localhost:1420/src/services/brainClient.ts:19:16)
    at getWidgetsOnce (http://localhost:1420/src/services/brainClient.ts:198:10)
    at refresh (http://localhost:1420/src/views/HomeFloatNotes.vue?t=1788089530969:51:30)
    at http://localhost:1420/src/views/HomeFloatNotes.vue?t=1788089530969:59:14
[  435162ms] TypeError: Cannot read properties of undefined (reading 'transformCallback')
    at transformCallback (http://localhost:1420/node_modules/.vite/deps/chunk-G7S6KQDI.js?v=318df923:22:37)
    at listen (http://localhost:1420/node_modules/.vite/deps/chunk-7FCLUC5I.js?v=318df923:39:14)
    at onBrainEvent (http://localhost:1420/src/services/brainClient.ts:299:10)
    at http://localhost:1420/src/lib/home/home-panel-run.ts:12:12
    at new Promise (<anonymous>)
    at runPanelAction (http://localhost:1420/src/lib/home/home-panel-run.ts:6:18)
    at refreshMat (http://localhost:1420/src/views/HomeShelfStats.vue?t=1788087739424:18:28)
[  447162ms] TypeError: Cannot read properties of undefined (reading 'transformCallback')
    at transformCallback (http://localhost:1420/node_modules/.vite/deps/chunk-G7S6KQDI.js?v=318df923:22:37)
    at listen (http://localhost:1420/node_modules/.vite/deps/chunk-7FCLUC5I.js?v=318df923:39:14)
    at once (http://localhost:1420/node_modules/.vite/deps/chunk-7FCLUC5I.js?v=318df923:45:10)
    at http://localhost:1420/src/services/brainClient.ts:20:10
    at new Promise (<anonymous>)
    at onceWithTimeout (http://localhost:1420/src/services/brainClient.ts:19:16)
    at getWidgetsOnce (http://localhost:1420/src/services/brainClient.ts:198:10)
    at refresh (http://localhost:1420/src/views/HomeFloatNotes.vue?t=1788089530969:51:30)
    at http://localhost:1420/src/views/HomeFloatNotes.vue?t=1788089530969:59:14
[  459162ms] TypeError: Cannot read properties of undefined (reading 'transformCallback')
    at transformCallback (http://localhost:1420/node_modules/.vite/deps/chunk-G7S6KQDI.js?v=318df923:22:37)
    at listen (http://localhost:1420/node_modules/.vite/deps/chunk-7FCLUC5I.js?v=318df923:39:14)
    at once (http://localhost:1420/node_modules/.vite/deps/chunk-7FCLUC5I.js?v=318df923:45:10)
    at http://localhost:1420/src/services/brainClient.ts:20:10
    at new Promise (<anonymous>)
    at onceWithTimeout (http://localhost:1420/src/services/brainClient.ts:19:16)
    at getWidgetsOnce (http://localhost:1420/src/services/brainClient.ts:198:10)
    at refresh (http://localhost:1420/src/views/HomeFloatNotes.vue?t=1788089530969:51:30)
    at http://localhost:1420/src/views/HomeFloatNotes.vue?t=1788089530969:59:14
[  471163ms] TypeError: Cannot read properties of undefined (reading 'transformCallback')
    at transformCallback (http://localhost:1420/node_modules/.vite/deps/chunk-G7S6KQDI.js?v=318df923:22:37)
    at listen (http://localhost:1420/node_modules/.vite/deps/chunk-7FCLUC5I.js?v=318df923:39:14)
    at once (http://localhost:1420/node_modules/.vite/deps/chunk-7FCLUC5I.js?v=318df923:45:10)
    at http://localhost:1420/src/services/brainClient.ts:20:10
    at new Promise (<anonymous>)
    at onceWithTimeout (http://localhost:1420/src/services/brainClient.ts:19:16)
    at getWidgetsOnce (http://localhost:1420/src/services/brainClient.ts:198:10)
    at refresh (http://localhost:1420/src/views/HomeFloatNotes.vue?t=1788089530969:51:30)
    at http://localhost:1420/src/views/HomeFloatNotes.vue?t=1788089530969:59:14
[  483162ms] TypeError: Cannot read properties of undefined (reading 'transformCallback')
    at transformCallback (http://localhost:1420/node_modules/.vite/deps/chunk-G7S6KQDI.js?v=318df923:22:37)
    at listen (http://localhost:1420/node_modules/.vite/deps/chunk-7FCLUC5I.js?v=318df923:39:14)
    at once (http://localhost:1420/node_modules/.vite/deps/chunk-7FCLUC5I.js?v=318df923:45:10)
    at http://localhost:1420/src/services/brainClient.ts:20:10
    at new Promise (<anonymous>)
    at onceWithTimeout (http://localhost:1420/src/services/brainClient.ts:19:16)
    at getWidgetsOnce (http://localhost:1420/src/services/brainClient.ts:198:10)
    at refresh (http://localhost:1420/src/views/HomeFloatNotes.vue?t=1788089530969:51:30)
    at http://localhost:1420/src/views/HomeFloatNotes.vue?t=1788089530969:59:14
[  495163ms] TypeError: Cannot read properties of undefined (reading 'transformCallback')
    at transformCallback (http://localhost:1420/node_modules/.vite/deps/chunk-G7S6KQDI.js?v=318df923:22:37)
    at listen (http://localhost:1420/node_modules/.vite/deps/chunk-7FCLUC5I.js?v=318df923:39:14)
    at once (http://localhost:1420/node_modules/.vite/deps/chunk-7FCLUC5I.js?v=318df923:45:10)
    at http://localhost:1420/src/services/brainClient.ts:20:10
    at new Promise (<anonymous>)
    at onceWithTimeout (http://localhost:1420/src/services/brainClient.ts:19:16)
    at getWidgetsOnce (http://localhost:1420/src/services/brainClient.ts:198:10)
    at refresh (http://localhost:1420/src/views/HomeFloatNotes.vue?t=1788089530969:51:30)
    at http://localhost:1420/src/views/HomeFloatNotes.vue?t=1788089530969:59:14
[  495163ms] TypeError: Cannot read properties of undefined (reading 'transformCallback')
    at transformCallback (http://localhost:1420/node_modules/.vite/deps/chunk-G7S6KQDI.js?v=318df923:22:37)
    at listen (http://localhost:1420/node_modules/.vite/deps/chunk-7FCLUC5I.js?v=318df923:39:14)
    at onBrainEvent (http://localhost:1420/src/services/brainClient.ts:299:10)
    at http://localhost:1420/src/lib/home/home-panel-run.ts:12:12
    at new Promise (<anonymous>)
    at runPanelAction (http://localhost:1420/src/lib/home/home-panel-run.ts:6:18)
    at refreshMat (http://localhost:1420/src/views/HomeShelfStats.vue?t=1788087739424:18:28)
[  507165ms] TypeError: Cannot read properties of undefined (reading 'transformCallback')
    at transformCallback (http://localhost:1420/node_modules/.vite/deps/chunk-G7S6KQDI.js?v=318df923:22:37)
    at listen (http://localhost:1420/node_modules/.vite/deps/chunk-7FCLUC5I.js?v=318df923:39:14)
    at once (http://localhost:1420/node_modules/.vite/deps/chunk-7FCLUC5I.js?v=318df923:45:10)
    at http://localhost:1420/src/services/brainClient.ts:20:10
    at new Promise (<anonymous>)
    at onceWithTimeout (http://localhost:1420/src/services/brainClient.ts:19:16)
    at getWidgetsOnce (http://localhost:1420/src/services/brainClient.ts:198:10)
    at refresh (http://localhost:1420/src/views/HomeFloatNotes.vue?t=1788089530969:51:30)
    at http://localhost:1420/src/views/HomeFloatNotes.vue?t=1788089530969:59:14
[  519164ms] TypeError: Cannot read properties of undefined (reading 'transformCallback')
    at transformCallback (http://localhost:1420/node_modules/.vite/deps/chunk-G7S6KQDI.js?v=318df923:22:37)
    at listen (http://localhost:1420/node_modules/.vite/deps/chunk-7FCLUC5I.js?v=318df923:39:14)
    at once (http://localhost:1420/node_modules/.vite/deps/chunk-7FCLUC5I.js?v=318df923:45:10)
    at http://localhost:1420/src/services/brainClient.ts:20:10
    at new Promise (<anonymous>)
    at onceWithTimeout (http://localhost:1420/src/services/brainClient.ts:19:16)
    at getWidgetsOnce (http://localhost:1420/src/services/brainClient.ts:198:10)
    at refresh (http://localhost:1420/src/views/HomeFloatNotes.vue?t=1788089530969:51:30)
    at http://localhost:1420/src/views/HomeFloatNotes.vue?t=1788089530969:59:14
[  531163ms] TypeError: Cannot read properties of undefined (reading 'transformCallback')
    at transformCallback (http://localhost:1420/node_modules/.vite/deps/chunk-G7S6KQDI.js?v=318df923:22:37)
    at listen (http://localhost:1420/node_modules/.vite/deps/chunk-7FCLUC5I.js?v=318df923:39:14)
    at once (http://localhost:1420/node_modules/.vite/deps/chunk-7FCLUC5I.js?v=318df923:45:10)
    at http://localhost:1420/src/services/brainClient.ts:20:10
    at new Promise (<anonymous>)
    at onceWithTimeout (http://localhost:1420/src/services/brainClient.ts:19:16)
    at getWidgetsOnce (http://localhost:1420/src/services/brainClient.ts:198:10)
    at refresh (http://localhost:1420/src/views/HomeFloatNotes.vue?t=1788089530969:51:30)
    at http://localhost:1420/src/views/HomeFloatNotes.vue?t=1788089530969:59:14
[  543164ms] TypeError: Cannot read properties of undefined (reading 'transformCallback')
    at transformCallback (http://localhost:1420/node_modules/.vite/deps/chunk-G7S6KQDI.js?v=318df923:22:37)
    at listen (http://localhost:1420/node_modules/.vite/deps/chunk-7FCLUC5I.js?v=318df923:39:14)
    at once (http://localhost:1420/node_modules/.vite/deps/chunk-7FCLUC5I.js?v=318df923:45:10)
    at http://localhost:1420/src/services/brainClient.ts:20:10
    at new Promise (<anonymous>)
    at onceWithTimeout (http://localhost:1420/src/services/brainClient.ts:19:16)
    at getWidgetsOnce (http://localhost:1420/src/services/brainClient.ts:198:10)
    at refresh (http://localhost:1420/src/views/HomeFloatNotes.vue?t=1788089530969:51:30)
    at http://localhost:1420/src/views/HomeFloatNotes.vue?t=1788089530969:59:14
[  555163ms] TypeError: Cannot read properties of undefined (reading 'transformCallback')
    at transformCallback (http://localhost:1420/node_modules/.vite/deps/chunk-G7S6KQDI.js?v=318df923:22:37)
    at listen (http://localhost:1420/node_modules/.vite/deps/chunk-7FCLUC5I.js?v=318df923:39:14)
    at once (http://localhost:1420/node_modules/.vite/deps/chunk-7FCLUC5I.js?v=318df923:45:10)
    at http://localhost:1420/src/services/brainClient.ts:20:10
    at new Promise (<anonymous>)
    at onceWithTimeout (http://localhost:1420/src/services/brainClient.ts:19:16)
    at getWidgetsOnce (http://localhost:1420/src/services/brainClient.ts:198:10)
    at refresh (http://localhost:1420/src/views/HomeFloatNotes.vue?t=1788089530969:51:30)
    at http://localhost:1420/src/views/HomeFloatNotes.vue?t=1788089530969:59:14
[  555163ms] TypeError: Cannot read properties of undefined (reading 'transformCallback')
    at transformCallback (http://localhost:1420/node_modules/.vite/deps/chunk-G7S6KQDI.js?v=318df923:22:37)
    at listen (http://localhost:1420/node_modules/.vite/deps/chunk-7FCLUC5I.js?v=318df923:39:14)
    at onBrainEvent (http://localhost:1420/src/services/brainClient.ts:299:10)
    at http://localhost:1420/src/lib/home/home-panel-run.ts:12:12
    at new Promise (<anonymous>)
    at runPanelAction (http://localhost:1420/src/lib/home/home-panel-run.ts:6:18)
    at refreshMat (http://localhost:1420/src/views/HomeShelfStats.vue?t=1788087739424:18:28)
[  567164ms] TypeError: Cannot read properties of undefined (reading 'transformCallback')
    at transformCallback (http://localhost:1420/node_modules/.vite/deps/chunk-G7S6KQDI.js?v=318df923:22:37)
    at listen (http://localhost:1420/node_modules/.vite/deps/chunk-7FCLUC5I.js?v=318df923:39:14)
    at once (http://localhost:1420/node_modules/.vite/deps/chunk-7FCLUC5I.js?v=318df923:45:10)
    at http://localhost:1420/src/services/brainClient.ts:20:10
    at new Promise (<anonymous>)
    at onceWithTimeout (http://localhost:1420/src/services/brainClient.ts:19:16)
    at getWidgetsOnce (http://localhost:1420/src/services/brainClient.ts:198:10)
    at refresh (http://localhost:1420/src/views/HomeFloatNotes.vue?t=1788089530969:51:30)
    at http://localhost:1420/src/views/HomeFloatNotes.vue?t=1788089530969:59:14
[  579163ms] TypeError: Cannot read properties of undefined (reading 'transformCallback')
    at transformCallback (http://localhost:1420/node_modules/.vite/deps/chunk-G7S6KQDI.js?v=318df923:22:37)
    at listen (http://localhost:1420/node_modules/.vite/deps/chunk-7FCLUC5I.js?v=318df923:39:14)
    at once (http://localhost:1420/node_modules/.vite/deps/chunk-7FCLUC5I.js?v=318df923:45:10)
    at http://localhost:1420/src/services/brainClient.ts:20:10
    at new Promise (<anonymous>)
    at onceWithTimeout (http://localhost:1420/src/services/brainClient.ts:19:16)
    at getWidgetsOnce (http://localhost:1420/src/services/brainClient.ts:198:10)
    at refresh (http://localhost:1420/src/views/HomeFloatNotes.vue?t=1788089530969:51:30)
    at http://localhost:1420/src/views/HomeFloatNotes.vue?t=1788089530969:59:14
[  591164ms] TypeError: Cannot read properties of undefined (reading 'transformCallback')
    at transformCallback (http://localhost:1420/node_modules/.vite/deps/chunk-G7S6KQDI.js?v=318df923:22:37)
    at listen (http://localhost:1420/node_modules/.vite/deps/chunk-7FCLUC5I.js?v=318df923:39:14)
    at once (http://localhost:1420/node_modules/.vite/deps/chunk-7FCLUC5I.js?v=318df923:45:10)
    at http://localhost:1420/src/services/brainClient.ts:20:10
    at new Promise (<anonymous>)
    at onceWithTimeout (http://localhost:1420/src/services/brainClient.ts:19:16)
    at getWidgetsOnce (http://localhost:1420/src/services/brainClient.ts:198:10)
    at refresh (http://localhost:1420/src/views/HomeFloatNotes.vue?t=1788089530969:51:30)
    at http://localhost:1420/src/views/HomeFloatNotes.vue?t=1788089530969:59:14
[  603164ms] TypeError: Cannot read properties of undefined (reading 'transformCallback')
    at transformCallback (http://localhost:1420/node_modules/.vite/deps/chunk-G7S6KQDI.js?v=318df923:22:37)
    at listen (http://localhost:1420/node_modules/.vite/deps/chunk-7FCLUC5I.js?v=318df923:39:14)
    at once (http://localhost:1420/node_modules/.vite/deps/chunk-7FCLUC5I.js?v=318df923:45:10)
    at http://localhost:1420/src/services/brainClient.ts:20:10
    at new Promise (<anonymous>)
    at onceWithTimeout (http://localhost:1420/src/services/brainClient.ts:19:16)
    at getWidgetsOnce (http://localhost:1420/src/services/brainClient.ts:198:10)
    at refresh (http://localhost:1420/src/views/HomeFloatNotes.vue?t=1788089530969:51:30)
    at http://localhost:1420/src/views/HomeFloatNotes.vue?t=1788089530969:59:14
[  615165ms] TypeError: Cannot read properties of undefined (reading 'transformCallback')
    at transformCallback (http://localhost:1420/node_modules/.vite/deps/chunk-G7S6KQDI.js?v=318df923:22:37)
    at listen (http://localhost:1420/node_modules/.vite/deps/chunk-7FCLUC5I.js?v=318df923:39:14)
    at once (http://localhost:1420/node_modules/.vite/deps/chunk-7FCLUC5I.js?v=318df923:45:10)
    at http://localhost:1420/src/services/brainClient.ts:20:10
    at new Promise (<anonymous>)
    at onceWithTimeout (http://localhost:1420/src/services/brainClient.ts:19:16)
    at getWidgetsOnce (http://localhost:1420/src/services/brainClient.ts:198:10)
    at refresh (http://localhost:1420/src/views/HomeFloatNotes.vue?t=1788089530969:51:30)
    at http://localhost:1420/src/views/HomeFloatNotes.vue?t=1788089530969:59:14
[  615165ms] TypeError: Cannot read properties of undefined (reading 'transformCallback')
    at transformCallback (http://localhost:1420/node_modules/.vite/deps/chunk-G7S6KQDI.js?v=318df923:22:37)
    at listen (http://localhost:1420/node_modules/.vite/deps/chunk-7FCLUC5I.js?v=318df923:39:14)
    at onBrainEvent (http://localhost:1420/src/services/brainClient.ts:299:10)
    at http://localhost:1420/src/lib/home/home-panel-run.ts:12:12
    at new Promise (<anonymous>)
    at runPanelAction (http://localhost:1420/src/lib/home/home-panel-run.ts:6:18)
    at refreshMat (http://localhost:1420/src/views/HomeShelfStats.vue?t=1788087739424:18:28)
[  627163ms] TypeError: Cannot read properties of undefined (reading 'transformCallback')
    at transformCallback (http://localhost:1420/node_modules/.vite/deps/chunk-G7S6KQDI.js?v=318df923:22:37)
    at listen (http://localhost:1420/node_modules/.vite/deps/chunk-7FCLUC5I.js?v=318df923:39:14)
    at once (http://localhost:1420/node_modules/.vite/deps/chunk-7FCLUC5I.js?v=318df923:45:10)
    at http://localhost:1420/src/services/brainClient.ts:20:10
    at new Promise (<anonymous>)
    at onceWithTimeout (http://localhost:1420/src/services/brainClient.ts:19:16)
    at getWidgetsOnce (http://localhost:1420/src/services/brainClient.ts:198:10)
    at refresh (http://localhost:1420/src/views/HomeFloatNotes.vue?t=1788089530969:51:30)
    at http://localhost:1420/src/views/HomeFloatNotes.vue?t=1788089530969:59:14
[  639164ms] TypeError: Cannot read properties of undefined (reading 'transformCallback')
    at transformCallback (http://localhost:1420/node_modules/.vite/deps/chunk-G7S6KQDI.js?v=318df923:22:37)
    at listen (http://localhost:1420/node_modules/.vite/deps/chunk-7FCLUC5I.js?v=318df923:39:14)
    at once (http://localhost:1420/node_modules/.vite/deps/chunk-7FCLUC5I.js?v=318df923:45:10)
    at http://localhost:1420/src/services/brainClient.ts:20:10
    at new Promise (<anonymous>)
    at onceWithTimeout (http://localhost:1420/src/services/brainClient.ts:19:16)
    at getWidgetsOnce (http://localhost:1420/src/services/brainClient.ts:198:10)
    at refresh (http://localhost:1420/src/views/HomeFloatNotes.vue?t=1788089530969:51:30)
    at http://localhost:1420/src/views/HomeFloatNotes.vue?t=1788089530969:59:14
[  651164ms] TypeError: Cannot read properties of undefined (reading 'transformCallback')
    at transformCallback (http://localhost:1420/node_modules/.vite/deps/chunk-G7S6KQDI.js?v=318df923:22:37)
    at listen (http://localhost:1420/node_modules/.vite/deps/chunk-7FCLUC5I.js?v=318df923:39:14)
    at once (http://localhost:1420/node_modules/.vite/deps/chunk-7FCLUC5I.js?v=318df923:45:10)
    at http://localhost:1420/src/services/brainClient.ts:20:10
    at new Promise (<anonymous>)
    at onceWithTimeout (http://localhost:1420/src/services/brainClient.ts:19:16)
    at getWidgetsOnce (http://localhost:1420/src/services/brainClient.ts:198:10)
    at refresh (http://localhost:1420/src/views/HomeFloatNotes.vue?t=1788089530969:51:30)
    at http://localhost:1420/src/views/HomeFloatNotes.vue?t=1788089530969:59:14
[  663164ms] TypeError: Cannot read properties of undefined (reading 'transformCallback')
    at transformCallback (http://localhost:1420/node_modules/.vite/deps/chunk-G7S6KQDI.js?v=318df923:22:37)
    at listen (http://localhost:1420/node_modules/.vite/deps/chunk-7FCLUC5I.js?v=318df923:39:14)
    at once (http://localhost:1420/node_modules/.vite/deps/chunk-7FCLUC5I.js?v=318df923:45:10)
    at http://localhost:1420/src/services/brainClient.ts:20:10
    at new Promise (<anonymous>)
    at onceWithTimeout (http://localhost:1420/src/services/brainClient.ts:19:16)
    at getWidgetsOnce (http://localhost:1420/src/services/brainClient.ts:198:10)
    at refresh (http://localhost:1420/src/views/HomeFloatNotes.vue?t=1788089530969:51:30)
    at http://localhost:1420/src/views/HomeFloatNotes.vue?t=1788089530969:59:14
[  675164ms] TypeError: Cannot read properties of undefined (reading 'transformCallback')
    at transformCallback (http://localhost:1420/node_modules/.vite/deps/chunk-G7S6KQDI.js?v=318df923:22:37)
    at listen (http://localhost:1420/node_modules/.vite/deps/chunk-7FCLUC5I.js?v=318df923:39:14)
    at once (http://localhost:1420/node_modules/.vite/deps/chunk-7FCLUC5I.js?v=318df923:45:10)
    at http://localhost:1420/src/services/brainClient.ts:20:10
    at new Promise (<anonymous>)
    at onceWithTimeout (http://localhost:1420/src/services/brainClient.ts:19:16)
    at getWidgetsOnce (http://localhost:1420/src/services/brainClient.ts:198:10)
    at refresh (http://localhost:1420/src/views/HomeFloatNotes.vue?t=1788089530969:51:30)
    at http://localhost:1420/src/views/HomeFloatNotes.vue?t=1788089530969:59:14
[  675164ms] TypeError: Cannot read properties of undefined (reading 'transformCallback')
    at transformCallback (http://localhost:1420/node_modules/.vite/deps/chunk-G7S6KQDI.js?v=318df923:22:37)
    at listen (http://localhost:1420/node_modules/.vite/deps/chunk-7FCLUC5I.js?v=318df923:39:14)
    at onBrainEvent (http://localhost:1420/src/services/brainClient.ts:299:10)
    at http://localhost:1420/src/lib/home/home-panel-run.ts:12:12
    at new Promise (<anonymous>)
    at runPanelAction (http://localhost:1420/src/lib/home/home-panel-run.ts:6:18)
    at refreshMat (http://localhost:1420/src/views/HomeShelfStats.vue?t=1788087739424:18:28)
[  687164ms] TypeError: Cannot read properties of undefined (reading 'transformCallback')
    at transformCallback (http://localhost:1420/node_modules/.vite/deps/chunk-G7S6KQDI.js?v=318df923:22:37)
    at listen (http://localhost:1420/node_modules/.vite/deps/chunk-7FCLUC5I.js?v=318df923:39:14)
    at once (http://localhost:1420/node_modules/.vite/deps/chunk-7FCLUC5I.js?v=318df923:45:10)
    at http://localhost:1420/src/services/brainClient.ts:20:10
    at new Promise (<anonymous>)
    at onceWithTimeout (http://localhost:1420/src/services/brainClient.ts:19:16)
    at getWidgetsOnce (http://localhost:1420/src/services/brainClient.ts:198:10)
    at refresh (http://localhost:1420/src/views/HomeFloatNotes.vue?t=1788089530969:51:30)
    at http://localhost:1420/src/views/HomeFloatNotes.vue?t=1788089530969:59:14
[  699165ms] TypeError: Cannot read properties of undefined (reading 'transformCallback')
    at transformCallback (http://localhost:1420/node_modules/.vite/deps/chunk-G7S6KQDI.js?v=318df923:22:37)
    at listen (http://localhost:1420/node_modules/.vite/deps/chunk-7FCLUC5I.js?v=318df923:39:14)
    at once (http://localhost:1420/node_modules/.vite/deps/chunk-7FCLUC5I.js?v=318df923:45:10)
    at http://localhost:1420/src/services/brainClient.ts:20:10
    at new Promise (<anonymous>)
    at onceWithTimeout (http://localhost:1420/src/services/brainClient.ts:19:16)
    at getWidgetsOnce (http://localhost:1420/src/services/brainClient.ts:198:10)
    at refresh (http://localhost:1420/src/views/HomeFloatNotes.vue?t=1788089530969:51:30)
    at http://localhost:1420/src/views/HomeFloatNotes.vue?t=1788089530969:59:14
[  711167ms] TypeError: Cannot read properties of undefined (reading 'transformCallback')
    at transformCallback (http://localhost:1420/node_modules/.vite/deps/chunk-G7S6KQDI.js?v=318df923:22:37)
    at listen (http://localhost:1420/node_modules/.vite/deps/chunk-7FCLUC5I.js?v=318df923:39:14)
    at once (http://localhost:1420/node_modules/.vite/deps/chunk-7FCLUC5I.js?v=318df923:45:10)
    at http://localhost:1420/src/services/brainClient.ts:20:10
    at new Promise (<anonymous>)
    at onceWithTimeout (http://localhost:1420/src/services/brainClient.ts:19:16)
    at getWidgetsOnce (http://localhost:1420/src/services/brainClient.ts:198:10)
    at refresh (http://localhost:1420/src/views/HomeFloatNotes.vue?t=1788089530969:51:30)
    at http://localhost:1420/src/views/HomeFloatNotes.vue?t=1788089530969:59:14
[  723165ms] TypeError: Cannot read properties of undefined (reading 'transformCallback')
    at transformCallback (http://localhost:1420/node_modules/.vite/deps/chunk-G7S6KQDI.js?v=318df923:22:37)
    at listen (http://localhost:1420/node_modules/.vite/deps/chunk-7FCLUC5I.js?v=318df923:39:14)
    at once (http://localhost:1420/node_modules/.vite/deps/chunk-7FCLUC5I.js?v=318df923:45:10)
    at http://localhost:1420/src/services/brainClient.ts:20:10
    at new Promise (<anonymous>)
    at onceWithTimeout (http://localhost:1420/src/services/brainClient.ts:19:16)
    at getWidgetsOnce (http://localhost:1420/src/services/brainClient.ts:198:10)
    at refresh (http://localhost:1420/src/views/HomeFloatNotes.vue?t=1788089530969:51:30)
    at http://localhost:1420/src/views/HomeFloatNotes.vue?t=1788089530969:59:14
[  735165ms] TypeError: Cannot read properties of undefined (reading 'transformCallback')
    at transformCallback (http://localhost:1420/node_modules/.vite/deps/chunk-G7S6KQDI.js?v=318df923:22:37)
    at listen (http://localhost:1420/node_modules/.vite/deps/chunk-7FCLUC5I.js?v=318df923:39:14)
    at once (http://localhost:1420/node_modules/.vite/deps/chunk-7FCLUC5I.js?v=318df923:45:10)
    at http://localhost:1420/src/services/brainClient.ts:20:10
    at new Promise (<anonymous>)
    at onceWithTimeout (http://localhost:1420/src/services/brainClient.ts:19:16)
    at getWidgetsOnce (http://localhost:1420/src/services/brainClient.ts:198:10)
    at refresh (http://localhost:1420/src/views/HomeFloatNotes.vue?t=1788089530969:51:30)
    at http://localhost:1420/src/views/HomeFloatNotes.vue?t=1788089530969:59:14
[  735165ms] TypeError: Cannot read properties of undefined (reading 'transformCallback')
    at transformCallback (http://localhost:1420/node_modules/.vite/deps/chunk-G7S6KQDI.js?v=318df923:22:37)
    at listen (http://localhost:1420/node_modules/.vite/deps/chunk-7FCLUC5I.js?v=318df923:39:14)
    at onBrainEvent (http://localhost:1420/src/services/brainClient.ts:299:10)
    at http://localhost:1420/src/lib/home/home-panel-run.ts:12:12
    at new Promise (<anonymous>)
    at runPanelAction (http://localhost:1420/src/lib/home/home-panel-run.ts:6:18)
    at refreshMat (http://localhost:1420/src/views/HomeShelfStats.vue?t=1788087739424:18:28)
[  747165ms] TypeError: Cannot read properties of undefined (reading 'transformCallback')
    at transformCallback (http://localhost:1420/node_modules/.vite/deps/chunk-G7S6KQDI.js?v=318df923:22:37)
    at listen (http://localhost:1420/node_modules/.vite/deps/chunk-7FCLUC5I.js?v=318df923:39:14)
    at once (http://localhost:1420/node_modules/.vite/deps/chunk-7FCLUC5I.js?v=318df923:45:10)
    at http://localhost:1420/src/services/brainClient.ts:20:10
    at new Promise (<anonymous>)
    at onceWithTimeout (http://localhost:1420/src/services/brainClient.ts:19:16)
    at getWidgetsOnce (http://localhost:1420/src/services/brainClient.ts:198:10)
    at refresh (http://localhost:1420/src/views/HomeFloatNotes.vue?t=1788089530969:51:30)
    at http://localhost:1420/src/views/HomeFloatNotes.vue?t=1788089530969:59:14
[  759165ms] TypeError: Cannot read properties of undefined (reading 'transformCallback')
    at transformCallback (http://localhost:1420/node_modules/.vite/deps/chunk-G7S6KQDI.js?v=318df923:22:37)
    at listen (http://localhost:1420/node_modules/.vite/deps/chunk-7FCLUC5I.js?v=318df923:39:14)
    at once (http://localhost:1420/node_modules/.vite/deps/chunk-7FCLUC5I.js?v=318df923:45:10)
    at http://localhost:1420/src/services/brainClient.ts:20:10
    at new Promise (<anonymous>)
    at onceWithTimeout (http://localhost:1420/src/services/brainClient.ts:19:16)
    at getWidgetsOnce (http://localhost:1420/src/services/brainClient.ts:198:10)
    at refresh (http://localhost:1420/src/views/HomeFloatNotes.vue?t=1788089530969:51:30)
    at http://localhost:1420/src/views/HomeFloatNotes.vue?t=1788089530969:59:14
[  771166ms] TypeError: Cannot read properties of undefined (reading 'transformCallback')
    at transformCallback (http://localhost:1420/node_modules/.vite/deps/chunk-G7S6KQDI.js?v=318df923:22:37)
    at listen (http://localhost:1420/node_modules/.vite/deps/chunk-7FCLUC5I.js?v=318df923:39:14)
    at once (http://localhost:1420/node_modules/.vite/deps/chunk-7FCLUC5I.js?v=318df923:45:10)
    at http://localhost:1420/src/services/brainClient.ts:20:10
    at new Promise (<anonymous>)
    at onceWithTimeout (http://localhost:1420/src/services/brainClient.ts:19:16)
    at getWidgetsOnce (http://localhost:1420/src/services/brainClient.ts:198:10)
    at refresh (http://localhost:1420/src/views/HomeFloatNotes.vue?t=1788089530969:51:30)
    at http://localhost:1420/src/views/HomeFloatNotes.vue?t=1788089530969:59:14
[  783166ms] TypeError: Cannot read properties of undefined (reading 'transformCallback')
    at transformCallback (http://localhost:1420/node_modules/.vite/deps/chunk-G7S6KQDI.js?v=318df923:22:37)
    at listen (http://localhost:1420/node_modules/.vite/deps/chunk-7FCLUC5I.js?v=318df923:39:14)
    at once (http://localhost:1420/node_modules/.vite/deps/chunk-7FCLUC5I.js?v=318df923:45:10)
    at http://localhost:1420/src/services/brainClient.ts:20:10
    at new Promise (<anonymous>)
    at onceWithTimeout (http://localhost:1420/src/services/brainClient.ts:19:16)
    at getWidgetsOnce (http://localhost:1420/src/services/brainClient.ts:198:10)
    at refresh (http://localhost:1420/src/views/HomeFloatNotes.vue?t=1788089530969:51:30)
    at http://localhost:1420/src/views/HomeFloatNotes.vue?t=1788089530969:59:14
[  795166ms] TypeError: Cannot read properties of undefined (reading 'transformCallback')
    at transformCallback (http://localhost:1420/node_modules/.vite/deps/chunk-G7S6KQDI.js?v=318df923:22:37)
    at listen (http://localhost:1420/node_modules/.vite/deps/chunk-7FCLUC5I.js?v=318df923:39:14)
    at once (http://localhost:1420/node_modules/.vite/deps/chunk-7FCLUC5I.js?v=318df923:45:10)
    at http://localhost:1420/src/services/brainClient.ts:20:10
    at new Promise (<anonymous>)
    at onceWithTimeout (http://localhost:1420/src/services/brainClient.ts:19:16)
    at getWidgetsOnce (http://localhost:1420/src/services/brainClient.ts:198:10)
    at refresh (http://localhost:1420/src/views/HomeFloatNotes.vue?t=1788089530969:51:30)
    at http://localhost:1420/src/views/HomeFloatNotes.vue?t=1788089530969:59:14
[  795166ms] TypeError: Cannot read properties of undefined (reading 'transformCallback')
    at transformCallback (http://localhost:1420/node_modules/.vite/deps/chunk-G7S6KQDI.js?v=318df923:22:37)
    at listen (http://localhost:1420/node_modules/.vite/deps/chunk-7FCLUC5I.js?v=318df923:39:14)
    at onBrainEvent (http://localhost:1420/src/services/brainClient.ts:299:10)
    at http://localhost:1420/src/lib/home/home-panel-run.ts:12:12
    at new Promise (<anonymous>)
    at runPanelAction (http://localhost:1420/src/lib/home/home-panel-run.ts:6:18)
    at refreshMat (http://localhost:1420/src/views/HomeShelfStats.vue?t=1788087739424:18:28)
[  807168ms] TypeError: Cannot read properties of undefined (reading 'transformCallback')
    at transformCallback (http://localhost:1420/node_modules/.vite/deps/chunk-G7S6KQDI.js?v=318df923:22:37)
    at listen (http://localhost:1420/node_modules/.vite/deps/chunk-7FCLUC5I.js?v=318df923:39:14)
    at once (http://localhost:1420/node_modules/.vite/deps/chunk-7FCLUC5I.js?v=318df923:45:10)
    at http://localhost:1420/src/services/brainClient.ts:20:10
    at new Promise (<anonymous>)
    at onceWithTimeout (http://localhost:1420/src/services/brainClient.ts:19:16)
    at getWidgetsOnce (http://localhost:1420/src/services/brainClient.ts:198:10)
    at refresh (http://localhost:1420/src/views/HomeFloatNotes.vue?t=1788089530969:51:30)
    at http://localhost:1420/src/views/HomeFloatNotes.vue?t=1788089530969:59:14
[  819170ms] TypeError: Cannot read properties of undefined (reading 'transformCallback')
    at transformCallback (http://localhost:1420/node_modules/.vite/deps/chunk-G7S6KQDI.js?v=318df923:22:37)
    at listen (http://localhost:1420/node_modules/.vite/deps/chunk-7FCLUC5I.js?v=318df923:39:14)
    at once (http://localhost:1420/node_modules/.vite/deps/chunk-7FCLUC5I.js?v=318df923:45:10)
    at http://localhost:1420/src/services/brainClient.ts:20:10
    at new Promise (<anonymous>)
    at onceWithTimeout (http://localhost:1420/src/services/brainClient.ts:19:16)
    at getWidgetsOnce (http://localhost:1420/src/services/brainClient.ts:198:10)
    at refresh (http://localhost:1420/src/views/HomeFloatNotes.vue?t=1788089530969:51:30)
    at http://localhost:1420/src/views/HomeFloatNotes.vue?t=1788089530969:59:14
[  831171ms] TypeError: Cannot read properties of undefined (reading 'transformCallback')
    at transformCallback (http://localhost:1420/node_modules/.vite/deps/chunk-G7S6KQDI.js?v=318df923:22:37)
    at listen (http://localhost:1420/node_modules/.vite/deps/chunk-7FCLUC5I.js?v=318df923:39:14)
    at once (http://localhost:1420/node_modules/.vite/deps/chunk-7FCLUC5I.js?v=318df923:45:10)
    at http://localhost:1420/src/services/brainClient.ts:20:10
    at new Promise (<anonymous>)
    at onceWithTimeout (http://localhost:1420/src/services/brainClient.ts:19:16)
    at getWidgetsOnce (http://localhost:1420/src/services/brainClient.ts:198:10)
    at refresh (http://localhost:1420/src/views/HomeFloatNotes.vue?t=1788089530969:51:30)
    at http://localhost:1420/src/views/HomeFloatNotes.vue?t=1788089530969:59:14
[  843171ms] TypeError: Cannot read properties of undefined (reading 'transformCallback')
    at transformCallback (http://localhost:1420/node_modules/.vite/deps/chunk-G7S6KQDI.js?v=318df923:22:37)
    at listen (http://localhost:1420/node_modules/.vite/deps/chunk-7FCLUC5I.js?v=318df923:39:14)
    at once (http://localhost:1420/node_modules/.vite/deps/chunk-7FCLUC5I.js?v=318df923:45:10)
    at http://localhost:1420/src/services/brainClient.ts:20:10
    at new Promise (<anonymous>)
    at onceWithTimeout (http://localhost:1420/src/services/brainClient.ts:19:16)
    at getWidgetsOnce (http://localhost:1420/src/services/brainClient.ts:198:10)
    at refresh (http://localhost:1420/src/views/HomeFloatNotes.vue?t=1788089530969:51:30)
    at http://localhost:1420/src/views/HomeFloatNotes.vue?t=1788089530969:59:14
[  855172ms] TypeError: Cannot read properties of undefined (reading 'transformCallback')
    at transformCallback (http://localhost:1420/node_modules/.vite/deps/chunk-G7S6KQDI.js?v=318df923:22:37)
    at listen (http://localhost:1420/node_modules/.vite/deps/chunk-7FCLUC5I.js?v=318df923:39:14)
    at once (http://localhost:1420/node_modules/.vite/deps/chunk-7FCLUC5I.js?v=318df923:45:10)
    at http://localhost:1420/src/services/brainClient.ts:20:10
    at new Promise (<anonymous>)
    at onceWithTimeout (http://localhost:1420/src/services/brainClient.ts:19:16)
    at getWidgetsOnce (http://localhost:1420/src/services/brainClient.ts:198:10)
    at refresh (http://localhost:1420/src/views/HomeFloatNotes.vue?t=1788089530969:51:30)
    at http://localhost:1420/src/views/HomeFloatNotes.vue?t=1788089530969:59:14
[  855172ms] TypeError: Cannot read properties of undefined (reading 'transformCallback')
    at transformCallback (http://localhost:1420/node_modules/.vite/deps/chunk-G7S6KQDI.js?v=318df923:22:37)
    at listen (http://localhost:1420/node_modules/.vite/deps/chunk-7FCLUC5I.js?v=318df923:39:14)
    at onBrainEvent (http://localhost:1420/src/services/brainClient.ts:299:10)
    at http://localhost:1420/src/lib/home/home-panel-run.ts:12:12
    at new Promise (<anonymous>)
    at runPanelAction (http://localhost:1420/src/lib/home/home-panel-run.ts:6:18)
    at refreshMat (http://localhost:1420/src/views/HomeShelfStats.vue?t=1788087739424:18:28)
[  867175ms] TypeError: Cannot read properties of undefined (reading 'transformCallback')
    at transformCallback (http://localhost:1420/node_modules/.vite/deps/chunk-G7S6KQDI.js?v=318df923:22:37)
    at listen (http://localhost:1420/node_modules/.vite/deps/chunk-7FCLUC5I.js?v=318df923:39:14)
    at once (http://localhost:1420/node_modules/.vite/deps/chunk-7FCLUC5I.js?v=318df923:45:10)
    at http://localhost:1420/src/services/brainClient.ts:20:10
    at new Promise (<anonymous>)
    at onceWithTimeout (http://localhost:1420/src/services/brainClient.ts:19:16)
    at getWidgetsOnce (http://localhost:1420/src/services/brainClient.ts:198:10)
    at refresh (http://localhost:1420/src/views/HomeFloatNotes.vue?t=1788089530969:51:30)
    at http://localhost:1420/src/views/HomeFloatNotes.vue?t=1788089530969:59:14
[  879172ms] TypeError: Cannot read properties of undefined (reading 'transformCallback')
    at transformCallback (http://localhost:1420/node_modules/.vite/deps/chunk-G7S6KQDI.js?v=318df923:22:37)
    at listen (http://localhost:1420/node_modules/.vite/deps/chunk-7FCLUC5I.js?v=318df923:39:14)
    at once (http://localhost:1420/node_modules/.vite/deps/chunk-7FCLUC5I.js?v=318df923:45:10)
    at http://localhost:1420/src/services/brainClient.ts:20:10
    at new Promise (<anonymous>)
    at onceWithTimeout (http://localhost:1420/src/services/brainClient.ts:19:16)
    at getWidgetsOnce (http://localhost:1420/src/services/brainClient.ts:198:10)
    at refresh (http://localhost:1420/src/views/HomeFloatNotes.vue?t=1788089530969:51:30)
    at http://localhost:1420/src/views/HomeFloatNotes.vue?t=1788089530969:59:14
[  891173ms] TypeError: Cannot read properties of undefined (reading 'transformCallback')
    at transformCallback (http://localhost:1420/node_modules/.vite/deps/chunk-G7S6KQDI.js?v=318df923:22:37)
    at listen (http://localhost:1420/node_modules/.vite/deps/chunk-7FCLUC5I.js?v=318df923:39:14)
    at once (http://localhost:1420/node_modules/.vite/deps/chunk-7FCLUC5I.js?v=318df923:45:10)
    at http://localhost:1420/src/services/brainClient.ts:20:10
    at new Promise (<anonymous>)
    at onceWithTimeout (http://localhost:1420/src/services/brainClient.ts:19:16)
    at getWidgetsOnce (http://localhost:1420/src/services/brainClient.ts:198:10)
    at refresh (http://localhost:1420/src/views/HomeFloatNotes.vue?t=1788089530969:51:30)
    at http://localhost:1420/src/views/HomeFloatNotes.vue?t=1788089530969:59:14
[  903173ms] TypeError: Cannot read properties of undefined (reading 'transformCallback')
    at transformCallback (http://localhost:1420/node_modules/.vite/deps/chunk-G7S6KQDI.js?v=318df923:22:37)
    at listen (http://localhost:1420/node_modules/.vite/deps/chunk-7FCLUC5I.js?v=318df923:39:14)
    at once (http://localhost:1420/node_modules/.vite/deps/chunk-7FCLUC5I.js?v=318df923:45:10)
    at http://localhost:1420/src/services/brainClient.ts:20:10
    at new Promise (<anonymous>)
    at onceWithTimeout (http://localhost:1420/src/services/brainClient.ts:19:16)
    at getWidgetsOnce (http://localhost:1420/src/services/brainClient.ts:198:10)
    at refresh (http://localhost:1420/src/views/HomeFloatNotes.vue?t=1788089530969:51:30)
    at http://localhost:1420/src/views/HomeFloatNotes.vue?t=1788089530969:59:14
[  915173ms] TypeError: Cannot read properties of undefined (reading 'transformCallback')
    at transformCallback (http://localhost:1420/node_modules/.vite/deps/chunk-G7S6KQDI.js?v=318df923:22:37)
    at listen (http://localhost:1420/node_modules/.vite/deps/chunk-7FCLUC5I.js?v=318df923:39:14)
    at once (http://localhost:1420/node_modules/.vite/deps/chunk-7FCLUC5I.js?v=318df923:45:10)
    at http://localhost:1420/src/services/brainClient.ts:20:10
    at new Promise (<anonymous>)
    at onceWithTimeout (http://localhost:1420/src/services/brainClient.ts:19:16)
    at getWidgetsOnce (http://localhost:1420/src/services/brainClient.ts:198:10)
    at refresh (http://localhost:1420/src/views/HomeFloatNotes.vue?t=1788089530969:51:30)
    at http://localhost:1420/src/views/HomeFloatNotes.vue?t=1788089530969:59:14
[  915173ms] TypeError: Cannot read properties of undefined (reading 'transformCallback')
    at transformCallback (http://localhost:1420/node_modules/.vite/deps/chunk-G7S6KQDI.js?v=318df923:22:37)
    at listen (http://localhost:1420/node_modules/.vite/deps/chunk-7FCLUC5I.js?v=318df923:39:14)
    at onBrainEvent (http://localhost:1420/src/services/brainClient.ts:299:10)
    at http://localhost:1420/src/lib/home/home-panel-run.ts:12:12
    at new Promise (<anonymous>)
    at runPanelAction (http://localhost:1420/src/lib/home/home-panel-run.ts:6:18)
    at refreshMat (http://localhost:1420/src/views/HomeShelfStats.vue?t=1788087739424:18:28)
[  927174ms] TypeError: Cannot read properties of undefined (reading 'transformCallback')
    at transformCallback (http://localhost:1420/node_modules/.vite/deps/chunk-G7S6KQDI.js?v=318df923:22:37)
    at listen (http://localhost:1420/node_modules/.vite/deps/chunk-7FCLUC5I.js?v=318df923:39:14)
    at once (http://localhost:1420/node_modules/.vite/deps/chunk-7FCLUC5I.js?v=318df923:45:10)
    at http://localhost:1420/src/services/brainClient.ts:20:10
    at new Promise (<anonymous>)
    at onceWithTimeout (http://localhost:1420/src/services/brainClient.ts:19:16)
    at getWidgetsOnce (http://localhost:1420/src/services/brainClient.ts:198:10)
    at refresh (http://localhost:1420/src/views/HomeFloatNotes.vue?t=1788089530969:51:30)
    at http://localhost:1420/src/views/HomeFloatNotes.vue?t=1788089530969:59:14
[  939172ms] TypeError: Cannot read properties of undefined (reading 'transformCallback')
    at transformCallback (http://localhost:1420/node_modules/.vite/deps/chunk-G7S6KQDI.js?v=318df923:22:37)
    at listen (http://localhost:1420/node_modules/.vite/deps/chunk-7FCLUC5I.js?v=318df923:39:14)
    at once (http://localhost:1420/node_modules/.vite/deps/chunk-7FCLUC5I.js?v=318df923:45:10)
    at http://localhost:1420/src/services/brainClient.ts:20:10
    at new Promise (<anonymous>)
    at onceWithTimeout (http://localhost:1420/src/services/brainClient.ts:19:16)
    at getWidgetsOnce (http://localhost:1420/src/services/brainClient.ts:198:10)
    at refresh (http://localhost:1420/src/views/HomeFloatNotes.vue?t=1788089530969:51:30)
    at http://localhost:1420/src/views/HomeFloatNotes.vue?t=1788089530969:59:14
[  951174ms] TypeError: Cannot read properties of undefined (reading 'transformCallback')
    at transformCallback (http://localhost:1420/node_modules/.vite/deps/chunk-G7S6KQDI.js?v=318df923:22:37)
    at listen (http://localhost:1420/node_modules/.vite/deps/chunk-7FCLUC5I.js?v=318df923:39:14)
    at once (http://localhost:1420/node_modules/.vite/deps/chunk-7FCLUC5I.js?v=318df923:45:10)
    at http://localhost:1420/src/services/brainClient.ts:20:10
    at new Promise (<anonymous>)
    at onceWithTimeout (http://localhost:1420/src/services/brainClient.ts:19:16)
    at getWidgetsOnce (http://localhost:1420/src/services/brainClient.ts:198:10)
    at refresh (http://localhost:1420/src/views/HomeFloatNotes.vue?t=1788089530969:51:30)
    at http://localhost:1420/src/views/HomeFloatNotes.vue?t=1788089530969:59:14
[  963172ms] TypeError: Cannot read properties of undefined (reading 'transformCallback')
    at transformCallback (http://localhost:1420/node_modules/.vite/deps/chunk-G7S6KQDI.js?v=318df923:22:37)
    at listen (http://localhost:1420/node_modules/.vite/deps/chunk-7FCLUC5I.js?v=318df923:39:14)
    at once (http://localhost:1420/node_modules/.vite/deps/chunk-7FCLUC5I.js?v=318df923:45:10)
    at http://localhost:1420/src/services/brainClient.ts:20:10
    at new Promise (<anonymous>)
    at onceWithTimeout (http://localhost:1420/src/services/brainClient.ts:19:16)
    at getWidgetsOnce (http://localhost:1420/src/services/brainClient.ts:198:10)
    at refresh (http://localhost:1420/src/views/HomeFloatNotes.vue?t=1788089530969:51:30)
    at http://localhost:1420/src/views/HomeFloatNotes.vue?t=1788089530969:59:14
[  975175ms] TypeError: Cannot read properties of undefined (reading 'transformCallback')
    at transformCallback (http://localhost:1420/node_modules/.vite/deps/chunk-G7S6KQDI.js?v=318df923:22:37)
    at listen (http://localhost:1420/node_modules/.vite/deps/chunk-7FCLUC5I.js?v=318df923:39:14)
    at once (http://localhost:1420/node_modules/.vite/deps/chunk-7FCLUC5I.js?v=318df923:45:10)
    at http://localhost:1420/src/services/brainClient.ts:20:10
    at new Promise (<anonymous>)
    at onceWithTimeout (http://localhost:1420/src/services/brainClient.ts:19:16)
    at getWidgetsOnce (http://localhost:1420/src/services/brainClient.ts:198:10)
    at refresh (http://localhost:1420/src/views/HomeFloatNotes.vue?t=1788089530969:51:30)
    at http://localhost:1420/src/views/HomeFloatNotes.vue?t=1788089530969:59:14
[  975175ms] TypeError: Cannot read properties of undefined (reading 'transformCallback')
    at transformCallback (http://localhost:1420/node_modules/.vite/deps/chunk-G7S6KQDI.js?v=318df923:22:37)
    at listen (http://localhost:1420/node_modules/.vite/deps/chunk-7FCLUC5I.js?v=318df923:39:14)
    at onBrainEvent (http://localhost:1420/src/services/brainClient.ts:299:10)
    at http://localhost:1420/src/lib/home/home-panel-run.ts:12:12
    at new Promise (<anonymous>)
    at runPanelAction (http://localhost:1420/src/lib/home/home-panel-run.ts:6:18)
    at refreshMat (http://localhost:1420/src/views/HomeShelfStats.vue?t=1788087739424:18:28)
[  987174ms] TypeError: Cannot read properties of undefined (reading 'transformCallback')
    at transformCallback (http://localhost:1420/node_modules/.vite/deps/chunk-G7S6KQDI.js?v=318df923:22:37)
    at listen (http://localhost:1420/node_modules/.vite/deps/chunk-7FCLUC5I.js?v=318df923:39:14)
    at once (http://localhost:1420/node_modules/.vite/deps/chunk-7FCLUC5I.js?v=318df923:45:10)
    at http://localhost:1420/src/services/brainClient.ts:20:10
    at new Promise (<anonymous>)
    at onceWithTimeout (http://localhost:1420/src/services/brainClient.ts:19:16)
    at getWidgetsOnce (http://localhost:1420/src/services/brainClient.ts:198:10)
    at refresh (http://localhost:1420/src/views/HomeFloatNotes.vue?t=1788089530969:51:30)
    at http://localhost:1420/src/views/HomeFloatNotes.vue?t=1788089530969:59:14
[  999174ms] TypeError: Cannot read properties of undefined (reading 'transformCallback')
    at transformCallback (http://localhost:1420/node_modules/.vite/deps/chunk-G7S6KQDI.js?v=318df923:22:37)
    at listen (http://localhost:1420/node_modules/.vite/deps/chunk-7FCLUC5I.js?v=318df923:39:14)
    at once (http://localhost:1420/node_modules/.vite/deps/chunk-7FCLUC5I.js?v=318df923:45:10)
    at http://localhost:1420/src/services/brainClient.ts:20:10
    at new Promise (<anonymous>)
    at onceWithTimeout (http://localhost:1420/src/services/brainClient.ts:19:16)
    at getWidgetsOnce (http://localhost:1420/src/services/brainClient.ts:198:10)
    at refresh (http://localhost:1420/src/views/HomeFloatNotes.vue?t=1788089530969:51:30)
    at http://localhost:1420/src/views/HomeFloatNotes.vue?t=1788089530969:59:14
[ 1011174ms] TypeError: Cannot read properties of undefined (reading 'transformCallback')
    at transformCallback (http://localhost:1420/node_modules/.vite/deps/chunk-G7S6KQDI.js?v=318df923:22:37)
    at listen (http://localhost:1420/node_modules/.vite/deps/chunk-7FCLUC5I.js?v=318df923:39:14)
    at once (http://localhost:1420/node_modules/.vite/deps/chunk-7FCLUC5I.js?v=318df923:45:10)
    at http://localhost:1420/src/services/brainClient.ts:20:10
    at new Promise (<anonymous>)
    at onceWithTimeout (http://localhost:1420/src/services/brainClient.ts:19:16)
    at getWidgetsOnce (http://localhost:1420/src/services/brainClient.ts:198:10)
    at refresh (http://localhost:1420/src/views/HomeFloatNotes.vue?t=1788089530969:51:30)
    at http://localhost:1420/src/views/HomeFloatNotes.vue?t=1788089530969:59:14
[ 1023174ms] TypeError: Cannot read properties of undefined (reading 'transformCallback')
    at transformCallback (http://localhost:1420/node_modules/.vite/deps/chunk-G7S6KQDI.js?v=318df923:22:37)
    at listen (http://localhost:1420/node_modules/.vite/deps/chunk-7FCLUC5I.js?v=318df923:39:14)
    at once (http://localhost:1420/node_modules/.vite/deps/chunk-7FCLUC5I.js?v=318df923:45:10)
    at http://localhost:1420/src/services/brainClient.ts:20:10
    at new Promise (<anonymous>)
    at onceWithTimeout (http://localhost:1420/src/services/brainClient.ts:19:16)
    at getWidgetsOnce (http://localhost:1420/src/services/brainClient.ts:198:10)
    at refresh (http://localhost:1420/src/views/HomeFloatNotes.vue?t=1788089530969:51:30)
    at http://localhost:1420/src/views/HomeFloatNotes.vue?t=1788089530969:59:14
[ 1035174ms] TypeError: Cannot read properties of undefined (reading 'transformCallback')
    at transformCallback (http://localhost:1420/node_modules/.vite/deps/chunk-G7S6KQDI.js?v=318df923:22:37)
    at listen (http://localhost:1420/node_modules/.vite/deps/chunk-7FCLUC5I.js?v=318df923:39:14)
    at once (http://localhost:1420/node_modules/.vite/deps/chunk-7FCLUC5I.js?v=318df923:45:10)
    at http://localhost:1420/src/services/brainClient.ts:20:10
    at new Promise (<anonymous>)
    at onceWithTimeout (http://localhost:1420/src/services/brainClient.ts:19:16)
    at getWidgetsOnce (http://localhost:1420/src/services/brainClient.ts:198:10)
    at refresh (http://localhost:1420/src/views/HomeFloatNotes.vue?t=1788089530969:51:30)
    at http://localhost:1420/src/views/HomeFloatNotes.vue?t=1788089530969:59:14
[ 1035175ms] TypeError: Cannot read properties of undefined (reading 'transformCallback')
    at transformCallback (http://localhost:1420/node_modules/.vite/deps/chunk-G7S6KQDI.js?v=318df923:22:37)
    at listen (http://localhost:1420/node_modules/.vite/deps/chunk-7FCLUC5I.js?v=318df923:39:14)
    at onBrainEvent (http://localhost:1420/src/services/brainClient.ts:299:10)
    at http://localhost:1420/src/lib/home/home-panel-run.ts:12:12
    at new Promise (<anonymous>)
    at runPanelAction (http://localhost:1420/src/lib/home/home-panel-run.ts:6:18)
    at refreshMat (http://localhost:1420/src/views/HomeShelfStats.vue?t=1788087739424:18:28)
[ 1047174ms] TypeError: Cannot read properties of undefined (reading 'transformCallback')
    at transformCallback (http://localhost:1420/node_modules/.vite/deps/chunk-G7S6KQDI.js?v=318df923:22:37)
    at listen (http://localhost:1420/node_modules/.vite/deps/chunk-7FCLUC5I.js?v=318df923:39:14)
    at once (http://localhost:1420/node_modules/.vite/deps/chunk-7FCLUC5I.js?v=318df923:45:10)
    at http://localhost:1420/src/services/brainClient.ts:20:10
    at new Promise (<anonymous>)
    at onceWithTimeout (http://localhost:1420/src/services/brainClient.ts:19:16)
    at getWidgetsOnce (http://localhost:1420/src/services/brainClient.ts:198:10)
    at refresh (http://localhost:1420/src/views/HomeFloatNotes.vue?t=1788089530969:51:30)
    at http://localhost:1420/src/views/HomeFloatNotes.vue?t=1788089530969:59:14
[ 1059175ms] TypeError: Cannot read properties of undefined (reading 'transformCallback')
    at transformCallback (http://localhost:1420/node_modules/.vite/deps/chunk-G7S6KQDI.js?v=318df923:22:37)
    at listen (http://localhost:1420/node_modules/.vite/deps/chunk-7FCLUC5I.js?v=318df923:39:14)
    at once (http://localhost:1420/node_modules/.vite/deps/chunk-7FCLUC5I.js?v=318df923:45:10)
    at http://localhost:1420/src/services/brainClient.ts:20:10
    at new Promise (<anonymous>)
    at onceWithTimeout (http://localhost:1420/src/services/brainClient.ts:19:16)
    at getWidgetsOnce (http://localhost:1420/src/services/brainClient.ts:198:10)
    at refresh (http://localhost:1420/src/views/HomeFloatNotes.vue?t=1788089530969:51:30)
    at http://localhost:1420/src/views/HomeFloatNotes.vue?t=1788089530969:59:14
[ 1071175ms] TypeError: Cannot read properties of undefined (reading 'transformCallback')
    at transformCallback (http://localhost:1420/node_modules/.vite/deps/chunk-G7S6KQDI.js?v=318df923:22:37)
    at listen (http://localhost:1420/node_modules/.vite/deps/chunk-7FCLUC5I.js?v=318df923:39:14)
    at once (http://localhost:1420/node_modules/.vite/deps/chunk-7FCLUC5I.js?v=318df923:45:10)
    at http://localhost:1420/src/services/brainClient.ts:20:10
    at new Promise (<anonymous>)
    at onceWithTimeout (http://localhost:1420/src/services/brainClient.ts:19:16)
    at getWidgetsOnce (http://localhost:1420/src/services/brainClient.ts:198:10)
    at refresh (http://localhost:1420/src/views/HomeFloatNotes.vue?t=1788089530969:51:30)
    at http://localhost:1420/src/views/HomeFloatNotes.vue?t=1788089530969:59:14
[ 1083175ms] TypeError: Cannot read properties of undefined (reading 'transformCallback')
    at transformCallback (http://localhost:1420/node_modules/.vite/deps/chunk-G7S6KQDI.js?v=318df923:22:37)
    at listen (http://localhost:1420/node_modules/.vite/deps/chunk-7FCLUC5I.js?v=318df923:39:14)
    at once (http://localhost:1420/node_modules/.vite/deps/chunk-7FCLUC5I.js?v=318df923:45:10)
    at http://localhost:1420/src/services/brainClient.ts:20:10
    at new Promise (<anonymous>)
    at onceWithTimeout (http://localhost:1420/src/services/brainClient.ts:19:16)
    at getWidgetsOnce (http://localhost:1420/src/services/brainClient.ts:198:10)
    at refresh (http://localhost:1420/src/views/HomeFloatNotes.vue?t=1788089530969:51:30)
    at http://localhost:1420/src/views/HomeFloatNotes.vue?t=1788089530969:59:14
[ 1095175ms] TypeError: Cannot read properties of undefined (reading 'transformCallback')
    at transformCallback (http://localhost:1420/node_modules/.vite/deps/chunk-G7S6KQDI.js?v=318df923:22:37)
    at listen (http://localhost:1420/node_modules/.vite/deps/chunk-7FCLUC5I.js?v=318df923:39:14)
    at once (http://localhost:1420/node_modules/.vite/deps/chunk-7FCLUC5I.js?v=318df923:45:10)
    at http://localhost:1420/src/services/brainClient.ts:20:10
    at new Promise (<anonymous>)
    at onceWithTimeout (http://localhost:1420/src/services/brainClient.ts:19:16)
    at getWidgetsOnce (http://localhost:1420/src/services/brainClient.ts:198:10)
    at refresh (http://localhost:1420/src/views/HomeFloatNotes.vue?t=1788089530969:51:30)
    at http://localhost:1420/src/views/HomeFloatNotes.vue?t=1788089530969:59:14
[ 1095175ms] TypeError: Cannot read properties of undefined (reading 'transformCallback')
    at transformCallback (http://localhost:1420/node_modules/.vite/deps/chunk-G7S6KQDI.js?v=318df923:22:37)
    at listen (http://localhost:1420/node_modules/.vite/deps/chunk-7FCLUC5I.js?v=318df923:39:14)
    at onBrainEvent (http://localhost:1420/src/services/brainClient.ts:299:10)
    at http://localhost:1420/src/lib/home/home-panel-run.ts:12:12
    at new Promise (<anonymous>)
    at runPanelAction (http://localhost:1420/src/lib/home/home-panel-run.ts:6:18)
    at refreshMat (http://localhost:1420/src/views/HomeShelfStats.vue?t=1788087739424:18:28)
[ 1107174ms] TypeError: Cannot read properties of undefined (reading 'transformCallback')
    at transformCallback (http://localhost:1420/node_modules/.vite/deps/chunk-G7S6KQDI.js?v=318df923:22:37)
    at listen (http://localhost:1420/node_modules/.vite/deps/chunk-7FCLUC5I.js?v=318df923:39:14)
    at once (http://localhost:1420/node_modules/.vite/deps/chunk-7FCLUC5I.js?v=318df923:45:10)
    at http://localhost:1420/src/services/brainClient.ts:20:10
    at new Promise (<anonymous>)
    at onceWithTimeout (http://localhost:1420/src/services/brainClient.ts:19:16)
    at getWidgetsOnce (http://localhost:1420/src/services/brainClient.ts:198:10)
    at refresh (http://localhost:1420/src/views/HomeFloatNotes.vue?t=1788089530969:51:30)
    at http://localhost:1420/src/views/HomeFloatNotes.vue?t=1788089530969:59:14
[ 1119174ms] TypeError: Cannot read properties of undefined (reading 'transformCallback')
    at transformCallback (http://localhost:1420/node_modules/.vite/deps/chunk-G7S6KQDI.js?v=318df923:22:37)
    at listen (http://localhost:1420/node_modules/.vite/deps/chunk-7FCLUC5I.js?v=318df923:39:14)
    at once (http://localhost:1420/node_modules/.vite/deps/chunk-7FCLUC5I.js?v=318df923:45:10)
    at http://localhost:1420/src/services/brainClient.ts:20:10
    at new Promise (<anonymous>)
    at onceWithTimeout (http://localhost:1420/src/services/brainClient.ts:19:16)
    at getWidgetsOnce (http://localhost:1420/src/services/brainClient.ts:198:10)
    at refresh (http://localhost:1420/src/views/HomeFloatNotes.vue?t=1788089530969:51:30)
    at http://localhost:1420/src/views/HomeFloatNotes.vue?t=1788089530969:59:14
[ 1122788ms] [WARNING] [Vue warn]: Unhandled error during execution of mounted hook 
  at <CapabilityConversationRail surface=null active=false onClose=fn<hideSurface>  ... > 
  at <BaseTransition appear=false persisted=true mode=undefined  ... > 
  at <Transition name="scene-rail" persisted="" > 
  at <HomeWindow> @ http://localhost:1420/node_modules/.vite/deps/vue.js?v=318df923:2231
[ 1122789ms] [WARNING] [Vue warn]: Unhandled error during execution of mounted hook 
  at <GeneralSection key=0 > 
  at <SettingsView key=0 > 
  at <BaseTransition appear=false persisted=true mode=undefined  ... > 
  at <Transition name="view-fade" persisted="" > 
  at <HomeWindow> @ http://localhost:1420/node_modules/.vite/deps/vue.js?v=318df923:2231
[ 1122793ms] [VERBOSE] [DOM] Password field is not contained in a form: (More info: https://goo.gl/9p2vKq) %o @ http://localhost:1420/home.html:0
[ 1122800ms] TypeError: Cannot read properties of undefined (reading 'transformCallback')
    at transformCallback (http://localhost:1420/node_modules/.vite/deps/chunk-G7S6KQDI.js?v=318df923:22:37)
    at listen (http://localhost:1420/node_modules/.vite/deps/chunk-7FCLUC5I.js?v=318df923:39:14)
    at onBrainEvent (http://localhost:1420/src/services/brainClient.ts:299:10)
    at http://localhost:1420/src/lib/home/home-panel-run.ts:12:12
    at new Promise (<anonymous>)
    at runPanelAction (http://localhost:1420/src/lib/home/home-panel-run.ts:6:18)
    at http://localhost:1420/src/views/plugins/CapabilityHome.vue:25:25
    at http://localhost:1420/node_modules/.vite/deps/vue.js?v=318df923:5342:40
    at callWithErrorHandling (http://localhost:1420/node_modules/.vite/deps/vue.js?v=318df923:2379:19)
    at callWithAsyncErrorHandling (http://localhost:1420/node_modules/.vite/deps/vue.js?v=318df923:2386:17)
[ 1122800ms] TypeError: Cannot read properties of undefined (reading 'transformCallback')
    at transformCallback (http://localhost:1420/node_modules/.vite/deps/chunk-G7S6KQDI.js?v=318df923:22:37)
    at listen (http://localhost:1420/node_modules/.vite/deps/chunk-7FCLUC5I.js?v=318df923:39:14)
    at once (http://localhost:1420/node_modules/.vite/deps/chunk-7FCLUC5I.js?v=318df923:45:10)
    at http://localhost:1420/src/services/brainClient.ts:20:10
    at new Promise (<anonymous>)
    at onceWithTimeout (http://localhost:1420/src/services/brainClient.ts:19:16)
    at getSettingsOnce (http://localhost:1420/src/services/brainClient.ts:245:19)
    at http://localhost:1420/src/views/HomeDayTitle.vue?t=1788070913325:19:30
    at http://localhost:1420/node_modules/.vite/deps/vue.js?v=318df923:5342:40
    at callWithErrorHandling (http://localhost:1420/node_modules/.vite/deps/vue.js?v=318df923:2379:19)
[ 1122800ms] TypeError: Cannot read properties of undefined (reading 'transformCallback')
    at transformCallback (http://localhost:1420/node_modules/.vite/deps/chunk-G7S6KQDI.js?v=318df923:22:37)
    at listen (http://localhost:1420/node_modules/.vite/deps/chunk-7FCLUC5I.js?v=318df923:39:14)
    at once (http://localhost:1420/node_modules/.vite/deps/chunk-7FCLUC5I.js?v=318df923:45:10)
    at http://localhost:1420/src/services/brainClient.ts:20:10
    at new Promise (<anonymous>)
    at onceWithTimeout (http://localhost:1420/src/services/brainClient.ts:19:16)
    at getWidgetsOnce (http://localhost:1420/src/services/brainClient.ts:198:10)
    at refresh (http://localhost:1420/src/views/HomeFloatNotes.vue?t=1788089530969:51:30)
    at http://localhost:1420/src/views/HomeFloatNotes.vue?t=1788089530969:57:13
    at http://localhost:1420/node_modules/.vite/deps/vue.js?v=318df923:5342:40
[ 1122800ms] TypeError: Cannot read properties of undefined (reading 'transformCallback')
    at transformCallback (http://localhost:1420/node_modules/.vite/deps/chunk-G7S6KQDI.js?v=318df923:22:37)
    at listen (http://localhost:1420/node_modules/.vite/deps/chunk-7FCLUC5I.js?v=318df923:39:14)
    at once (http://localhost:1420/node_modules/.vite/deps/chunk-7FCLUC5I.js?v=318df923:45:10)
    at http://localhost:1420/src/services/brainClient.ts:20:10
    at new Promise (<anonymous>)
    at onceWithTimeout (http://localhost:1420/src/services/brainClient.ts:19:16)
    at getFeedOnce (http://localhost:1420/src/services/brainClient.ts:150:10)
    at http://localhost:1420/src/views/HomeTodayPanel.vue?t=1788070812924:17:28
    at http://localhost:1420/node_modules/.vite/deps/vue.js?v=318df923:5342:40
    at callWithErrorHandling (http://localhost:1420/node_modules/.vite/deps/vue.js?v=318df923:2379:19)
[ 1122800ms] TypeError: Cannot read properties of undefined (reading 'transformCallback')
    at transformCallback (http://localhost:1420/node_modules/.vite/deps/chunk-G7S6KQDI.js?v=318df923:22:37)
    at listen (http://localhost:1420/node_modules/.vite/deps/chunk-7FCLUC5I.js?v=318df923:39:14)
    at once (http://localhost:1420/node_modules/.vite/deps/chunk-7FCLUC5I.js?v=318df923:45:10)
    at http://localhost:1420/src/services/brainClient.ts:20:10
    at new Promise (<anonymous>)
    at onceWithTimeout (http://localhost:1420/src/services/brainClient.ts:19:16)
    at getWidgetsOnce (http://localhost:1420/src/services/brainClient.ts:198:10)
    at http://localhost:1420/src/views/HomeRemindCard.vue?t=1788090758714:16:25
    at http://localhost:1420/node_modules/.vite/deps/vue.js?v=318df923:5342:40
    at callWithErrorHandling (http://localhost:1420/node_modules/.vite/deps/vue.js?v=318df923:2379:19)
[ 1122800ms] TypeError: Cannot read properties of undefined (reading 'transformCallback')
    at transformCallback (http://localhost:1420/node_modules/.vite/deps/chunk-G7S6KQDI.js?v=318df923:22:37)
    at listen (http://localhost:1420/node_modules/.vite/deps/chunk-7FCLUC5I.js?v=318df923:39:14)
    at once (http://localhost:1420/node_modules/.vite/deps/chunk-7FCLUC5I.js?v=318df923:45:10)
    at http://localhost:1420/src/services/brainClient.ts:20:10
    at new Promise (<anonymous>)
    at onceWithTimeout (http://localhost:1420/src/services/brainClient.ts:19:16)
    at getWidgetsOnce (http://localhost:1420/src/services/brainClient.ts:198:10)
    at http://localhost:1420/src/views/HomeShelfStats.vue?t=1788090720201:35:28
    at http://localhost:1420/node_modules/.vite/deps/vue.js?v=318df923:5342:40
    at callWithErrorHandling (http://localhost:1420/node_modules/.vite/deps/vue.js?v=318df923:2379:19)
[ 1122800ms] TypeError: Cannot read properties of undefined (reading 'transformCallback')
    at transformCallback (http://localhost:1420/node_modules/.vite/deps/chunk-G7S6KQDI.js?v=318df923:22:37)
    at listen (http://localhost:1420/node_modules/.vite/deps/chunk-7FCLUC5I.js?v=318df923:39:14)
    at once (http://localhost:1420/node_modules/.vite/deps/chunk-7FCLUC5I.js?v=318df923:45:10)
    at http://localhost:1420/src/services/brainClient.ts:20:10
    at new Promise (<anonymous>)
    at onceWithTimeout (http://localhost:1420/src/services/brainClient.ts:19:16)
    at getFeedOnce (http://localhost:1420/src/services/brainClient.ts:150:10)
    at http://localhost:1420/src/views/chat/HorizonBar.vue?t=1788076324598:26:28
    at http://localhost:1420/node_modules/.vite/deps/vue.js?v=318df923:5342:40
    at callWithErrorHandling (http://localhost:1420/node_modules/.vite/deps/vue.js?v=318df923:2379:19)
[ 1122800ms] TypeError: Cannot read properties of undefined (reading 'transformCallback')
    at transformCallback (http://localhost:1420/node_modules/.vite/deps/chunk-G7S6KQDI.js?v=318df923:22:37)
    at listen (http://localhost:1420/node_modules/.vite/deps/chunk-7FCLUC5I.js?v=318df923:39:14)
    at onBrainEvent (http://localhost:1420/src/services/brainClient.ts:299:10)
    at http://localhost:1420/src/views/CapabilityConversationRail.vue:178:24
[ 1122800ms] TypeError: Cannot read properties of undefined (reading 'transformCallback')
    at transformCallback (http://localhost:1420/node_modules/.vite/deps/chunk-G7S6KQDI.js?v=318df923:22:37)
    at listen (http://localhost:1420/node_modules/.vite/deps/chunk-7FCLUC5I.js?v=318df923:39:14)
    at once (http://localhost:1420/node_modules/.vite/deps/chunk-7FCLUC5I.js?v=318df923:45:10)
    at http://localhost:1420/src/services/brainClient.ts:20:10
    at new Promise (<anonymous>)
    at onceWithTimeout (http://localhost:1420/src/services/brainClient.ts:19:16)
    at getPerceptionOnce (http://localhost:1420/src/services/brainClient.ts:274:10)
    at loadPerception (http://localhost:1420/src/views/settings/DataView.vue:34:23)
    at http://localhost:1420/src/views/settings/DataView.vue:182:12
    at http://localhost:1420/node_modules/.vite/deps/vue.js?v=318df923:5342:40
[ 1122800ms] TypeError: Cannot read properties of undefined (reading 'transformCallback')
    at transformCallback (http://localhost:1420/node_modules/.vite/deps/chunk-G7S6KQDI.js?v=318df923:22:37)
    at listen (http://localhost:1420/node_modules/.vite/deps/chunk-7FCLUC5I.js?v=318df923:39:14)
    at once (http://localhost:1420/node_modules/.vite/deps/chunk-7FCLUC5I.js?v=318df923:45:10)
    at http://localhost:1420/src/services/brainClient.ts:20:10
    at new Promise (<anonymous>)
    at onceWithTimeout (http://localhost:1420/src/services/brainClient.ts:19:16)
    at getMemListOnce (http://localhost:1420/src/services/brainClient.ts:216:10)
    at loadMem (http://localhost:1420/src/views/settings/DataView.vue:116:23)
    at http://localhost:1420/src/views/settings/DataView.vue:183:12
    at http://localhost:1420/node_modules/.vite/deps/vue.js?v=318df923:5342:40
[ 1122800ms] TypeError: Cannot read properties of undefined (reading 'transformCallback')
    at transformCallback (http://localhost:1420/node_modules/.vite/deps/chunk-G7S6KQDI.js?v=318df923:22:37)
    at listen (http://localhost:1420/node_modules/.vite/deps/chunk-7FCLUC5I.js?v=318df923:39:14)
    at once (http://localhost:1420/node_modules/.vite/deps/chunk-7FCLUC5I.js?v=318df923:45:10)
    at http://localhost:1420/src/services/brainClient.ts:20:10
    at new Promise (<anonymous>)
    at onceWithTimeout (http://localhost:1420/src/services/brainClient.ts:19:16)
    at getSettingsOnce (http://localhost:1420/src/services/brainClient.ts:245:19)
    at http://localhost:1420/src/views/settings/DataView.vue:184:12
    at http://localhost:1420/node_modules/.vite/deps/vue.js?v=318df923:5342:40
    at callWithErrorHandling (http://localhost:1420/node_modules/.vite/deps/vue.js?v=318df923:2379:19)
[ 1122800ms] TypeError: Cannot read properties of undefined (reading 'transformCallback')
    at transformCallback (http://localhost:1420/node_modules/.vite/deps/chunk-G7S6KQDI.js?v=318df923:22:37)
    at listen (http://localhost:1420/node_modules/.vite/deps/chunk-7FCLUC5I.js?v=318df923:39:14)
    at onBrainStatus (http://localhost:1420/src/services/brainClient.ts:305:10)
    at http://localhost:1420/src/views/settings/GeneralSection.vue?t=1788090758714:273:30
[ 1122800ms] TypeError: Cannot read properties of undefined (reading 'transformCallback')
    at transformCallback (http://localhost:1420/node_modules/.vite/deps/chunk-G7S6KQDI.js?v=318df923:22:37)
    at listen (http://localhost:1420/node_modules/.vite/deps/chunk-7FCLUC5I.js?v=318df923:39:14)
    at once (http://localhost:1420/node_modules/.vite/deps/chunk-7FCLUC5I.js?v=318df923:45:10)
    at http://localhost:1420/src/services/brainClient.ts:20:10
    at new Promise (<anonymous>)
    at onceWithTimeout (http://localhost:1420/src/services/brainClient.ts:19:16)
    at getSettingsOnce (http://localhost:1420/src/services/brainClient.ts:245:19)
    at http://localhost:1420/src/views/settings/GeneralSection.vue?t=1788090758714:262:12
[ 1122800ms] TypeError: Cannot read properties of undefined (reading 'transformCallback')
    at transformCallback (http://localhost:1420/node_modules/.vite/deps/chunk-G7S6KQDI.js?v=318df923:22:37)
    at listen (http://localhost:1420/node_modules/.vite/deps/chunk-7FCLUC5I.js?v=318df923:39:14)
    at once (http://localhost:1420/node_modules/.vite/deps/chunk-7FCLUC5I.js?v=318df923:45:10)
    at http://localhost:1420/src/services/brainClient.ts:20:10
    at new Promise (<anonymous>)
    at onceWithTimeout (http://localhost:1420/src/services/brainClient.ts:19:16)
    at getHttpPairInfoOnce (http://localhost:1420/src/services/brainClient.ts:266:10)
    at refreshPair (http://localhost:1420/src/views/settings/GeneralSection.vue?t=1788090758714:149:29)
    at http://localhost:1420/src/views/settings/GeneralSection.vue?t=1788090758714:272:12
[ 1122799ms] [WARNING] [Vue warn]: Unhandled error during execution of mounted hook 
  at <HomeChat key=0 draft=undefined workstation=null  ... > 
  at <BaseTransition appear=false persisted=true mode=undefined  ... > 
  at <Transition name="view-fade" persisted="" > 
  at <HomeWindow> @ http://localhost:1420/node_modules/.vite/deps/vue.js?v=318df923:2231
[ 1122804ms] TypeError: Cannot read properties of undefined (reading 'transformCallback')
    at transformCallback (http://localhost:1420/node_modules/.vite/deps/chunk-G7S6KQDI.js?v=318df923:22:37)
    at listen (http://localhost:1420/node_modules/.vite/deps/chunk-7FCLUC5I.js?v=318df923:39:14)
    at onBrainEvent (http://localhost:1420/src/services/brainClient.ts:299:10)
    at http://localhost:1420/src/views/chat/HomeChat.vue?t=1788090758714:624:24
[ 1125789ms] [WARNING] [Vue warn]: Unhandled error during execution of mounted hook 
  at <HomeTodayPanel state="idle" only="today" onChat=fn<onInfoChat> > 
  at <HomeFrame thinking=false state="idle" peek=false  ... > 
  at <HomeChat key=0 draft=undefined workstation=null  ... > 
  at <BaseTransition appear=false persisted=true mode=undefined  ... > 
  at <Transition name="view-fade" persisted="" > 
  at <HomeWindow> @ http://localhost:1420/node_modules/.vite/deps/vue.js?v=318df923:2231
[ 1125790ms] [WARNING] [Vue warn]: Unhandled error during execution of mounted hook 
  at <HorizonBar state="idle" proc=null shelf=false  ... > 
  at <HomeChat key=0 draft=undefined workstation=null  ... > 
  at <BaseTransition appear=false persisted=true mode=undefined  ... > 
  at <Transition name="view-fade" persisted="" > 
  at <HomeWindow> @ http://localhost:1420/node_modules/.vite/deps/vue.js?v=318df923:2231
[ 1125792ms] TypeError: Cannot read properties of undefined (reading 'transformCallback')
    at transformCallback (http://localhost:1420/node_modules/.vite/deps/chunk-G7S6KQDI.js?v=318df923:22:37)
    at listen (http://localhost:1420/node_modules/.vite/deps/chunk-7FCLUC5I.js?v=318df923:39:14)
    at onFeed (http://localhost:1420/src/services/brainClient.ts:147:10)
    at http://localhost:1420/src/views/HomeTodayPanel.vue?t=1788070812924:21:22
[ 1125792ms] TypeError: Cannot read properties of undefined (reading 'transformCallback')
    at transformCallback (http://localhost:1420/node_modules/.vite/deps/chunk-G7S6KQDI.js?v=318df923:22:37)
    at listen (http://localhost:1420/node_modules/.vite/deps/chunk-7FCLUC5I.js?v=318df923:39:14)
    at once (http://localhost:1420/node_modules/.vite/deps/chunk-7FCLUC5I.js?v=318df923:45:10)
    at http://localhost:1420/src/services/brainClient.ts:20:10
    at new Promise (<anonymous>)
    at onceWithTimeout (http://localhost:1420/src/services/brainClient.ts:19:16)
    at getFeedOnce (http://localhost:1420/src/services/brainClient.ts:150:10)
    at http://localhost:1420/src/views/HomeRemindCard.vue?t=1788090758714:18:25
[ 1125792ms] TypeError: Cannot read properties of undefined (reading 'transformCallback')
    at transformCallback (http://localhost:1420/node_modules/.vite/deps/chunk-G7S6KQDI.js?v=318df923:22:37)
    at listen (http://localhost:1420/node_modules/.vite/deps/chunk-7FCLUC5I.js?v=318df923:39:14)
    at onBrainEvent (http://localhost:1420/src/services/brainClient.ts:299:10)
    at http://localhost:1420/src/lib/home/home-panel-run.ts:12:12
    at new Promise (<anonymous>)
    at runPanelAction (http://localhost:1420/src/lib/home/home-panel-run.ts:6:18)
    at refreshMat (http://localhost:1420/src/views/HomeShelfStats.vue?t=1788090720201:18:28)
    at http://localhost:1420/src/views/HomeShelfStats.vue?t=1788090720201:43:13
[ 1125792ms] TypeError: Cannot read properties of undefined (reading 'transformCallback')
    at transformCallback (http://localhost:1420/node_modules/.vite/deps/chunk-G7S6KQDI.js?v=318df923:22:37)
    at listen (http://localhost:1420/node_modules/.vite/deps/chunk-7FCLUC5I.js?v=318df923:39:14)
    at onFeed (http://localhost:1420/src/services/brainClient.ts:147:10)
    at http://localhost:1420/src/views/chat/HorizonBar.vue?t=1788076324598:31:22
[ 1137791ms] TypeError: Cannot read properties of undefined (reading 'transformCallback')
    at transformCallback (http://localhost:1420/node_modules/.vite/deps/chunk-G7S6KQDI.js?v=318df923:22:37)
    at listen (http://localhost:1420/node_modules/.vite/deps/chunk-7FCLUC5I.js?v=318df923:39:14)
    at once (http://localhost:1420/node_modules/.vite/deps/chunk-7FCLUC5I.js?v=318df923:45:10)
    at http://localhost:1420/src/services/brainClient.ts:20:10
    at new Promise (<anonymous>)
    at onceWithTimeout (http://localhost:1420/src/services/brainClient.ts:19:16)
    at getWidgetsOnce (http://localhost:1420/src/services/brainClient.ts:198:10)
    at refresh (http://localhost:1420/src/views/HomeFloatNotes.vue?t=1788089530969:51:30)
    at http://localhost:1420/src/views/HomeFloatNotes.vue?t=1788089530969:59:14
[ 1149791ms] TypeError: Cannot read properties of undefined (reading 'transformCallback')
    at transformCallback (http://localhost:1420/node_modules/.vite/deps/chunk-G7S6KQDI.js?v=318df923:22:37)
    at listen (http://localhost:1420/node_modules/.vite/deps/chunk-7FCLUC5I.js?v=318df923:39:14)
    at once (http://localhost:1420/node_modules/.vite/deps/chunk-7FCLUC5I.js?v=318df923:45:10)
    at http://localhost:1420/src/services/brainClient.ts:20:10
    at new Promise (<anonymous>)
    at onceWithTimeout (http://localhost:1420/src/services/brainClient.ts:19:16)
    at getWidgetsOnce (http://localhost:1420/src/services/brainClient.ts:198:10)
    at refresh (http://localhost:1420/src/views/HomeFloatNotes.vue?t=1788089530969:51:30)
    at http://localhost:1420/src/views/HomeFloatNotes.vue?t=1788089530969:59:14
[ 1161790ms] TypeError: Cannot read properties of undefined (reading 'transformCallback')
    at transformCallback (http://localhost:1420/node_modules/.vite/deps/chunk-G7S6KQDI.js?v=318df923:22:37)
    at listen (http://localhost:1420/node_modules/.vite/deps/chunk-7FCLUC5I.js?v=318df923:39:14)
    at once (http://localhost:1420/node_modules/.vite/deps/chunk-7FCLUC5I.js?v=318df923:45:10)
    at http://localhost:1420/src/services/brainClient.ts:20:10
    at new Promise (<anonymous>)
    at onceWithTimeout (http://localhost:1420/src/services/brainClient.ts:19:16)
    at getWidgetsOnce (http://localhost:1420/src/services/brainClient.ts:198:10)
    at refresh (http://localhost:1420/src/views/HomeFloatNotes.vue?t=1788089530969:51:30)
    at http://localhost:1420/src/views/HomeFloatNotes.vue?t=1788089530969:59:14
[ 1173790ms] TypeError: Cannot read properties of undefined (reading 'transformCallback')
    at transformCallback (http://localhost:1420/node_modules/.vite/deps/chunk-G7S6KQDI.js?v=318df923:22:37)
    at listen (http://localhost:1420/node_modules/.vite/deps/chunk-7FCLUC5I.js?v=318df923:39:14)
    at once (http://localhost:1420/node_modules/.vite/deps/chunk-7FCLUC5I.js?v=318df923:45:10)
    at http://localhost:1420/src/services/brainClient.ts:20:10
    at new Promise (<anonymous>)
    at onceWithTimeout (http://localhost:1420/src/services/brainClient.ts:19:16)
    at getWidgetsOnce (http://localhost:1420/src/services/brainClient.ts:198:10)
    at refresh (http://localhost:1420/src/views/HomeFloatNotes.vue?t=1788089530969:51:30)
    at http://localhost:1420/src/views/HomeFloatNotes.vue?t=1788089530969:59:14
